tracking_event_id,order_id,shipment_id,event_time,event_code,raw_status,carrier_id,location_code,region_code,exception_code,sequence_number
TRE-SYN-A-0001-01,ORD-SYN-A-0001,SHP-SYN-A-0001,2026-06-01T15:54:31+08:00,shipment_created,shipment_created,CAR-SYN-ECON,ORIGIN-WH-SYN-EAST,CN-SD-QD,,1
TRE-SYN-A-0001-02,ORD-SYN-A-0001,SHP-SYN-A-0001,2026-06-01T22:19:04+08:00,carrier_picked_up,carrier_picked_up,CAR-SYN-ECON,ORIGIN-WH-SYN-EAST,CN-SD-QD,,2
TRE-SYN-A-0001-03,ORD-SYN-A-0001,SHP-SYN-A-0001,2026-06-01T23:21:24+08:00,origin_departed,origin_departed,CAR-SYN-ECON,ORIGIN-WH-SYN-EAST,CN-SD-QD,,3
TRE-SYN-A-0001-04,ORD-SYN-A-0001,SHP-SYN-A-0001,2026-06-02T00:04:47+08:00,in_transit,in_transit,CAR-SYN-ECON,LINEHAUL-SYN-01,CN-SD-QD,,4
TRE-SYN-A-0001-05,ORD-SYN-A-0001,SHP-SYN-A-0001,2026-06-02T10:06:50+08:00,arrived_at_hub,arrived_at_hub,CAR-SYN-ECON,HUB-SYN-01,CN-SD-QD,,5
TRE-SYN-A-0001-06,ORD-SYN-A-0001,SHP-SYN-A-0001,2026-06-02T11:50:39+08:00,departed_hub,departed_hub,CAR-SYN-ECON,HUB-SYN-01,CN-SD-QD,,6
TRE-SYN-A-0001-07,ORD-SYN-A-0001,SHP-SYN-A-0001,2026-06-02T21:45:18+08:00,arrived_at_destination_city,arrived_at_destination_city,CAR-SYN-ECON,DEST-CN-SD-QD,CN-SD-QD,,7
TRE-SYN-A-0001-08,ORD-SYN-A-0001,SHP-SYN-A-0001,2026-06-03T00:13:33+08:00,out_for_delivery,out_for_delivery,CAR-SYN-ECON,SITE-CN-SD-QD,CN-SD-QD,,8
TRE-SYN-A-0001-09,ORD-SYN-A-0001,SHP-SYN-A-0001,2026-06-03T02:20:06+08:00,delivered,delivered,CAR-SYN-ECON,SITE-CN-SD-QD,CN-SD-QD,,9
TRE-SYN-A-0002-01,ORD-SYN-A-0002,SHP-SYN-A-0002,2026-06-01T18:54:54+08:00,shipment_created,shipment_created,CAR-SYN-STD,ORIGIN-WH-SYN-WEST,CN-HB-WH,,1
TRE-SYN-A-0002-02,ORD-SYN-A-0002,SHP-SYN-A-0002,2026-06-02T00:26:20+08:00,carrier_picked_up,carrier_picked_up,CAR-SYN-STD,ORIGIN-WH-SYN-WEST,CN-HB-WH,,2
TRE-SYN-A-0002-03,ORD-SYN-A-0002,SHP-SYN-A-0002,2026-06-02T01:53:51+08:00,origin_departed,origin_departed,CAR-SYN-STD,ORIGIN-WH-SYN-WEST,CN-HB-WH,,3
TRE-SYN-A-0002-04,ORD-SYN-A-0002,SHP-SYN-A-0002,2026-06-02T03:11:44+08:00,in_transit,in_transit,CAR-SYN-STD,LINEHAUL-SYN-01,CN-HB-WH,,4
TRE-SYN-A-0002-05,ORD-SYN-A-0002,SHP-SYN-A-0002,2026-06-02T12:24:13+08:00,arrived_at_hub,arrived_at_hub,CAR-SYN-STD,HUB-SYN-01,CN-HB-WH,,5
TRE-SYN-A-0002-06,ORD-SYN-A-0002,SHP-SYN-A-0002,2026-06-02T16:18:00+08:00,departed_hub,departed_hub,CAR-SYN-STD,HUB-SYN-01,CN-HB-WH,,6
TRE-SYN-A-0002-07,ORD-SYN-A-0002,SHP-SYN-A-0002,2026-06-03T05:15:03+08:00,arrived_at_destination_city,arrived_at_destination_city,CAR-SYN-STD,DEST-CN-HB-WH,CN-HB-WH,,7
TRE-SYN-A-0002-08,ORD-SYN-A-0002,SHP-SYN-A-0002,2026-06-03T08:08:27+08:00,out_for_delivery,out_for_delivery,CAR-SYN-STD,SITE-CN-HB-WH,CN-HB-WH,,8
TRE-SYN-A-0002-09,ORD-SYN-A-0002,SHP-SYN-A-0002,2026-06-03T10:24:39+08:00,delivered,delivered,CAR-SYN-STD,SITE-CN-HB-WH,CN-HB-WH,,9
TRE-SYN-A-0003-01,ORD-SYN-A-0003,SHP-SYN-A-0003,2026-06-01T22:41:16+08:00,shipment_created,shipment_created,CAR-SYN-FAST,ORIGIN-WH-SYN-EAST,CN-ZJ-HZ,,1
TRE-SYN-A-0003-02,ORD-SYN-A-0003,SHP-SYN-A-0003,2026-06-02T03:12:48+08:00,carrier_picked_up,carrier_picked_up,CAR-SYN-FAST,ORIGIN-WH-SYN-EAST,CN-ZJ-HZ,,2
TRE-SYN-A-0003-03,ORD-SYN-A-0003,SHP-SYN-A-0003,2026-06-02T04:07:07+08:00,origin_departed,origin_departed,CAR-SYN-FAST,ORIGIN-WH-SYN-EAST,CN-ZJ-HZ,,3
TRE-SYN-A-0003-04,ORD-SYN-A-0003,SHP-SYN-A-0003,2026-06-02T04:37:39+08:00,in_transit,in_transit,CAR-SYN-FAST,LINEHAUL-SYN-01,CN-ZJ-HZ,,4
TRE-SYN-A-0003-05,ORD-SYN-A-0003,SHP-SYN-A-0003,2026-06-02T15:40:41+08:00,arrived_at_hub,arrived_at_hub,CAR-SYN-FAST,HUB-SYN-01,CN-ZJ-HZ,,5
TRE-SYN-A-0003-06,ORD-SYN-A-0003,SHP-SYN-A-0003,2026-06-02T17:14:32+08:00,departed_hub,departed_hub,CAR-SYN-FAST,HUB-SYN-01,CN-ZJ-HZ,,6
TRE-SYN-A-0003-07,ORD-SYN-A-0003,SHP-SYN-A-0003,2026-06-03T02:21:11+08:00,arrived_at_destination_city,arrived_at_destination_city,CAR-SYN-FAST,DEST-CN-ZJ-HZ,CN-ZJ-HZ,,7
TRE-SYN-A-0003-08,ORD-SYN-A-0003,SHP-SYN-A-0003,2026-06-03T08:49:41+08:00,out_for_delivery,out_for_delivery,CAR-SYN-FAST,SITE-CN-ZJ-HZ,CN-ZJ-HZ,,8
TRE-SYN-A-0003-09,ORD-SYN-A-0003,SHP-SYN-A-0003,2026-06-03T14:29:23+08:00,delivered,delivered,CAR-SYN-FAST,SITE-CN-ZJ-HZ,CN-ZJ-HZ,,9
TRE-SYN-A-0004-01,ORD-SYN-A-0004,SHP-SYN-A-0004,2026-06-01T14:09:24+08:00,shipment_created,shipment_created,CAR-SYN-FAST,ORIGIN-WH-SYN-EAST,CN-HB-WH,,1
TRE-SYN-A-0004-02,ORD-SYN-A-0004,SHP-SYN-A-0004,2026-06-01T21:56:22+08:00,carrier_picked_up,carrier_picked_up,CAR-SYN-FAST,ORIGIN-WH-SYN-EAST,CN-HB-WH,,2
TRE-SYN-A-0004-03,ORD-SYN-A-0004,SHP-SYN-A-0004,2026-06-01T22:56:58+08:00,origin_departed,origin_departed,CAR-SYN-FAST,ORIGIN-WH-SYN-EAST,CN-HB-WH,,3
TRE-SYN-A-0004-04,ORD-SYN-A-0004,SHP-SYN-A-0004,2026-06-02T00:07:47+08:00,in_transit,in_transit,CAR-SYN-FAST,LINEHAUL-SYN-01,CN-HB-WH,,4
TRE-SYN-A-0004-05,ORD-SYN-A-0004,SHP-SYN-A-0004,2026-06-02T09:59:31+08:00,arrived_at_hub,arrived_at_hub,CAR-SYN-FAST,HUB-SYN-01,CN-HB-WH,,5
TRE-SYN-A-0004-06,ORD-SYN-A-0004,SHP-SYN-A-0004,2026-06-02T13:42:38+08:00,departed_hub,departed_hub,CAR-SYN-FAST,HUB-SYN-01,CN-HB-WH,,6
TRE-SYN-A-0004-07,ORD-SYN-A-0004,SHP-SYN-A-0004,2026-06-03T01:08:07+08:00,arrived_at_destination_city,arrived_at_destination_city,CAR-SYN-FAST,DEST-CN-HB-WH,CN-HB-WH,,7
TRE-SYN-A-0004-08,ORD-SYN-A-0004,SHP-SYN-A-0004,2026-06-03T06:04:28+08:00,out_for_delivery,out_for_delivery,CAR-SYN-FAST,SITE-CN-HB-WH,CN-HB-WH,,8
TRE-SYN-A-0004-09,ORD-SYN-A-0004,SHP-SYN-A-0004,2026-06-03T09:29:20+08:00,delivered,delivered,CAR-SYN-FAST,SITE-CN-HB-WH,CN-HB-WH,,9
TRE-SYN-A-0005-01,ORD-SYN-A-0005,SHP-SYN-A-0005,2026-06-01T17:38:24+08:00,shipment_created,shipment_created,CAR-SYN-ECON,ORIGIN-WH-SYN-EAST,CN-HB-WH,,1
TRE-SYN-A-0005-02,ORD-SYN-A-0005,SHP-SYN-A-0005,2026-06-01T21:27:11+08:00,carrier_picked_up,carrier_picked_up,CAR-SYN-ECON,ORIGIN-WH-SYN-EAST,CN-HB-WH,,2
TRE-SYN-A-0005-03,ORD-SYN-A-0005,SHP-SYN-A-0005,2026-06-01T22:27:59+08:00,origin_departed,origin_departed,CAR-SYN-ECON,ORIGIN-WH-SYN-EAST,CN-HB-WH,,3
TRE-SYN-A-0005-04,ORD-SYN-A-0005,SHP-SYN-A-0005,2026-06-01T23:32:48+08:00,in_transit,in_transit,CAR-SYN-ECON,LINEHAUL-SYN-01,CN-HB-WH,,4
TRE-SYN-A-0005-05,ORD-SYN-A-0005,SHP-SYN-A-0005,2026-06-02T05:41:20+08:00,arrived_at_hub,arrived_at_hub,CAR-SYN-ECON,HUB-SYN-01,CN-HB-WH,,5
TRE-SYN-A-0005-06,ORD-SYN-A-0005,SHP-SYN-A-0005,2026-06-02T08:44:10+08:00,departed_hub,departed_hub,CAR-SYN-ECON,HUB-SYN-01,CN-HB-WH,,6
TRE-SYN-A-0005-07,ORD-SYN-A-0005,SHP-SYN-A-0005,2026-06-02T20:02:02+08:00,arrived_at_destination_city,arrived_at_destination_city,CAR-SYN-ECON,DEST-CN-HB-WH,CN-HB-WH,,7
TRE-SYN-A-0005-08,ORD-SYN-A-0005,SHP-SYN-A-0005,2026-06-02T23:26:02+08:00,out_for_delivery,out_for_delivery,CAR-SYN-ECON,SITE-CN-HB-WH,CN-HB-WH,,8
TRE-SYN-A-0005-09,ORD-SYN-A-0005,SHP-SYN-A-0005,2026-06-03T02:47:56+08:00,delivered,delivered,CAR-SYN-ECON,SITE-CN-HB-WH,CN-HB-WH,,9
TRE-SYN-A-0006-01,ORD-SYN-A-0006,SHP-SYN-A-0006,2026-06-01T19:46:03+08:00,shipment_created,shipment_created,CAR-SYN-STD,ORIGIN-WH-SYN-EAST,CN-HB-WH,,1
TRE-SYN-A-0006-02,ORD-SYN-A-0006,SHP-SYN-A-0006,2026-06-02T00:04:45+08:00,carrier_picked_up,carrier_picked_up,CAR-SYN-STD,ORIGIN-WH-SYN-EAST,CN-HB-WH,,2
TRE-SYN-A-0006-03,ORD-SYN-A-0006,SHP-SYN-A-0006,2026-06-02T01:13:45+08:00,origin_departed,origin_departed,CAR-SYN-STD,ORIGIN-WH-SYN-EAST,CN-HB-WH,,3
TRE-SYN-A-0006-04,ORD-SYN-A-0006,SHP-SYN-A-0006,2026-06-02T02:19:14+08:00,in_transit,in_transit,CAR-SYN-STD,LINEHAUL-SYN-01,CN-HB-WH,,4
TRE-SYN-A-0006-05,ORD-SYN-A-0006,SHP-SYN-A-0006,2026-06-02T11:37:06+08:00,arrived_at_hub,arrived_at_hub,CAR-SYN-STD,HUB-SYN-01,CN-HB-WH,,5
TRE-SYN-A-0006-06,ORD-SYN-A-0006,SHP-SYN-A-0006,2026-06-02T14:20:42+08:00,departed_hub,departed_hub,CAR-SYN-STD,HUB-SYN-01,CN-HB-WH,,6
TRE-SYN-A-0006-07,ORD-SYN-A-0006,SHP-SYN-A-0006,2026-06-03T03:13:30+08:00,arrived_at_destination_city,arrived_at_destination_city,CAR-SYN-STD,DEST-CN-HB-WH,CN-HB-WH,,7
TRE-SYN-A-0006-08,ORD-SYN-A-0006,SHP-SYN-A-0006,2026-06-03T09:30:44+08:00,out_for_delivery,out_for_delivery,CAR-SYN-STD,SITE-CN-HB-WH,CN-HB-WH,,8
TRE-SYN-A-0006-09,ORD-SYN-A-0006,SHP-SYN-A-0006,2026-06-03T14:53:29+08:00,delivered,delivered,CAR-SYN-STD,SITE-CN-HB-WH,CN-HB-WH,,9
TRE-SYN-A-0007-01,ORD-SYN-A-0007,SHP-SYN-A-0007,2026-06-01T22:54:31+08:00,shipment_created,shipment_created,CAR-SYN-FAST,ORIGIN-WH-SYN-EAST,CN-SD-QD,,1
TRE-SYN-A-0007-02,ORD-SYN-A-0007,SHP-SYN-A-0007,2026-06-02T01:40:05+08:00,carrier_picked_up,carrier_picked_up,CAR-SYN-FAST,ORIGIN-WH-SYN-EAST,CN-SD-QD,,2
TRE-SYN-A-0007-03,ORD-SYN-A-0007,SHP-SYN-A-0007,2026-06-02T02:17:22+08:00,origin_departed,origin_departed,CAR-SYN-FAST,ORIGIN-WH-SYN-EAST,CN-SD-QD,,3
TRE-SYN-A-0007-04,ORD-SYN-A-0007,SHP-SYN-A-0007,2026-06-02T03:09:13+08:00,in_transit,in_transit,CAR-SYN-FAST,LINEHAUL-SYN-01,CN-SD-QD,,4
TRE-SYN-A-0007-05,ORD-SYN-A-0007,SHP-SYN-A-0007,2026-06-02T14:37:36+08:00,arrived_at_hub,arrived_at_hub,CAR-SYN-FAST,HUB-SYN-01,CN-SD-QD,,5
TRE-SYN-A-0007-06,ORD-SYN-A-0007,SHP-SYN-A-0007,2026-06-02T15:43:48+08:00,departed_hub,departed_hub,CAR-SYN-FAST,HUB-SYN-01,CN-SD-QD,,6
TRE-SYN-A-0007-07,ORD-SYN-A-0007,SHP-SYN-A-0007,2026-06-03T03:55:04+08:00,arrived_at_destination_city,arrived_at_destination_city,CAR-SYN-FAST,DEST-CN-SD-QD,CN-SD-QD,,7
TRE-SYN-A-0007-08,ORD-SYN-A-0007,SHP-SYN-A-0007,2026-06-03T11:17:11+08:00,out_for_delivery,out_for_delivery,CAR-SYN-FAST,SITE-CN-SD-QD,CN-SD-QD,,8
TRE-SYN-A-0007-09,ORD-SYN-A-0007,SHP-SYN-A-0007,2026-06-03T12:40:30+08:00,delivered,delivered,CAR-SYN-FAST,SITE-CN-SD-QD,CN-SD-QD,,9
TRE-SYN-A-0008-01,ORD-SYN-A-0008,SHP-SYN-A-0008,2026-06-01T15:39:38+08:00,shipment_created,shipment_created,CAR-SYN-FAST,ORIGIN-WH-SYN-EAST,CN-JS-NJ,,1
TRE-SYN-A-0008-02,ORD-SYN-A-0008,SHP-SYN-A-0008,2026-06-01T18:48:03+08:00,carrier_picked_up,carrier_picked_up,CAR-SYN-FAST,ORIGIN-WH-SYN-EAST,CN-JS-NJ,,2
TRE-SYN-A-0008-03,ORD-SYN-A-0008,SHP-SYN-A-0008,2026-06-01T20:17:07+08:00,origin_departed,origin_departed,CAR-SYN-FAST,ORIGIN-WH-SYN-EAST,CN-JS-NJ,,3
TRE-SYN-A-0008-04,ORD-SYN-A-0008,SHP-SYN-A-0008,2026-06-01T21:02:13+08:00,in_transit,in_transit,CAR-SYN-FAST,LINEHAUL-SYN-01,CN-JS-NJ,,4
TRE-SYN-A-0008-05,ORD-SYN-A-0008,SHP-SYN-A-0008,2026-06-02T03:23:57+08:00,arrived_at_hub,arrived_at_hub,CAR-SYN-FAST,HUB-SYN-01,CN-JS-NJ,,5
TRE-SYN-A-0008-06,ORD-SYN-A-0008,SHP-SYN-A-0008,2026-06-02T05:40:31+08:00,departed_hub,departed_hub,CAR-SYN-FAST,HUB-SYN-01,CN-JS-NJ,,6
TRE-SYN-A-0008-07,ORD-SYN-A-0008,SHP-SYN-A-0008,2026-06-02T14:18:51+08:00,arrived_at_destination_city,arrived_at_destination_city,CAR-SYN-FAST,DEST-CN-JS-NJ,CN-JS-NJ,,7
TRE-SYN-A-0008-08,ORD-SYN-A-0008,SHP-SYN-A-0008,2026-06-02T17:07:17+08:00,out_for_delivery,out_for_delivery,CAR-SYN-FAST,SITE-CN-JS-NJ,CN-JS-NJ,,8
TRE-SYN-A-0008-09,ORD-SYN-A-0008,SHP-SYN-A-0008,2026-06-02T19:30:56+08:00,delivered,delivered,CAR-SYN-FAST,SITE-CN-JS-NJ,CN-JS-NJ,,9
TRE-SYN-A-0009-01,ORD-SYN-A-0009,SHP-SYN-A-0009,2026-06-01T17:53:43+08:00,shipment_created,shipment_created,CAR-SYN-STD,ORIGIN-WH-SYN-EAST,CN-ZJ-HZ,,1
TRE-SYN-A-0009-02,ORD-SYN-A-0009,SHP-SYN-A-0009,2026-06-01T22:23:12+08:00,carrier_picked_up,carrier_picked_up,CAR-SYN-STD,ORIGIN-WH-SYN-EAST,CN-ZJ-HZ,,2
TRE-SYN-A-0009-03,ORD-SYN-A-0009,SHP-SYN-A-0009,2026-06-01T22:59:36+08:00,origin_departed,origin_departed,CAR-SYN-STD,ORIGIN-WH-SYN-EAST,CN-ZJ-HZ,,3
TRE-SYN-A-0009-04,ORD-SYN-A-0009,SHP-SYN-A-0009,2026-06-02T00:08:54+08:00,in_transit,in_transit,CAR-SYN-STD,LINEHAUL-SYN-01,CN-ZJ-HZ,,4
TRE-SYN-A-0009-05,ORD-SYN-A-0009,SHP-SYN-A-0009,2026-06-02T11:17:51+08:00,arrived_at_hub,arrived_at_hub,CAR-SYN-STD,HUB-SYN-01,CN-ZJ-HZ,,5
TRE-SYN-A-0009-06,ORD-SYN-A-0009,SHP-SYN-A-0009,2026-06-02T14:36:05+08:00,departed_hub,departed_hub,CAR-SYN-STD,HUB-SYN-01,CN-ZJ-HZ,,6
TRE-SYN-A-0009-07,ORD-SYN-A-0009,SHP-SYN-A-0009,2026-06-03T04:02:02+08:00,arrived_at_destination_city,arrived_at_destination_city,CAR-SYN-STD,DEST-CN-ZJ-HZ,CN-ZJ-HZ,,7
TRE-SYN-A-0009-08,ORD-SYN-A-0009,SHP-SYN-A-0009,2026-06-03T09:13:34+08:00,out_for_delivery,out_for_delivery,CAR-SYN-STD,SITE-CN-ZJ-HZ,CN-ZJ-HZ,,8
TRE-SYN-A-0009-09,ORD-SYN-A-0009,SHP-SYN-A-0009,2026-06-03T14:05:43+08:00,delivered,delivered,CAR-SYN-STD,SITE-CN-ZJ-HZ,CN-ZJ-HZ,,9
TRE-SYN-A-0010-01,ORD-SYN-A-0010,SHP-SYN-A-0010,2026-06-01T21:24:08+08:00,shipment_created,shipment_created,CAR-SYN-STD,ORIGIN-WH-SYN-EAST,CN-JS-NJ,,1
TRE-SYN-A-0010-02,ORD-SYN-A-0010,SHP-SYN-A-0010,2026-06-02T00:01:54+08:00,carrier_picked_up,carrier_picked_up,CAR-SYN-STD,ORIGIN-WH-SYN-EAST,CN-JS-NJ,,2
TRE-SYN-A-0010-03,ORD-SYN-A-0010,SHP-SYN-A-0010,2026-06-02T01:14:08+08:00,origin_departed,origin_departed,CAR-SYN-STD,ORIGIN-WH-SYN-EAST,CN-JS-NJ,,3
TRE-SYN-A-0010-04,ORD-SYN-A-0010,SHP-SYN-A-0010,2026-06-02T02:19:58+08:00,in_transit,in_transit,CAR-SYN-STD,LINEHAUL-SYN-01,CN-JS-NJ,,4
TRE-SYN-A-0010-05,ORD-SYN-A-0010,SHP-SYN-A-0010,2026-06-02T11:34:34+08:00,arrived_at_hub,arrived_at_hub,CAR-SYN-STD,HUB-SYN-01,CN-JS-NJ,,5
TRE-SYN-A-0010-06,ORD-SYN-A-0010,SHP-SYN-A-0010,2026-06-02T14:50:32+08:00,departed_hub,departed_hub,CAR-SYN-STD,HUB-SYN-01,CN-JS-NJ,,6
TRE-SYN-A-0010-07,ORD-SYN-A-0010,SHP-SYN-A-0010,2026-06-05T06:06:27+08:00,arrived_at_destination_city,arrived_at_destination_city,CAR-SYN-STD,DEST-CN-JS-NJ,CN-JS-NJ,,7
TRE-SYN-A-0010-08,ORD-SYN-A-0010,SHP-SYN-A-0010,2026-06-05T09:27:08+08:00,out_for_delivery,out_for_delivery,CAR-SYN-STD,SITE-CN-JS-NJ,CN-JS-NJ,,8
TRE-SYN-A-0010-09,ORD-SYN-A-0010,SHP-SYN-A-0010,2026-06-05T14:13:21+08:00,delivered,delivered,CAR-SYN-STD,SITE-CN-JS-NJ,CN-JS-NJ,,9
TRE-SYN-A-0011-01,ORD-SYN-A-0011,SHP-SYN-A-0011,2026-06-02T13:01:17+08:00,shipment_created,shipment_created,CAR-SYN-FAST,ORIGIN-WH-SYN-EAST,CN-JS-NJ,,1
TRE-SYN-A-0011-02,ORD-SYN-A-0011,SHP-SYN-A-0011,2026-06-02T17:03:50+08:00,carrier_picked_up,carrier_picked_up,CAR-SYN-FAST,ORIGIN-WH-SYN-EAST,CN-JS-NJ,,2
TRE-SYN-A-0011-03,ORD-SYN-A-0011,SHP-SYN-A-0011,2026-06-02T17:58:31+08:00,origin_departed,origin_departed,CAR-SYN-FAST,ORIGIN-WH-SYN-EAST,CN-JS-NJ,,3
TRE-SYN-A-0011-04,ORD-SYN-A-0011,SHP-SYN-A-0011,2026-06-02T18:31:12+08:00,in_transit,in_transit,CAR-SYN-FAST,LINEHAUL-SYN-01,CN-JS-NJ,,4
TRE-SYN-A-0011-05,ORD-SYN-A-0011,SHP-SYN-A-0011,2026-06-03T05:32:14+08:00,arrived_at_hub,arrived_at_hub,CAR-SYN-FAST,HUB-SYN-01,CN-JS-NJ,,5
TRE-SYN-A-0011-06,ORD-SYN-A-0011,SHP-SYN-A-0011,2026-06-03T07:11:07+08:00,departed_hub,departed_hub,CAR-SYN-FAST,HUB-SYN-01,CN-JS-NJ,,6
TRE-SYN-A-0011-07,ORD-SYN-A-0011,SHP-SYN-A-0011,2026-06-03T18:27:27+08:00,arrived_at_destination_city,arrived_at_destination_city,CAR-SYN-FAST,DEST-CN-JS-NJ,CN-JS-NJ,,7
TRE-SYN-A-0011-08,ORD-SYN-A-0011,SHP-SYN-A-0011,2026-06-04T01:52:56+08:00,out_for_delivery,out_for_delivery,CAR-SYN-FAST,SITE-CN-JS-NJ,CN-JS-NJ,,8
TRE-SYN-A-0011-09,ORD-SYN-A-0011,SHP-SYN-A-0011,2026-06-04T03:47:29+08:00,delivered,delivered,CAR-SYN-FAST,SITE-CN-JS-NJ,CN-JS-NJ,,9
TRE-SYN-A-0012-01,ORD-SYN-A-0012,SHP-SYN-A-0012,2026-06-02T16:28:57+08:00,shipment_created,shipment_created,CAR-SYN-FAST,ORIGIN-WH-SYN-EAST,CN-HB-WH,,1
TRE-SYN-A-0012-02,ORD-SYN-A-0012,SHP-SYN-A-0012,2026-06-02T20:00:12+08:00,carrier_picked_up,carrier_picked_up,CAR-SYN-FAST,ORIGIN-WH-SYN-EAST,CN-HB-WH,,2
TRE-SYN-A-0012-03,ORD-SYN-A-0012,SHP-SYN-A-0012,2026-06-02T20:59:41+08:00,origin_departed,origin_departed,CAR-SYN-FAST,ORIGIN-WH-SYN-EAST,CN-HB-WH,,3
TRE-SYN-A-0012-04,ORD-SYN-A-0012,SHP-SYN-A-0012,2026-06-02T22:09:05+08:00,in_transit,in_transit,CAR-SYN-FAST,LINEHAUL-SYN-01,CN-HB-WH,,4
TRE-SYN-A-0012-05,ORD-SYN-A-0012,SHP-SYN-A-0012,2026-06-03T08:03:56+08:00,arrived_at_hub,arrived_at_hub,CAR-SYN-FAST,HUB-SYN-01,CN-HB-WH,,5
TRE-SYN-A-0012-06,ORD-SYN-A-0012,SHP-SYN-A-0012,2026-06-03T11:16:37+08:00,departed_hub,departed_hub,CAR-SYN-FAST,HUB-SYN-01,CN-HB-WH,,6
TRE-SYN-A-0012-07,ORD-SYN-A-0012,SHP-SYN-A-0012,2026-06-03T23:31:50+08:00,arrived_at_destination_city,arrived_at_destination_city,CAR-SYN-FAST,DEST-CN-HB-WH,CN-HB-WH,,7
TRE-SYN-A-0012-08,ORD-SYN-A-0012,SHP-SYN-A-0012,2026-06-04T08:09:02+08:00,out_for_delivery,out_for_delivery,CAR-SYN-FAST,SITE-CN-HB-WH,CN-HB-WH,,8
TRE-SYN-A-0012-09,ORD-SYN-A-0012,SHP-SYN-A-0012,2026-06-04T10:19:50+08:00,delivered,delivered,CAR-SYN-FAST,SITE-CN-HB-WH,CN-HB-WH,,9
TRE-SYN-A-0013-01,ORD-SYN-A-0013,SHP-SYN-A-0013,2026-06-02T18:52:06+08:00,shipment_created,shipment_created,CAR-SYN-ECON,ORIGIN-WH-SYN-EAST,CN-JS-NJ,,1
TRE-SYN-A-0013-02,ORD-SYN-A-0013,SHP-SYN-A-0013,2026-06-02T22:57:41+08:00,carrier_picked_up,carrier_picked_up,CAR-SYN-ECON,ORIGIN-WH-SYN-EAST,CN-JS-NJ,,2
TRE-SYN-A-0013-03,ORD-SYN-A-0013,SHP-SYN-A-0013,2026-06-02T23:48:25+08:00,origin_departed,origin_departed,CAR-SYN-ECON,ORIGIN-WH-SYN-EAST,CN-JS-NJ,,3
TRE-SYN-A-0013-04,ORD-SYN-A-0013,SHP-SYN-A-0013,2026-06-03T01:14:42+08:00,in_transit,in_transit,CAR-SYN-ECON,LINEHAUL-SYN-01,CN-JS-NJ,,4
TRE-SYN-A-0013-05,ORD-SYN-A-0013,SHP-SYN-A-0013,2026-06-03T13:13:14+08:00,arrived_at_hub,arrived_at_hub,CAR-SYN-ECON,HUB-SYN-01,CN-JS-NJ,,5
TRE-SYN-A-0013-06,ORD-SYN-A-0013,SHP-SYN-A-0013,2026-06-03T14:53:59+08:00,departed_hub,departed_hub,CAR-SYN-ECON,HUB-SYN-01,CN-JS-NJ,,6
TRE-SYN-A-0013-07,ORD-SYN-A-0013,SHP-SYN-A-0013,2026-06-04T05:28:07+08:00,arrived_at_destination_city,arrived_at_destination_city,CAR-SYN-ECON,DEST-CN-JS-NJ,CN-JS-NJ,,7
TRE-SYN-A-0013-08,ORD-SYN-A-0013,SHP-SYN-A-0013,2026-06-04T13:18:36+08:00,out_for_delivery,out_for_delivery,CAR-SYN-ECON,SITE-CN-JS-NJ,CN-JS-NJ,,8
TRE-SYN-A-0013-09,ORD-SYN-A-0013,SHP-SYN-A-0013,2026-06-04T16:29:10+08:00,delivered,delivered,CAR-SYN-ECON,SITE-CN-JS-NJ,CN-JS-NJ,,9
TRE-SYN-A-0014-01,ORD-SYN-A-0014,SHP-SYN-A-0014,2026-06-02T22:03:48+08:00,shipment_created,shipment_created,CAR-SYN-FAST,ORIGIN-WH-SYN-EAST,CN-ZJ-HZ,,1
TRE-SYN-A-0014-02,ORD-SYN-A-0014,SHP-SYN-A-0014,2026-06-03T04:49:19+08:00,carrier_picked_up,carrier_picked_up,CAR-SYN-FAST,ORIGIN-WH-SYN-EAST,CN-ZJ-HZ,,2
TRE-SYN-A-0014-03,ORD-SYN-A-0014,SHP-SYN-A-0014,2026-06-03T05:30:47+08:00,origin_departed,origin_departed,CAR-SYN-FAST,ORIGIN-WH-SYN-EAST,CN-ZJ-HZ,,3
TRE-SYN-A-0014-04,ORD-SYN-A-0014,SHP-SYN-A-0014,2026-06-03T06:58:23+08:00,in_transit,in_transit,CAR-SYN-FAST,LINEHAUL-SYN-01,CN-ZJ-HZ,,4
TRE-SYN-A-0014-05,ORD-SYN-A-0014,SHP-SYN-A-0014,2026-06-03T17:47:50+08:00,arrived_at_hub,arrived_at_hub,CAR-SYN-FAST,HUB-SYN-01,CN-ZJ-HZ,,5
TRE-SYN-A-0014-06,ORD-SYN-A-0014,SHP-SYN-A-0014,2026-06-03T18:56:58+08:00,departed_hub,departed_hub,CAR-SYN-FAST,HUB-SYN-01,CN-ZJ-HZ,,6
TRE-SYN-A-0014-07,ORD-SYN-A-0014,SHP-SYN-A-0014,2026-06-04T05:08:58+08:00,arrived_at_destination_city,arrived_at_destination_city,CAR-SYN-FAST,DEST-CN-ZJ-HZ,CN-ZJ-HZ,,7
TRE-SYN-A-0014-08,ORD-SYN-A-0014,SHP-SYN-A-0014,2026-06-04T08:33:49+08:00,out_for_delivery,out_for_delivery,CAR-SYN-FAST,SITE-CN-ZJ-HZ,CN-ZJ-HZ,,8
TRE-SYN-A-0014-09,ORD-SYN-A-0014,SHP-SYN-A-0014,2026-06-04T11:25:00+08:00,delivered,delivered,CAR-SYN-FAST,SITE-CN-ZJ-HZ,CN-ZJ-HZ,,9
TRE-SYN-A-0015-01,ORD-SYN-A-0015,SHP-SYN-A-0015,2026-06-02T14:38:45+08:00,shipment_created,shipment_created,CAR-SYN-STD,ORIGIN-WH-SYN-EAST,CN-ZJ-HZ,,1
TRE-SYN-A-0015-02,ORD-SYN-A-0015,SHP-SYN-A-0015,2026-06-02T21:37:02+08:00,carrier_picked_up,carrier_picked_up,CAR-SYN-STD,ORIGIN-WH-SYN-EAST,CN-ZJ-HZ,,2
TRE-SYN-A-0015-03,ORD-SYN-A-0015,SHP-SYN-A-0015,2026-06-02T23:00:59+08:00,origin_departed,origin_departed,CAR-SYN-STD,ORIGIN-WH-SYN-EAST,CN-ZJ-HZ,,3
TRE-SYN-A-0015-04,ORD-SYN-A-0015,SHP-SYN-A-0015,2026-06-03T00:24:30+08:00,in_transit,in_transit,CAR-SYN-STD,LINEHAUL-SYN-01,CN-ZJ-HZ,,4
TRE-SYN-A-0015-05,ORD-SYN-A-0015,SHP-SYN-A-0015,2026-06-03T08:51:02+08:00,arrived_at_hub,arrived_at_hub,CAR-SYN-STD,HUB-SYN-01,CN-ZJ-HZ,,5
TRE-SYN-A-0015-06,ORD-SYN-A-0015,SHP-SYN-A-0015,2026-06-03T11:23:20+08:00,departed_hub,departed_hub,CAR-SYN-STD,HUB-SYN-01,CN-ZJ-HZ,,6
TRE-SYN-A-0015-07,ORD-SYN-A-0015,SHP-SYN-A-0015,2026-06-04T02:22:18+08:00,arrived_at_destination_city,arrived_at_destination_city,CAR-SYN-STD,DEST-CN-ZJ-HZ,CN-ZJ-HZ,,7
TRE-SYN-A-0015-08,ORD-SYN-A-0015,SHP-SYN-A-0015,2026-06-04T07:46:03+08:00,out_for_delivery,out_for_delivery,CAR-SYN-STD,SITE-CN-ZJ-HZ,CN-ZJ-HZ,,8
TRE-SYN-A-0015-09,ORD-SYN-A-0015,SHP-SYN-A-0015,2026-06-04T11:35:40+08:00,delivered,delivered,CAR-SYN-STD,SITE-CN-ZJ-HZ,CN-ZJ-HZ,,9
TRE-SYN-A-0016-01,ORD-SYN-A-0016,SHP-SYN-A-0016,2026-06-02T17:04:37+08:00,shipment_created,shipment_created,CAR-SYN-FAST,ORIGIN-WH-SYN-EAST,CN-JS-NJ,,1
TRE-SYN-A-0016-02,ORD-SYN-A-0016,SHP-SYN-A-0016,2026-06-03T00:43:18+08:00,carrier_picked_up,carrier_picked_up,CAR-SYN-FAST,ORIGIN-WH-SYN-EAST,CN-JS-NJ,,2
TRE-SYN-A-0016-03,ORD-SYN-A-0016,SHP-SYN-A-0016,2026-06-03T01:27:26+08:00,origin_departed,origin_departed,CAR-SYN-FAST,ORIGIN-WH-SYN-EAST,CN-JS-NJ,,3
TRE-SYN-A-0016-04,ORD-SYN-A-0016,SHP-SYN-A-0016,2026-06-03T02:28:20+08:00,in_transit,in_transit,CAR-SYN-FAST,LINEHAUL-SYN-01,CN-JS-NJ,,4
TRE-SYN-A-0016-05,ORD-SYN-A-0016,SHP-SYN-A-0016,2026-06-03T11:26:32+08:00,arrived_at_hub,arrived_at_hub,CAR-SYN-FAST,HUB-SYN-01,CN-JS-NJ,,5
TRE-SYN-A-0016-06,ORD-SYN-A-0016,SHP-SYN-A-0016,2026-06-03T13:55:12+08:00,departed_hub,departed_hub,CAR-SYN-FAST,HUB-SYN-01,CN-JS-NJ,,6
TRE-SYN-A-0016-07,ORD-SYN-A-0016,SHP-SYN-A-0016,2026-06-04T03:13:22+08:00,arrived_at_destination_city,arrived_at_destination_city,CAR-SYN-FAST,DEST-CN-JS-NJ,CN-JS-NJ,,7
TRE-SYN-A-0016-08,ORD-SYN-A-0016,SHP-SYN-A-0016,2026-06-04T10:51:38+08:00,out_for_delivery,out_for_delivery,CAR-SYN-FAST,SITE-CN-JS-NJ,CN-JS-NJ,,8
TRE-SYN-A-0016-09,ORD-SYN-A-0016,SHP-SYN-A-0016,2026-06-04T16:35:30+08:00,delivered,delivered,CAR-SYN-FAST,SITE-CN-JS-NJ,CN-JS-NJ,,9
TRE-SYN-A-0017-01,ORD-SYN-A-0017,SHP-SYN-A-0017,2026-06-02T20:17:30+08:00,shipment_created,shipment_created,CAR-SYN-ECON,ORIGIN-WH-SYN-WEST,CN-JS-NJ,,1
TRE-SYN-A-0017-02,ORD-SYN-A-0017,SHP-SYN-A-0017,2026-06-03T01:19:45+08:00,carrier_picked_up,carrier_picked_up,CAR-SYN-ECON,ORIGIN-WH-SYN-WEST,CN-JS-NJ,,2
TRE-SYN-A-0017-03,ORD-SYN-A-0017,SHP-SYN-A-0017,2026-06-03T02:45:36+08:00,origin_departed,origin_departed,CAR-SYN-ECON,ORIGIN-WH-SYN-WEST,CN-JS-NJ,,3
TRE-SYN-A-0017-04,ORD-SYN-A-0017,SHP-SYN-A-0017,2026-06-03T04:02:01+08:00,in_transit,in_transit,CAR-SYN-ECON,LINEHAUL-SYN-01,CN-JS-NJ,,4
TRE-SYN-A-0017-05,ORD-SYN-A-0017,SHP-SYN-A-0017,2026-06-03T13:20:24+08:00,arrived_at_hub,arrived_at_hub,CAR-SYN-ECON,HUB-SYN-01,CN-JS-NJ,,5
TRE-SYN-A-0017-06,ORD-SYN-A-0017,SHP-SYN-A-0017,2026-06-03T16:15:25+08:00,departed_hub,departed_hub,CAR-SYN-ECON,HUB-SYN-01,CN-JS-NJ,,6
TRE-SYN-A-0017-07,ORD-SYN-A-0017,SHP-SYN-A-0017,2026-06-04T05:54:43+08:00,arrived_at_destination_city,arrived_at_destination_city,CAR-SYN-ECON,DEST-CN-JS-NJ,CN-JS-NJ,,7
TRE-SYN-A-0017-08,ORD-SYN-A-0017,SHP-SYN-A-0017,2026-06-04T11:16:10+08:00,out_for_delivery,out_for_delivery,CAR-SYN-ECON,SITE-CN-JS-NJ,CN-JS-NJ,,8
TRE-SYN-A-0017-09,ORD-SYN-A-0017,SHP-SYN-A-0017,2026-06-04T14:53:43+08:00,delivered,delivered,CAR-SYN-ECON,SITE-CN-JS-NJ,CN-JS-NJ,,9
TRE-SYN-A-0018-01,ORD-SYN-A-0018,SHP-SYN-A-0018,2026-06-02T22:42:00+08:00,shipment_created,shipment_created,CAR-SYN-FAST,ORIGIN-WH-SYN-EAST,CN-ZJ-HZ,,1
TRE-SYN-A-0018-02,ORD-SYN-A-0018,SHP-SYN-A-0018,2026-06-03T05:10:27+08:00,carrier_picked_up,carrier_picked_up,CAR-SYN-FAST,ORIGIN-WH-SYN-EAST,CN-ZJ-HZ,,2
TRE-SYN-A-0018-03,ORD-SYN-A-0018,SHP-SYN-A-0018,2026-06-03T06:13:25+08:00,origin_departed,origin_departed,CAR-SYN-FAST,ORIGIN-WH-SYN-EAST,CN-ZJ-HZ,,3
TRE-SYN-A-0018-04,ORD-SYN-A-0018,SHP-SYN-A-0018,2026-06-03T06:46:26+08:00,in_transit,in_transit,CAR-SYN-FAST,LINEHAUL-SYN-01,CN-ZJ-HZ,,4
TRE-SYN-A-0018-05,ORD-SYN-A-0018,SHP-SYN-A-0018,2026-06-03T19:37:01+08:00,arrived_at_hub,arrived_at_hub,CAR-SYN-FAST,HUB-SYN-01,CN-ZJ-HZ,,5
TRE-SYN-A-0018-06,ORD-SYN-A-0018,SHP-SYN-A-0018,2026-06-03T23:06:03+08:00,departed_hub,departed_hub,CAR-SYN-FAST,HUB-SYN-01,CN-ZJ-HZ,,6
TRE-SYN-A-0018-07,ORD-SYN-A-0018,SHP-SYN-A-0018,2026-06-04T10:07:07+08:00,arrived_at_destination_city,arrived_at_destination_city,CAR-SYN-FAST,DEST-CN-ZJ-HZ,CN-ZJ-HZ,,7
TRE-SYN-A-0018-08,ORD-SYN-A-0018,SHP-SYN-A-0018,2026-06-04T14:10:45+08:00,out_for_delivery,out_for_delivery,CAR-SYN-FAST,SITE-CN-ZJ-HZ,CN-ZJ-HZ,,8
TRE-SYN-A-0018-09,ORD-SYN-A-0018,SHP-SYN-A-0018,2026-06-04T15:11:39+08:00,delivered,delivered,CAR-SYN-FAST,SITE-CN-ZJ-HZ,CN-ZJ-HZ,,9
TRE-SYN-A-0019-01,ORD-SYN-A-0019,SHP-SYN-A-0019,2026-06-02T15:24:43+08:00,shipment_created,shipment_created,CAR-SYN-STD,ORIGIN-WH-SYN-WEST,CN-JS-NJ,,1
TRE-SYN-A-0019-02,ORD-SYN-A-0019,SHP-SYN-A-0019,2026-06-02T20:39:12+08:00,carrier_picked_up,carrier_picked_up,CAR-SYN-STD,ORIGIN-WH-SYN-WEST,CN-JS-NJ,,2
TRE-SYN-A-0019-03,ORD-SYN-A-0019,SHP-SYN-A-0019,2026-06-02T21:53:09+08:00,origin_departed,origin_departed,CAR-SYN-STD,ORIGIN-WH-SYN-WEST,CN-JS-NJ,,3
TRE-SYN-A-0019-04,ORD-SYN-A-0019,SHP-SYN-A-0019,2026-06-02T22:27:45+08:00,in_transit,in_transit,CAR-SYN-STD,LINEHAUL-SYN-01,CN-JS-NJ,,4
TRE-SYN-A-0019-05,ORD-SYN-A-0019,SHP-SYN-A-0019,2026-06-03T09:16:01+08:00,arrived_at_hub,arrived_at_hub,CAR-SYN-STD,HUB-SYN-01,CN-JS-NJ,,5
TRE-SYN-A-0019-06,ORD-SYN-A-0019,SHP-SYN-A-0019,2026-06-03T12:03:58+08:00,departed_hub,departed_hub,CAR-SYN-STD,HUB-SYN-01,CN-JS-NJ,,6
TRE-SYN-A-0019-07,ORD-SYN-A-0019,SHP-SYN-A-0019,2026-06-04T01:48:36+08:00,arrived_at_destination_city,arrived_at_destination_city,CAR-SYN-STD,DEST-CN-JS-NJ,CN-JS-NJ,,7
TRE-SYN-A-0019-08,ORD-SYN-A-0019,SHP-SYN-A-0019,2026-06-04T09:51:10+08:00,out_for_delivery,out_for_delivery,CAR-SYN-STD,SITE-CN-JS-NJ,CN-JS-NJ,,8
TRE-SYN-A-0019-09,ORD-SYN-A-0019,SHP-SYN-A-0019,2026-06-04T11:56:31+08:00,delivered,delivered,CAR-SYN-STD,SITE-CN-JS-NJ,CN-JS-NJ,,9
TRE-SYN-A-0020-01,ORD-SYN-A-0020,SHP-SYN-A-0020,2026-06-02T18:36:25+08:00,shipment_created,shipment_created,CAR-SYN-FAST,ORIGIN-WH-SYN-EAST,CN-ZJ-HZ,,1
TRE-SYN-A-0020-02,ORD-SYN-A-0020,SHP-SYN-A-0020,2026-06-02T22:56:31+08:00,carrier_picked_up,carrier_picked_up,CAR-SYN-FAST,ORIGIN-WH-SYN-EAST,CN-ZJ-HZ,,2
TRE-SYN-A-0020-03,ORD-SYN-A-0020,SHP-SYN-A-0020,2026-06-03T00:04:34+08:00,origin_departed,origin_departed,CAR-SYN-FAST,ORIGIN-WH-SYN-EAST,CN-ZJ-HZ,,3
TRE-SYN-A-0020-04,ORD-SYN-A-0020,SHP-SYN-A-0020,2026-06-03T01:27:45+08:00,in_transit,in_transit,CAR-SYN-FAST,LINEHAUL-SYN-01,CN-ZJ-HZ,,4
TRE-SYN-A-0020-05,ORD-SYN-A-0020,SHP-SYN-A-0020,2026-06-03T13:49:57+08:00,arrived_at_hub,arrived_at_hub,CAR-SYN-FAST,HUB-SYN-01,CN-ZJ-HZ,,5
TRE-SYN-A-0020-06,ORD-SYN-A-0020,SHP-SYN-A-0020,2026-06-03T14:59:38+08:00,departed_hub,departed_hub,CAR-SYN-FAST,HUB-SYN-01,CN-ZJ-HZ,,6
TRE-SYN-A-0020-07,ORD-SYN-A-0020,SHP-SYN-A-0020,2026-06-04T03:28:59+08:00,arrived_at_destination_city,arrived_at_destination_city,CAR-SYN-FAST,DEST-CN-ZJ-HZ,CN-ZJ-HZ,,7
TRE-SYN-A-0020-08,ORD-SYN-A-0020,SHP-SYN-A-0020,2026-06-04T05:42:51+08:00,out_for_delivery,out_for_delivery,CAR-SYN-FAST,SITE-CN-ZJ-HZ,CN-ZJ-HZ,,8
TRE-SYN-A-0020-09,ORD-SYN-A-0020,SHP-SYN-A-0020,2026-06-04T11:39:16+08:00,delivered,delivered,CAR-SYN-FAST,SITE-CN-ZJ-HZ,CN-ZJ-HZ,,9
TRE-SYN-A-0021-01,ORD-SYN-A-0021,SHP-SYN-A-0021,2026-06-03T21:12:57+08:00,shipment_created,shipment_created,CAR-SYN-FAST,ORIGIN-WH-SYN-EAST,CN-ZJ-HZ,,1
TRE-SYN-A-0021-02,ORD-SYN-A-0021,SHP-SYN-A-0021,2026-06-04T04:28:40+08:00,carrier_picked_up,carrier_picked_up,CAR-SYN-FAST,ORIGIN-WH-SYN-EAST,CN-ZJ-HZ,,2
TRE-SYN-A-0021-03,ORD-SYN-A-0021,SHP-SYN-A-0021,2026-06-04T05:09:42+08:00,origin_departed,origin_departed,CAR-SYN-FAST,ORIGIN-WH-SYN-EAST,CN-ZJ-HZ,,3
TRE-SYN-A-0021-04,ORD-SYN-A-0021,SHP-SYN-A-0021,2026-06-04T06:04:19+08:00,in_transit,in_transit,CAR-SYN-FAST,LINEHAUL-SYN-01,CN-ZJ-HZ,,4
TRE-SYN-A-0021-05,ORD-SYN-A-0021,SHP-SYN-A-0021,2026-06-04T17:22:12+08:00,arrived_at_hub,arrived_at_hub,CAR-SYN-FAST,HUB-SYN-01,CN-ZJ-HZ,,5
TRE-SYN-A-0021-06,ORD-SYN-A-0021,SHP-SYN-A-0021,2026-06-04T20:20:45+08:00,departed_hub,departed_hub,CAR-SYN-FAST,HUB-SYN-01,CN-ZJ-HZ,,6
TRE-SYN-A-0021-07,ORD-SYN-A-0021,SHP-SYN-A-0021,2026-06-05T05:53:19+08:00,arrived_at_destination_city,arrived_at_destination_city,CAR-SYN-FAST,DEST-CN-ZJ-HZ,CN-ZJ-HZ,,7
TRE-SYN-A-0021-08,ORD-SYN-A-0021,SHP-SYN-A-0021,2026-06-05T12:40:56+08:00,out_for_delivery,out_for_delivery,CAR-SYN-FAST,SITE-CN-ZJ-HZ,CN-ZJ-HZ,,8
TRE-SYN-A-0021-09,ORD-SYN-A-0021,SHP-SYN-A-0021,2026-06-05T13:43:29+08:00,delivered,delivered,CAR-SYN-FAST,SITE-CN-ZJ-HZ,CN-ZJ-HZ,,9
TRE-SYN-A-0022-01,ORD-SYN-A-0022,SHP-SYN-A-0022,2026-06-03T13:52:05+08:00,shipment_created,shipment_created,CAR-SYN-FAST,ORIGIN-WH-SYN-WEST,CN-JS-NJ,,1
TRE-SYN-A-0022-02,ORD-SYN-A-0022,SHP-SYN-A-0022,2026-06-03T19:49:27+08:00,carrier_picked_up,carrier_picked_up,CAR-SYN-FAST,ORIGIN-WH-SYN-WEST,CN-JS-NJ,,2
TRE-SYN-A-0022-03,ORD-SYN-A-0022,SHP-SYN-A-0022,2026-06-03T20:28:16+08:00,origin_departed,origin_departed,CAR-SYN-FAST,ORIGIN-WH-SYN-WEST,CN-JS-NJ,,3
TRE-SYN-A-0022-04,ORD-SYN-A-0022,SHP-SYN-A-0022,2026-06-03T21:25:07+08:00,in_transit,in_transit,CAR-SYN-FAST,LINEHAUL-SYN-01,CN-JS-NJ,,4
TRE-SYN-A-0022-05,ORD-SYN-A-0022,SHP-SYN-A-0022,2026-06-04T08:47:56+08:00,arrived_at_hub,arrived_at_hub,CAR-SYN-FAST,HUB-SYN-01,CN-JS-NJ,,5
TRE-SYN-A-0022-06,ORD-SYN-A-0022,SHP-SYN-A-0022,2026-06-04T10:00:57+08:00,departed_hub,departed_hub,CAR-SYN-FAST,HUB-SYN-01,CN-JS-NJ,,6
TRE-SYN-A-0022-07,ORD-SYN-A-0022,SHP-SYN-A-0022,2026-06-04T22:58:40+08:00,arrived_at_destination_city,arrived_at_destination_city,CAR-SYN-FAST,DEST-CN-JS-NJ,CN-JS-NJ,,7
TRE-SYN-A-0022-08,ORD-SYN-A-0022,SHP-SYN-A-0022,2026-06-05T04:23:48+08:00,out_for_delivery,out_for_delivery,CAR-SYN-FAST,SITE-CN-JS-NJ,CN-JS-NJ,,8
TRE-SYN-A-0022-09,ORD-SYN-A-0022,SHP-SYN-A-0022,2026-06-05T10:22:57+08:00,delivered,delivered,CAR-SYN-FAST,SITE-CN-JS-NJ,CN-JS-NJ,,9
TRE-SYN-A-0023-01,ORD-SYN-A-0023,SHP-SYN-A-0023,2026-06-03T16:05:17+08:00,shipment_created,shipment_created,CAR-SYN-FAST,ORIGIN-WH-SYN-EAST,CN-ZJ-HZ,,1
TRE-SYN-A-0023-02,ORD-SYN-A-0023,SHP-SYN-A-0023,2026-06-03T23:56:51+08:00,carrier_picked_up,carrier_picked_up,CAR-SYN-FAST,ORIGIN-WH-SYN-EAST,CN-ZJ-HZ,,2
TRE-SYN-A-0023-03,ORD-SYN-A-0023,SHP-SYN-A-0023,2026-06-04T00:59:46+08:00,origin_departed,origin_departed,CAR-SYN-FAST,ORIGIN-WH-SYN-EAST,CN-ZJ-HZ,,3
TRE-SYN-A-0023-04,ORD-SYN-A-0023,SHP-SYN-A-0023,2026-06-04T01:42:17+08:00,in_transit,in_transit,CAR-SYN-FAST,LINEHAUL-SYN-01,CN-ZJ-HZ,,4
TRE-SYN-A-0023-05,ORD-SYN-A-0023,SHP-SYN-A-0023,2026-06-04T12:35:14+08:00,arrived_at_hub,arrived_at_hub,CAR-SYN-FAST,HUB-SYN-01,CN-ZJ-HZ,,5
TRE-SYN-A-0023-06,ORD-SYN-A-0023,SHP-SYN-A-0023,2026-06-04T15:52:42+08:00,departed_hub,departed_hub,CAR-SYN-FAST,HUB-SYN-01,CN-ZJ-HZ,,6
TRE-SYN-A-0023-07,ORD-SYN-A-0023,SHP-SYN-A-0023,2026-06-04T23:53:55+08:00,arrived_at_destination_city,arrived_at_destination_city,CAR-SYN-FAST,DEST-CN-ZJ-HZ,CN-ZJ-HZ,,7
TRE-SYN-A-0023-08,ORD-SYN-A-0023,SHP-SYN-A-0023,2026-06-05T07:15:26+08:00,out_for_delivery,out_for_delivery,CAR-SYN-FAST,SITE-CN-ZJ-HZ,CN-ZJ-HZ,,8
TRE-SYN-A-0023-09,ORD-SYN-A-0023,SHP-SYN-A-0023,2026-06-05T11:20:55+08:00,delivered,delivered,CAR-SYN-FAST,SITE-CN-ZJ-HZ,CN-ZJ-HZ,,9
TRE-SYN-A-0024-01,ORD-SYN-A-0024,SHP-SYN-A-0024,2026-06-03T19:21:04+08:00,shipment_created,shipment_created,CAR-SYN-FAST,ORIGIN-WH-SYN-EAST,CN-JS-NJ,,1
TRE-SYN-A-0024-02,ORD-SYN-A-0024,SHP-SYN-A-0024,2026-06-03T22:59:43+08:00,carrier_picked_up,carrier_picked_up,CAR-SYN-FAST,ORIGIN-WH-SYN-EAST,CN-JS-NJ,,2
TRE-SYN-A-0024-03,ORD-SYN-A-0024,SHP-SYN-A-0024,2026-06-03T23:48:17+08:00,origin_departed,origin_departed,CAR-SYN-FAST,ORIGIN-WH-SYN-EAST,CN-JS-NJ,,3
TRE-SYN-A-0024-04,ORD-SYN-A-0024,SHP-SYN-A-0024,2026-06-04T00:33:36+08:00,in_transit,in_transit,CAR-SYN-FAST,LINEHAUL-SYN-01,CN-JS-NJ,,4
TRE-SYN-A-0024-05,ORD-SYN-A-0024,SHP-SYN-A-0024,2026-06-04T12:02:12+08:00,arrived_at_hub,arrived_at_hub,CAR-SYN-FAST,HUB-SYN-01,CN-JS-NJ,,5
TRE-SYN-A-0024-06,ORD-SYN-A-0024,SHP-SYN-A-0024,2026-06-04T13:46:50+08:00,departed_hub,departed_hub,CAR-SYN-FAST,HUB-SYN-01,CN-JS-NJ,,6
TRE-SYN-A-0024-07,ORD-SYN-A-0024,SHP-SYN-A-0024,2026-06-05T04:57:52+08:00,arrived_at_destination_city,arrived_at_destination_city,CAR-SYN-FAST,DEST-CN-JS-NJ,CN-JS-NJ,,7
TRE-SYN-A-0024-08,ORD-SYN-A-0024,SHP-SYN-A-0024,2026-06-05T13:44:55+08:00,out_for_delivery,out_for_delivery,CAR-SYN-FAST,SITE-CN-JS-NJ,CN-JS-NJ,,8
TRE-SYN-A-0024-09,ORD-SYN-A-0024,SHP-SYN-A-0024,2026-06-05T15:35:02+08:00,delivered,delivered,CAR-SYN-FAST,SITE-CN-JS-NJ,CN-JS-NJ,,9
TRE-SYN-A-0025-01,ORD-SYN-A-0025,SHP-SYN-A-0025,2026-06-03T21:46:49+08:00,shipment_created,shipment_created,CAR-SYN-STD,ORIGIN-WH-SYN-WEST,CN-ZJ-HZ,,1
TRE-SYN-A-0025-02,ORD-SYN-A-0025,SHP-SYN-A-0025,2026-06-04T00:55:54+08:00,carrier_picked_up,carrier_picked_up,CAR-SYN-STD,ORIGIN-WH-SYN-WEST,CN-ZJ-HZ,,2
TRE-SYN-A-0025-03,ORD-SYN-A-0025,SHP-SYN-A-0025,2026-06-04T02:17:58+08:00,origin_departed,origin_departed,CAR-SYN-STD,ORIGIN-WH-SYN-WEST,CN-ZJ-HZ,,3
TRE-SYN-A-0025-04,ORD-SYN-A-0025,SHP-SYN-A-0025,2026-06-04T03:03:56+08:00,in_transit,in_transit,CAR-SYN-STD,LINEHAUL-SYN-01,CN-ZJ-HZ,,4
TRE-SYN-A-0025-05,ORD-SYN-A-0025,SHP-SYN-A-0025,2026-06-04T11:04:27+08:00,arrived_at_hub,arrived_at_hub,CAR-SYN-STD,HUB-SYN-01,CN-ZJ-HZ,,5
TRE-SYN-A-0025-06,ORD-SYN-A-0025,SHP-SYN-A-0025,2026-06-04T13:41:25+08:00,departed_hub,departed_hub,CAR-SYN-STD,HUB-SYN-01,CN-ZJ-HZ,,6
TRE-SYN-A-0025-07,ORD-SYN-A-0025,SHP-SYN-A-0025,2026-06-04T22:20:31+08:00,arrived_at_destination_city,arrived_at_destination_city,CAR-SYN-STD,DEST-CN-ZJ-HZ,CN-ZJ-HZ,,7
TRE-SYN-A-0025-08,ORD-SYN-A-0025,SHP-SYN-A-0025,2026-06-05T00:22:09+08:00,out_for_delivery,out_for_delivery,CAR-SYN-STD,SITE-CN-ZJ-HZ,CN-ZJ-HZ,,8
TRE-SYN-A-0025-09,ORD-SYN-A-0025,SHP-SYN-A-0025,2026-06-05T01:45:28+08:00,delivered,delivered,CAR-SYN-STD,SITE-CN-ZJ-HZ,CN-ZJ-HZ,,9
TRE-SYN-A-0026-01,ORD-SYN-A-0026,SHP-SYN-A-0026,2026-06-03T14:29:10+08:00,shipment_created,shipment_created,CAR-SYN-FAST,ORIGIN-WH-SYN-EAST,CN-JS-NJ,,1
TRE-SYN-A-0026-02,ORD-SYN-A-0026,SHP-SYN-A-0026,2026-06-03T21:58:45+08:00,carrier_picked_up,carrier_picked_up,CAR-SYN-FAST,ORIGIN-WH-SYN-EAST,CN-JS-NJ,,2
TRE-SYN-A-0026-03,ORD-SYN-A-0026,SHP-SYN-A-0026,2026-06-03T22:49:25+08:00,origin_departed,origin_departed,CAR-SYN-FAST,ORIGIN-WH-SYN-EAST,CN-JS-NJ,,3
TRE-SYN-A-0026-04,ORD-SYN-A-0026,SHP-SYN-A-0026,2026-06-03T23:54:58+08:00,in_transit,in_transit,CAR-SYN-FAST,LINEHAUL-SYN-01,CN-JS-NJ,,4
TRE-SYN-A-0026-05,ORD-SYN-A-0026,SHP-SYN-A-0026,2026-06-04T08:39:17+08:00,arrived_at_hub,arrived_at_hub,CAR-SYN-FAST,HUB-SYN-01,CN-JS-NJ,,5
TRE-SYN-A-0026-06,ORD-SYN-A-0026,SHP-SYN-A-0026,2026-06-04T10:45:57+08:00,departed_hub,departed_hub,CAR-SYN-FAST,HUB-SYN-01,CN-JS-NJ,,6
TRE-SYN-A-0026-07,ORD-SYN-A-0026,SHP-SYN-A-0026,2026-06-04T20:06:48+08:00,arrived_at_destination_city,arrived_at_destination_city,CAR-SYN-FAST,DEST-CN-JS-NJ,CN-JS-NJ,,7
TRE-SYN-A-0026-08,ORD-SYN-A-0026,SHP-SYN-A-0026,2026-06-05T01:13:47+08:00,out_for_delivery,out_for_delivery,CAR-SYN-FAST,SITE-CN-JS-NJ,CN-JS-NJ,,8
TRE-SYN-A-0026-09,ORD-SYN-A-0026,SHP-SYN-A-0026,2026-06-05T05:36:33+08:00,delivered,delivered,CAR-SYN-FAST,SITE-CN-JS-NJ,CN-JS-NJ,,9
TRE-SYN-A-0027-01,ORD-SYN-A-0027,SHP-SYN-A-0027,2026-06-03T17:25:49+08:00,shipment_created,shipment_created,CAR-SYN-FAST,ORIGIN-WH-SYN-EAST,CN-ZJ-HZ,,1
TRE-SYN-A-0027-02,ORD-SYN-A-0027,SHP-SYN-A-0027,2026-06-03T21:15:46+08:00,carrier_picked_up,carrier_picked_up,CAR-SYN-FAST,ORIGIN-WH-SYN-EAST,CN-ZJ-HZ,,2
TRE-SYN-A-0027-03,ORD-SYN-A-0027,SHP-SYN-A-0027,2026-06-03T22:01:02+08:00,origin_departed,origin_departed,CAR-SYN-FAST,ORIGIN-WH-SYN-EAST,CN-ZJ-HZ,,3
TRE-SYN-A-0027-04,ORD-SYN-A-0027,SHP-SYN-A-0027,2026-06-03T22:42:28+08:00,in_transit,in_transit,CAR-SYN-FAST,LINEHAUL-SYN-01,CN-ZJ-HZ,,4
TRE-SYN-A-0027-05,ORD-SYN-A-0027,SHP-SYN-A-0027,2026-06-04T09:34:48+08:00,arrived_at_hub,arrived_at_hub,CAR-SYN-FAST,HUB-SYN-01,CN-ZJ-HZ,,5
TRE-SYN-A-0027-06,ORD-SYN-A-0027,SHP-SYN-A-0027,2026-06-04T10:57:55+08:00,departed_hub,departed_hub,CAR-SYN-FAST,HUB-SYN-01,CN-ZJ-HZ,,6
TRE-SYN-A-0027-07,ORD-SYN-A-0027,SHP-SYN-A-0027,2026-06-04T21:05:17+08:00,arrived_at_destination_city,arrived_at_destination_city,CAR-SYN-FAST,DEST-CN-ZJ-HZ,CN-ZJ-HZ,,7
TRE-SYN-A-0027-08,ORD-SYN-A-0027,SHP-SYN-A-0027,2026-06-04T23:18:24+08:00,out_for_delivery,out_for_delivery,CAR-SYN-FAST,SITE-CN-ZJ-HZ,CN-ZJ-HZ,,8
TRE-SYN-A-0027-09,ORD-SYN-A-0027,SHP-SYN-A-0027,2026-06-05T03:49:09+08:00,delivered,delivered,CAR-SYN-FAST,SITE-CN-ZJ-HZ,CN-ZJ-HZ,,9
TRE-SYN-A-0028-01,ORD-SYN-A-0028,SHP-SYN-A-0028,2026-06-03T20:24:10+08:00,shipment_created,shipment_created,CAR-SYN-STD,ORIGIN-WH-SYN-EAST,CN-SD-QD,,1
TRE-SYN-A-0028-02,ORD-SYN-A-0028,SHP-SYN-A-0028,2026-06-03T23:52:54+08:00,carrier_picked_up,carrier_picked_up,CAR-SYN-STD,ORIGIN-WH-SYN-EAST,CN-SD-QD,,2
TRE-SYN-A-0028-03,ORD-SYN-A-0028,SHP-SYN-A-0028,2026-06-04T00:37:04+08:00,origin_departed,origin_departed,CAR-SYN-STD,ORIGIN-WH-SYN-EAST,CN-SD-QD,,3
TRE-SYN-A-0028-04,ORD-SYN-A-0028,SHP-SYN-A-0028,2026-06-04T01:59:40+08:00,in_transit,in_transit,CAR-SYN-STD,LINEHAUL-SYN-01,CN-SD-QD,,4
TRE-SYN-A-0028-05,ORD-SYN-A-0028,SHP-SYN-A-0028,2026-06-04T12:26:15+08:00,arrived_at_hub,arrived_at_hub,CAR-SYN-STD,HUB-SYN-01,CN-SD-QD,,5
TRE-SYN-A-0028-06,ORD-SYN-A-0028,SHP-SYN-A-0028,2026-06-04T15:36:41+08:00,departed_hub,departed_hub,CAR-SYN-STD,HUB-SYN-01,CN-SD-QD,,6
TRE-SYN-A-0028-07,ORD-SYN-A-0028,SHP-SYN-A-0028,2026-06-05T00:43:12+08:00,arrived_at_destination_city,arrived_at_destination_city,CAR-SYN-STD,DEST-CN-SD-QD,CN-SD-QD,,7
TRE-SYN-A-0028-08,ORD-SYN-A-0028,SHP-SYN-A-0028,2026-06-05T08:04:40+08:00,out_for_delivery,out_for_delivery,CAR-SYN-STD,SITE-CN-SD-QD,CN-SD-QD,,8
TRE-SYN-A-0028-09,ORD-SYN-A-0028,SHP-SYN-A-0028,2026-06-05T13:09:05+08:00,delivered,delivered,CAR-SYN-STD,SITE-CN-SD-QD,CN-SD-QD,,9
TRE-SYN-A-0029-01,ORD-SYN-A-0029,SHP-SYN-A-0029,2026-06-03T23:50:46+08:00,shipment_created,shipment_created,CAR-SYN-FAST,ORIGIN-WH-SYN-WEST,CN-SD-QD,,1
TRE-SYN-A-0029-02,ORD-SYN-A-0029,SHP-SYN-A-0029,2026-06-04T02:51:57+08:00,carrier_picked_up,carrier_picked_up,CAR-SYN-FAST,ORIGIN-WH-SYN-WEST,CN-SD-QD,,2
TRE-SYN-A-0029-03,ORD-SYN-A-0029,SHP-SYN-A-0029,2026-06-04T03:57:26+08:00,origin_departed,origin_departed,CAR-SYN-FAST,ORIGIN-WH-SYN-WEST,CN-SD-QD,,3
TRE-SYN-A-0029-04,ORD-SYN-A-0029,SHP-SYN-A-0029,2026-06-04T04:31:23+08:00,in_transit,in_transit,CAR-SYN-FAST,LINEHAUL-SYN-01,CN-SD-QD,,4
TRE-SYN-A-0029-05,ORD-SYN-A-0029,SHP-SYN-A-0029,2026-06-04T12:42:53+08:00,arrived_at_hub,arrived_at_hub,CAR-SYN-FAST,HUB-SYN-01,CN-SD-QD,,5
TRE-SYN-A-0029-06,ORD-SYN-A-0029,SHP-SYN-A-0029,2026-06-04T14:12:55+08:00,departed_hub,departed_hub,CAR-SYN-FAST,HUB-SYN-01,CN-SD-QD,,6
TRE-SYN-A-0029-07,ORD-SYN-A-0029,SHP-SYN-A-0029,2026-06-05T03:12:51+08:00,arrived_at_destination_city,arrived_at_destination_city,CAR-SYN-FAST,DEST-CN-SD-QD,CN-SD-QD,,7
TRE-SYN-A-0029-08,ORD-SYN-A-0029,SHP-SYN-A-0029,2026-06-05T10:52:17+08:00,out_for_delivery,out_for_delivery,CAR-SYN-FAST,SITE-CN-SD-QD,CN-SD-QD,,8
TRE-SYN-A-0029-09,ORD-SYN-A-0029,SHP-SYN-A-0029,2026-06-05T15:28:08+08:00,delivered,delivered,CAR-SYN-FAST,SITE-CN-SD-QD,CN-SD-QD,,9
TRE-SYN-A-0030-01,ORD-SYN-A-0030,SHP-SYN-A-0030,2026-06-03T14:34:58+08:00,shipment_created,shipment_created,CAR-SYN-FAST,ORIGIN-WH-SYN-EAST,CN-JS-NJ,,1
TRE-SYN-A-0030-02,ORD-SYN-A-0030,SHP-SYN-A-0030,2026-06-03T17:30:17+08:00,carrier_picked_up,carrier_picked_up,CAR-SYN-FAST,ORIGIN-WH-SYN-EAST,CN-JS-NJ,,2
TRE-SYN-A-0030-03,ORD-SYN-A-0030,SHP-SYN-A-0030,2026-06-03T18:31:13+08:00,origin_departed,origin_departed,CAR-SYN-FAST,ORIGIN-WH-SYN-EAST,CN-JS-NJ,,3
TRE-SYN-A-0030-04,ORD-SYN-A-0030,SHP-SYN-A-0030,2026-06-03T19:41:14+08:00,in_transit,in_transit,CAR-SYN-FAST,LINEHAUL-SYN-01,CN-JS-NJ,,4
TRE-SYN-A-0030-05,ORD-SYN-A-0030,SHP-SYN-A-0030,2026-06-04T08:01:00+08:00,arrived_at_hub,arrived_at_hub,CAR-SYN-FAST,HUB-SYN-01,CN-JS-NJ,,5
TRE-SYN-A-0030-06,ORD-SYN-A-0030,SHP-SYN-A-0030,2026-06-04T10:43:53+08:00,departed_hub,departed_hub,CAR-SYN-FAST,HUB-SYN-01,CN-JS-NJ,,6
TRE-SYN-A-0030-07,ORD-SYN-A-0030,SHP-SYN-A-0030,2026-06-04T18:50:05+08:00,arrived_at_destination_city,arrived_at_destination_city,CAR-SYN-FAST,DEST-CN-JS-NJ,CN-JS-NJ,,7
TRE-SYN-A-0030-08,ORD-SYN-A-0030,SHP-SYN-A-0030,2026-06-05T01:46:27+08:00,out_for_delivery,out_for_delivery,CAR-SYN-FAST,SITE-CN-JS-NJ,CN-JS-NJ,,8
TRE-SYN-A-0030-09,ORD-SYN-A-0030,SHP-SYN-A-0030,2026-06-05T05:17:59+08:00,delivered,delivered,CAR-SYN-FAST,SITE-CN-JS-NJ,CN-JS-NJ,,9
TRE-SYN-A-0031-01,ORD-SYN-A-0031,SHP-SYN-A-0031,2026-06-04T18:30:02+08:00,shipment_created,shipment_created,CAR-SYN-ECON,ORIGIN-WH-SYN-EAST,CN-ZJ-HZ,,1
TRE-SYN-A-0031-02,ORD-SYN-A-0031,SHP-SYN-A-0031,2026-06-04T23:06:13+08:00,carrier_picked_up,carrier_picked_up,CAR-SYN-ECON,ORIGIN-WH-SYN-EAST,CN-ZJ-HZ,,2
TRE-SYN-A-0031-03,ORD-SYN-A-0031,SHP-SYN-A-0031,2026-06-04T23:49:33+08:00,origin_departed,origin_departed,CAR-SYN-ECON,ORIGIN-WH-SYN-EAST,CN-ZJ-HZ,,3
TRE-SYN-A-0031-04,ORD-SYN-A-0031,SHP-SYN-A-0031,2026-06-05T00:57:28+08:00,in_transit,in_transit,CAR-SYN-ECON,LINEHAUL-SYN-01,CN-ZJ-HZ,,4
TRE-SYN-A-0031-05,ORD-SYN-A-0031,SHP-SYN-A-0031,2026-06-05T09:48:26+08:00,arrived_at_hub,arrived_at_hub,CAR-SYN-ECON,HUB-SYN-01,CN-ZJ-HZ,,5
TRE-SYN-A-0031-06,ORD-SYN-A-0031,SHP-SYN-A-0031,2026-06-05T13:07:06+08:00,departed_hub,departed_hub,CAR-SYN-ECON,HUB-SYN-01,CN-ZJ-HZ,,6
TRE-SYN-A-0031-07,ORD-SYN-A-0031,SHP-SYN-A-0031,2026-06-05T21:57:28+08:00,arrived_at_destination_city,arrived_at_destination_city,CAR-SYN-ECON,DEST-CN-ZJ-HZ,CN-ZJ-HZ,,7
TRE-SYN-A-0031-08,ORD-SYN-A-0031,SHP-SYN-A-0031,2026-06-06T03:33:43+08:00,out_for_delivery,out_for_delivery,CAR-SYN-ECON,SITE-CN-ZJ-HZ,CN-ZJ-HZ,,8
TRE-SYN-A-0031-09,ORD-SYN-A-0031,SHP-SYN-A-0031,2026-06-06T04:40:08+08:00,delivered,delivered,CAR-SYN-ECON,SITE-CN-ZJ-HZ,CN-ZJ-HZ,,9
TRE-SYN-A-0032-01,ORD-SYN-A-0032,SHP-SYN-A-0032,2026-06-04T21:05:49+08:00,shipment_created,shipment_created,CAR-SYN-STD,ORIGIN-WH-SYN-WEST,CN-HB-WH,,1
TRE-SYN-A-0032-02,ORD-SYN-A-0032,SHP-SYN-A-0032,2026-06-05T01:37:13+08:00,carrier_picked_up,carrier_picked_up,CAR-SYN-STD,ORIGIN-WH-SYN-WEST,CN-HB-WH,,2
TRE-SYN-A-0032-03,ORD-SYN-A-0032,SHP-SYN-A-0032,2026-06-05T02:22:33+08:00,origin_departed,origin_departed,CAR-SYN-STD,ORIGIN-WH-SYN-WEST,CN-HB-WH,,3
TRE-SYN-A-0032-04,ORD-SYN-A-0032,SHP-SYN-A-0032,2026-06-05T03:20:24+08:00,in_transit,in_transit,CAR-SYN-STD,LINEHAUL-SYN-01,CN-HB-WH,,4
TRE-SYN-A-0032-05,ORD-SYN-A-0032,SHP-SYN-A-0032,2026-06-05T14:30:13+08:00,arrived_at_hub,arrived_at_hub,CAR-SYN-STD,HUB-SYN-01,CN-HB-WH,,5
TRE-SYN-A-0032-06,ORD-SYN-A-0032,SHP-SYN-A-0032,2026-06-05T16:56:57+08:00,departed_hub,departed_hub,CAR-SYN-STD,HUB-SYN-01,CN-HB-WH,,6
TRE-SYN-A-0032-07,ORD-SYN-A-0032,SHP-SYN-A-0032,2026-06-06T02:39:01+08:00,arrived_at_destination_city,arrived_at_destination_city,CAR-SYN-STD,DEST-CN-HB-WH,CN-HB-WH,,7
TRE-SYN-A-0032-08,ORD-SYN-A-0032,SHP-SYN-A-0032,2026-06-06T07:44:59+08:00,out_for_delivery,out_for_delivery,CAR-SYN-STD,SITE-CN-HB-WH,CN-HB-WH,,8
TRE-SYN-A-0032-09,ORD-SYN-A-0032,SHP-SYN-A-0032,2026-06-06T10:02:29+08:00,delivered,delivered,CAR-SYN-STD,SITE-CN-HB-WH,CN-HB-WH,,9
TRE-SYN-A-0033-01,ORD-SYN-A-0033,SHP-SYN-A-0033,2026-06-04T13:27:28+08:00,shipment_created,shipment_created,CAR-SYN-STD,ORIGIN-WH-SYN-EAST,CN-ZJ-HZ,,1
TRE-SYN-A-0033-02,ORD-SYN-A-0033,SHP-SYN-A-0033,2026-06-04T21:21:12+08:00,carrier_picked_up,carrier_picked_up,CAR-SYN-STD,ORIGIN-WH-SYN-EAST,CN-ZJ-HZ,,2
TRE-SYN-A-0033-03,ORD-SYN-A-0033,SHP-SYN-A-0033,2026-06-04T22:14:25+08:00,origin_departed,origin_departed,CAR-SYN-STD,ORIGIN-WH-SYN-EAST,CN-ZJ-HZ,,3
TRE-SYN-A-0033-04,ORD-SYN-A-0033,SHP-SYN-A-0033,2026-06-04T22:56:31+08:00,in_transit,in_transit,CAR-SYN-STD,LINEHAUL-SYN-01,CN-ZJ-HZ,,4
TRE-SYN-A-0033-05,ORD-SYN-A-0033,SHP-SYN-A-0033,2026-06-05T05:56:47+08:00,arrived_at_hub,arrived_at_hub,CAR-SYN-STD,HUB-SYN-01,CN-ZJ-HZ,,5
TRE-SYN-A-0033-06,ORD-SYN-A-0033,SHP-SYN-A-0033,2026-06-05T07:24:07+08:00,departed_hub,departed_hub,CAR-SYN-STD,HUB-SYN-01,CN-ZJ-HZ,,6
TRE-SYN-A-0033-07,ORD-SYN-A-0033,SHP-SYN-A-0033,2026-06-05T22:27:50+08:00,arrived_at_destination_city,arrived_at_destination_city,CAR-SYN-STD,DEST-CN-ZJ-HZ,CN-ZJ-HZ,,7
TRE-SYN-A-0033-08,ORD-SYN-A-0033,SHP-SYN-A-0033,2026-06-06T05:12:56+08:00,out_for_delivery,out_for_delivery,CAR-SYN-STD,SITE-CN-ZJ-HZ,CN-ZJ-HZ,,8
TRE-SYN-A-0033-09,ORD-SYN-A-0033,SHP-SYN-A-0033,2026-06-06T06:46:47+08:00,delivered,delivered,CAR-SYN-STD,SITE-CN-ZJ-HZ,CN-ZJ-HZ,,9
TRE-SYN-A-0034-01,ORD-SYN-A-0034,SHP-SYN-A-0034,2026-06-04T16:52:27+08:00,shipment_created,shipment_created,CAR-SYN-FAST,ORIGIN-WH-SYN-WEST,CN-HB-WH,,1
TRE-SYN-A-0034-02,ORD-SYN-A-0034,SHP-SYN-A-0034,2026-06-04T20:39:10+08:00,carrier_picked_up,carrier_picked_up,CAR-SYN-FAST,ORIGIN-WH-SYN-WEST,CN-HB-WH,,2
TRE-SYN-A-0034-03,ORD-SYN-A-0034,SHP-SYN-A-0034,2026-06-04T21:51:04+08:00,origin_departed,origin_departed,CAR-SYN-FAST,ORIGIN-WH-SYN-WEST,CN-HB-WH,,3
TRE-SYN-A-0034-04,ORD-SYN-A-0034,SHP-SYN-A-0034,2026-06-04T23:03:51+08:00,in_transit,in_transit,CAR-SYN-FAST,LINEHAUL-SYN-01,CN-HB-WH,,4
TRE-SYN-A-0034-05,ORD-SYN-A-0034,SHP-SYN-A-0034,2026-06-05T05:36:56+08:00,arrived_at_hub,arrived_at_hub,CAR-SYN-FAST,HUB-SYN-01,CN-HB-WH,,5
TRE-SYN-A-0034-06,ORD-SYN-A-0034,SHP-SYN-A-0034,2026-06-05T09:05:17+08:00,departed_hub,departed_hub,CAR-SYN-FAST,HUB-SYN-01,CN-HB-WH,,6
TRE-SYN-A-0034-07,ORD-SYN-A-0034,SHP-SYN-A-0034,2026-06-05T19:25:29+08:00,arrived_at_destination_city,arrived_at_destination_city,CAR-SYN-FAST,DEST-CN-HB-WH,CN-HB-WH,,7
TRE-SYN-A-0034-08,ORD-SYN-A-0034,SHP-SYN-A-0034,2026-06-06T00:40:33+08:00,out_for_delivery,out_for_delivery,CAR-SYN-FAST,SITE-CN-HB-WH,CN-HB-WH,,8
TRE-SYN-A-0034-09,ORD-SYN-A-0034,SHP-SYN-A-0034,2026-06-06T04:07:36+08:00,delivered,delivered,CAR-SYN-FAST,SITE-CN-HB-WH,CN-HB-WH,,9
TRE-SYN-A-0035-01,ORD-SYN-A-0035,SHP-SYN-A-0035,2026-06-04T19:18:41+08:00,shipment_created,shipment_created,CAR-SYN-FAST,ORIGIN-WH-SYN-EAST,CN-HB-WH,,1
TRE-SYN-A-0035-02,ORD-SYN-A-0035,SHP-SYN-A-0035,2026-06-05T00:58:03+08:00,carrier_picked_up,carrier_picked_up,CAR-SYN-FAST,ORIGIN-WH-SYN-EAST,CN-HB-WH,,2
TRE-SYN-A-0035-03,ORD-SYN-A-0035,SHP-SYN-A-0035,2026-06-05T01:36:23+08:00,origin_departed,origin_departed,CAR-SYN-FAST,ORIGIN-WH-SYN-EAST,CN-HB-WH,,3
TRE-SYN-A-0035-04,ORD-SYN-A-0035,SHP-SYN-A-0035,2026-06-05T02:26:17+08:00,in_transit,in_transit,CAR-SYN-FAST,LINEHAUL-SYN-01,CN-HB-WH,,4
TRE-SYN-A-0035-05,ORD-SYN-A-0035,SHP-SYN-A-0035,2026-06-05T14:29:02+08:00,arrived_at_hub,arrived_at_hub,CAR-SYN-FAST,HUB-SYN-01,CN-HB-WH,,5
TRE-SYN-A-0035-06,ORD-SYN-A-0035,SHP-SYN-A-0035,2026-06-05T17:53:29+08:00,departed_hub,departed_hub,CAR-SYN-FAST,HUB-SYN-01,CN-HB-WH,,6
TRE-SYN-A-0035-07,ORD-SYN-A-0035,SHP-SYN-A-0035,2026-06-06T07:55:59+08:00,arrived_at_destination_city,arrived_at_destination_city,CAR-SYN-FAST,DEST-CN-HB-WH,CN-HB-WH,,7
TRE-SYN-A-0035-08,ORD-SYN-A-0035,SHP-SYN-A-0035,2026-06-06T12:37:32+08:00,out_for_delivery,out_for_delivery,CAR-SYN-FAST,SITE-CN-HB-WH,CN-HB-WH,,8
TRE-SYN-A-0035-09,ORD-SYN-A-0035,SHP-SYN-A-0035,2026-06-06T14:13:29+08:00,delivered,delivered,CAR-SYN-FAST,SITE-CN-HB-WH,CN-HB-WH,,9
TRE-SYN-A-0036-01,ORD-SYN-A-0036,SHP-SYN-A-0036,2026-06-04T22:11:52+08:00,shipment_created,shipment_created,CAR-SYN-ECON,ORIGIN-WH-SYN-EAST,CN-ZJ-HZ,,1
TRE-SYN-A-0036-02,ORD-SYN-A-0036,SHP-SYN-A-0036,2026-06-05T05:47:48+08:00,carrier_picked_up,carrier_picked_up,CAR-SYN-ECON,ORIGIN-WH-SYN-EAST,CN-ZJ-HZ,,2
TRE-SYN-A-0036-03,ORD-SYN-A-0036,SHP-SYN-A-0036,2026-06-05T06:30:22+08:00,origin_departed,origin_departed,CAR-SYN-ECON,ORIGIN-WH-SYN-EAST,CN-ZJ-HZ,,3
TRE-SYN-A-0036-04,ORD-SYN-A-0036,SHP-SYN-A-0036,2026-06-05T07:07:48+08:00,in_transit,in_transit,CAR-SYN-ECON,LINEHAUL-SYN-01,CN-ZJ-HZ,,4
TRE-SYN-A-0036-05,ORD-SYN-A-0036,SHP-SYN-A-0036,2026-06-05T19:58:24+08:00,arrived_at_hub,arrived_at_hub,CAR-SYN-ECON,HUB-SYN-01,CN-ZJ-HZ,,5
TRE-SYN-A-0036-06,ORD-SYN-A-0036,SHP-SYN-A-0036,2026-06-05T21:54:13+08:00,departed_hub,departed_hub,CAR-SYN-ECON,HUB-SYN-01,CN-ZJ-HZ,,6
TRE-SYN-A-0036-07,ORD-SYN-A-0036,SHP-SYN-A-0036,2026-06-08T11:51:16+08:00,arrived_at_destination_city,arrived_at_destination_city,CAR-SYN-ECON,DEST-CN-ZJ-HZ,CN-ZJ-HZ,,7
TRE-SYN-A-0036-08,ORD-SYN-A-0036,SHP-SYN-A-0036,2026-06-08T14:06:51+08:00,out_for_delivery,out_for_delivery,CAR-SYN-ECON,SITE-CN-ZJ-HZ,CN-ZJ-HZ,,8
TRE-SYN-A-0036-09,ORD-SYN-A-0036,SHP-SYN-A-0036,2026-06-08T17:08:10+08:00,delivered,delivered,CAR-SYN-ECON,SITE-CN-ZJ-HZ,CN-ZJ-HZ,,9
TRE-SYN-A-0037-01,ORD-SYN-A-0037,SHP-SYN-A-0037,2026-06-04T13:45:06+08:00,shipment_created,shipment_created,CAR-SYN-FAST,ORIGIN-WH-SYN-EAST,CN-SD-QD,,1
TRE-SYN-A-0037-02,ORD-SYN-A-0037,SHP-SYN-A-0037,2026-06-05T09:17:42+08:00,carrier_picked_up,carrier_picked_up,CAR-SYN-FAST,ORIGIN-WH-SYN-EAST,CN-SD-QD,,2
TRE-SYN-A-0037-03,ORD-SYN-A-0037,SHP-SYN-A-0037,2026-06-05T10:11:40+08:00,origin_departed,origin_departed,CAR-SYN-FAST,ORIGIN-WH-SYN-EAST,CN-SD-QD,,3
TRE-SYN-A-0037-04,ORD-SYN-A-0037,SHP-SYN-A-0037,2026-06-05T11:29:11+08:00,in_transit,in_transit,CAR-SYN-FAST,LINEHAUL-SYN-01,CN-SD-QD,,4
TRE-SYN-A-0037-05,ORD-SYN-A-0037,SHP-SYN-A-0037,2026-06-06T00:11:08+08:00,arrived_at_hub,arrived_at_hub,CAR-SYN-FAST,HUB-SYN-01,CN-SD-QD,,5
TRE-SYN-A-0037-06,ORD-SYN-A-0037,SHP-SYN-A-0037,2026-06-06T02:25:34+08:00,departed_hub,departed_hub,CAR-SYN-FAST,HUB-SYN-01,CN-SD-QD,,6
TRE-SYN-A-0037-07,ORD-SYN-A-0037,SHP-SYN-A-0037,2026-06-06T12:44:19+08:00,arrived_at_destination_city,arrived_at_destination_city,CAR-SYN-FAST,DEST-CN-SD-QD,CN-SD-QD,,7
TRE-SYN-A-0037-08,ORD-SYN-A-0037,SHP-SYN-A-0037,2026-06-06T20:26:48+08:00,out_for_delivery,out_for_delivery,CAR-SYN-FAST,SITE-CN-SD-QD,CN-SD-QD,,8
TRE-SYN-A-0037-09,ORD-SYN-A-0037,SHP-SYN-A-0037,2026-06-06T23:39:45+08:00,delivered,delivered,CAR-SYN-FAST,SITE-CN-SD-QD,CN-SD-QD,,9
TRE-SYN-A-0038-01,ORD-SYN-A-0038,SHP-SYN-A-0038,2026-06-04T16:55:11+08:00,shipment_created,shipment_created,CAR-SYN-ECON,ORIGIN-WH-SYN-WEST,CN-HB-WH,,1
TRE-SYN-A-0038-02,ORD-SYN-A-0038,SHP-SYN-A-0038,2026-06-04T20:26:50+08:00,carrier_picked_up,carrier_picked_up,CAR-SYN-ECON,ORIGIN-WH-SYN-WEST,CN-HB-WH,,2
TRE-SYN-A-0038-03,ORD-SYN-A-0038,SHP-SYN-A-0038,2026-06-04T21:03:00+08:00,origin_departed,origin_departed,CAR-SYN-ECON,ORIGIN-WH-SYN-WEST,CN-HB-WH,,3
TRE-SYN-A-0038-04,ORD-SYN-A-0038,SHP-SYN-A-0038,2026-06-04T21:42:11+08:00,in_transit,in_transit,CAR-SYN-ECON,LINEHAUL-SYN-01,CN-HB-WH,,4
TRE-SYN-A-0038-05,ORD-SYN-A-0038,SHP-SYN-A-0038,2026-06-05T10:04:07+08:00,arrived_at_hub,arrived_at_hub,CAR-SYN-ECON,HUB-SYN-01,CN-HB-WH,,5
TRE-SYN-A-0038-06,ORD-SYN-A-0038,SHP-SYN-A-0038,2026-06-05T11:18:58+08:00,departed_hub,departed_hub,CAR-SYN-ECON,HUB-SYN-01,CN-HB-WH,,6
TRE-SYN-A-0038-07,ORD-SYN-A-0038,SHP-SYN-A-0038,2026-06-05T19:31:27+08:00,arrived_at_destination_city,arrived_at_destination_city,CAR-SYN-ECON,DEST-CN-HB-WH,CN-HB-WH,,7
TRE-SYN-A-0038-08,ORD-SYN-A-0038,SHP-SYN-A-0038,2026-06-06T02:37:51+08:00,out_for_delivery,out_for_delivery,CAR-SYN-ECON,SITE-CN-HB-WH,CN-HB-WH,,8
TRE-SYN-A-0038-09,ORD-SYN-A-0038,SHP-SYN-A-0038,2026-06-06T07:51:09+08:00,delivered,delivered,CAR-SYN-ECON,SITE-CN-HB-WH,CN-HB-WH,,9
TRE-SYN-A-0039-01,ORD-SYN-A-0039,SHP-SYN-A-0039,2026-06-04T20:09:27+08:00,shipment_created,shipment_created,CAR-SYN-FAST,ORIGIN-WH-SYN-WEST,CN-SD-QD,,1
TRE-SYN-A-0039-02,ORD-SYN-A-0039,SHP-SYN-A-0039,2026-06-05T02:59:42+08:00,carrier_picked_up,carrier_picked_up,CAR-SYN-FAST,ORIGIN-WH-SYN-WEST,CN-SD-QD,,2
TRE-SYN-A-0039-03,ORD-SYN-A-0039,SHP-SYN-A-0039,2026-06-05T03:36:48+08:00,origin_departed,origin_departed,CAR-SYN-FAST,ORIGIN-WH-SYN-WEST,CN-SD-QD,,3
TRE-SYN-A-0039-04,ORD-SYN-A-0039,SHP-SYN-A-0039,2026-06-05T04:22:29+08:00,in_transit,in_transit,CAR-SYN-FAST,LINEHAUL-SYN-01,CN-SD-QD,,4
TRE-SYN-A-0039-05,ORD-SYN-A-0039,SHP-SYN-A-0039,2026-06-05T17:08:36+08:00,arrived_at_hub,arrived_at_hub,CAR-SYN-FAST,HUB-SYN-01,CN-SD-QD,,5
TRE-SYN-A-0039-06,ORD-SYN-A-0039,SHP-SYN-A-0039,2026-06-05T18:48:58+08:00,departed_hub,departed_hub,CAR-SYN-FAST,HUB-SYN-01,CN-SD-QD,,6
TRE-SYN-A-0039-07,ORD-SYN-A-0039,SHP-SYN-A-0039,2026-06-06T06:30:46+08:00,arrived_at_destination_city,arrived_at_destination_city,CAR-SYN-FAST,DEST-CN-SD-QD,CN-SD-QD,,7
TRE-SYN-A-0039-08,ORD-SYN-A-0039,SHP-SYN-A-0039,2026-06-06T12:17:56+08:00,out_for_delivery,out_for_delivery,CAR-SYN-FAST,SITE-CN-SD-QD,CN-SD-QD,,8
TRE-SYN-A-0039-09,ORD-SYN-A-0039,SHP-SYN-A-0039,2026-06-06T14:12:22+08:00,delivered,delivered,CAR-SYN-FAST,SITE-CN-SD-QD,CN-SD-QD,,9
TRE-SYN-A-0040-01,ORD-SYN-A-0040,SHP-SYN-A-0040,2026-06-04T22:45:35+08:00,shipment_created,shipment_created,CAR-SYN-STD,ORIGIN-WH-SYN-EAST,CN-HB-WH,,1
TRE-SYN-A-0040-02,ORD-SYN-A-0040,SHP-SYN-A-0040,2026-06-05T06:14:14+08:00,carrier_picked_up,carrier_picked_up,CAR-SYN-STD,ORIGIN-WH-SYN-EAST,CN-HB-WH,,2
TRE-SYN-A-0040-03,ORD-SYN-A-0040,SHP-SYN-A-0040,2026-06-05T07:27:56+08:00,origin_departed,origin_departed,CAR-SYN-STD,ORIGIN-WH-SYN-EAST,CN-HB-WH,,3
TRE-SYN-A-0040-04,ORD-SYN-A-0040,SHP-SYN-A-0040,2026-06-05T08:25:02+08:00,in_transit,in_transit,CAR-SYN-STD,LINEHAUL-SYN-01,CN-HB-WH,,4
TRE-SYN-A-0040-05,ORD-SYN-A-0040,SHP-SYN-A-0040,2026-06-05T20:30:01+08:00,arrived_at_hub,arrived_at_hub,CAR-SYN-STD,HUB-SYN-01,CN-HB-WH,,5
TRE-SYN-A-0040-06,ORD-SYN-A-0040,SHP-SYN-A-0040,2026-06-06T00:13:34+08:00,departed_hub,departed_hub,CAR-SYN-STD,HUB-SYN-01,CN-HB-WH,,6
TRE-SYN-A-0040-07,ORD-SYN-A-0040,SHP-SYN-A-0040,2026-06-06T14:08:02+08:00,arrived_at_destination_city,arrived_at_destination_city,CAR-SYN-STD,DEST-CN-HB-WH,CN-HB-WH,,7
TRE-SYN-A-0040-08,ORD-SYN-A-0040,SHP-SYN-A-0040,2026-06-06T18:53:50+08:00,out_for_delivery,out_for_delivery,CAR-SYN-STD,SITE-CN-HB-WH,CN-HB-WH,,8
TRE-SYN-A-0040-09,ORD-SYN-A-0040,SHP-SYN-A-0040,2026-06-06T23:45:47+08:00,delivered,delivered,CAR-SYN-STD,SITE-CN-HB-WH,CN-HB-WH,,9
TRE-SYN-A-0041-01,ORD-SYN-A-0041,SHP-SYN-A-0041,2026-06-05T15:25:43+08:00,shipment_created,shipment_created,CAR-SYN-FAST,ORIGIN-WH-SYN-EAST,CN-HB-WH,,1
TRE-SYN-A-0041-02,ORD-SYN-A-0041,SHP-SYN-A-0041,2026-06-06T12:51:00+08:00,carrier_picked_up,carrier_picked_up,CAR-SYN-FAST,ORIGIN-WH-SYN-EAST,CN-HB-WH,,2
TRE-SYN-A-0041-03,ORD-SYN-A-0041,SHP-SYN-A-0041,2026-06-06T14:05:10+08:00,origin_departed,origin_departed,CAR-SYN-FAST,ORIGIN-WH-SYN-EAST,CN-HB-WH,,3
TRE-SYN-A-0041-04,ORD-SYN-A-0041,SHP-SYN-A-0041,2026-06-06T15:04:03+08:00,in_transit,in_transit,CAR-SYN-FAST,LINEHAUL-SYN-01,CN-HB-WH,,4
TRE-SYN-A-0041-05,ORD-SYN-A-0041,SHP-SYN-A-0041,2026-06-07T00:13:07+08:00,arrived_at_hub,arrived_at_hub,CAR-SYN-FAST,HUB-SYN-01,CN-HB-WH,,5
TRE-SYN-A-0041-06,ORD-SYN-A-0041,SHP-SYN-A-0041,2026-06-07T01:24:44+08:00,departed_hub,departed_hub,CAR-SYN-FAST,HUB-SYN-01,CN-HB-WH,,6
TRE-SYN-A-0041-07,ORD-SYN-A-0041,SHP-SYN-A-0041,2026-06-07T16:56:14+08:00,arrived_at_destination_city,arrived_at_destination_city,CAR-SYN-FAST,DEST-CN-HB-WH,CN-HB-WH,,7
TRE-SYN-A-0041-08,ORD-SYN-A-0041,SHP-SYN-A-0041,2026-06-07T20:35:54+08:00,out_for_delivery,out_for_delivery,CAR-SYN-FAST,SITE-CN-HB-WH,CN-HB-WH,,8
TRE-SYN-A-0041-09,ORD-SYN-A-0041,SHP-SYN-A-0041,2026-06-08T02:33:20+08:00,delivered,delivered,CAR-SYN-FAST,SITE-CN-HB-WH,CN-HB-WH,,9
TRE-SYN-A-0042-01,ORD-SYN-A-0042,SHP-SYN-A-0042,2026-06-05T17:51:02+08:00,shipment_created,shipment_created,CAR-SYN-STD,ORIGIN-WH-SYN-EAST,CN-SD-QD,,1
TRE-SYN-A-0042-02,ORD-SYN-A-0042,SHP-SYN-A-0042,2026-06-05T22:06:24+08:00,carrier_picked_up,carrier_picked_up,CAR-SYN-STD,ORIGIN-WH-SYN-EAST,CN-SD-QD,,2
TRE-SYN-A-0042-03,ORD-SYN-A-0042,SHP-SYN-A-0042,2026-06-05T23:35:04+08:00,origin_departed,origin_departed,CAR-SYN-STD,ORIGIN-WH-SYN-EAST,CN-SD-QD,,3
TRE-SYN-A-0042-04,ORD-SYN-A-0042,SHP-SYN-A-0042,2026-06-06T00:19:18+08:00,in_transit,in_transit,CAR-SYN-STD,LINEHAUL-SYN-01,CN-SD-QD,,4
TRE-SYN-A-0042-05,ORD-SYN-A-0042,SHP-SYN-A-0042,2026-06-06T10:27:52+08:00,arrived_at_hub,arrived_at_hub,CAR-SYN-STD,HUB-SYN-01,CN-SD-QD,,5
TRE-SYN-A-0042-06,ORD-SYN-A-0042,SHP-SYN-A-0042,2026-06-06T12:33:33+08:00,departed_hub,departed_hub,CAR-SYN-STD,HUB-SYN-01,CN-SD-QD,,6
TRE-SYN-A-0042-07,ORD-SYN-A-0042,SHP-SYN-A-0042,2026-06-06T21:44:50+08:00,arrived_at_destination_city,arrived_at_destination_city,CAR-SYN-STD,DEST-CN-SD-QD,CN-SD-QD,,7
TRE-SYN-A-0042-08,ORD-SYN-A-0042,SHP-SYN-A-0042,2026-06-07T02:10:22+08:00,out_for_delivery,out_for_delivery,CAR-SYN-STD,SITE-CN-SD-QD,CN-SD-QD,,8
TRE-SYN-A-0042-09,ORD-SYN-A-0042,SHP-SYN-A-0042,2026-06-07T05:28:28+08:00,delivered,delivered,CAR-SYN-STD,SITE-CN-SD-QD,CN-SD-QD,,9
TRE-SYN-A-0043-01,ORD-SYN-A-0043,SHP-SYN-A-0043,2026-06-05T21:21:50+08:00,shipment_created,shipment_created,CAR-SYN-ECON,ORIGIN-WH-SYN-WEST,CN-ZJ-HZ,,1
TRE-SYN-A-0043-02,ORD-SYN-A-0043,SHP-SYN-A-0043,2026-06-06T05:18:13+08:00,carrier_picked_up,carrier_picked_up,CAR-SYN-ECON,ORIGIN-WH-SYN-WEST,CN-ZJ-HZ,,2
TRE-SYN-A-0043-03,ORD-SYN-A-0043,SHP-SYN-A-0043,2026-06-06T06:10:05+08:00,origin_departed,origin_departed,CAR-SYN-ECON,ORIGIN-WH-SYN-WEST,CN-ZJ-HZ,,3
TRE-SYN-A-0043-04,ORD-SYN-A-0043,SHP-SYN-A-0043,2026-06-06T07:34:43+08:00,in_transit,in_transit,CAR-SYN-ECON,LINEHAUL-SYN-01,CN-ZJ-HZ,,4
TRE-SYN-A-0043-05,ORD-SYN-A-0043,SHP-SYN-A-0043,2026-06-06T17:55:52+08:00,arrived_at_hub,arrived_at_hub,CAR-SYN-ECON,HUB-SYN-01,CN-ZJ-HZ,,5
TRE-SYN-A-0043-06,ORD-SYN-A-0043,SHP-SYN-A-0043,2026-06-06T18:59:01+08:00,departed_hub,departed_hub,CAR-SYN-ECON,HUB-SYN-01,CN-ZJ-HZ,,6
TRE-SYN-A-0043-07,ORD-SYN-A-0043,SHP-SYN-A-0043,2026-06-07T09:01:37+08:00,arrived_at_destination_city,arrived_at_destination_city,CAR-SYN-ECON,DEST-CN-ZJ-HZ,CN-ZJ-HZ,,7
TRE-SYN-A-0043-08,ORD-SYN-A-0043,SHP-SYN-A-0043,2026-06-07T13:12:15+08:00,out_for_delivery,out_for_delivery,CAR-SYN-ECON,SITE-CN-ZJ-HZ,CN-ZJ-HZ,,8
TRE-SYN-A-0043-09,ORD-SYN-A-0043,SHP-SYN-A-0043,2026-06-07T17:18:50+08:00,delivered,delivered,CAR-SYN-ECON,SITE-CN-ZJ-HZ,CN-ZJ-HZ,,9
TRE-SYN-A-0044-01,ORD-SYN-A-0044,SHP-SYN-A-0044,2026-06-05T13:48:53+08:00,shipment_created,shipment_created,CAR-SYN-ECON,ORIGIN-WH-SYN-WEST,CN-ZJ-HZ,,1
TRE-SYN-A-0044-02,ORD-SYN-A-0044,SHP-SYN-A-0044,2026-06-05T18:54:29+08:00,carrier_picked_up,carrier_picked_up,CAR-SYN-ECON,ORIGIN-WH-SYN-WEST,CN-ZJ-HZ,,2
TRE-SYN-A-0044-03,ORD-SYN-A-0044,SHP-SYN-A-0044,2026-06-05T19:44:39+08:00,origin_departed,origin_departed,CAR-SYN-ECON,ORIGIN-WH-SYN-WEST,CN-ZJ-HZ,,3
TRE-SYN-A-0044-04,ORD-SYN-A-0044,SHP-SYN-A-0044,2026-06-05T20:47:04+08:00,in_transit,in_transit,CAR-SYN-ECON,LINEHAUL-SYN-01,CN-ZJ-HZ,,4
TRE-SYN-A-0044-05,ORD-SYN-A-0044,SHP-SYN-A-0044,2026-06-06T05:18:39+08:00,arrived_at_hub,arrived_at_hub,CAR-SYN-ECON,HUB-SYN-01,CN-ZJ-HZ,,5
TRE-SYN-A-0044-06,ORD-SYN-A-0044,SHP-SYN-A-0044,2026-06-06T06:37:12+08:00,departed_hub,departed_hub,CAR-SYN-ECON,HUB-SYN-01,CN-ZJ-HZ,,6
TRE-SYN-A-0044-07,ORD-SYN-A-0044,SHP-SYN-A-0044,2026-06-06T15:16:02+08:00,arrived_at_destination_city,arrived_at_destination_city,CAR-SYN-ECON,DEST-CN-ZJ-HZ,CN-ZJ-HZ,,7
TRE-SYN-A-0044-08,ORD-SYN-A-0044,SHP-SYN-A-0044,2026-06-06T23:12:19+08:00,out_for_delivery,out_for_delivery,CAR-SYN-ECON,SITE-CN-ZJ-HZ,CN-ZJ-HZ,,8
TRE-SYN-A-0044-09,ORD-SYN-A-0044,SHP-SYN-A-0044,2026-06-07T01:53:54+08:00,delivered,delivered,CAR-SYN-ECON,SITE-CN-ZJ-HZ,CN-ZJ-HZ,,9
TRE-SYN-A-0045-01,ORD-SYN-A-0045,SHP-SYN-A-0045,2026-06-05T15:53:21+08:00,shipment_created,shipment_created,CAR-SYN-STD,ORIGIN-WH-SYN-EAST,CN-SD-QD,,1
TRE-SYN-A-0045-02,ORD-SYN-A-0045,SHP-SYN-A-0045,2026-06-05T22:18:14+08:00,carrier_picked_up,carrier_picked_up,CAR-SYN-STD,ORIGIN-WH-SYN-EAST,CN-SD-QD,,2
TRE-SYN-A-0045-03,ORD-SYN-A-0045,SHP-SYN-A-0045,2026-06-05T23:28:28+08:00,origin_departed,origin_departed,CAR-SYN-STD,ORIGIN-WH-SYN-EAST,CN-SD-QD,,3
TRE-SYN-A-0045-04,ORD-SYN-A-0045,SHP-SYN-A-0045,2026-06-06T00:01:01+08:00,in_transit,in_transit,CAR-SYN-STD,LINEHAUL-SYN-01,CN-SD-QD,,4
TRE-SYN-A-0045-05,ORD-SYN-A-0045,SHP-SYN-A-0045,2026-06-06T08:47:45+08:00,arrived_at_hub,arrived_at_hub,CAR-SYN-STD,HUB-SYN-01,CN-SD-QD,,5
TRE-SYN-A-0045-06,ORD-SYN-A-0045,SHP-SYN-A-0045,2026-06-06T10:41:52+08:00,departed_hub,departed_hub,CAR-SYN-STD,HUB-SYN-01,CN-SD-QD,,6
TRE-SYN-A-0045-07,ORD-SYN-A-0045,SHP-SYN-A-0045,2026-06-06T20:11:43+08:00,arrived_at_destination_city,arrived_at_destination_city,CAR-SYN-STD,DEST-CN-SD-QD,CN-SD-QD,,7
TRE-SYN-A-0045-08,ORD-SYN-A-0045,SHP-SYN-A-0045,2026-06-07T00:54:35+08:00,out_for_delivery,out_for_delivery,CAR-SYN-STD,SITE-CN-SD-QD,CN-SD-QD,,8
TRE-SYN-A-0045-09,ORD-SYN-A-0045,SHP-SYN-A-0045,2026-06-07T02:58:04+08:00,delivered,delivered,CAR-SYN-STD,SITE-CN-SD-QD,CN-SD-QD,,9
TRE-SYN-A-0046-01,ORD-SYN-A-0046,SHP-SYN-A-0046,2026-06-05T19:16:43+08:00,shipment_created,shipment_created,CAR-SYN-STD,ORIGIN-WH-SYN-EAST,CN-JS-NJ,,1
TRE-SYN-A-0046-02,ORD-SYN-A-0046,SHP-SYN-A-0046,2026-06-06T01:06:56+08:00,carrier_picked_up,carrier_picked_up,CAR-SYN-STD,ORIGIN-WH-SYN-EAST,CN-JS-NJ,,2
TRE-SYN-A-0046-03,ORD-SYN-A-0046,SHP-SYN-A-0046,2026-06-06T01:58:02+08:00,origin_departed,origin_departed,CAR-SYN-STD,ORIGIN-WH-SYN-EAST,CN-JS-NJ,,3
TRE-SYN-A-0046-04,ORD-SYN-A-0046,SHP-SYN-A-0046,2026-06-06T02:28:02+08:00,in_transit,in_transit,CAR-SYN-STD,LINEHAUL-SYN-01,CN-JS-NJ,,4
TRE-SYN-A-0046-05,ORD-SYN-A-0046,SHP-SYN-A-0046,2026-06-06T10:08:00+08:00,arrived_at_hub,arrived_at_hub,CAR-SYN-STD,HUB-SYN-01,CN-JS-NJ,,5
TRE-SYN-A-0046-06,ORD-SYN-A-0046,SHP-SYN-A-0046,2026-06-06T12:23:30+08:00,departed_hub,departed_hub,CAR-SYN-STD,HUB-SYN-01,CN-JS-NJ,,6
TRE-SYN-A-0046-07,ORD-SYN-A-0046,SHP-SYN-A-0046,2026-06-06T23:32:59+08:00,arrived_at_destination_city,arrived_at_destination_city,CAR-SYN-STD,DEST-CN-JS-NJ,CN-JS-NJ,,7
TRE-SYN-A-0046-08,ORD-SYN-A-0046,SHP-SYN-A-0046,2026-06-07T07:12:23+08:00,out_for_delivery,out_for_delivery,CAR-SYN-STD,SITE-CN-JS-NJ,CN-JS-NJ,,8
TRE-SYN-A-0046-09,ORD-SYN-A-0046,SHP-SYN-A-0046,2026-06-07T08:44:54+08:00,delivered,delivered,CAR-SYN-STD,SITE-CN-JS-NJ,CN-JS-NJ,,9
TRE-SYN-A-0047-01,ORD-SYN-A-0047,SHP-SYN-A-0047,2026-06-05T22:03:09+08:00,shipment_created,shipment_created,CAR-SYN-ECON,ORIGIN-WH-SYN-WEST,CN-SD-QD,,1
TRE-SYN-A-0047-02,ORD-SYN-A-0047,SHP-SYN-A-0047,2026-06-06T03:10:47+08:00,carrier_picked_up,carrier_picked_up,CAR-SYN-ECON,ORIGIN-WH-SYN-WEST,CN-SD-QD,,2
TRE-SYN-A-0047-03,ORD-SYN-A-0047,SHP-SYN-A-0047,2026-06-06T03:47:16+08:00,origin_departed,origin_departed,CAR-SYN-ECON,ORIGIN-WH-SYN-WEST,CN-SD-QD,,3
TRE-SYN-A-0047-04,ORD-SYN-A-0047,SHP-SYN-A-0047,2026-06-06T04:17:24+08:00,in_transit,in_transit,CAR-SYN-ECON,LINEHAUL-SYN-01,CN-SD-QD,,4
TRE-SYN-A-0047-05,ORD-SYN-A-0047,SHP-SYN-A-0047,2026-06-06T17:01:56+08:00,arrived_at_hub,arrived_at_hub,CAR-SYN-ECON,HUB-SYN-01,CN-SD-QD,,5
TRE-SYN-A-0047-06,ORD-SYN-A-0047,SHP-SYN-A-0047,2026-06-06T20:11:42+08:00,departed_hub,departed_hub,CAR-SYN-ECON,HUB-SYN-01,CN-SD-QD,,6
TRE-SYN-A-0047-07,ORD-SYN-A-0047,SHP-SYN-A-0047,2026-06-07T04:27:59+08:00,arrived_at_destination_city,arrived_at_destination_city,CAR-SYN-ECON,DEST-CN-SD-QD,CN-SD-QD,,7
TRE-SYN-A-0047-08,ORD-SYN-A-0047,SHP-SYN-A-0047,2026-06-07T07:57:30+08:00,out_for_delivery,out_for_delivery,CAR-SYN-ECON,SITE-CN-SD-QD,CN-SD-QD,,8
TRE-SYN-A-0047-09,ORD-SYN-A-0047,SHP-SYN-A-0047,2026-06-07T09:54:39+08:00,delivered,delivered,CAR-SYN-ECON,SITE-CN-SD-QD,CN-SD-QD,,9
TRE-SYN-A-0048-01,ORD-SYN-A-0048,SHP-SYN-A-0048,2026-06-05T14:11:30+08:00,shipment_created,shipment_created,CAR-SYN-STD,ORIGIN-WH-SYN-EAST,CN-HB-WH,,1
TRE-SYN-A-0048-02,ORD-SYN-A-0048,SHP-SYN-A-0048,2026-06-05T21:10:30+08:00,carrier_picked_up,carrier_picked_up,CAR-SYN-STD,ORIGIN-WH-SYN-EAST,CN-HB-WH,,2
TRE-SYN-A-0048-03,ORD-SYN-A-0048,SHP-SYN-A-0048,2026-06-05T22:22:48+08:00,origin_departed,origin_departed,CAR-SYN-STD,ORIGIN-WH-SYN-EAST,CN-HB-WH,,3
TRE-SYN-A-0048-04,ORD-SYN-A-0048,SHP-SYN-A-0048,2026-06-05T23:50:01+08:00,in_transit,in_transit,CAR-SYN-STD,LINEHAUL-SYN-01,CN-HB-WH,,4
TRE-SYN-A-0048-05,ORD-SYN-A-0048,SHP-SYN-A-0048,2026-06-06T10:38:05+08:00,arrived_at_hub,arrived_at_hub,CAR-SYN-STD,HUB-SYN-01,CN-HB-WH,,5
TRE-SYN-A-0048-06,ORD-SYN-A-0048,SHP-SYN-A-0048,2026-06-06T14:02:14+08:00,departed_hub,departed_hub,CAR-SYN-STD,HUB-SYN-01,CN-HB-WH,,6
TRE-SYN-A-0048-07,ORD-SYN-A-0048,SHP-SYN-A-0048,2026-06-07T01:31:50+08:00,arrived_at_destination_city,arrived_at_destination_city,CAR-SYN-STD,DEST-CN-HB-WH,CN-HB-WH,,7
TRE-SYN-A-0048-08,ORD-SYN-A-0048,SHP-SYN-A-0048,2026-06-07T09:34:22+08:00,out_for_delivery,out_for_delivery,CAR-SYN-STD,SITE-CN-HB-WH,CN-HB-WH,,8
TRE-SYN-A-0048-09,ORD-SYN-A-0048,SHP-SYN-A-0048,2026-06-07T13:32:35+08:00,delivered,delivered,CAR-SYN-STD,SITE-CN-HB-WH,CN-HB-WH,,9
TRE-SYN-A-0049-01,ORD-SYN-A-0049,SHP-SYN-A-0049,2026-06-05T17:59:13+08:00,shipment_created,shipment_created,CAR-SYN-FAST,ORIGIN-WH-SYN-EAST,CN-SD-QD,,1
TRE-SYN-A-0049-02,ORD-SYN-A-0049,SHP-SYN-A-0049,2026-06-06T00:42:17+08:00,carrier_picked_up,carrier_picked_up,CAR-SYN-FAST,ORIGIN-WH-SYN-EAST,CN-SD-QD,,2
TRE-SYN-A-0049-03,ORD-SYN-A-0049,SHP-SYN-A-0049,2026-06-06T01:12:40+08:00,origin_departed,origin_departed,CAR-SYN-FAST,ORIGIN-WH-SYN-EAST,CN-SD-QD,,3
TRE-SYN-A-0049-04,ORD-SYN-A-0049,SHP-SYN-A-0049,2026-06-06T02:36:21+08:00,in_transit,in_transit,CAR-SYN-FAST,LINEHAUL-SYN-01,CN-SD-QD,,4
TRE-SYN-A-0049-05,ORD-SYN-A-0049,SHP-SYN-A-0049,2026-06-06T12:54:13+08:00,arrived_at_hub,arrived_at_hub,CAR-SYN-FAST,HUB-SYN-01,CN-SD-QD,,5
TRE-SYN-A-0049-06,ORD-SYN-A-0049,SHP-SYN-A-0049,2026-06-06T16:48:34+08:00,departed_hub,departed_hub,CAR-SYN-FAST,HUB-SYN-01,CN-SD-QD,,6
TRE-SYN-A-0049-07,ORD-SYN-A-0049,SHP-SYN-A-0049,2026-06-07T02:59:35+08:00,arrived_at_destination_city,arrived_at_destination_city,CAR-SYN-FAST,DEST-CN-SD-QD,CN-SD-QD,,7
TRE-SYN-A-0049-08,ORD-SYN-A-0049,SHP-SYN-A-0049,2026-06-07T07:07:54+08:00,out_for_delivery,out_for_delivery,CAR-SYN-FAST,SITE-CN-SD-QD,CN-SD-QD,,8
TRE-SYN-A-0049-09,ORD-SYN-A-0049,SHP-SYN-A-0049,2026-06-07T08:09:04+08:00,delivered,delivered,CAR-SYN-FAST,SITE-CN-SD-QD,CN-SD-QD,,9
TRE-SYN-A-0050-01,ORD-SYN-A-0050,SHP-SYN-A-0050,2026-06-05T20:02:17+08:00,shipment_created,shipment_created,CAR-SYN-STD,ORIGIN-WH-SYN-WEST,CN-ZJ-HZ,,1
TRE-SYN-A-0050-02,ORD-SYN-A-0050,SHP-SYN-A-0050,2026-06-06T03:49:22+08:00,carrier_picked_up,carrier_picked_up,CAR-SYN-STD,ORIGIN-WH-SYN-WEST,CN-ZJ-HZ,,2
TRE-SYN-A-0050-03,ORD-SYN-A-0050,SHP-SYN-A-0050,2026-06-06T04:23:21+08:00,origin_departed,origin_departed,CAR-SYN-STD,ORIGIN-WH-SYN-WEST,CN-ZJ-HZ,,3
TRE-SYN-A-0050-04,ORD-SYN-A-0050,SHP-SYN-A-0050,2026-06-06T05:32:25+08:00,in_transit,in_transit,CAR-SYN-STD,LINEHAUL-SYN-01,CN-ZJ-HZ,,4
TRE-SYN-A-0050-05,ORD-SYN-A-0050,SHP-SYN-A-0050,2026-06-06T13:15:03+08:00,arrived_at_hub,arrived_at_hub,CAR-SYN-STD,HUB-SYN-01,CN-ZJ-HZ,,5
TRE-SYN-A-0050-06,ORD-SYN-A-0050,SHP-SYN-A-0050,2026-06-06T16:20:58+08:00,departed_hub,departed_hub,CAR-SYN-STD,HUB-SYN-01,CN-ZJ-HZ,,6
TRE-SYN-A-0050-07,ORD-SYN-A-0050,SHP-SYN-A-0050,2026-06-07T02:02:15+08:00,arrived_at_destination_city,arrived_at_destination_city,CAR-SYN-STD,DEST-CN-ZJ-HZ,CN-ZJ-HZ,,7
TRE-SYN-A-0050-08,ORD-SYN-A-0050,SHP-SYN-A-0050,2026-06-07T10:55:53+08:00,out_for_delivery,out_for_delivery,CAR-SYN-STD,SITE-CN-ZJ-HZ,CN-ZJ-HZ,,8
TRE-SYN-A-0050-09,ORD-SYN-A-0050,SHP-SYN-A-0050,2026-06-07T11:56:56+08:00,delivered,delivered,CAR-SYN-STD,SITE-CN-ZJ-HZ,CN-ZJ-HZ,,9
TRE-SYN-A-0051-01,ORD-SYN-A-0051,SHP-SYN-A-0051,2026-06-06T23:42:50+08:00,shipment_created,shipment_created,CAR-SYN-STD,ORIGIN-WH-SYN-EAST,CN-JS-NJ,,1
TRE-SYN-A-0051-02,ORD-SYN-A-0051,SHP-SYN-A-0051,2026-06-07T06:17:05+08:00,carrier_picked_up,carrier_picked_up,CAR-SYN-STD,ORIGIN-WH-SYN-EAST,CN-JS-NJ,,2
TRE-SYN-A-0051-03,ORD-SYN-A-0051,SHP-SYN-A-0051,2026-06-07T07:13:08+08:00,origin_departed,origin_departed,CAR-SYN-STD,ORIGIN-WH-SYN-EAST,CN-JS-NJ,,3
TRE-SYN-A-0051-04,ORD-SYN-A-0051,SHP-SYN-A-0051,2026-06-07T08:14:37+08:00,in_transit,in_transit,CAR-SYN-STD,LINEHAUL-SYN-01,CN-JS-NJ,,4
TRE-SYN-A-0051-05,ORD-SYN-A-0051,SHP-SYN-A-0051,2026-06-07T20:50:50+08:00,arrived_at_hub,arrived_at_hub,CAR-SYN-STD,HUB-SYN-01,CN-JS-NJ,,5
TRE-SYN-A-0051-06,ORD-SYN-A-0051,SHP-SYN-A-0051,2026-06-08T00:26:07+08:00,departed_hub,departed_hub,CAR-SYN-STD,HUB-SYN-01,CN-JS-NJ,,6
TRE-SYN-A-0051-07,ORD-SYN-A-0051,SHP-SYN-A-0051,2026-06-08T09:13:06+08:00,arrived_at_destination_city,arrived_at_destination_city,CAR-SYN-STD,DEST-CN-JS-NJ,CN-JS-NJ,,7
TRE-SYN-A-0051-08,ORD-SYN-A-0051,SHP-SYN-A-0051,2026-06-08T17:15:47+08:00,out_for_delivery,out_for_delivery,CAR-SYN-STD,SITE-CN-JS-NJ,CN-JS-NJ,,8
TRE-SYN-A-0051-09,ORD-SYN-A-0051,SHP-SYN-A-0051,2026-06-08T19:04:35+08:00,delivered,delivered,CAR-SYN-STD,SITE-CN-JS-NJ,CN-JS-NJ,,9
TRE-SYN-A-0052-01,ORD-SYN-A-0052,SHP-SYN-A-0052,2026-06-06T15:30:24+08:00,shipment_created,shipment_created,CAR-SYN-ECON,ORIGIN-WH-SYN-WEST,CN-SD-QD,,1
TRE-SYN-A-0052-02,ORD-SYN-A-0052,SHP-SYN-A-0052,2026-06-06T19:07:41+08:00,carrier_picked_up,carrier_picked_up,CAR-SYN-ECON,ORIGIN-WH-SYN-WEST,CN-SD-QD,,2
TRE-SYN-A-0052-03,ORD-SYN-A-0052,SHP-SYN-A-0052,2026-06-06T20:20:46+08:00,origin_departed,origin_departed,CAR-SYN-ECON,ORIGIN-WH-SYN-WEST,CN-SD-QD,,3
TRE-SYN-A-0052-04,ORD-SYN-A-0052,SHP-SYN-A-0052,2026-06-06T21:35:24+08:00,in_transit,in_transit,CAR-SYN-ECON,LINEHAUL-SYN-01,CN-SD-QD,,4
TRE-SYN-A-0052-05,ORD-SYN-A-0052,SHP-SYN-A-0052,2026-06-07T05:08:51+08:00,arrived_at_hub,arrived_at_hub,CAR-SYN-ECON,HUB-SYN-01,CN-SD-QD,,5
TRE-SYN-A-0052-06,ORD-SYN-A-0052,SHP-SYN-A-0052,2026-06-07T06:21:11+08:00,departed_hub,departed_hub,CAR-SYN-ECON,HUB-SYN-01,CN-SD-QD,,6
TRE-SYN-A-0052-07,ORD-SYN-A-0052,SHP-SYN-A-0052,2026-06-07T22:09:37+08:00,arrived_at_destination_city,arrived_at_destination_city,CAR-SYN-ECON,DEST-CN-SD-QD,CN-SD-QD,,7
TRE-SYN-A-0052-08,ORD-SYN-A-0052,SHP-SYN-A-0052,2026-06-08T02:12:46+08:00,out_for_delivery,out_for_delivery,CAR-SYN-ECON,SITE-CN-SD-QD,CN-SD-QD,,8
TRE-SYN-A-0052-09,ORD-SYN-A-0052,SHP-SYN-A-0052,2026-06-08T03:20:17+08:00,delivered,delivered,CAR-SYN-ECON,SITE-CN-SD-QD,CN-SD-QD,,9
TRE-SYN-A-0053-01,ORD-SYN-A-0053,SHP-SYN-A-0053,2026-06-06T18:32:12+08:00,shipment_created,shipment_created,CAR-SYN-FAST,ORIGIN-WH-SYN-EAST,CN-ZJ-HZ,,1
TRE-SYN-A-0053-02,ORD-SYN-A-0053,SHP-SYN-A-0053,2026-06-07T01:56:26+08:00,carrier_picked_up,carrier_picked_up,CAR-SYN-FAST,ORIGIN-WH-SYN-EAST,CN-ZJ-HZ,,2
TRE-SYN-A-0053-03,ORD-SYN-A-0053,SHP-SYN-A-0053,2026-06-07T02:52:53+08:00,origin_departed,origin_departed,CAR-SYN-FAST,ORIGIN-WH-SYN-EAST,CN-ZJ-HZ,,3
TRE-SYN-A-0053-04,ORD-SYN-A-0053,SHP-SYN-A-0053,2026-06-07T03:53:41+08:00,in_transit,in_transit,CAR-SYN-FAST,LINEHAUL-SYN-01,CN-ZJ-HZ,,4
TRE-SYN-A-0053-05,ORD-SYN-A-0053,SHP-SYN-A-0053,2026-06-07T12:52:49+08:00,arrived_at_hub,arrived_at_hub,CAR-SYN-FAST,HUB-SYN-01,CN-ZJ-HZ,,5
TRE-SYN-A-0053-06,ORD-SYN-A-0053,SHP-SYN-A-0053,2026-06-07T16:20:57+08:00,departed_hub,departed_hub,CAR-SYN-FAST,HUB-SYN-01,CN-ZJ-HZ,,6
TRE-SYN-A-0053-07,ORD-SYN-A-0053,SHP-SYN-A-0053,2026-06-08T04:50:27+08:00,arrived_at_destination_city,arrived_at_destination_city,CAR-SYN-FAST,DEST-CN-ZJ-HZ,CN-ZJ-HZ,,7
TRE-SYN-A-0053-08,ORD-SYN-A-0053,SHP-SYN-A-0053,2026-06-08T09:02:42+08:00,out_for_delivery,out_for_delivery,CAR-SYN-FAST,SITE-CN-ZJ-HZ,CN-ZJ-HZ,,8
TRE-SYN-A-0053-09,ORD-SYN-A-0053,SHP-SYN-A-0053,2026-06-08T11:31:03+08:00,delivered,delivered,CAR-SYN-FAST,SITE-CN-ZJ-HZ,CN-ZJ-HZ,,9
TRE-SYN-A-0054-01,ORD-SYN-A-0054,SHP-SYN-A-0054,2026-06-06T21:06:21+08:00,shipment_created,shipment_created,CAR-SYN-FAST,ORIGIN-WH-SYN-WEST,CN-ZJ-HZ,,1
TRE-SYN-A-0054-02,ORD-SYN-A-0054,SHP-SYN-A-0054,2026-06-07T00:39:06+08:00,carrier_picked_up,carrier_picked_up,CAR-SYN-FAST,ORIGIN-WH-SYN-WEST,CN-ZJ-HZ,,2
TRE-SYN-A-0054-03,ORD-SYN-A-0054,SHP-SYN-A-0054,2026-06-07T01:41:12+08:00,origin_departed,origin_departed,CAR-SYN-FAST,ORIGIN-WH-SYN-WEST,CN-ZJ-HZ,,3
TRE-SYN-A-0054-04,ORD-SYN-A-0054,SHP-SYN-A-0054,2026-06-07T02:37:40+08:00,in_transit,in_transit,CAR-SYN-FAST,LINEHAUL-SYN-01,CN-ZJ-HZ,,4
TRE-SYN-A-0054-05,ORD-SYN-A-0054,SHP-SYN-A-0054,2026-06-07T09:24:11+08:00,arrived_at_hub,arrived_at_hub,CAR-SYN-FAST,HUB-SYN-01,CN-ZJ-HZ,,5
TRE-SYN-A-0054-06,ORD-SYN-A-0054,SHP-SYN-A-0054,2026-06-07T11:43:25+08:00,departed_hub,departed_hub,CAR-SYN-FAST,HUB-SYN-01,CN-ZJ-HZ,,6
TRE-SYN-A-0054-07,ORD-SYN-A-0054,SHP-SYN-A-0054,2026-06-07T21:40:43+08:00,arrived_at_destination_city,arrived_at_destination_city,CAR-SYN-FAST,DEST-CN-ZJ-HZ,CN-ZJ-HZ,,7
TRE-SYN-A-0054-08,ORD-SYN-A-0054,SHP-SYN-A-0054,2026-06-08T02:41:26+08:00,out_for_delivery,out_for_delivery,CAR-SYN-FAST,SITE-CN-ZJ-HZ,CN-ZJ-HZ,,8
TRE-SYN-A-0054-09,ORD-SYN-A-0054,SHP-SYN-A-0054,2026-06-08T06:47:47+08:00,delivered,delivered,CAR-SYN-FAST,SITE-CN-ZJ-HZ,CN-ZJ-HZ,,9
TRE-SYN-A-0055-01,ORD-SYN-A-0055,SHP-SYN-A-0055,2026-06-06T13:34:25+08:00,shipment_created,shipment_created,CAR-SYN-FAST,ORIGIN-WH-SYN-EAST,CN-SD-QD,,1
TRE-SYN-A-0055-02,ORD-SYN-A-0055,SHP-SYN-A-0055,2026-06-06T18:06:07+08:00,carrier_picked_up,carrier_picked_up,CAR-SYN-FAST,ORIGIN-WH-SYN-EAST,CN-SD-QD,,2
TRE-SYN-A-0055-03,ORD-SYN-A-0055,SHP-SYN-A-0055,2026-06-06T19:25:13+08:00,origin_departed,origin_departed,CAR-SYN-FAST,ORIGIN-WH-SYN-EAST,CN-SD-QD,,3
TRE-SYN-A-0055-04,ORD-SYN-A-0055,SHP-SYN-A-0055,2026-06-06T20:01:58+08:00,in_transit,in_transit,CAR-SYN-FAST,LINEHAUL-SYN-01,CN-SD-QD,,4
TRE-SYN-A-0055-05,ORD-SYN-A-0055,SHP-SYN-A-0055,2026-06-07T07:52:57+08:00,arrived_at_hub,arrived_at_hub,CAR-SYN-FAST,HUB-SYN-01,CN-SD-QD,,5
TRE-SYN-A-0055-06,ORD-SYN-A-0055,SHP-SYN-A-0055,2026-06-07T09:18:51+08:00,departed_hub,departed_hub,CAR-SYN-FAST,HUB-SYN-01,CN-SD-QD,,6
TRE-SYN-A-0055-07,ORD-SYN-A-0055,SHP-SYN-A-0055,2026-06-07T19:51:49+08:00,arrived_at_destination_city,arrived_at_destination_city,CAR-SYN-FAST,DEST-CN-SD-QD,CN-SD-QD,,7
TRE-SYN-A-0055-08,ORD-SYN-A-0055,SHP-SYN-A-0055,2026-06-07T22:36:27+08:00,out_for_delivery,out_for_delivery,CAR-SYN-FAST,SITE-CN-SD-QD,CN-SD-QD,,8
TRE-SYN-A-0055-09,ORD-SYN-A-0055,SHP-SYN-A-0055,2026-06-07T23:37:28+08:00,delivered,delivered,CAR-SYN-FAST,SITE-CN-SD-QD,CN-SD-QD,,9
TRE-SYN-A-0056-01,ORD-SYN-A-0056,SHP-SYN-A-0056,2026-06-06T16:56:51+08:00,shipment_created,shipment_created,CAR-SYN-FAST,ORIGIN-WH-SYN-WEST,CN-SD-QD,,1
TRE-SYN-A-0056-02,ORD-SYN-A-0056,SHP-SYN-A-0056,2026-06-06T23:56:59+08:00,carrier_picked_up,carrier_picked_up,CAR-SYN-FAST,ORIGIN-WH-SYN-WEST,CN-SD-QD,,2
TRE-SYN-A-0056-03,ORD-SYN-A-0056,SHP-SYN-A-0056,2026-06-07T00:58:59+08:00,origin_departed,origin_departed,CAR-SYN-FAST,ORIGIN-WH-SYN-WEST,CN-SD-QD,,3
TRE-SYN-A-0056-04,ORD-SYN-A-0056,SHP-SYN-A-0056,2026-06-07T02:12:02+08:00,in_transit,in_transit,CAR-SYN-FAST,LINEHAUL-SYN-01,CN-SD-QD,,4
TRE-SYN-A-0056-05,ORD-SYN-A-0056,SHP-SYN-A-0056,2026-06-07T12:57:49+08:00,arrived_at_hub,arrived_at_hub,CAR-SYN-FAST,HUB-SYN-01,CN-SD-QD,,5
TRE-SYN-A-0056-06,ORD-SYN-A-0056,SHP-SYN-A-0056,2026-06-07T16:28:06+08:00,departed_hub,departed_hub,CAR-SYN-FAST,HUB-SYN-01,CN-SD-QD,,6
TRE-SYN-A-0056-07,ORD-SYN-A-0056,SHP-SYN-A-0056,2026-06-08T06:41:24+08:00,arrived_at_destination_city,arrived_at_destination_city,CAR-SYN-FAST,DEST-CN-SD-QD,CN-SD-QD,,7
TRE-SYN-A-0056-08,ORD-SYN-A-0056,SHP-SYN-A-0056,2026-06-08T12:19:18+08:00,out_for_delivery,out_for_delivery,CAR-SYN-FAST,SITE-CN-SD-QD,CN-SD-QD,,8
TRE-SYN-A-0056-09,ORD-SYN-A-0056,SHP-SYN-A-0056,2026-06-08T14:26:18+08:00,delivered,delivered,CAR-SYN-FAST,SITE-CN-SD-QD,CN-SD-QD,,9
TRE-SYN-A-0057-01,ORD-SYN-A-0057,SHP-SYN-A-0057,2026-06-06T19:20:37+08:00,shipment_created,shipment_created,CAR-SYN-STD,ORIGIN-WH-SYN-EAST,CN-ZJ-HZ,,1
TRE-SYN-A-0057-02,ORD-SYN-A-0057,SHP-SYN-A-0057,2026-06-06T22:00:13+08:00,carrier_picked_up,carrier_picked_up,CAR-SYN-STD,ORIGIN-WH-SYN-EAST,CN-ZJ-HZ,,2
TRE-SYN-A-0057-03,ORD-SYN-A-0057,SHP-SYN-A-0057,2026-06-06T22:38:55+08:00,origin_departed,origin_departed,CAR-SYN-STD,ORIGIN-WH-SYN-EAST,CN-ZJ-HZ,,3
TRE-SYN-A-0057-04,ORD-SYN-A-0057,SHP-SYN-A-0057,2026-06-06T23:10:53+08:00,in_transit,in_transit,CAR-SYN-STD,LINEHAUL-SYN-01,CN-ZJ-HZ,,4
TRE-SYN-A-0057-05,ORD-SYN-A-0057,SHP-SYN-A-0057,2026-06-07T10:57:40+08:00,arrived_at_hub,arrived_at_hub,CAR-SYN-STD,HUB-SYN-01,CN-ZJ-HZ,,5
TRE-SYN-A-0057-06,ORD-SYN-A-0057,SHP-SYN-A-0057,2026-06-07T12:55:22+08:00,departed_hub,departed_hub,CAR-SYN-STD,HUB-SYN-01,CN-ZJ-HZ,,6
TRE-SYN-A-0057-07,ORD-SYN-A-0057,SHP-SYN-A-0057,2026-06-08T02:47:50+08:00,arrived_at_destination_city,arrived_at_destination_city,CAR-SYN-STD,DEST-CN-ZJ-HZ,CN-ZJ-HZ,,7
TRE-SYN-A-0057-08,ORD-SYN-A-0057,SHP-SYN-A-0057,2026-06-08T11:32:30+08:00,out_for_delivery,out_for_delivery,CAR-SYN-STD,SITE-CN-ZJ-HZ,CN-ZJ-HZ,,8
TRE-SYN-A-0057-09,ORD-SYN-A-0057,SHP-SYN-A-0057,2026-06-08T17:00:51+08:00,delivered,delivered,CAR-SYN-STD,SITE-CN-ZJ-HZ,CN-ZJ-HZ,,9
TRE-SYN-A-0058-01,ORD-SYN-A-0058,SHP-SYN-A-0058,2026-06-06T22:27:13+08:00,shipment_created,shipment_created,CAR-SYN-FAST,ORIGIN-WH-SYN-EAST,CN-HB-WH,,1
TRE-SYN-A-0058-02,ORD-SYN-A-0058,SHP-SYN-A-0058,2026-06-07T06:13:56+08:00,carrier_picked_up,carrier_picked_up,CAR-SYN-FAST,ORIGIN-WH-SYN-EAST,CN-HB-WH,,2
TRE-SYN-A-0058-03,ORD-SYN-A-0058,SHP-SYN-A-0058,2026-06-07T07:01:33+08:00,origin_departed,origin_departed,CAR-SYN-FAST,ORIGIN-WH-SYN-EAST,CN-HB-WH,,3
TRE-SYN-A-0058-04,ORD-SYN-A-0058,SHP-SYN-A-0058,2026-06-07T08:27:58+08:00,in_transit,in_transit,CAR-SYN-FAST,LINEHAUL-SYN-01,CN-HB-WH,,4
TRE-SYN-A-0058-05,ORD-SYN-A-0058,SHP-SYN-A-0058,2026-06-07T20:35:15+08:00,arrived_at_hub,arrived_at_hub,CAR-SYN-FAST,HUB-SYN-01,CN-HB-WH,,5
TRE-SYN-A-0058-06,ORD-SYN-A-0058,SHP-SYN-A-0058,2026-06-07T21:42:50+08:00,departed_hub,departed_hub,CAR-SYN-FAST,HUB-SYN-01,CN-HB-WH,,6
TRE-SYN-A-0058-07,ORD-SYN-A-0058,SHP-SYN-A-0058,2026-06-08T10:24:19+08:00,arrived_at_destination_city,arrived_at_destination_city,CAR-SYN-FAST,DEST-CN-HB-WH,CN-HB-WH,,7
TRE-SYN-A-0058-08,ORD-SYN-A-0058,SHP-SYN-A-0058,2026-06-08T18:38:33+08:00,out_for_delivery,out_for_delivery,CAR-SYN-FAST,SITE-CN-HB-WH,CN-HB-WH,,8
TRE-SYN-A-0058-09,ORD-SYN-A-0058,SHP-SYN-A-0058,2026-06-08T21:48:59+08:00,delivered,delivered,CAR-SYN-FAST,SITE-CN-HB-WH,CN-HB-WH,,9
TRE-SYN-A-0059-01,ORD-SYN-A-0059,SHP-SYN-A-0059,2026-06-06T13:57:47+08:00,shipment_created,shipment_created,CAR-SYN-ECON,ORIGIN-WH-SYN-EAST,CN-JS-NJ,,1
TRE-SYN-A-0059-02,ORD-SYN-A-0059,SHP-SYN-A-0059,2026-06-06T16:34:20+08:00,carrier_picked_up,carrier_picked_up,CAR-SYN-ECON,ORIGIN-WH-SYN-EAST,CN-JS-NJ,,2
TRE-SYN-A-0059-03,ORD-SYN-A-0059,SHP-SYN-A-0059,2026-06-06T17:14:50+08:00,origin_departed,origin_departed,CAR-SYN-ECON,ORIGIN-WH-SYN-EAST,CN-JS-NJ,,3
TRE-SYN-A-0059-04,ORD-SYN-A-0059,SHP-SYN-A-0059,2026-06-06T18:19:57+08:00,in_transit,in_transit,CAR-SYN-ECON,LINEHAUL-SYN-01,CN-JS-NJ,,4
TRE-SYN-A-0059-05,ORD-SYN-A-0059,SHP-SYN-A-0059,2026-06-07T05:45:58+08:00,arrived_at_hub,arrived_at_hub,CAR-SYN-ECON,HUB-SYN-01,CN-JS-NJ,,5
TRE-SYN-A-0059-06,ORD-SYN-A-0059,SHP-SYN-A-0059,2026-06-07T08:27:50+08:00,departed_hub,departed_hub,CAR-SYN-ECON,HUB-SYN-01,CN-JS-NJ,,6
TRE-SYN-A-0059-07,ORD-SYN-A-0059,SHP-SYN-A-0059,2026-06-07T23:26:45+08:00,arrived_at_destination_city,arrived_at_destination_city,CAR-SYN-ECON,DEST-CN-JS-NJ,CN-JS-NJ,,7
TRE-SYN-A-0059-08,ORD-SYN-A-0059,SHP-SYN-A-0059,2026-06-08T07:07:42+08:00,out_for_delivery,out_for_delivery,CAR-SYN-ECON,SITE-CN-JS-NJ,CN-JS-NJ,,8
TRE-SYN-A-0059-09,ORD-SYN-A-0059,SHP-SYN-A-0059,2026-06-08T11:53:56+08:00,delivered,delivered,CAR-SYN-ECON,SITE-CN-JS-NJ,CN-JS-NJ,,9
TRE-SYN-A-0060-01,ORD-SYN-A-0060,SHP-SYN-A-0060,2026-06-06T17:26:24+08:00,shipment_created,shipment_created,CAR-SYN-STD,ORIGIN-WH-SYN-WEST,CN-SD-QD,,1
TRE-SYN-A-0060-02,ORD-SYN-A-0060,SHP-SYN-A-0060,2026-06-06T22:47:08+08:00,carrier_picked_up,carrier_picked_up,CAR-SYN-STD,ORIGIN-WH-SYN-WEST,CN-SD-QD,,2
TRE-SYN-A-0060-03,ORD-SYN-A-0060,SHP-SYN-A-0060,2026-06-06T23:40:31+08:00,origin_departed,origin_departed,CAR-SYN-STD,ORIGIN-WH-SYN-WEST,CN-SD-QD,,3
TRE-SYN-A-0060-04,ORD-SYN-A-0060,SHP-SYN-A-0060,2026-06-07T00:29:49+08:00,in_transit,in_transit,CAR-SYN-STD,LINEHAUL-SYN-01,CN-SD-QD,,4
TRE-SYN-A-0060-05,ORD-SYN-A-0060,SHP-SYN-A-0060,2026-06-07T07:06:17+08:00,arrived_at_hub,arrived_at_hub,CAR-SYN-STD,HUB-SYN-01,CN-SD-QD,,5
TRE-SYN-A-0060-06,ORD-SYN-A-0060,SHP-SYN-A-0060,2026-06-07T08:35:19+08:00,departed_hub,departed_hub,CAR-SYN-STD,HUB-SYN-01,CN-SD-QD,,6
TRE-SYN-A-0060-07,ORD-SYN-A-0060,SHP-SYN-A-0060,2026-06-07T19:11:57+08:00,arrived_at_destination_city,arrived_at_destination_city,CAR-SYN-STD,DEST-CN-SD-QD,CN-SD-QD,,7
TRE-SYN-A-0060-08,ORD-SYN-A-0060,SHP-SYN-A-0060,2026-06-07T23:52:08+08:00,out_for_delivery,out_for_delivery,CAR-SYN-STD,SITE-CN-SD-QD,CN-SD-QD,,8
TRE-SYN-A-0060-09,ORD-SYN-A-0060,SHP-SYN-A-0060,2026-06-08T01:06:40+08:00,delivered,delivered,CAR-SYN-STD,SITE-CN-SD-QD,CN-SD-QD,,9
TRE-SYN-A-0061-01,ORD-SYN-A-0061,SHP-SYN-A-0061,2026-06-07T19:40:25+08:00,shipment_created,shipment_created,CAR-SYN-ECON,ORIGIN-WH-SYN-EAST,CN-JS-NJ,,1
TRE-SYN-A-0061-02,ORD-SYN-A-0061,SHP-SYN-A-0061,2026-06-07T22:36:44+08:00,carrier_picked_up,carrier_picked_up,CAR-SYN-ECON,ORIGIN-WH-SYN-EAST,CN-JS-NJ,,2
TRE-SYN-A-0061-03,ORD-SYN-A-0061,SHP-SYN-A-0061,2026-06-07T23:10:59+08:00,origin_departed,origin_departed,CAR-SYN-ECON,ORIGIN-WH-SYN-EAST,CN-JS-NJ,,3
TRE-SYN-A-0061-04,ORD-SYN-A-0061,SHP-SYN-A-0061,2026-06-08T00:38:11+08:00,in_transit,in_transit,CAR-SYN-ECON,LINEHAUL-SYN-01,CN-JS-NJ,,4
TRE-SYN-A-0061-05,ORD-SYN-A-0061,SHP-SYN-A-0061,2026-06-08T10:10:29+08:00,arrived_at_hub,arrived_at_hub,CAR-SYN-ECON,HUB-SYN-01,CN-JS-NJ,,5
TRE-SYN-A-0061-06,ORD-SYN-A-0061,SHP-SYN-A-0061,2026-06-08T11:57:24+08:00,departed_hub,departed_hub,CAR-SYN-ECON,HUB-SYN-01,CN-JS-NJ,,6
TRE-SYN-A-0061-07,ORD-SYN-A-0061,SHP-SYN-A-0061,2026-06-08T22:22:41+08:00,arrived_at_destination_city,arrived_at_destination_city,CAR-SYN-ECON,DEST-CN-JS-NJ,CN-JS-NJ,,7
TRE-SYN-A-0061-08,ORD-SYN-A-0061,SHP-SYN-A-0061,2026-06-09T00:51:46+08:00,out_for_delivery,out_for_delivery,CAR-SYN-ECON,SITE-CN-JS-NJ,CN-JS-NJ,,8
TRE-SYN-A-0061-09,ORD-SYN-A-0061,SHP-SYN-A-0061,2026-06-09T06:31:47+08:00,delivered,delivered,CAR-SYN-ECON,SITE-CN-JS-NJ,CN-JS-NJ,,9
TRE-SYN-A-0062-01,ORD-SYN-A-0062,SHP-SYN-A-0062,2026-06-07T23:23:46+08:00,shipment_created,shipment_created,CAR-SYN-STD,ORIGIN-WH-SYN-EAST,CN-SD-QD,,1
TRE-SYN-A-0062-02,ORD-SYN-A-0062,SHP-SYN-A-0062,2026-06-08T03:54:38+08:00,carrier_picked_up,carrier_picked_up,CAR-SYN-STD,ORIGIN-WH-SYN-EAST,CN-SD-QD,,2
TRE-SYN-A-0062-03,ORD-SYN-A-0062,SHP-SYN-A-0062,2026-06-08T04:43:23+08:00,origin_departed,origin_departed,CAR-SYN-STD,ORIGIN-WH-SYN-EAST,CN-SD-QD,,3
TRE-SYN-A-0062-04,ORD-SYN-A-0062,SHP-SYN-A-0062,2026-06-08T05:27:00+08:00,in_transit,in_transit,CAR-SYN-STD,LINEHAUL-SYN-01,CN-SD-QD,,4
TRE-SYN-A-0062-05,ORD-SYN-A-0062,SHP-SYN-A-0062,2026-06-08T14:38:54+08:00,arrived_at_hub,arrived_at_hub,CAR-SYN-STD,HUB-SYN-01,CN-SD-QD,,5
TRE-SYN-A-0062-06,ORD-SYN-A-0062,SHP-SYN-A-0062,2026-06-08T17:13:34+08:00,departed_hub,departed_hub,CAR-SYN-STD,HUB-SYN-01,CN-SD-QD,,6
TRE-SYN-A-0062-07,ORD-SYN-A-0062,SHP-SYN-A-0062,2026-06-09T06:27:19+08:00,arrived_at_destination_city,arrived_at_destination_city,CAR-SYN-STD,DEST-CN-SD-QD,CN-SD-QD,,7
TRE-SYN-A-0062-08,ORD-SYN-A-0062,SHP-SYN-A-0062,2026-06-09T14:11:43+08:00,out_for_delivery,out_for_delivery,CAR-SYN-STD,SITE-CN-SD-QD,CN-SD-QD,,8
TRE-SYN-A-0062-09,ORD-SYN-A-0062,SHP-SYN-A-0062,2026-06-09T18:41:33+08:00,delivered,delivered,CAR-SYN-STD,SITE-CN-SD-QD,CN-SD-QD,,9
TRE-SYN-A-0063-01,ORD-SYN-A-0063,SHP-SYN-A-0063,2026-06-07T15:49:42+08:00,shipment_created,shipment_created,CAR-SYN-FAST,ORIGIN-WH-SYN-EAST,CN-SD-QD,,1
TRE-SYN-A-0063-02,ORD-SYN-A-0063,SHP-SYN-A-0063,2026-06-07T18:21:29+08:00,carrier_picked_up,carrier_picked_up,CAR-SYN-FAST,ORIGIN-WH-SYN-EAST,CN-SD-QD,,2
TRE-SYN-A-0063-03,ORD-SYN-A-0063,SHP-SYN-A-0063,2026-06-07T19:41:49+08:00,origin_departed,origin_departed,CAR-SYN-FAST,ORIGIN-WH-SYN-EAST,CN-SD-QD,,3
TRE-SYN-A-0063-04,ORD-SYN-A-0063,SHP-SYN-A-0063,2026-06-07T21:03:57+08:00,in_transit,in_transit,CAR-SYN-FAST,LINEHAUL-SYN-01,CN-SD-QD,,4
TRE-SYN-A-0063-05,ORD-SYN-A-0063,SHP-SYN-A-0063,2026-06-08T04:24:00+08:00,arrived_at_hub,arrived_at_hub,CAR-SYN-FAST,HUB-SYN-01,CN-SD-QD,,5
TRE-SYN-A-0063-06,ORD-SYN-A-0063,SHP-SYN-A-0063,2026-06-08T06:41:59+08:00,departed_hub,departed_hub,CAR-SYN-FAST,HUB-SYN-01,CN-SD-QD,,6
TRE-SYN-A-0063-07,ORD-SYN-A-0063,SHP-SYN-A-0063,2026-06-08T18:07:25+08:00,arrived_at_destination_city,arrived_at_destination_city,CAR-SYN-FAST,DEST-CN-SD-QD,CN-SD-QD,,7
TRE-SYN-A-0063-08,ORD-SYN-A-0063,SHP-SYN-A-0063,2026-06-09T02:12:30+08:00,out_for_delivery,out_for_delivery,CAR-SYN-FAST,SITE-CN-SD-QD,CN-SD-QD,,8
TRE-SYN-A-0063-09,ORD-SYN-A-0063,SHP-SYN-A-0063,2026-06-09T06:21:29+08:00,delivered,delivered,CAR-SYN-FAST,SITE-CN-SD-QD,CN-SD-QD,,9
TRE-SYN-A-0064-01,ORD-SYN-A-0064,SHP-SYN-A-0064,2026-06-07T18:27:13+08:00,shipment_created,shipment_created,CAR-SYN-FAST,ORIGIN-WH-SYN-EAST,CN-SD-QD,,1
TRE-SYN-A-0064-02,ORD-SYN-A-0064,SHP-SYN-A-0064,2026-06-07T21:55:45+08:00,carrier_picked_up,carrier_picked_up,CAR-SYN-FAST,ORIGIN-WH-SYN-EAST,CN-SD-QD,,2
TRE-SYN-A-0064-03,ORD-SYN-A-0064,SHP-SYN-A-0064,2026-06-07T22:36:39+08:00,origin_departed,origin_departed,CAR-SYN-FAST,ORIGIN-WH-SYN-EAST,CN-SD-QD,,3
TRE-SYN-A-0064-04,ORD-SYN-A-0064,SHP-SYN-A-0064,2026-06-07T23:53:15+08:00,in_transit,in_transit,CAR-SYN-FAST,LINEHAUL-SYN-01,CN-SD-QD,,4
TRE-SYN-A-0064-05,ORD-SYN-A-0064,SHP-SYN-A-0064,2026-06-08T11:36:47+08:00,arrived_at_hub,arrived_at_hub,CAR-SYN-FAST,HUB-SYN-01,CN-SD-QD,,5
TRE-SYN-A-0064-06,ORD-SYN-A-0064,SHP-SYN-A-0064,2026-06-08T13:29:04+08:00,departed_hub,departed_hub,CAR-SYN-FAST,HUB-SYN-01,CN-SD-QD,,6
TRE-SYN-A-0064-07,ORD-SYN-A-0064,SHP-SYN-A-0064,2026-06-09T01:01:11+08:00,arrived_at_destination_city,arrived_at_destination_city,CAR-SYN-FAST,DEST-CN-SD-QD,CN-SD-QD,,7
TRE-SYN-A-0064-08,ORD-SYN-A-0064,SHP-SYN-A-0064,2026-06-09T09:17:02+08:00,out_for_delivery,out_for_delivery,CAR-SYN-FAST,SITE-CN-SD-QD,CN-SD-QD,,8
TRE-SYN-A-0064-09,ORD-SYN-A-0064,SHP-SYN-A-0064,2026-06-09T13:49:37+08:00,delivered,delivered,CAR-SYN-FAST,SITE-CN-SD-QD,CN-SD-QD,,9
TRE-SYN-A-0065-01,ORD-SYN-A-0065,SHP-SYN-A-0065,2026-06-07T21:12:57+08:00,shipment_created,shipment_created,CAR-SYN-FAST,ORIGIN-WH-SYN-EAST,CN-ZJ-HZ,,1
TRE-SYN-A-0065-02,ORD-SYN-A-0065,SHP-SYN-A-0065,2026-06-08T04:52:10+08:00,carrier_picked_up,carrier_picked_up,CAR-SYN-FAST,ORIGIN-WH-SYN-EAST,CN-ZJ-HZ,,2
TRE-SYN-A-0065-03,ORD-SYN-A-0065,SHP-SYN-A-0065,2026-06-08T05:50:59+08:00,origin_departed,origin_departed,CAR-SYN-FAST,ORIGIN-WH-SYN-EAST,CN-ZJ-HZ,,3
TRE-SYN-A-0065-04,ORD-SYN-A-0065,SHP-SYN-A-0065,2026-06-08T06:49:20+08:00,in_transit,in_transit,CAR-SYN-FAST,LINEHAUL-SYN-01,CN-ZJ-HZ,,4
TRE-SYN-A-0065-05,ORD-SYN-A-0065,SHP-SYN-A-0065,2026-06-08T18:10:47+08:00,arrived_at_hub,arrived_at_hub,CAR-SYN-FAST,HUB-SYN-01,CN-ZJ-HZ,,5
TRE-SYN-A-0065-06,ORD-SYN-A-0065,SHP-SYN-A-0065,2026-06-08T20:47:51+08:00,departed_hub,departed_hub,CAR-SYN-FAST,HUB-SYN-01,CN-ZJ-HZ,,6
TRE-SYN-A-0065-07,ORD-SYN-A-0065,SHP-SYN-A-0065,2026-06-09T09:31:44+08:00,arrived_at_destination_city,arrived_at_destination_city,CAR-SYN-FAST,DEST-CN-ZJ-HZ,CN-ZJ-HZ,,7
TRE-SYN-A-0065-08,ORD-SYN-A-0065,SHP-SYN-A-0065,2026-06-09T12:54:41+08:00,out_for_delivery,out_for_delivery,CAR-SYN-FAST,SITE-CN-ZJ-HZ,CN-ZJ-HZ,,8
TRE-SYN-A-0065-09,ORD-SYN-A-0065,SHP-SYN-A-0065,2026-06-09T17:48:09+08:00,delivered,delivered,CAR-SYN-FAST,SITE-CN-ZJ-HZ,CN-ZJ-HZ,,9
TRE-SYN-A-0066-01,ORD-SYN-A-0066,SHP-SYN-A-0066,2026-06-07T12:45:09+08:00,shipment_created,shipment_created,CAR-SYN-FAST,ORIGIN-WH-SYN-EAST,CN-ZJ-HZ,,1
TRE-SYN-A-0066-02,ORD-SYN-A-0066,SHP-SYN-A-0066,2026-06-07T18:46:03+08:00,carrier_picked_up,carrier_picked_up,CAR-SYN-FAST,ORIGIN-WH-SYN-EAST,CN-ZJ-HZ,,2
TRE-SYN-A-0066-03,ORD-SYN-A-0066,SHP-SYN-A-0066,2026-06-07T19:38:52+08:00,origin_departed,origin_departed,CAR-SYN-FAST,ORIGIN-WH-SYN-EAST,CN-ZJ-HZ,,3
TRE-SYN-A-0066-04,ORD-SYN-A-0066,SHP-SYN-A-0066,2026-06-07T20:15:53+08:00,in_transit,in_transit,CAR-SYN-FAST,LINEHAUL-SYN-01,CN-ZJ-HZ,,4
TRE-SYN-A-0066-05,ORD-SYN-A-0066,SHP-SYN-A-0066,2026-06-08T05:32:32+08:00,arrived_at_hub,arrived_at_hub,CAR-SYN-FAST,HUB-SYN-01,CN-ZJ-HZ,,5
TRE-SYN-A-0066-06,ORD-SYN-A-0066,SHP-SYN-A-0066,2026-06-08T08:57:26+08:00,departed_hub,departed_hub,CAR-SYN-FAST,HUB-SYN-01,CN-ZJ-HZ,,6
TRE-SYN-A-0066-07,ORD-SYN-A-0066,SHP-SYN-A-0066,2026-06-08T18:52:58+08:00,arrived_at_destination_city,arrived_at_destination_city,CAR-SYN-FAST,DEST-CN-ZJ-HZ,CN-ZJ-HZ,,7
TRE-SYN-A-0066-08,ORD-SYN-A-0066,SHP-SYN-A-0066,2026-06-09T03:22:03+08:00,out_for_delivery,out_for_delivery,CAR-SYN-FAST,SITE-CN-ZJ-HZ,CN-ZJ-HZ,,8
TRE-SYN-A-0066-09,ORD-SYN-A-0066,SHP-SYN-A-0066,2026-06-09T06:30:35+08:00,delivered,delivered,CAR-SYN-FAST,SITE-CN-ZJ-HZ,CN-ZJ-HZ,,9
TRE-SYN-A-0067-01,ORD-SYN-A-0067,SHP-SYN-A-0067,2026-06-07T16:03:11+08:00,shipment_created,shipment_created,CAR-SYN-FAST,ORIGIN-WH-SYN-EAST,CN-ZJ-HZ,,1
TRE-SYN-A-0067-02,ORD-SYN-A-0067,SHP-SYN-A-0067,2026-06-07T21:22:57+08:00,carrier_picked_up,carrier_picked_up,CAR-SYN-FAST,ORIGIN-WH-SYN-EAST,CN-ZJ-HZ,,2
TRE-SYN-A-0067-03,ORD-SYN-A-0067,SHP-SYN-A-0067,2026-06-07T22:08:20+08:00,origin_departed,origin_departed,CAR-SYN-FAST,ORIGIN-WH-SYN-EAST,CN-ZJ-HZ,,3
TRE-SYN-A-0067-04,ORD-SYN-A-0067,SHP-SYN-A-0067,2026-06-07T22:40:12+08:00,in_transit,in_transit,CAR-SYN-FAST,LINEHAUL-SYN-01,CN-ZJ-HZ,,4
TRE-SYN-A-0067-05,ORD-SYN-A-0067,SHP-SYN-A-0067,2026-06-08T11:13:15+08:00,arrived_at_hub,arrived_at_hub,CAR-SYN-FAST,HUB-SYN-01,CN-ZJ-HZ,,5
TRE-SYN-A-0067-06,ORD-SYN-A-0067,SHP-SYN-A-0067,2026-06-08T15:07:03+08:00,departed_hub,departed_hub,CAR-SYN-FAST,HUB-SYN-01,CN-ZJ-HZ,,6
TRE-SYN-A-0067-07,ORD-SYN-A-0067,SHP-SYN-A-0067,2026-06-09T05:58:11+08:00,arrived_at_destination_city,arrived_at_destination_city,CAR-SYN-FAST,DEST-CN-ZJ-HZ,CN-ZJ-HZ,,7
TRE-SYN-A-0067-08,ORD-SYN-A-0067,SHP-SYN-A-0067,2026-06-09T08:28:38+08:00,out_for_delivery,out_for_delivery,CAR-SYN-FAST,SITE-CN-ZJ-HZ,CN-ZJ-HZ,,8
TRE-SYN-A-0067-09,ORD-SYN-A-0067,SHP-SYN-A-0067,2026-06-09T13:42:08+08:00,delivered,delivered,CAR-SYN-FAST,SITE-CN-ZJ-HZ,CN-ZJ-HZ,,9
TRE-SYN-A-0068-01,ORD-SYN-A-0068,SHP-SYN-A-0068,2026-06-07T19:26:22+08:00,shipment_created,shipment_created,CAR-SYN-ECON,ORIGIN-WH-SYN-EAST,CN-JS-NJ,,1
TRE-SYN-A-0068-02,ORD-SYN-A-0068,SHP-SYN-A-0068,2026-06-08T02:06:37+08:00,carrier_picked_up,carrier_picked_up,CAR-SYN-ECON,ORIGIN-WH-SYN-EAST,CN-JS-NJ,,2
TRE-SYN-A-0068-03,ORD-SYN-A-0068,SHP-SYN-A-0068,2026-06-08T02:39:06+08:00,origin_departed,origin_departed,CAR-SYN-ECON,ORIGIN-WH-SYN-EAST,CN-JS-NJ,,3
TRE-SYN-A-0068-04,ORD-SYN-A-0068,SHP-SYN-A-0068,2026-06-08T03:17:24+08:00,in_transit,in_transit,CAR-SYN-ECON,LINEHAUL-SYN-01,CN-JS-NJ,,4
TRE-SYN-A-0068-05,ORD-SYN-A-0068,SHP-SYN-A-0068,2026-06-08T14:45:10+08:00,arrived_at_hub,arrived_at_hub,CAR-SYN-ECON,HUB-SYN-01,CN-JS-NJ,,5
TRE-SYN-A-0068-06,ORD-SYN-A-0068,SHP-SYN-A-0068,2026-06-08T17:34:26+08:00,departed_hub,departed_hub,CAR-SYN-ECON,HUB-SYN-01,CN-JS-NJ,,6
TRE-SYN-A-0068-07,ORD-SYN-A-0068,SHP-SYN-A-0068,2026-06-11T07:51:24+08:00,arrived_at_destination_city,arrived_at_destination_city,CAR-SYN-ECON,DEST-CN-JS-NJ,CN-JS-NJ,,7
TRE-SYN-A-0068-08,ORD-SYN-A-0068,SHP-SYN-A-0068,2026-06-11T11:13:04+08:00,out_for_delivery,out_for_delivery,CAR-SYN-ECON,SITE-CN-JS-NJ,CN-JS-NJ,,8
TRE-SYN-A-0068-09,ORD-SYN-A-0068,SHP-SYN-A-0068,2026-06-11T12:20:07+08:00,delivered,delivered,CAR-SYN-ECON,SITE-CN-JS-NJ,CN-JS-NJ,,9
TRE-SYN-A-0069-01,ORD-SYN-A-0069,SHP-SYN-A-0069,2026-06-07T22:08:14+08:00,shipment_created,shipment_created,CAR-SYN-FAST,ORIGIN-WH-SYN-EAST,CN-HB-WH,,1
TRE-SYN-A-0069-02,ORD-SYN-A-0069,SHP-SYN-A-0069,2026-06-08T04:19:30+08:00,carrier_picked_up,carrier_picked_up,CAR-SYN-FAST,ORIGIN-WH-SYN-EAST,CN-HB-WH,,2
TRE-SYN-A-0069-03,ORD-SYN-A-0069,SHP-SYN-A-0069,2026-06-08T05:14:28+08:00,origin_departed,origin_departed,CAR-SYN-FAST,ORIGIN-WH-SYN-EAST,CN-HB-WH,,3
TRE-SYN-A-0069-04,ORD-SYN-A-0069,SHP-SYN-A-0069,2026-06-08T06:03:52+08:00,in_transit,in_transit,CAR-SYN-FAST,LINEHAUL-SYN-01,CN-HB-WH,,4
TRE-SYN-A-0069-05,ORD-SYN-A-0069,SHP-SYN-A-0069,2026-06-08T18:33:21+08:00,arrived_at_hub,arrived_at_hub,CAR-SYN-FAST,HUB-SYN-01,CN-HB-WH,,5
TRE-SYN-A-0069-06,ORD-SYN-A-0069,SHP-SYN-A-0069,2026-06-08T20:32:27+08:00,departed_hub,departed_hub,CAR-SYN-FAST,HUB-SYN-01,CN-HB-WH,,6
TRE-SYN-A-0069-07,ORD-SYN-A-0069,SHP-SYN-A-0069,2026-06-09T10:08:10+08:00,arrived_at_destination_city,arrived_at_destination_city,CAR-SYN-FAST,DEST-CN-HB-WH,CN-HB-WH,,7
TRE-SYN-A-0069-08,ORD-SYN-A-0069,SHP-SYN-A-0069,2026-06-09T14:08:01+08:00,out_for_delivery,out_for_delivery,CAR-SYN-FAST,SITE-CN-HB-WH,CN-HB-WH,,8
TRE-SYN-A-0069-09,ORD-SYN-A-0069,SHP-SYN-A-0069,2026-06-09T20:05:45+08:00,delivered,delivered,CAR-SYN-FAST,SITE-CN-HB-WH,CN-HB-WH,,9
TRE-SYN-A-0070-01,ORD-SYN-A-0070,SHP-SYN-A-0070,2026-06-07T13:55:27+08:00,shipment_created,shipment_created,CAR-SYN-STD,ORIGIN-WH-SYN-EAST,CN-SD-QD,,1
TRE-SYN-A-0070-02,ORD-SYN-A-0070,SHP-SYN-A-0070,2026-06-07T21:51:56+08:00,carrier_picked_up,carrier_picked_up,CAR-SYN-STD,ORIGIN-WH-SYN-EAST,CN-SD-QD,,2
TRE-SYN-A-0070-03,ORD-SYN-A-0070,SHP-SYN-A-0070,2026-06-07T22:43:40+08:00,origin_departed,origin_departed,CAR-SYN-STD,ORIGIN-WH-SYN-EAST,CN-SD-QD,,3
TRE-SYN-A-0070-04,ORD-SYN-A-0070,SHP-SYN-A-0070,2026-06-08T00:08:57+08:00,in_transit,in_transit,CAR-SYN-STD,LINEHAUL-SYN-01,CN-SD-QD,,4
TRE-SYN-A-0070-05,ORD-SYN-A-0070,SHP-SYN-A-0070,2026-06-08T11:29:26+08:00,arrived_at_hub,arrived_at_hub,CAR-SYN-STD,HUB-SYN-01,CN-SD-QD,,5
TRE-SYN-A-0070-06,ORD-SYN-A-0070,SHP-SYN-A-0070,2026-06-08T14:32:55+08:00,departed_hub,departed_hub,CAR-SYN-STD,HUB-SYN-01,CN-SD-QD,,6
TRE-SYN-A-0070-07,ORD-SYN-A-0070,SHP-SYN-A-0070,2026-06-09T04:00:21+08:00,arrived_at_destination_city,arrived_at_destination_city,CAR-SYN-STD,DEST-CN-SD-QD,CN-SD-QD,,7
TRE-SYN-A-0070-08,ORD-SYN-A-0070,SHP-SYN-A-0070,2026-06-09T12:34:00+08:00,out_for_delivery,out_for_delivery,CAR-SYN-STD,SITE-CN-SD-QD,CN-SD-QD,,8
TRE-SYN-A-0070-09,ORD-SYN-A-0070,SHP-SYN-A-0070,2026-06-09T13:50:41+08:00,delivered,delivered,CAR-SYN-STD,SITE-CN-SD-QD,CN-SD-QD,,9
TRE-SYN-A-0071-01,ORD-SYN-A-0071,SHP-SYN-A-0071,2026-06-08T17:19:40+08:00,shipment_created,shipment_created,CAR-SYN-FAST,ORIGIN-WH-SYN-EAST,CN-SD-QD,,1
TRE-SYN-A-0071-02,ORD-SYN-A-0071,SHP-SYN-A-0071,2026-06-09T13:57:59+08:00,carrier_picked_up,carrier_picked_up,CAR-SYN-FAST,ORIGIN-WH-SYN-EAST,CN-SD-QD,,2
TRE-SYN-A-0071-03,ORD-SYN-A-0071,SHP-SYN-A-0071,2026-06-09T14:50:34+08:00,origin_departed,origin_departed,CAR-SYN-FAST,ORIGIN-WH-SYN-EAST,CN-SD-QD,,3
TRE-SYN-A-0071-04,ORD-SYN-A-0071,SHP-SYN-A-0071,2026-06-09T16:17:57+08:00,in_transit,in_transit,CAR-SYN-FAST,LINEHAUL-SYN-01,CN-SD-QD,,4
TRE-SYN-A-0071-05,ORD-SYN-A-0071,SHP-SYN-A-0071,2026-06-09T22:23:52+08:00,arrived_at_hub,arrived_at_hub,CAR-SYN-FAST,HUB-SYN-01,CN-SD-QD,,5
TRE-SYN-A-0071-06,ORD-SYN-A-0071,SHP-SYN-A-0071,2026-06-10T01:12:15+08:00,departed_hub,departed_hub,CAR-SYN-FAST,HUB-SYN-01,CN-SD-QD,,6
TRE-SYN-A-0071-07,ORD-SYN-A-0071,SHP-SYN-A-0071,2026-06-10T14:52:52+08:00,arrived_at_destination_city,arrived_at_destination_city,CAR-SYN-FAST,DEST-CN-SD-QD,CN-SD-QD,,7
TRE-SYN-A-0071-08,ORD-SYN-A-0071,SHP-SYN-A-0071,2026-06-10T23:50:39+08:00,out_for_delivery,out_for_delivery,CAR-SYN-FAST,SITE-CN-SD-QD,CN-SD-QD,,8
TRE-SYN-A-0071-09,ORD-SYN-A-0071,SHP-SYN-A-0071,2026-06-11T05:35:38+08:00,delivered,delivered,CAR-SYN-FAST,SITE-CN-SD-QD,CN-SD-QD,,9
TRE-SYN-A-0072-01,ORD-SYN-A-0072,SHP-SYN-A-0072,2026-06-08T20:35:26+08:00,shipment_created,shipment_created,CAR-SYN-STD,ORIGIN-WH-SYN-EAST,CN-JS-NJ,,1
TRE-SYN-A-0072-02,ORD-SYN-A-0072,SHP-SYN-A-0072,2026-06-09T04:35:23+08:00,carrier_picked_up,carrier_picked_up,CAR-SYN-STD,ORIGIN-WH-SYN-EAST,CN-JS-NJ,,2
TRE-SYN-A-0072-03,ORD-SYN-A-0072,SHP-SYN-A-0072,2026-06-09T05:23:50+08:00,origin_departed,origin_departed,CAR-SYN-STD,ORIGIN-WH-SYN-EAST,CN-JS-NJ,,3
TRE-SYN-A-0072-04,ORD-SYN-A-0072,SHP-SYN-A-0072,2026-06-09T05:56:23+08:00,in_transit,in_transit,CAR-SYN-STD,LINEHAUL-SYN-01,CN-JS-NJ,,4
TRE-SYN-A-0072-05,ORD-SYN-A-0072,SHP-SYN-A-0072,2026-06-09T18:46:35+08:00,arrived_at_hub,arrived_at_hub,CAR-SYN-STD,HUB-SYN-01,CN-JS-NJ,,5
TRE-SYN-A-0072-06,ORD-SYN-A-0072,SHP-SYN-A-0072,2026-06-09T19:53:11+08:00,departed_hub,departed_hub,CAR-SYN-STD,HUB-SYN-01,CN-JS-NJ,,6
TRE-SYN-A-0072-07,ORD-SYN-A-0072,SHP-SYN-A-0072,2026-06-10T11:08:34+08:00,arrived_at_destination_city,arrived_at_destination_city,CAR-SYN-STD,DEST-CN-JS-NJ,CN-JS-NJ,,7
TRE-SYN-A-0072-08,ORD-SYN-A-0072,SHP-SYN-A-0072,2026-06-10T16:51:18+08:00,out_for_delivery,out_for_delivery,CAR-SYN-STD,SITE-CN-JS-NJ,CN-JS-NJ,,8
TRE-SYN-A-0072-09,ORD-SYN-A-0072,SHP-SYN-A-0072,2026-06-10T18:16:51+08:00,delivered,delivered,CAR-SYN-STD,SITE-CN-JS-NJ,CN-JS-NJ,,9
TRE-SYN-A-0073-01,ORD-SYN-A-0073,SHP-SYN-A-0073,2026-06-08T22:50:58+08:00,shipment_created,shipment_created,CAR-SYN-FAST,ORIGIN-WH-SYN-EAST,CN-SD-QD,,1
TRE-SYN-A-0073-02,ORD-SYN-A-0073,SHP-SYN-A-0073,2026-06-09T02:34:40+08:00,carrier_picked_up,carrier_picked_up,CAR-SYN-FAST,ORIGIN-WH-SYN-EAST,CN-SD-QD,,2
TRE-SYN-A-0073-03,ORD-SYN-A-0073,SHP-SYN-A-0073,2026-06-09T03:56:47+08:00,origin_departed,origin_departed,CAR-SYN-FAST,ORIGIN-WH-SYN-EAST,CN-SD-QD,,3
TRE-SYN-A-0073-04,ORD-SYN-A-0073,SHP-SYN-A-0073,2026-06-09T04:40:47+08:00,in_transit,in_transit,CAR-SYN-FAST,LINEHAUL-SYN-01,CN-SD-QD,,4
TRE-SYN-A-0073-05,ORD-SYN-A-0073,SHP-SYN-A-0073,2026-06-09T14:27:36+08:00,arrived_at_hub,arrived_at_hub,CAR-SYN-FAST,HUB-SYN-01,CN-SD-QD,,5
TRE-SYN-A-0073-06,ORD-SYN-A-0073,SHP-SYN-A-0073,2026-06-09T16:32:51+08:00,departed_hub,departed_hub,CAR-SYN-FAST,HUB-SYN-01,CN-SD-QD,,6
TRE-SYN-A-0073-07,ORD-SYN-A-0073,SHP-SYN-A-0073,2026-06-10T01:38:29+08:00,arrived_at_destination_city,arrived_at_destination_city,CAR-SYN-FAST,DEST-CN-SD-QD,CN-SD-QD,,7
TRE-SYN-A-0073-08,ORD-SYN-A-0073,SHP-SYN-A-0073,2026-06-10T05:49:12+08:00,out_for_delivery,out_for_delivery,CAR-SYN-FAST,SITE-CN-SD-QD,CN-SD-QD,,8
TRE-SYN-A-0073-09,ORD-SYN-A-0073,SHP-SYN-A-0073,2026-06-10T10:14:55+08:00,delivered,delivered,CAR-SYN-FAST,SITE-CN-SD-QD,CN-SD-QD,,9
TRE-SYN-A-0074-01,ORD-SYN-A-0074,SHP-SYN-A-0074,2026-06-08T15:13:27+08:00,shipment_created,shipment_created,CAR-SYN-FAST,ORIGIN-WH-SYN-EAST,CN-HB-WH,,1
TRE-SYN-A-0074-02,ORD-SYN-A-0074,SHP-SYN-A-0074,2026-06-08T21:55:40+08:00,carrier_picked_up,carrier_picked_up,CAR-SYN-FAST,ORIGIN-WH-SYN-EAST,CN-HB-WH,,2
TRE-SYN-A-0074-03,ORD-SYN-A-0074,SHP-SYN-A-0074,2026-06-08T23:21:20+08:00,origin_departed,origin_departed,CAR-SYN-FAST,ORIGIN-WH-SYN-EAST,CN-HB-WH,,3
TRE-SYN-A-0074-04,ORD-SYN-A-0074,SHP-SYN-A-0074,2026-06-08T23:56:40+08:00,in_transit,in_transit,CAR-SYN-FAST,LINEHAUL-SYN-01,CN-HB-WH,,4
TRE-SYN-A-0074-05,ORD-SYN-A-0074,SHP-SYN-A-0074,2026-06-09T07:35:12+08:00,arrived_at_hub,arrived_at_hub,CAR-SYN-FAST,HUB-SYN-01,CN-HB-WH,,5
TRE-SYN-A-0074-06,ORD-SYN-A-0074,SHP-SYN-A-0074,2026-06-09T10:32:25+08:00,departed_hub,departed_hub,CAR-SYN-FAST,HUB-SYN-01,CN-HB-WH,,6
TRE-SYN-A-0074-07,ORD-SYN-A-0074,SHP-SYN-A-0074,2026-06-10T01:08:19+08:00,arrived_at_destination_city,arrived_at_destination_city,CAR-SYN-FAST,DEST-CN-HB-WH,CN-HB-WH,,7
TRE-SYN-A-0074-08,ORD-SYN-A-0074,SHP-SYN-A-0074,2026-06-10T07:36:06+08:00,out_for_delivery,out_for_delivery,CAR-SYN-FAST,SITE-CN-HB-WH,CN-HB-WH,,8
TRE-SYN-A-0074-09,ORD-SYN-A-0074,SHP-SYN-A-0074,2026-06-10T13:07:45+08:00,delivered,delivered,CAR-SYN-FAST,SITE-CN-HB-WH,CN-HB-WH,,9
TRE-SYN-A-0075-01,ORD-SYN-A-0075,SHP-SYN-A-0075,2026-06-08T18:36:11+08:00,shipment_created,shipment_created,CAR-SYN-FAST,ORIGIN-WH-SYN-EAST,CN-SD-QD,,1
TRE-SYN-A-0075-02,ORD-SYN-A-0075,SHP-SYN-A-0075,2026-06-09T02:09:49+08:00,carrier_picked_up,carrier_picked_up,CAR-SYN-FAST,ORIGIN-WH-SYN-EAST,CN-SD-QD,,2
TRE-SYN-A-0075-03,ORD-SYN-A-0075,SHP-SYN-A-0075,2026-06-09T02:48:47+08:00,origin_departed,origin_departed,CAR-SYN-FAST,ORIGIN-WH-SYN-EAST,CN-SD-QD,,3
TRE-SYN-A-0075-04,ORD-SYN-A-0075,SHP-SYN-A-0075,2026-06-09T03:51:00+08:00,in_transit,in_transit,CAR-SYN-FAST,LINEHAUL-SYN-01,CN-SD-QD,,4
TRE-SYN-A-0075-05,ORD-SYN-A-0075,SHP-SYN-A-0075,2026-06-09T13:24:40+08:00,arrived_at_hub,arrived_at_hub,CAR-SYN-FAST,HUB-SYN-01,CN-SD-QD,,5
TRE-SYN-A-0075-06,ORD-SYN-A-0075,SHP-SYN-A-0075,2026-06-09T15:18:21+08:00,departed_hub,departed_hub,CAR-SYN-FAST,HUB-SYN-01,CN-SD-QD,,6
TRE-SYN-A-0075-07,ORD-SYN-A-0075,SHP-SYN-A-0075,2026-06-10T03:16:53+08:00,arrived_at_destination_city,arrived_at_destination_city,CAR-SYN-FAST,DEST-CN-SD-QD,CN-SD-QD,,7
TRE-SYN-A-0075-08,ORD-SYN-A-0075,SHP-SYN-A-0075,2026-06-10T05:55:37+08:00,out_for_delivery,out_for_delivery,CAR-SYN-FAST,SITE-CN-SD-QD,CN-SD-QD,,8
TRE-SYN-A-0075-09,ORD-SYN-A-0075,SHP-SYN-A-0075,2026-06-10T08:38:49+08:00,delivered,delivered,CAR-SYN-FAST,SITE-CN-SD-QD,CN-SD-QD,,9
TRE-SYN-A-0076-01,ORD-SYN-A-0076,SHP-SYN-A-0076,2026-06-08T20:50:22+08:00,shipment_created,shipment_created,CAR-SYN-STD,ORIGIN-WH-SYN-EAST,CN-ZJ-HZ,,1
TRE-SYN-A-0076-02,ORD-SYN-A-0076,SHP-SYN-A-0076,2026-06-09T03:21:09+08:00,carrier_picked_up,carrier_picked_up,CAR-SYN-STD,ORIGIN-WH-SYN-EAST,CN-ZJ-HZ,,2
TRE-SYN-A-0076-03,ORD-SYN-A-0076,SHP-SYN-A-0076,2026-06-09T03:58:35+08:00,origin_departed,origin_departed,CAR-SYN-STD,ORIGIN-WH-SYN-EAST,CN-ZJ-HZ,,3
TRE-SYN-A-0076-04,ORD-SYN-A-0076,SHP-SYN-A-0076,2026-06-09T04:40:35+08:00,in_transit,in_transit,CAR-SYN-STD,LINEHAUL-SYN-01,CN-ZJ-HZ,,4
TRE-SYN-A-0076-05,ORD-SYN-A-0076,SHP-SYN-A-0076,2026-06-09T14:01:17+08:00,arrived_at_hub,arrived_at_hub,CAR-SYN-STD,HUB-SYN-01,CN-ZJ-HZ,,5
TRE-SYN-A-0076-06,ORD-SYN-A-0076,SHP-SYN-A-0076,2026-06-09T16:46:36+08:00,departed_hub,departed_hub,CAR-SYN-STD,HUB-SYN-01,CN-ZJ-HZ,,6
TRE-SYN-A-0076-07,ORD-SYN-A-0076,SHP-SYN-A-0076,2026-06-10T01:26:49+08:00,arrived_at_destination_city,arrived_at_destination_city,CAR-SYN-STD,DEST-CN-ZJ-HZ,CN-ZJ-HZ,,7
TRE-SYN-A-0076-08,ORD-SYN-A-0076,SHP-SYN-A-0076,2026-06-10T04:12:33+08:00,out_for_delivery,out_for_delivery,CAR-SYN-STD,SITE-CN-ZJ-HZ,CN-ZJ-HZ,,8
TRE-SYN-A-0076-09,ORD-SYN-A-0076,SHP-SYN-A-0076,2026-06-10T10:01:26+08:00,delivered,delivered,CAR-SYN-STD,SITE-CN-ZJ-HZ,CN-ZJ-HZ,,9
TRE-SYN-A-0077-01,ORD-SYN-A-0077,SHP-SYN-A-0077,2026-06-08T13:35:22+08:00,shipment_created,shipment_created,CAR-SYN-FAST,ORIGIN-WH-SYN-EAST,CN-HB-WH,,1
TRE-SYN-A-0077-02,ORD-SYN-A-0077,SHP-SYN-A-0077,2026-06-08T18:02:31+08:00,carrier_picked_up,carrier_picked_up,CAR-SYN-FAST,ORIGIN-WH-SYN-EAST,CN-HB-WH,,2
TRE-SYN-A-0077-03,ORD-SYN-A-0077,SHP-SYN-A-0077,2026-06-08T19:12:27+08:00,origin_departed,origin_departed,CAR-SYN-FAST,ORIGIN-WH-SYN-EAST,CN-HB-WH,,3
TRE-SYN-A-0077-04,ORD-SYN-A-0077,SHP-SYN-A-0077,2026-06-08T20:30:37+08:00,in_transit,in_transit,CAR-SYN-FAST,LINEHAUL-SYN-01,CN-HB-WH,,4
TRE-SYN-A-0077-05,ORD-SYN-A-0077,SHP-SYN-A-0077,2026-06-09T07:36:07+08:00,arrived_at_hub,arrived_at_hub,CAR-SYN-FAST,HUB-SYN-01,CN-HB-WH,,5
TRE-SYN-A-0077-06,ORD-SYN-A-0077,SHP-SYN-A-0077,2026-06-09T08:54:14+08:00,departed_hub,departed_hub,CAR-SYN-FAST,HUB-SYN-01,CN-HB-WH,,6
TRE-SYN-A-0077-07,ORD-SYN-A-0077,SHP-SYN-A-0077,2026-06-10T00:26:13+08:00,arrived_at_destination_city,arrived_at_destination_city,CAR-SYN-FAST,DEST-CN-HB-WH,CN-HB-WH,,7
TRE-SYN-A-0077-08,ORD-SYN-A-0077,SHP-SYN-A-0077,2026-06-10T08:01:20+08:00,out_for_delivery,out_for_delivery,CAR-SYN-FAST,SITE-CN-HB-WH,CN-HB-WH,,8
TRE-SYN-A-0077-09,ORD-SYN-A-0077,SHP-SYN-A-0077,2026-06-10T12:59:14+08:00,delivered,delivered,CAR-SYN-FAST,SITE-CN-HB-WH,CN-HB-WH,,9
TRE-SYN-A-0078-01,ORD-SYN-A-0078,SHP-SYN-A-0078,2026-06-08T16:01:18+08:00,shipment_created,shipment_created,CAR-SYN-FAST,ORIGIN-WH-SYN-EAST,CN-HB-WH,,1
TRE-SYN-A-0078-02,ORD-SYN-A-0078,SHP-SYN-A-0078,2026-06-08T23:36:43+08:00,carrier_picked_up,carrier_picked_up,CAR-SYN-FAST,ORIGIN-WH-SYN-EAST,CN-HB-WH,,2
TRE-SYN-A-0078-03,ORD-SYN-A-0078,SHP-SYN-A-0078,2026-06-09T00:08:14+08:00,origin_departed,origin_departed,CAR-SYN-FAST,ORIGIN-WH-SYN-EAST,CN-HB-WH,,3
TRE-SYN-A-0078-04,ORD-SYN-A-0078,SHP-SYN-A-0078,2026-06-09T01:13:31+08:00,in_transit,in_transit,CAR-SYN-FAST,LINEHAUL-SYN-01,CN-HB-WH,,4
TRE-SYN-A-0078-05,ORD-SYN-A-0078,SHP-SYN-A-0078,2026-06-09T14:12:01+08:00,arrived_at_hub,arrived_at_hub,CAR-SYN-FAST,HUB-SYN-01,CN-HB-WH,,5
TRE-SYN-A-0078-06,ORD-SYN-A-0078,SHP-SYN-A-0078,2026-06-09T17:55:21+08:00,departed_hub,departed_hub,CAR-SYN-FAST,HUB-SYN-01,CN-HB-WH,,6
TRE-SYN-A-0078-07,ORD-SYN-A-0078,SHP-SYN-A-0078,2026-06-10T08:49:52+08:00,arrived_at_destination_city,arrived_at_destination_city,CAR-SYN-FAST,DEST-CN-HB-WH,CN-HB-WH,,7
TRE-SYN-A-0078-08,ORD-SYN-A-0078,SHP-SYN-A-0078,2026-06-10T13:50:16+08:00,out_for_delivery,out_for_delivery,CAR-SYN-FAST,SITE-CN-HB-WH,CN-HB-WH,,8
TRE-SYN-A-0078-09,ORD-SYN-A-0078,SHP-SYN-A-0078,2026-06-10T17:10:24+08:00,delivered,delivered,CAR-SYN-FAST,SITE-CN-HB-WH,CN-HB-WH,,9
TRE-SYN-A-0079-01,ORD-SYN-A-0079,SHP-SYN-A-0079,2026-06-08T19:37:20+08:00,shipment_created,shipment_created,CAR-SYN-FAST,ORIGIN-WH-SYN-EAST,CN-SD-QD,,1
TRE-SYN-A-0079-02,ORD-SYN-A-0079,SHP-SYN-A-0079,2026-06-09T02:19:28+08:00,carrier_picked_up,carrier_picked_up,CAR-SYN-FAST,ORIGIN-WH-SYN-EAST,CN-SD-QD,,2
TRE-SYN-A-0079-03,ORD-SYN-A-0079,SHP-SYN-A-0079,2026-06-09T03:04:24+08:00,origin_departed,origin_departed,CAR-SYN-FAST,ORIGIN-WH-SYN-EAST,CN-SD-QD,,3
TRE-SYN-A-0079-04,ORD-SYN-A-0079,SHP-SYN-A-0079,2026-06-09T03:55:14+08:00,in_transit,in_transit,CAR-SYN-FAST,LINEHAUL-SYN-01,CN-SD-QD,,4
TRE-SYN-A-0079-05,ORD-SYN-A-0079,SHP-SYN-A-0079,2026-06-09T14:52:03+08:00,arrived_at_hub,arrived_at_hub,CAR-SYN-FAST,HUB-SYN-01,CN-SD-QD,,5
TRE-SYN-A-0079-06,ORD-SYN-A-0079,SHP-SYN-A-0079,2026-06-09T16:22:28+08:00,departed_hub,departed_hub,CAR-SYN-FAST,HUB-SYN-01,CN-SD-QD,,6
TRE-SYN-A-0079-07,ORD-SYN-A-0079,SHP-SYN-A-0079,2026-06-10T01:26:03+08:00,arrived_at_destination_city,arrived_at_destination_city,CAR-SYN-FAST,DEST-CN-SD-QD,CN-SD-QD,,7
TRE-SYN-A-0079-08,ORD-SYN-A-0079,SHP-SYN-A-0079,2026-06-10T09:34:32+08:00,out_for_delivery,out_for_delivery,CAR-SYN-FAST,SITE-CN-SD-QD,CN-SD-QD,,8
TRE-SYN-A-0079-09,ORD-SYN-A-0079,SHP-SYN-A-0079,2026-06-10T14:52:05+08:00,delivered,delivered,CAR-SYN-FAST,SITE-CN-SD-QD,CN-SD-QD,,9
TRE-SYN-A-0080-01,ORD-SYN-A-0080,SHP-SYN-A-0080,2026-06-08T22:53:11+08:00,shipment_created,shipment_created,CAR-SYN-ECON,ORIGIN-WH-SYN-EAST,CN-ZJ-HZ,,1
TRE-SYN-A-0080-02,ORD-SYN-A-0080,SHP-SYN-A-0080,2026-06-09T02:44:11+08:00,carrier_picked_up,carrier_picked_up,CAR-SYN-ECON,ORIGIN-WH-SYN-EAST,CN-ZJ-HZ,,2
TRE-SYN-A-0080-03,ORD-SYN-A-0080,SHP-SYN-A-0080,2026-06-09T04:01:11+08:00,origin_departed,origin_departed,CAR-SYN-ECON,ORIGIN-WH-SYN-EAST,CN-ZJ-HZ,,3
TRE-SYN-A-0080-04,ORD-SYN-A-0080,SHP-SYN-A-0080,2026-06-09T04:51:29+08:00,in_transit,in_transit,CAR-SYN-ECON,LINEHAUL-SYN-01,CN-ZJ-HZ,,4
TRE-SYN-A-0080-05,ORD-SYN-A-0080,SHP-SYN-A-0080,2026-06-09T15:50:45+08:00,arrived_at_hub,arrived_at_hub,CAR-SYN-ECON,HUB-SYN-01,CN-ZJ-HZ,,5
TRE-SYN-A-0080-06,ORD-SYN-A-0080,SHP-SYN-A-0080,2026-06-09T18:05:34+08:00,departed_hub,departed_hub,CAR-SYN-ECON,HUB-SYN-01,CN-ZJ-HZ,,6
TRE-SYN-A-0080-07,ORD-SYN-A-0080,SHP-SYN-A-0080,2026-06-10T03:02:19+08:00,arrived_at_destination_city,arrived_at_destination_city,CAR-SYN-ECON,DEST-CN-ZJ-HZ,CN-ZJ-HZ,,7
TRE-SYN-A-0080-08,ORD-SYN-A-0080,SHP-SYN-A-0080,2026-06-10T05:44:12+08:00,out_for_delivery,out_for_delivery,CAR-SYN-ECON,SITE-CN-ZJ-HZ,CN-ZJ-HZ,,8
TRE-SYN-A-0080-09,ORD-SYN-A-0080,SHP-SYN-A-0080,2026-06-10T11:43:43+08:00,delivered,delivered,CAR-SYN-ECON,SITE-CN-ZJ-HZ,CN-ZJ-HZ,,9
TRE-SYN-A-0081-01,ORD-SYN-A-0081,SHP-SYN-A-0081,2026-06-09T13:48:02+08:00,shipment_created,shipment_created,CAR-SYN-ECON,ORIGIN-WH-SYN-EAST,CN-SD-QD,,1
TRE-SYN-A-0081-02,ORD-SYN-A-0081,SHP-SYN-A-0081,2026-06-10T10:31:49+08:00,carrier_picked_up,carrier_picked_up,CAR-SYN-ECON,ORIGIN-WH-SYN-EAST,CN-SD-QD,,2
TRE-SYN-A-0081-03,ORD-SYN-A-0081,SHP-SYN-A-0081,2026-06-10T12:00:24+08:00,origin_departed,origin_departed,CAR-SYN-ECON,ORIGIN-WH-SYN-EAST,CN-SD-QD,,3
TRE-SYN-A-0081-04,ORD-SYN-A-0081,SHP-SYN-A-0081,2026-06-10T12:35:17+08:00,in_transit,in_transit,CAR-SYN-ECON,LINEHAUL-SYN-01,CN-SD-QD,,4
TRE-SYN-A-0081-05,ORD-SYN-A-0081,SHP-SYN-A-0081,2026-06-10T21:48:09+08:00,arrived_at_hub,arrived_at_hub,CAR-SYN-ECON,HUB-SYN-01,CN-SD-QD,,5
TRE-SYN-A-0081-06,ORD-SYN-A-0081,SHP-SYN-A-0081,2026-06-11T00:10:07+08:00,departed_hub,departed_hub,CAR-SYN-ECON,HUB-SYN-01,CN-SD-QD,,6
TRE-SYN-A-0081-07,ORD-SYN-A-0081,SHP-SYN-A-0081,2026-06-11T09:35:13+08:00,arrived_at_destination_city,arrived_at_destination_city,CAR-SYN-ECON,DEST-CN-SD-QD,CN-SD-QD,,7
TRE-SYN-A-0081-08,ORD-SYN-A-0081,SHP-SYN-A-0081,2026-06-11T16:59:54+08:00,out_for_delivery,out_for_delivery,CAR-SYN-ECON,SITE-CN-SD-QD,CN-SD-QD,,8
TRE-SYN-A-0081-09,ORD-SYN-A-0081,SHP-SYN-A-0081,2026-06-11T21:59:14+08:00,delivered,delivered,CAR-SYN-ECON,SITE-CN-SD-QD,CN-SD-QD,,9
TRE-SYN-A-0082-01,ORD-SYN-A-0082,SHP-SYN-A-0082,2026-06-09T17:38:46+08:00,shipment_created,shipment_created,CAR-SYN-FAST,ORIGIN-WH-SYN-EAST,CN-SD-QD,,1
TRE-SYN-A-0082-02,ORD-SYN-A-0082,SHP-SYN-A-0082,2026-06-09T22:30:49+08:00,carrier_picked_up,carrier_picked_up,CAR-SYN-FAST,ORIGIN-WH-SYN-EAST,CN-SD-QD,,2
TRE-SYN-A-0082-03,ORD-SYN-A-0082,SHP-SYN-A-0082,2026-06-09T23:26:29+08:00,origin_departed,origin_departed,CAR-SYN-FAST,ORIGIN-WH-SYN-EAST,CN-SD-QD,,3
TRE-SYN-A-0082-04,ORD-SYN-A-0082,SHP-SYN-A-0082,2026-06-10T00:04:29+08:00,in_transit,in_transit,CAR-SYN-FAST,LINEHAUL-SYN-01,CN-SD-QD,,4
TRE-SYN-A-0082-05,ORD-SYN-A-0082,SHP-SYN-A-0082,2026-06-10T09:49:38+08:00,arrived_at_hub,arrived_at_hub,CAR-SYN-FAST,HUB-SYN-01,CN-SD-QD,,5
TRE-SYN-A-0082-06,ORD-SYN-A-0082,SHP-SYN-A-0082,2026-06-10T13:13:40+08:00,departed_hub,departed_hub,CAR-SYN-FAST,HUB-SYN-01,CN-SD-QD,,6
TRE-SYN-A-0082-07,ORD-SYN-A-0082,SHP-SYN-A-0082,2026-06-11T04:50:32+08:00,arrived_at_destination_city,arrived_at_destination_city,CAR-SYN-FAST,DEST-CN-SD-QD,CN-SD-QD,,7
TRE-SYN-A-0082-08,ORD-SYN-A-0082,SHP-SYN-A-0082,2026-06-11T10:05:04+08:00,out_for_delivery,out_for_delivery,CAR-SYN-FAST,SITE-CN-SD-QD,CN-SD-QD,,8
TRE-SYN-A-0082-09,ORD-SYN-A-0082,SHP-SYN-A-0082,2026-06-11T14:49:58+08:00,delivered,delivered,CAR-SYN-FAST,SITE-CN-SD-QD,CN-SD-QD,,9
TRE-SYN-A-0083-01,ORD-SYN-A-0083,SHP-SYN-A-0083,2026-06-09T19:53:31+08:00,shipment_created,shipment_created,CAR-SYN-STD,ORIGIN-WH-SYN-EAST,CN-ZJ-HZ,,1
TRE-SYN-A-0083-02,ORD-SYN-A-0083,SHP-SYN-A-0083,2026-06-10T01:15:09+08:00,carrier_picked_up,carrier_picked_up,CAR-SYN-STD,ORIGIN-WH-SYN-EAST,CN-ZJ-HZ,,2
TRE-SYN-A-0083-03,ORD-SYN-A-0083,SHP-SYN-A-0083,2026-06-10T02:11:47+08:00,origin_departed,origin_departed,CAR-SYN-STD,ORIGIN-WH-SYN-EAST,CN-ZJ-HZ,,3
TRE-SYN-A-0083-04,ORD-SYN-A-0083,SHP-SYN-A-0083,2026-06-10T03:41:05+08:00,in_transit,in_transit,CAR-SYN-STD,LINEHAUL-SYN-01,CN-ZJ-HZ,,4
TRE-SYN-A-0083-05,ORD-SYN-A-0083,SHP-SYN-A-0083,2026-06-10T15:13:38+08:00,arrived_at_hub,arrived_at_hub,CAR-SYN-STD,HUB-SYN-01,CN-ZJ-HZ,,5
TRE-SYN-A-0083-06,ORD-SYN-A-0083,SHP-SYN-A-0083,2026-06-10T16:53:19+08:00,departed_hub,departed_hub,CAR-SYN-STD,HUB-SYN-01,CN-ZJ-HZ,,6
TRE-SYN-A-0083-07,ORD-SYN-A-0083,SHP-SYN-A-0083,2026-06-11T06:02:11+08:00,arrived_at_destination_city,arrived_at_destination_city,CAR-SYN-STD,DEST-CN-ZJ-HZ,CN-ZJ-HZ,,7
TRE-SYN-A-0083-08,ORD-SYN-A-0083,SHP-SYN-A-0083,2026-06-11T12:14:45+08:00,out_for_delivery,out_for_delivery,CAR-SYN-STD,SITE-CN-ZJ-HZ,CN-ZJ-HZ,,8
TRE-SYN-A-0083-09,ORD-SYN-A-0083,SHP-SYN-A-0083,2026-06-11T16:39:34+08:00,delivered,delivered,CAR-SYN-STD,SITE-CN-ZJ-HZ,CN-ZJ-HZ,,9
TRE-SYN-A-0084-01,ORD-SYN-A-0084,SHP-SYN-A-0084,2026-06-09T23:10:23+08:00,shipment_created,shipment_created,CAR-SYN-FAST,ORIGIN-WH-SYN-WEST,CN-SD-QD,,1
TRE-SYN-A-0084-02,ORD-SYN-A-0084,SHP-SYN-A-0084,2026-06-10T03:13:12+08:00,carrier_picked_up,carrier_picked_up,CAR-SYN-FAST,ORIGIN-WH-SYN-WEST,CN-SD-QD,,2
TRE-SYN-A-0084-03,ORD-SYN-A-0084,SHP-SYN-A-0084,2026-06-10T04:24:25+08:00,origin_departed,origin_departed,CAR-SYN-FAST,ORIGIN-WH-SYN-WEST,CN-SD-QD,,3
TRE-SYN-A-0084-04,ORD-SYN-A-0084,SHP-SYN-A-0084,2026-06-10T05:36:03+08:00,in_transit,in_transit,CAR-SYN-FAST,LINEHAUL-SYN-01,CN-SD-QD,,4
TRE-SYN-A-0084-05,ORD-SYN-A-0084,SHP-SYN-A-0084,2026-06-10T16:16:08+08:00,arrived_at_hub,arrived_at_hub,CAR-SYN-FAST,HUB-SYN-01,CN-SD-QD,,5
TRE-SYN-A-0084-06,ORD-SYN-A-0084,SHP-SYN-A-0084,2026-06-10T18:23:48+08:00,departed_hub,departed_hub,CAR-SYN-FAST,HUB-SYN-01,CN-SD-QD,,6
TRE-SYN-A-0084-07,ORD-SYN-A-0084,SHP-SYN-A-0084,2026-06-11T04:00:16+08:00,arrived_at_destination_city,arrived_at_destination_city,CAR-SYN-FAST,DEST-CN-SD-QD,CN-SD-QD,,7
TRE-SYN-A-0084-08,ORD-SYN-A-0084,SHP-SYN-A-0084,2026-06-11T12:18:55+08:00,out_for_delivery,out_for_delivery,CAR-SYN-FAST,SITE-CN-SD-QD,CN-SD-QD,,8
TRE-SYN-A-0084-09,ORD-SYN-A-0084,SHP-SYN-A-0084,2026-06-11T17:17:27+08:00,delivered,delivered,CAR-SYN-FAST,SITE-CN-SD-QD,CN-SD-QD,,9
TRE-SYN-A-0085-01,ORD-SYN-A-0085,SHP-SYN-A-0085,2026-06-09T15:13:19+08:00,shipment_created,shipment_created,CAR-SYN-FAST,ORIGIN-WH-SYN-WEST,CN-ZJ-HZ,,1
TRE-SYN-A-0085-02,ORD-SYN-A-0085,SHP-SYN-A-0085,2026-06-09T19:18:41+08:00,carrier_picked_up,carrier_picked_up,CAR-SYN-FAST,ORIGIN-WH-SYN-WEST,CN-ZJ-HZ,,2
TRE-SYN-A-0085-03,ORD-SYN-A-0085,SHP-SYN-A-0085,2026-06-09T20:42:49+08:00,origin_departed,origin_departed,CAR-SYN-FAST,ORIGIN-WH-SYN-WEST,CN-ZJ-HZ,,3
TRE-SYN-A-0085-04,ORD-SYN-A-0085,SHP-SYN-A-0085,2026-06-09T21:14:43+08:00,in_transit,in_transit,CAR-SYN-FAST,LINEHAUL-SYN-01,CN-ZJ-HZ,,4
TRE-SYN-A-0085-05,ORD-SYN-A-0085,SHP-SYN-A-0085,2026-06-10T04:26:46+08:00,arrived_at_hub,arrived_at_hub,CAR-SYN-FAST,HUB-SYN-01,CN-ZJ-HZ,,5
TRE-SYN-A-0085-06,ORD-SYN-A-0085,SHP-SYN-A-0085,2026-06-10T07:38:01+08:00,departed_hub,departed_hub,CAR-SYN-FAST,HUB-SYN-01,CN-ZJ-HZ,,6
TRE-SYN-A-0085-07,ORD-SYN-A-0085,SHP-SYN-A-0085,2026-06-10T17:27:03+08:00,arrived_at_destination_city,arrived_at_destination_city,CAR-SYN-FAST,DEST-CN-ZJ-HZ,CN-ZJ-HZ,,7
TRE-SYN-A-0085-08,ORD-SYN-A-0085,SHP-SYN-A-0085,2026-06-10T20:53:23+08:00,out_for_delivery,out_for_delivery,CAR-SYN-FAST,SITE-CN-ZJ-HZ,CN-ZJ-HZ,,8
TRE-SYN-A-0085-09,ORD-SYN-A-0085,SHP-SYN-A-0085,2026-06-10T22:56:25+08:00,delivered,delivered,CAR-SYN-FAST,SITE-CN-ZJ-HZ,CN-ZJ-HZ,,9
TRE-SYN-A-0086-01,ORD-SYN-A-0086,SHP-SYN-A-0086,2026-06-09T18:07:11+08:00,shipment_created,shipment_created,CAR-SYN-FAST,ORIGIN-WH-SYN-WEST,CN-ZJ-HZ,,1
TRE-SYN-A-0086-02,ORD-SYN-A-0086,SHP-SYN-A-0086,2026-06-10T00:24:45+08:00,carrier_picked_up,carrier_picked_up,CAR-SYN-FAST,ORIGIN-WH-SYN-WEST,CN-ZJ-HZ,,2
TRE-SYN-A-0086-03,ORD-SYN-A-0086,SHP-SYN-A-0086,2026-06-10T01:18:59+08:00,origin_departed,origin_departed,CAR-SYN-FAST,ORIGIN-WH-SYN-WEST,CN-ZJ-HZ,,3
TRE-SYN-A-0086-04,ORD-SYN-A-0086,SHP-SYN-A-0086,2026-06-10T02:37:17+08:00,in_transit,in_transit,CAR-SYN-FAST,LINEHAUL-SYN-01,CN-ZJ-HZ,,4
TRE-SYN-A-0086-05,ORD-SYN-A-0086,SHP-SYN-A-0086,2026-06-10T13:08:56+08:00,arrived_at_hub,arrived_at_hub,CAR-SYN-FAST,HUB-SYN-01,CN-ZJ-HZ,,5
TRE-SYN-A-0086-06,ORD-SYN-A-0086,SHP-SYN-A-0086,2026-06-10T16:12:57+08:00,departed_hub,departed_hub,CAR-SYN-FAST,HUB-SYN-01,CN-ZJ-HZ,,6
TRE-SYN-A-0086-07,ORD-SYN-A-0086,SHP-SYN-A-0086,2026-06-11T04:48:15+08:00,arrived_at_destination_city,arrived_at_destination_city,CAR-SYN-FAST,DEST-CN-ZJ-HZ,CN-ZJ-HZ,,7
TRE-SYN-A-0086-08,ORD-SYN-A-0086,SHP-SYN-A-0086,2026-06-11T10:56:30+08:00,out_for_delivery,out_for_delivery,CAR-SYN-FAST,SITE-CN-ZJ-HZ,CN-ZJ-HZ,,8
TRE-SYN-A-0086-09,ORD-SYN-A-0086,SHP-SYN-A-0086,2026-06-11T13:36:57+08:00,delivered,delivered,CAR-SYN-FAST,SITE-CN-ZJ-HZ,CN-ZJ-HZ,,9
TRE-SYN-A-0087-01,ORD-SYN-A-0087,SHP-SYN-A-0087,2026-06-09T21:03:55+08:00,shipment_created,shipment_created,CAR-SYN-FAST,ORIGIN-WH-SYN-WEST,CN-SD-QD,,1
TRE-SYN-A-0087-02,ORD-SYN-A-0087,SHP-SYN-A-0087,2026-06-10T03:53:43+08:00,carrier_picked_up,carrier_picked_up,CAR-SYN-FAST,ORIGIN-WH-SYN-WEST,CN-SD-QD,,2
TRE-SYN-A-0087-03,ORD-SYN-A-0087,SHP-SYN-A-0087,2026-06-10T05:11:54+08:00,origin_departed,origin_departed,CAR-SYN-FAST,ORIGIN-WH-SYN-WEST,CN-SD-QD,,3
TRE-SYN-A-0087-04,ORD-SYN-A-0087,SHP-SYN-A-0087,2026-06-10T06:10:17+08:00,in_transit,in_transit,CAR-SYN-FAST,LINEHAUL-SYN-01,CN-SD-QD,,4
TRE-SYN-A-0087-05,ORD-SYN-A-0087,SHP-SYN-A-0087,2026-06-10T12:53:36+08:00,arrived_at_hub,arrived_at_hub,CAR-SYN-FAST,HUB-SYN-01,CN-SD-QD,,5
TRE-SYN-A-0087-06,ORD-SYN-A-0087,SHP-SYN-A-0087,2026-06-10T14:16:09+08:00,departed_hub,departed_hub,CAR-SYN-FAST,HUB-SYN-01,CN-SD-QD,,6
TRE-SYN-A-0087-07,ORD-SYN-A-0087,SHP-SYN-A-0087,2026-06-11T02:57:05+08:00,arrived_at_destination_city,arrived_at_destination_city,CAR-SYN-FAST,DEST-CN-SD-QD,CN-SD-QD,,7
TRE-SYN-A-0087-08,ORD-SYN-A-0087,SHP-SYN-A-0087,2026-06-11T10:27:55+08:00,out_for_delivery,out_for_delivery,CAR-SYN-FAST,SITE-CN-SD-QD,CN-SD-QD,,8
TRE-SYN-A-0087-09,ORD-SYN-A-0087,SHP-SYN-A-0087,2026-06-11T12:00:02+08:00,delivered,delivered,CAR-SYN-FAST,SITE-CN-SD-QD,CN-SD-QD,,9
TRE-SYN-A-0088-01,ORD-SYN-A-0088,SHP-SYN-A-0088,2026-06-09T12:50:01+08:00,shipment_created,shipment_created,CAR-SYN-STD,ORIGIN-WH-SYN-EAST,CN-JS-NJ,,1
TRE-SYN-A-0088-02,ORD-SYN-A-0088,SHP-SYN-A-0088,2026-06-09T18:46:50+08:00,carrier_picked_up,carrier_picked_up,CAR-SYN-STD,ORIGIN-WH-SYN-EAST,CN-JS-NJ,,2
TRE-SYN-A-0088-03,ORD-SYN-A-0088,SHP-SYN-A-0088,2026-06-09T20:02:27+08:00,origin_departed,origin_departed,CAR-SYN-STD,ORIGIN-WH-SYN-EAST,CN-JS-NJ,,3
TRE-SYN-A-0088-04,ORD-SYN-A-0088,SHP-SYN-A-0088,2026-06-09T20:51:21+08:00,in_transit,in_transit,CAR-SYN-STD,LINEHAUL-SYN-01,CN-JS-NJ,,4
TRE-SYN-A-0088-05,ORD-SYN-A-0088,SHP-SYN-A-0088,2026-06-10T06:34:59+08:00,arrived_at_hub,arrived_at_hub,CAR-SYN-STD,HUB-SYN-01,CN-JS-NJ,,5
TRE-SYN-A-0088-06,ORD-SYN-A-0088,SHP-SYN-A-0088,2026-06-10T08:47:04+08:00,departed_hub,departed_hub,CAR-SYN-STD,HUB-SYN-01,CN-JS-NJ,,6
TRE-SYN-A-0088-07,ORD-SYN-A-0088,SHP-SYN-A-0088,2026-06-11T00:19:54+08:00,arrived_at_destination_city,arrived_at_destination_city,CAR-SYN-STD,DEST-CN-JS-NJ,CN-JS-NJ,,7
TRE-SYN-A-0088-08,ORD-SYN-A-0088,SHP-SYN-A-0088,2026-06-11T06:26:02+08:00,out_for_delivery,out_for_delivery,CAR-SYN-STD,SITE-CN-JS-NJ,CN-JS-NJ,,8
TRE-SYN-A-0088-09,ORD-SYN-A-0088,SHP-SYN-A-0088,2026-06-11T08:03:22+08:00,delivered,delivered,CAR-SYN-STD,SITE-CN-JS-NJ,CN-JS-NJ,,9
TRE-SYN-A-0089-01,ORD-SYN-A-0089,SHP-SYN-A-0089,2026-06-09T16:18:46+08:00,shipment_created,shipment_created,CAR-SYN-FAST,ORIGIN-WH-SYN-EAST,CN-ZJ-HZ,,1
TRE-SYN-A-0089-02,ORD-SYN-A-0089,SHP-SYN-A-0089,2026-06-10T00:04:30+08:00,carrier_picked_up,carrier_picked_up,CAR-SYN-FAST,ORIGIN-WH-SYN-EAST,CN-ZJ-HZ,,2
TRE-SYN-A-0089-03,ORD-SYN-A-0089,SHP-SYN-A-0089,2026-06-10T00:51:02+08:00,origin_departed,origin_departed,CAR-SYN-FAST,ORIGIN-WH-SYN-EAST,CN-ZJ-HZ,,3
TRE-SYN-A-0089-04,ORD-SYN-A-0089,SHP-SYN-A-0089,2026-06-10T01:24:38+08:00,in_transit,in_transit,CAR-SYN-FAST,LINEHAUL-SYN-01,CN-ZJ-HZ,,4
TRE-SYN-A-0089-05,ORD-SYN-A-0089,SHP-SYN-A-0089,2026-06-10T09:58:41+08:00,arrived_at_hub,arrived_at_hub,CAR-SYN-FAST,HUB-SYN-01,CN-ZJ-HZ,,5
TRE-SYN-A-0089-06,ORD-SYN-A-0089,SHP-SYN-A-0089,2026-06-10T11:03:57+08:00,departed_hub,departed_hub,CAR-SYN-FAST,HUB-SYN-01,CN-ZJ-HZ,,6
TRE-SYN-A-0089-07,ORD-SYN-A-0089,SHP-SYN-A-0089,2026-06-10T19:21:36+08:00,arrived_at_destination_city,arrived_at_destination_city,CAR-SYN-FAST,DEST-CN-ZJ-HZ,CN-ZJ-HZ,,7
TRE-SYN-A-0089-08,ORD-SYN-A-0089,SHP-SYN-A-0089,2026-06-10T23:22:42+08:00,out_for_delivery,out_for_delivery,CAR-SYN-FAST,SITE-CN-ZJ-HZ,CN-ZJ-HZ,,8
TRE-SYN-A-0089-09,ORD-SYN-A-0089,SHP-SYN-A-0089,2026-06-11T00:45:19+08:00,delivered,delivered,CAR-SYN-FAST,SITE-CN-ZJ-HZ,CN-ZJ-HZ,,9
TRE-SYN-A-0090-01,ORD-SYN-A-0090,SHP-SYN-A-0090,2026-06-09T18:46:52+08:00,shipment_created,shipment_created,CAR-SYN-STD,ORIGIN-WH-SYN-WEST,CN-ZJ-HZ,,1
TRE-SYN-A-0090-02,ORD-SYN-A-0090,SHP-SYN-A-0090,2026-06-10T01:59:37+08:00,carrier_picked_up,carrier_picked_up,CAR-SYN-STD,ORIGIN-WH-SYN-WEST,CN-ZJ-HZ,,2
TRE-SYN-A-0090-03,ORD-SYN-A-0090,SHP-SYN-A-0090,2026-06-10T03:22:56+08:00,origin_departed,origin_departed,CAR-SYN-STD,ORIGIN-WH-SYN-WEST,CN-ZJ-HZ,,3
TRE-SYN-A-0090-04,ORD-SYN-A-0090,SHP-SYN-A-0090,2026-06-10T04:32:12+08:00,in_transit,in_transit,CAR-SYN-STD,LINEHAUL-SYN-01,CN-ZJ-HZ,,4
TRE-SYN-A-0090-05,ORD-SYN-A-0090,SHP-SYN-A-0090,2026-06-10T12:34:03+08:00,arrived_at_hub,arrived_at_hub,CAR-SYN-STD,HUB-SYN-01,CN-ZJ-HZ,,5
TRE-SYN-A-0090-06,ORD-SYN-A-0090,SHP-SYN-A-0090,2026-06-10T15:42:08+08:00,departed_hub,departed_hub,CAR-SYN-STD,HUB-SYN-01,CN-ZJ-HZ,,6
TRE-SYN-A-0090-07,ORD-SYN-A-0090,SHP-SYN-A-0090,2026-06-11T04:01:00+08:00,arrived_at_destination_city,arrived_at_destination_city,CAR-SYN-STD,DEST-CN-ZJ-HZ,CN-ZJ-HZ,,7
TRE-SYN-A-0090-08,ORD-SYN-A-0090,SHP-SYN-A-0090,2026-06-11T08:29:17+08:00,out_for_delivery,out_for_delivery,CAR-SYN-STD,SITE-CN-ZJ-HZ,CN-ZJ-HZ,,8
TRE-SYN-A-0090-09,ORD-SYN-A-0090,SHP-SYN-A-0090,2026-06-11T09:42:03+08:00,delivered,delivered,CAR-SYN-STD,SITE-CN-ZJ-HZ,CN-ZJ-HZ,,9
TRE-SYN-A-0091-01,ORD-SYN-A-0091,SHP-SYN-A-0091,2026-06-10T22:22:45+08:00,shipment_created,shipment_created,CAR-SYN-ECON,ORIGIN-WH-SYN-EAST,CN-ZJ-HZ,,1
TRE-SYN-A-0091-02,ORD-SYN-A-0091,SHP-SYN-A-0091,2026-06-11T04:24:06+08:00,carrier_picked_up,carrier_picked_up,CAR-SYN-ECON,ORIGIN-WH-SYN-EAST,CN-ZJ-HZ,,2
TRE-SYN-A-0091-03,ORD-SYN-A-0091,SHP-SYN-A-0091,2026-06-11T05:18:02+08:00,origin_departed,origin_departed,CAR-SYN-ECON,ORIGIN-WH-SYN-EAST,CN-ZJ-HZ,,3
TRE-SYN-A-0091-04,ORD-SYN-A-0091,SHP-SYN-A-0091,2026-06-11T06:47:07+08:00,in_transit,in_transit,CAR-SYN-ECON,LINEHAUL-SYN-01,CN-ZJ-HZ,,4
TRE-SYN-A-0091-05,ORD-SYN-A-0091,SHP-SYN-A-0091,2026-06-11T14:11:32+08:00,arrived_at_hub,arrived_at_hub,CAR-SYN-ECON,HUB-SYN-01,CN-ZJ-HZ,,5
TRE-SYN-A-0091-06,ORD-SYN-A-0091,SHP-SYN-A-0091,2026-06-11T15:32:58+08:00,departed_hub,departed_hub,CAR-SYN-ECON,HUB-SYN-01,CN-ZJ-HZ,,6
TRE-SYN-A-0091-07,ORD-SYN-A-0091,SHP-SYN-A-0091,2026-06-12T06:11:19+08:00,arrived_at_destination_city,arrived_at_destination_city,CAR-SYN-ECON,DEST-CN-ZJ-HZ,CN-ZJ-HZ,,7
TRE-SYN-A-0091-08,ORD-SYN-A-0091,SHP-SYN-A-0091,2026-06-12T12:17:59+08:00,out_for_delivery,out_for_delivery,CAR-SYN-ECON,SITE-CN-ZJ-HZ,CN-ZJ-HZ,,8
TRE-SYN-A-0091-09,ORD-SYN-A-0091,SHP-SYN-A-0091,2026-06-12T14:18:09+08:00,delivered,delivered,CAR-SYN-ECON,SITE-CN-ZJ-HZ,CN-ZJ-HZ,,9
TRE-SYN-A-0092-01,ORD-SYN-A-0092,SHP-SYN-A-0092,2026-06-10T13:35:57+08:00,shipment_created,shipment_created,CAR-SYN-ECON,ORIGIN-WH-SYN-EAST,CN-JS-NJ,,1
TRE-SYN-A-0092-02,ORD-SYN-A-0092,SHP-SYN-A-0092,2026-06-10T20:11:36+08:00,carrier_picked_up,carrier_picked_up,CAR-SYN-ECON,ORIGIN-WH-SYN-EAST,CN-JS-NJ,,2
TRE-SYN-A-0092-03,ORD-SYN-A-0092,SHP-SYN-A-0092,2026-06-10T21:27:38+08:00,origin_departed,origin_departed,CAR-SYN-ECON,ORIGIN-WH-SYN-EAST,CN-JS-NJ,,3
TRE-SYN-A-0092-04,ORD-SYN-A-0092,SHP-SYN-A-0092,2026-06-10T22:11:57+08:00,in_transit,in_transit,CAR-SYN-ECON,LINEHAUL-SYN-01,CN-JS-NJ,,4
TRE-SYN-A-0092-05,ORD-SYN-A-0092,SHP-SYN-A-0092,2026-06-11T07:15:28+08:00,arrived_at_hub,arrived_at_hub,CAR-SYN-ECON,HUB-SYN-01,CN-JS-NJ,,5
TRE-SYN-A-0092-06,ORD-SYN-A-0092,SHP-SYN-A-0092,2026-06-11T10:26:57+08:00,departed_hub,departed_hub,CAR-SYN-ECON,HUB-SYN-01,CN-JS-NJ,,6
TRE-SYN-A-0092-07,ORD-SYN-A-0092,SHP-SYN-A-0092,2026-06-14T03:13:42+08:00,arrived_at_destination_city,arrived_at_destination_city,CAR-SYN-ECON,DEST-CN-JS-NJ,CN-JS-NJ,,7
TRE-SYN-A-0092-08,ORD-SYN-A-0092,SHP-SYN-A-0092,2026-06-14T06:48:41+08:00,out_for_delivery,out_for_delivery,CAR-SYN-ECON,SITE-CN-JS-NJ,CN-JS-NJ,,8
TRE-SYN-A-0092-09,ORD-SYN-A-0092,SHP-SYN-A-0092,2026-06-14T12:31:13+08:00,delivered,delivered,CAR-SYN-ECON,SITE-CN-JS-NJ,CN-JS-NJ,,9
TRE-SYN-A-0093-01,ORD-SYN-A-0093,SHP-SYN-A-0093,2026-06-10T17:17:25+08:00,shipment_created,shipment_created,CAR-SYN-FAST,ORIGIN-WH-SYN-WEST,CN-ZJ-HZ,,1
TRE-SYN-A-0093-02,ORD-SYN-A-0093,SHP-SYN-A-0093,2026-06-11T12:49:55+08:00,carrier_picked_up,carrier_picked_up,CAR-SYN-FAST,ORIGIN-WH-SYN-WEST,CN-ZJ-HZ,,2
TRE-SYN-A-0093-03,ORD-SYN-A-0093,SHP-SYN-A-0093,2026-06-11T14:02:52+08:00,origin_departed,origin_departed,CAR-SYN-FAST,ORIGIN-WH-SYN-WEST,CN-ZJ-HZ,,3
TRE-SYN-A-0093-04,ORD-SYN-A-0093,SHP-SYN-A-0093,2026-06-11T15:22:01+08:00,in_transit,in_transit,CAR-SYN-FAST,LINEHAUL-SYN-01,CN-ZJ-HZ,,4
TRE-SYN-A-0093-05,ORD-SYN-A-0093,SHP-SYN-A-0093,2026-06-11T23:45:06+08:00,arrived_at_hub,arrived_at_hub,CAR-SYN-FAST,HUB-SYN-01,CN-ZJ-HZ,,5
TRE-SYN-A-0093-06,ORD-SYN-A-0093,SHP-SYN-A-0093,2026-06-12T00:56:14+08:00,departed_hub,departed_hub,CAR-SYN-FAST,HUB-SYN-01,CN-ZJ-HZ,,6
TRE-SYN-A-0093-07,ORD-SYN-A-0093,SHP-SYN-A-0093,2026-06-12T08:59:14+08:00,arrived_at_destination_city,arrived_at_destination_city,CAR-SYN-FAST,DEST-CN-ZJ-HZ,CN-ZJ-HZ,,7
TRE-SYN-A-0093-08,ORD-SYN-A-0093,SHP-SYN-A-0093,2026-06-12T14:33:04+08:00,out_for_delivery,out_for_delivery,CAR-SYN-FAST,SITE-CN-ZJ-HZ,CN-ZJ-HZ,,8
TRE-SYN-A-0093-09,ORD-SYN-A-0093,SHP-SYN-A-0093,2026-06-12T19:58:39+08:00,delivered,delivered,CAR-SYN-FAST,SITE-CN-ZJ-HZ,CN-ZJ-HZ,,9
TRE-SYN-A-0094-01,ORD-SYN-A-0094,SHP-SYN-A-0094,2026-06-10T20:31:07+08:00,shipment_created,shipment_created,CAR-SYN-STD,ORIGIN-WH-SYN-EAST,CN-JS-NJ,,1
TRE-SYN-A-0094-02,ORD-SYN-A-0094,SHP-SYN-A-0094,2026-06-11T00:35:22+08:00,carrier_picked_up,carrier_picked_up,CAR-SYN-STD,ORIGIN-WH-SYN-EAST,CN-JS-NJ,,2
TRE-SYN-A-0094-03,ORD-SYN-A-0094,SHP-SYN-A-0094,2026-06-11T01:32:42+08:00,origin_departed,origin_departed,CAR-SYN-STD,ORIGIN-WH-SYN-EAST,CN-JS-NJ,,3
TRE-SYN-A-0094-04,ORD-SYN-A-0094,SHP-SYN-A-0094,2026-06-11T02:37:19+08:00,in_transit,in_transit,CAR-SYN-STD,LINEHAUL-SYN-01,CN-JS-NJ,,4
TRE-SYN-A-0094-05,ORD-SYN-A-0094,SHP-SYN-A-0094,2026-06-11T09:41:34+08:00,arrived_at_hub,arrived_at_hub,CAR-SYN-STD,HUB-SYN-01,CN-JS-NJ,,5
TRE-SYN-A-0094-06,ORD-SYN-A-0094,SHP-SYN-A-0094,2026-06-11T13:37:37+08:00,departed_hub,departed_hub,CAR-SYN-STD,HUB-SYN-01,CN-JS-NJ,,6
TRE-SYN-A-0094-07,ORD-SYN-A-0094,SHP-SYN-A-0094,2026-06-12T00:13:40+08:00,arrived_at_destination_city,arrived_at_destination_city,CAR-SYN-STD,DEST-CN-JS-NJ,CN-JS-NJ,,7
TRE-SYN-A-0094-08,ORD-SYN-A-0094,SHP-SYN-A-0094,2026-06-12T04:22:20+08:00,out_for_delivery,out_for_delivery,CAR-SYN-STD,SITE-CN-JS-NJ,CN-JS-NJ,,8
TRE-SYN-A-0094-09,ORD-SYN-A-0094,SHP-SYN-A-0094,2026-06-12T06:33:46+08:00,delivered,delivered,CAR-SYN-STD,SITE-CN-JS-NJ,CN-JS-NJ,,9
TRE-SYN-A-0095-01,ORD-SYN-A-0095,SHP-SYN-A-0095,2026-06-10T23:10:12+08:00,shipment_created,shipment_created,CAR-SYN-ECON,ORIGIN-WH-SYN-EAST,CN-HB-WH,,1
TRE-SYN-A-0095-02,ORD-SYN-A-0095,SHP-SYN-A-0095,2026-06-11T06:56:47+08:00,carrier_picked_up,carrier_picked_up,CAR-SYN-ECON,ORIGIN-WH-SYN-EAST,CN-HB-WH,,2
TRE-SYN-A-0095-03,ORD-SYN-A-0095,SHP-SYN-A-0095,2026-06-11T08:24:48+08:00,origin_departed,origin_departed,CAR-SYN-ECON,ORIGIN-WH-SYN-EAST,CN-HB-WH,,3
TRE-SYN-A-0095-04,ORD-SYN-A-0095,SHP-SYN-A-0095,2026-06-11T08:55:17+08:00,in_transit,in_transit,CAR-SYN-ECON,LINEHAUL-SYN-01,CN-HB-WH,,4
TRE-SYN-A-0095-05,ORD-SYN-A-0095,SHP-SYN-A-0095,2026-06-11T15:33:20+08:00,arrived_at_hub,arrived_at_hub,CAR-SYN-ECON,HUB-SYN-01,CN-HB-WH,,5
TRE-SYN-A-0095-06,ORD-SYN-A-0095,SHP-SYN-A-0095,2026-06-11T18:41:21+08:00,departed_hub,departed_hub,CAR-SYN-ECON,HUB-SYN-01,CN-HB-WH,,6
TRE-SYN-A-0095-07,ORD-SYN-A-0095,SHP-SYN-A-0095,2026-06-12T09:41:07+08:00,arrived_at_destination_city,arrived_at_destination_city,CAR-SYN-ECON,DEST-CN-HB-WH,CN-HB-WH,,7
TRE-SYN-A-0095-08,ORD-SYN-A-0095,SHP-SYN-A-0095,2026-06-12T14:18:59+08:00,out_for_delivery,out_for_delivery,CAR-SYN-ECON,SITE-CN-HB-WH,CN-HB-WH,,8
TRE-SYN-A-0095-09,ORD-SYN-A-0095,SHP-SYN-A-0095,2026-06-12T19:24:46+08:00,delivered,delivered,CAR-SYN-ECON,SITE-CN-HB-WH,CN-HB-WH,,9
TRE-SYN-A-0096-01,ORD-SYN-A-0096,SHP-SYN-A-0096,2026-06-10T15:22:52+08:00,shipment_created,shipment_created,CAR-SYN-FAST,ORIGIN-WH-SYN-EAST,CN-ZJ-HZ,,1
TRE-SYN-A-0096-02,ORD-SYN-A-0096,SHP-SYN-A-0096,2026-06-10T22:28:29+08:00,carrier_picked_up,carrier_picked_up,CAR-SYN-FAST,ORIGIN-WH-SYN-EAST,CN-ZJ-HZ,,2
TRE-SYN-A-0096-03,ORD-SYN-A-0096,SHP-SYN-A-0096,2026-06-10T23:42:35+08:00,origin_departed,origin_departed,CAR-SYN-FAST,ORIGIN-WH-SYN-EAST,CN-ZJ-HZ,,3
TRE-SYN-A-0096-04,ORD-SYN-A-0096,SHP-SYN-A-0096,2026-06-11T00:42:17+08:00,in_transit,in_transit,CAR-SYN-FAST,LINEHAUL-SYN-01,CN-ZJ-HZ,,4
TRE-SYN-A-0096-05,ORD-SYN-A-0096,SHP-SYN-A-0096,2026-06-11T08:15:56+08:00,arrived_at_hub,arrived_at_hub,CAR-SYN-FAST,HUB-SYN-01,CN-ZJ-HZ,,5
TRE-SYN-A-0096-06,ORD-SYN-A-0096,SHP-SYN-A-0096,2026-06-11T09:20:25+08:00,departed_hub,departed_hub,CAR-SYN-FAST,HUB-SYN-01,CN-ZJ-HZ,,6
TRE-SYN-A-0096-07,ORD-SYN-A-0096,SHP-SYN-A-0096,2026-06-11T23:27:24+08:00,arrived_at_destination_city,arrived_at_destination_city,CAR-SYN-FAST,DEST-CN-ZJ-HZ,CN-ZJ-HZ,,7
TRE-SYN-A-0096-08,ORD-SYN-A-0096,SHP-SYN-A-0096,2026-06-12T04:29:58+08:00,out_for_delivery,out_for_delivery,CAR-SYN-FAST,SITE-CN-ZJ-HZ,CN-ZJ-HZ,,8
TRE-SYN-A-0096-09,ORD-SYN-A-0096,SHP-SYN-A-0096,2026-06-12T07:42:54+08:00,delivered,delivered,CAR-SYN-FAST,SITE-CN-ZJ-HZ,CN-ZJ-HZ,,9
TRE-SYN-A-0097-01,ORD-SYN-A-0097,SHP-SYN-A-0097,2026-06-10T17:40:37+08:00,shipment_created,shipment_created,CAR-SYN-FAST,ORIGIN-WH-SYN-EAST,CN-JS-NJ,,1
TRE-SYN-A-0097-02,ORD-SYN-A-0097,SHP-SYN-A-0097,2026-06-10T20:55:36+08:00,carrier_picked_up,carrier_picked_up,CAR-SYN-FAST,ORIGIN-WH-SYN-EAST,CN-JS-NJ,,2
TRE-SYN-A-0097-03,ORD-SYN-A-0097,SHP-SYN-A-0097,2026-06-10T21:53:55+08:00,origin_departed,origin_departed,CAR-SYN-FAST,ORIGIN-WH-SYN-EAST,CN-JS-NJ,,3
TRE-SYN-A-0097-04,ORD-SYN-A-0097,SHP-SYN-A-0097,2026-06-10T23:11:02+08:00,in_transit,in_transit,CAR-SYN-FAST,LINEHAUL-SYN-01,CN-JS-NJ,,4
TRE-SYN-A-0097-05,ORD-SYN-A-0097,SHP-SYN-A-0097,2026-06-11T11:15:41+08:00,arrived_at_hub,arrived_at_hub,CAR-SYN-FAST,HUB-SYN-01,CN-JS-NJ,,5
TRE-SYN-A-0097-06,ORD-SYN-A-0097,SHP-SYN-A-0097,2026-06-11T13:09:46+08:00,departed_hub,departed_hub,CAR-SYN-FAST,HUB-SYN-01,CN-JS-NJ,,6
TRE-SYN-A-0097-07,ORD-SYN-A-0097,SHP-SYN-A-0097,2026-06-11T22:06:13+08:00,arrived_at_destination_city,arrived_at_destination_city,CAR-SYN-FAST,DEST-CN-JS-NJ,CN-JS-NJ,,7
TRE-SYN-A-0097-08,ORD-SYN-A-0097,SHP-SYN-A-0097,2026-06-12T06:57:41+08:00,out_for_delivery,out_for_delivery,CAR-SYN-FAST,SITE-CN-JS-NJ,CN-JS-NJ,,8
TRE-SYN-A-0097-09,ORD-SYN-A-0097,SHP-SYN-A-0097,2026-06-12T10:33:50+08:00,delivered,delivered,CAR-SYN-FAST,SITE-CN-JS-NJ,CN-JS-NJ,,9
TRE-SYN-A-0098-01,ORD-SYN-A-0098,SHP-SYN-A-0098,2026-06-10T21:26:10+08:00,shipment_created,shipment_created,CAR-SYN-FAST,ORIGIN-WH-SYN-EAST,CN-HB-WH,,1
TRE-SYN-A-0098-02,ORD-SYN-A-0098,SHP-SYN-A-0098,2026-06-11T03:40:21+08:00,carrier_picked_up,carrier_picked_up,CAR-SYN-FAST,ORIGIN-WH-SYN-EAST,CN-HB-WH,,2
TRE-SYN-A-0098-03,ORD-SYN-A-0098,SHP-SYN-A-0098,2026-06-11T04:38:13+08:00,origin_departed,origin_departed,CAR-SYN-FAST,ORIGIN-WH-SYN-EAST,CN-HB-WH,,3
TRE-SYN-A-0098-04,ORD-SYN-A-0098,SHP-SYN-A-0098,2026-06-11T05:29:38+08:00,in_transit,in_transit,CAR-SYN-FAST,LINEHAUL-SYN-01,CN-HB-WH,,4
TRE-SYN-A-0098-05,ORD-SYN-A-0098,SHP-SYN-A-0098,2026-06-11T17:21:04+08:00,arrived_at_hub,arrived_at_hub,CAR-SYN-FAST,HUB-SYN-01,CN-HB-WH,,5
TRE-SYN-A-0098-06,ORD-SYN-A-0098,SHP-SYN-A-0098,2026-06-11T20:04:05+08:00,departed_hub,departed_hub,CAR-SYN-FAST,HUB-SYN-01,CN-HB-WH,,6
TRE-SYN-A-0098-07,ORD-SYN-A-0098,SHP-SYN-A-0098,2026-06-12T05:46:16+08:00,arrived_at_destination_city,arrived_at_destination_city,CAR-SYN-FAST,DEST-CN-HB-WH,CN-HB-WH,,7
TRE-SYN-A-0098-08,ORD-SYN-A-0098,SHP-SYN-A-0098,2026-06-12T09:06:11+08:00,out_for_delivery,out_for_delivery,CAR-SYN-FAST,SITE-CN-HB-WH,CN-HB-WH,,8
TRE-SYN-A-0098-09,ORD-SYN-A-0098,SHP-SYN-A-0098,2026-06-12T12:42:33+08:00,delivered,delivered,CAR-SYN-FAST,SITE-CN-HB-WH,CN-HB-WH,,9
TRE-SYN-A-0099-01,ORD-SYN-A-0099,SHP-SYN-A-0099,2026-06-10T13:42:26+08:00,shipment_created,shipment_created,CAR-SYN-FAST,ORIGIN-WH-SYN-EAST,CN-ZJ-HZ,,1
TRE-SYN-A-0099-02,ORD-SYN-A-0099,SHP-SYN-A-0099,2026-06-10T19:05:00+08:00,carrier_picked_up,carrier_picked_up,CAR-SYN-FAST,ORIGIN-WH-SYN-EAST,CN-ZJ-HZ,,2
TRE-SYN-A-0099-03,ORD-SYN-A-0099,SHP-SYN-A-0099,2026-06-10T19:50:37+08:00,origin_departed,origin_departed,CAR-SYN-FAST,ORIGIN-WH-SYN-EAST,CN-ZJ-HZ,,3
TRE-SYN-A-0099-04,ORD-SYN-A-0099,SHP-SYN-A-0099,2026-06-10T21:19:10+08:00,in_transit,in_transit,CAR-SYN-FAST,LINEHAUL-SYN-01,CN-ZJ-HZ,,4
TRE-SYN-A-0099-05,ORD-SYN-A-0099,SHP-SYN-A-0099,2026-06-11T08:32:09+08:00,arrived_at_hub,arrived_at_hub,CAR-SYN-FAST,HUB-SYN-01,CN-ZJ-HZ,,5
TRE-SYN-A-0099-06,ORD-SYN-A-0099,SHP-SYN-A-0099,2026-06-11T09:45:24+08:00,departed_hub,departed_hub,CAR-SYN-FAST,HUB-SYN-01,CN-ZJ-HZ,,6
TRE-SYN-A-0099-07,ORD-SYN-A-0099,SHP-SYN-A-0099,2026-06-12T01:17:51+08:00,arrived_at_destination_city,arrived_at_destination_city,CAR-SYN-FAST,DEST-CN-ZJ-HZ,CN-ZJ-HZ,,7
TRE-SYN-A-0099-08,ORD-SYN-A-0099,SHP-SYN-A-0099,2026-06-12T06:54:29+08:00,out_for_delivery,out_for_delivery,CAR-SYN-FAST,SITE-CN-ZJ-HZ,CN-ZJ-HZ,,8
TRE-SYN-A-0099-09,ORD-SYN-A-0099,SHP-SYN-A-0099,2026-06-12T08:27:32+08:00,delivered,delivered,CAR-SYN-FAST,SITE-CN-ZJ-HZ,CN-ZJ-HZ,,9
TRE-SYN-A-0100-01,ORD-SYN-A-0100,SHP-SYN-A-0100,2026-06-10T16:14:34+08:00,shipment_created,shipment_created,CAR-SYN-STD,ORIGIN-WH-SYN-EAST,CN-ZJ-HZ,,1
TRE-SYN-A-0100-02,ORD-SYN-A-0100,SHP-SYN-A-0100,2026-06-10T23:19:42+08:00,carrier_picked_up,carrier_picked_up,CAR-SYN-STD,ORIGIN-WH-SYN-EAST,CN-ZJ-HZ,,2
TRE-SYN-A-0100-03,ORD-SYN-A-0100,SHP-SYN-A-0100,2026-06-11T00:48:12+08:00,origin_departed,origin_departed,CAR-SYN-STD,ORIGIN-WH-SYN-EAST,CN-ZJ-HZ,,3
TRE-SYN-A-0100-04,ORD-SYN-A-0100,SHP-SYN-A-0100,2026-06-11T01:24:43+08:00,in_transit,in_transit,CAR-SYN-STD,LINEHAUL-SYN-01,CN-ZJ-HZ,,4
TRE-SYN-A-0100-05,ORD-SYN-A-0100,SHP-SYN-A-0100,2026-06-11T11:03:27+08:00,arrived_at_hub,arrived_at_hub,CAR-SYN-STD,HUB-SYN-01,CN-ZJ-HZ,,5
TRE-SYN-A-0100-06,ORD-SYN-A-0100,SHP-SYN-A-0100,2026-06-11T14:13:17+08:00,departed_hub,departed_hub,CAR-SYN-STD,HUB-SYN-01,CN-ZJ-HZ,,6
TRE-SYN-A-0100-07,ORD-SYN-A-0100,SHP-SYN-A-0100,2026-06-12T03:01:06+08:00,arrived_at_destination_city,arrived_at_destination_city,CAR-SYN-STD,DEST-CN-ZJ-HZ,CN-ZJ-HZ,,7
TRE-SYN-A-0100-08,ORD-SYN-A-0100,SHP-SYN-A-0100,2026-06-12T10:56:43+08:00,out_for_delivery,out_for_delivery,CAR-SYN-STD,SITE-CN-ZJ-HZ,CN-ZJ-HZ,,8
TRE-SYN-A-0100-09,ORD-SYN-A-0100,SHP-SYN-A-0100,2026-06-12T14:41:50+08:00,delivered,delivered,CAR-SYN-STD,SITE-CN-ZJ-HZ,CN-ZJ-HZ,,9
TRE-SYN-A-0101-01,ORD-SYN-A-0101,SHP-SYN-A-0101,2026-06-11T19:06:52+08:00,shipment_created,shipment_created,CAR-SYN-STD,ORIGIN-WH-SYN-WEST,CN-SD-QD,,1
TRE-SYN-A-0101-02,ORD-SYN-A-0101,SHP-SYN-A-0101,2026-06-11T21:46:23+08:00,carrier_picked_up,carrier_picked_up,CAR-SYN-STD,ORIGIN-WH-SYN-WEST,CN-SD-QD,,2
TRE-SYN-A-0101-03,ORD-SYN-A-0101,SHP-SYN-A-0101,2026-06-11T23:15:35+08:00,origin_departed,origin_departed,CAR-SYN-STD,ORIGIN-WH-SYN-WEST,CN-SD-QD,,3
TRE-SYN-A-0101-04,ORD-SYN-A-0101,SHP-SYN-A-0101,2026-06-12T00:17:04+08:00,in_transit,in_transit,CAR-SYN-STD,LINEHAUL-SYN-01,CN-SD-QD,,4
TRE-SYN-A-0101-05,ORD-SYN-A-0101,SHP-SYN-A-0101,2026-06-12T10:45:18+08:00,arrived_at_hub,arrived_at_hub,CAR-SYN-STD,HUB-SYN-01,CN-SD-QD,,5
TRE-SYN-A-0101-06,ORD-SYN-A-0101,SHP-SYN-A-0101,2026-06-12T13:00:58+08:00,departed_hub,departed_hub,CAR-SYN-STD,HUB-SYN-01,CN-SD-QD,,6
TRE-SYN-A-0101-07,ORD-SYN-A-0101,SHP-SYN-A-0101,2026-06-13T00:52:56+08:00,arrived_at_destination_city,arrived_at_destination_city,CAR-SYN-STD,DEST-CN-SD-QD,CN-SD-QD,,7
TRE-SYN-A-0101-08,ORD-SYN-A-0101,SHP-SYN-A-0101,2026-06-13T04:03:03+08:00,out_for_delivery,out_for_delivery,CAR-SYN-STD,SITE-CN-SD-QD,CN-SD-QD,,8
TRE-SYN-A-0101-09,ORD-SYN-A-0101,SHP-SYN-A-0101,2026-06-13T05:06:58+08:00,delivered,delivered,CAR-SYN-STD,SITE-CN-SD-QD,CN-SD-QD,,9
TRE-SYN-A-0102-01,ORD-SYN-A-0102,SHP-SYN-A-0102,2026-06-11T22:09:50+08:00,shipment_created,shipment_created,CAR-SYN-FAST,ORIGIN-WH-SYN-EAST,CN-HB-WH,,1
TRE-SYN-A-0102-02,ORD-SYN-A-0102,SHP-SYN-A-0102,2026-06-12T04:07:09+08:00,carrier_picked_up,carrier_picked_up,CAR-SYN-FAST,ORIGIN-WH-SYN-EAST,CN-HB-WH,,2
TRE-SYN-A-0102-03,ORD-SYN-A-0102,SHP-SYN-A-0102,2026-06-12T05:27:00+08:00,origin_departed,origin_departed,CAR-SYN-FAST,ORIGIN-WH-SYN-EAST,CN-HB-WH,,3
TRE-SYN-A-0102-04,ORD-SYN-A-0102,SHP-SYN-A-0102,2026-06-12T06:14:24+08:00,in_transit,in_transit,CAR-SYN-FAST,LINEHAUL-SYN-01,CN-HB-WH,,4
TRE-SYN-A-0102-05,ORD-SYN-A-0102,SHP-SYN-A-0102,2026-06-12T15:27:02+08:00,arrived_at_hub,arrived_at_hub,CAR-SYN-FAST,HUB-SYN-01,CN-HB-WH,,5
TRE-SYN-A-0102-06,ORD-SYN-A-0102,SHP-SYN-A-0102,2026-06-12T18:29:58+08:00,departed_hub,departed_hub,CAR-SYN-FAST,HUB-SYN-01,CN-HB-WH,,6
TRE-SYN-A-0102-07,ORD-SYN-A-0102,SHP-SYN-A-0102,2026-06-13T04:42:33+08:00,arrived_at_destination_city,arrived_at_destination_city,CAR-SYN-FAST,DEST-CN-HB-WH,CN-HB-WH,,7
TRE-SYN-A-0102-08,ORD-SYN-A-0102,SHP-SYN-A-0102,2026-06-13T10:47:34+08:00,out_for_delivery,out_for_delivery,CAR-SYN-FAST,SITE-CN-HB-WH,CN-HB-WH,,8
TRE-SYN-A-0102-09,ORD-SYN-A-0102,SHP-SYN-A-0102,2026-06-13T11:50:40+08:00,delivered,delivered,CAR-SYN-FAST,SITE-CN-HB-WH,CN-HB-WH,,9
TRE-SYN-A-0103-01,ORD-SYN-A-0103,SHP-SYN-A-0103,2026-06-11T14:17:47+08:00,shipment_created,shipment_created,CAR-SYN-FAST,ORIGIN-WH-SYN-EAST,CN-SD-QD,,1
TRE-SYN-A-0103-02,ORD-SYN-A-0103,SHP-SYN-A-0103,2026-06-11T18:43:50+08:00,carrier_picked_up,carrier_picked_up,CAR-SYN-FAST,ORIGIN-WH-SYN-EAST,CN-SD-QD,,2
TRE-SYN-A-0103-03,ORD-SYN-A-0103,SHP-SYN-A-0103,2026-06-11T20:05:57+08:00,origin_departed,origin_departed,CAR-SYN-FAST,ORIGIN-WH-SYN-EAST,CN-SD-QD,,3
TRE-SYN-A-0103-04,ORD-SYN-A-0103,SHP-SYN-A-0103,2026-06-11T21:05:23+08:00,in_transit,in_transit,CAR-SYN-FAST,LINEHAUL-SYN-01,CN-SD-QD,,4
TRE-SYN-A-0103-05,ORD-SYN-A-0103,SHP-SYN-A-0103,2026-06-12T07:26:33+08:00,arrived_at_hub,arrived_at_hub,CAR-SYN-FAST,HUB-SYN-01,CN-SD-QD,,5
TRE-SYN-A-0103-06,ORD-SYN-A-0103,SHP-SYN-A-0103,2026-06-12T09:26:48+08:00,departed_hub,departed_hub,CAR-SYN-FAST,HUB-SYN-01,CN-SD-QD,,6
TRE-SYN-A-0103-07,ORD-SYN-A-0103,SHP-SYN-A-0103,2026-06-12T20:29:05+08:00,arrived_at_destination_city,arrived_at_destination_city,CAR-SYN-FAST,DEST-CN-SD-QD,CN-SD-QD,,7
TRE-SYN-A-0103-08,ORD-SYN-A-0103,SHP-SYN-A-0103,2026-06-12T22:44:10+08:00,out_for_delivery,out_for_delivery,CAR-SYN-FAST,SITE-CN-SD-QD,CN-SD-QD,,8
TRE-SYN-A-0103-09,ORD-SYN-A-0103,SHP-SYN-A-0103,2026-06-13T01:06:16+08:00,delivered,delivered,CAR-SYN-FAST,SITE-CN-SD-QD,CN-SD-QD,,9
TRE-SYN-A-0104-01,ORD-SYN-A-0104,SHP-SYN-A-0104,2026-06-11T17:51:17+08:00,shipment_created,shipment_created,CAR-SYN-FAST,ORIGIN-WH-SYN-EAST,CN-ZJ-HZ,,1
TRE-SYN-A-0104-02,ORD-SYN-A-0104,SHP-SYN-A-0104,2026-06-11T22:43:04+08:00,carrier_picked_up,carrier_picked_up,CAR-SYN-FAST,ORIGIN-WH-SYN-EAST,CN-ZJ-HZ,,2
TRE-SYN-A-0104-03,ORD-SYN-A-0104,SHP-SYN-A-0104,2026-06-12T00:09:39+08:00,origin_departed,origin_departed,CAR-SYN-FAST,ORIGIN-WH-SYN-EAST,CN-ZJ-HZ,,3
TRE-SYN-A-0104-04,ORD-SYN-A-0104,SHP-SYN-A-0104,2026-06-12T01:08:13+08:00,in_transit,in_transit,CAR-SYN-FAST,LINEHAUL-SYN-01,CN-ZJ-HZ,,4
TRE-SYN-A-0104-05,ORD-SYN-A-0104,SHP-SYN-A-0104,2026-06-12T11:07:17+08:00,arrived_at_hub,arrived_at_hub,CAR-SYN-FAST,HUB-SYN-01,CN-ZJ-HZ,,5
TRE-SYN-A-0104-06,ORD-SYN-A-0104,SHP-SYN-A-0104,2026-06-12T13:18:49+08:00,departed_hub,departed_hub,CAR-SYN-FAST,HUB-SYN-01,CN-ZJ-HZ,,6
TRE-SYN-A-0104-07,ORD-SYN-A-0104,SHP-SYN-A-0104,2026-06-13T01:13:05+08:00,arrived_at_destination_city,arrived_at_destination_city,CAR-SYN-FAST,DEST-CN-ZJ-HZ,CN-ZJ-HZ,,7
TRE-SYN-A-0104-08,ORD-SYN-A-0104,SHP-SYN-A-0104,2026-06-13T07:12:40+08:00,out_for_delivery,out_for_delivery,CAR-SYN-FAST,SITE-CN-ZJ-HZ,CN-ZJ-HZ,,8
TRE-SYN-A-0104-09,ORD-SYN-A-0104,SHP-SYN-A-0104,2026-06-13T11:06:44+08:00,delivered,delivered,CAR-SYN-FAST,SITE-CN-ZJ-HZ,CN-ZJ-HZ,,9
TRE-SYN-A-0105-01,ORD-SYN-A-0105,SHP-SYN-A-0105,2026-06-11T20:24:51+08:00,shipment_created,shipment_created,CAR-SYN-STD,ORIGIN-WH-SYN-WEST,CN-SD-QD,,1
TRE-SYN-A-0105-02,ORD-SYN-A-0105,SHP-SYN-A-0105,2026-06-11T23:20:38+08:00,carrier_picked_up,carrier_picked_up,CAR-SYN-STD,ORIGIN-WH-SYN-WEST,CN-SD-QD,,2
TRE-SYN-A-0105-03,ORD-SYN-A-0105,SHP-SYN-A-0105,2026-06-12T00:23:57+08:00,origin_departed,origin_departed,CAR-SYN-STD,ORIGIN-WH-SYN-WEST,CN-SD-QD,,3
TRE-SYN-A-0105-04,ORD-SYN-A-0105,SHP-SYN-A-0105,2026-06-12T01:08:49+08:00,in_transit,in_transit,CAR-SYN-STD,LINEHAUL-SYN-01,CN-SD-QD,,4
TRE-SYN-A-0105-05,ORD-SYN-A-0105,SHP-SYN-A-0105,2026-06-12T12:12:56+08:00,arrived_at_hub,arrived_at_hub,CAR-SYN-STD,HUB-SYN-01,CN-SD-QD,,5
TRE-SYN-A-0105-06,ORD-SYN-A-0105,SHP-SYN-A-0105,2026-06-12T15:12:42+08:00,departed_hub,departed_hub,CAR-SYN-STD,HUB-SYN-01,CN-SD-QD,,6
TRE-SYN-A-0105-07,ORD-SYN-A-0105,SHP-SYN-A-0105,2026-06-13T02:05:09+08:00,arrived_at_destination_city,arrived_at_destination_city,CAR-SYN-STD,DEST-CN-SD-QD,CN-SD-QD,,7
TRE-SYN-A-0105-08,ORD-SYN-A-0105,SHP-SYN-A-0105,2026-06-13T07:18:07+08:00,out_for_delivery,out_for_delivery,CAR-SYN-STD,SITE-CN-SD-QD,CN-SD-QD,,8
TRE-SYN-A-0105-09,ORD-SYN-A-0105,SHP-SYN-A-0105,2026-06-13T10:57:53+08:00,delivered,delivered,CAR-SYN-STD,SITE-CN-SD-QD,CN-SD-QD,,9
TRE-SYN-A-0106-01,ORD-SYN-A-0106,SHP-SYN-A-0106,2026-06-11T23:32:05+08:00,shipment_created,shipment_created,CAR-SYN-FAST,ORIGIN-WH-SYN-WEST,CN-ZJ-HZ,,1
TRE-SYN-A-0106-02,ORD-SYN-A-0106,SHP-SYN-A-0106,2026-06-12T04:27:20+08:00,carrier_picked_up,carrier_picked_up,CAR-SYN-FAST,ORIGIN-WH-SYN-WEST,CN-ZJ-HZ,,2
TRE-SYN-A-0106-03,ORD-SYN-A-0106,SHP-SYN-A-0106,2026-06-12T05:02:00+08:00,origin_departed,origin_departed,CAR-SYN-FAST,ORIGIN-WH-SYN-WEST,CN-ZJ-HZ,,3
TRE-SYN-A-0106-04,ORD-SYN-A-0106,SHP-SYN-A-0106,2026-06-12T06:08:42+08:00,in_transit,in_transit,CAR-SYN-FAST,LINEHAUL-SYN-01,CN-ZJ-HZ,,4
TRE-SYN-A-0106-05,ORD-SYN-A-0106,SHP-SYN-A-0106,2026-06-12T15:05:07+08:00,arrived_at_hub,arrived_at_hub,CAR-SYN-FAST,HUB-SYN-01,CN-ZJ-HZ,,5
TRE-SYN-A-0106-06,ORD-SYN-A-0106,SHP-SYN-A-0106,2026-06-12T17:03:19+08:00,departed_hub,departed_hub,CAR-SYN-FAST,HUB-SYN-01,CN-ZJ-HZ,,6
TRE-SYN-A-0106-07,ORD-SYN-A-0106,SHP-SYN-A-0106,2026-06-13T03:46:06+08:00,arrived_at_destination_city,arrived_at_destination_city,CAR-SYN-FAST,DEST-CN-ZJ-HZ,CN-ZJ-HZ,,7
TRE-SYN-A-0106-08,ORD-SYN-A-0106,SHP-SYN-A-0106,2026-06-13T05:57:01+08:00,out_for_delivery,out_for_delivery,CAR-SYN-FAST,SITE-CN-ZJ-HZ,CN-ZJ-HZ,,8
TRE-SYN-A-0106-09,ORD-SYN-A-0106,SHP-SYN-A-0106,2026-06-13T08:18:12+08:00,delivered,delivered,CAR-SYN-FAST,SITE-CN-ZJ-HZ,CN-ZJ-HZ,,9
TRE-SYN-A-0107-01,ORD-SYN-A-0107,SHP-SYN-A-0107,2026-06-11T14:57:24+08:00,shipment_created,shipment_created,CAR-SYN-FAST,ORIGIN-WH-SYN-WEST,CN-ZJ-HZ,,1
TRE-SYN-A-0107-02,ORD-SYN-A-0107,SHP-SYN-A-0107,2026-06-11T17:49:24+08:00,carrier_picked_up,carrier_picked_up,CAR-SYN-FAST,ORIGIN-WH-SYN-WEST,CN-ZJ-HZ,,2
TRE-SYN-A-0107-03,ORD-SYN-A-0107,SHP-SYN-A-0107,2026-06-11T19:06:23+08:00,origin_departed,origin_departed,CAR-SYN-FAST,ORIGIN-WH-SYN-WEST,CN-ZJ-HZ,,3
TRE-SYN-A-0107-04,ORD-SYN-A-0107,SHP-SYN-A-0107,2026-06-11T20:35:39+08:00,in_transit,in_transit,CAR-SYN-FAST,LINEHAUL-SYN-01,CN-ZJ-HZ,,4
TRE-SYN-A-0107-05,ORD-SYN-A-0107,SHP-SYN-A-0107,2026-06-12T02:15:45+08:00,arrived_at_hub,arrived_at_hub,CAR-SYN-FAST,HUB-SYN-01,CN-ZJ-HZ,,5
TRE-SYN-A-0107-06,ORD-SYN-A-0107,SHP-SYN-A-0107,2026-06-12T04:10:44+08:00,departed_hub,departed_hub,CAR-SYN-FAST,HUB-SYN-01,CN-ZJ-HZ,,6
TRE-SYN-A-0107-07,ORD-SYN-A-0107,SHP-SYN-A-0107,2026-06-12T15:44:58+08:00,arrived_at_destination_city,arrived_at_destination_city,CAR-SYN-FAST,DEST-CN-ZJ-HZ,CN-ZJ-HZ,,7
TRE-SYN-A-0107-08,ORD-SYN-A-0107,SHP-SYN-A-0107,2026-06-12T22:22:34+08:00,out_for_delivery,out_for_delivery,CAR-SYN-FAST,SITE-CN-ZJ-HZ,CN-ZJ-HZ,,8
TRE-SYN-A-0107-09,ORD-SYN-A-0107,SHP-SYN-A-0107,2026-06-12T23:47:14+08:00,delivered,delivered,CAR-SYN-FAST,SITE-CN-ZJ-HZ,CN-ZJ-HZ,,9
TRE-SYN-A-0108-01,ORD-SYN-A-0108,SHP-SYN-A-0108,2026-06-11T17:54:34+08:00,shipment_created,shipment_created,CAR-SYN-ECON,ORIGIN-WH-SYN-WEST,CN-SD-QD,,1
TRE-SYN-A-0108-02,ORD-SYN-A-0108,SHP-SYN-A-0108,2026-06-11T21:05:32+08:00,carrier_picked_up,carrier_picked_up,CAR-SYN-ECON,ORIGIN-WH-SYN-WEST,CN-SD-QD,,2
TRE-SYN-A-0108-03,ORD-SYN-A-0108,SHP-SYN-A-0108,2026-06-11T22:05:04+08:00,origin_departed,origin_departed,CAR-SYN-ECON,ORIGIN-WH-SYN-WEST,CN-SD-QD,,3
TRE-SYN-A-0108-04,ORD-SYN-A-0108,SHP-SYN-A-0108,2026-06-11T22:37:56+08:00,in_transit,in_transit,CAR-SYN-ECON,LINEHAUL-SYN-01,CN-SD-QD,,4
TRE-SYN-A-0108-05,ORD-SYN-A-0108,SHP-SYN-A-0108,2026-06-12T10:05:26+08:00,arrived_at_hub,arrived_at_hub,CAR-SYN-ECON,HUB-SYN-01,CN-SD-QD,,5
TRE-SYN-A-0108-06,ORD-SYN-A-0108,SHP-SYN-A-0108,2026-06-12T11:23:54+08:00,departed_hub,departed_hub,CAR-SYN-ECON,HUB-SYN-01,CN-SD-QD,,6
TRE-SYN-A-0108-07,ORD-SYN-A-0108,SHP-SYN-A-0108,2026-06-12T21:43:26+08:00,arrived_at_destination_city,arrived_at_destination_city,CAR-SYN-ECON,DEST-CN-SD-QD,CN-SD-QD,,7
TRE-SYN-A-0108-08,ORD-SYN-A-0108,SHP-SYN-A-0108,2026-06-13T03:49:22+08:00,out_for_delivery,out_for_delivery,CAR-SYN-ECON,SITE-CN-SD-QD,CN-SD-QD,,8
TRE-SYN-A-0108-09,ORD-SYN-A-0108,SHP-SYN-A-0108,2026-06-13T07:20:32+08:00,delivered,delivered,CAR-SYN-ECON,SITE-CN-SD-QD,CN-SD-QD,,9
TRE-SYN-A-0109-01,ORD-SYN-A-0109,SHP-SYN-A-0109,2026-06-11T21:58:39+08:00,shipment_created,shipment_created,CAR-SYN-ECON,ORIGIN-WH-SYN-WEST,CN-ZJ-HZ,,1
TRE-SYN-A-0109-02,ORD-SYN-A-0109,SHP-SYN-A-0109,2026-06-12T03:45:23+08:00,carrier_picked_up,carrier_picked_up,CAR-SYN-ECON,ORIGIN-WH-SYN-WEST,CN-ZJ-HZ,,2
TRE-SYN-A-0109-03,ORD-SYN-A-0109,SHP-SYN-A-0109,2026-06-12T05:09:37+08:00,origin_departed,origin_departed,CAR-SYN-ECON,ORIGIN-WH-SYN-WEST,CN-ZJ-HZ,,3
TRE-SYN-A-0109-04,ORD-SYN-A-0109,SHP-SYN-A-0109,2026-06-12T06:14:39+08:00,in_transit,in_transit,CAR-SYN-ECON,LINEHAUL-SYN-01,CN-ZJ-HZ,,4
TRE-SYN-A-0109-05,ORD-SYN-A-0109,SHP-SYN-A-0109,2026-06-12T14:02:53+08:00,arrived_at_hub,arrived_at_hub,CAR-SYN-ECON,HUB-SYN-01,CN-ZJ-HZ,,5
TRE-SYN-A-0109-06,ORD-SYN-A-0109,SHP-SYN-A-0109,2026-06-12T17:14:12+08:00,departed_hub,departed_hub,CAR-SYN-ECON,HUB-SYN-01,CN-ZJ-HZ,,6
TRE-SYN-A-0109-07,ORD-SYN-A-0109,SHP-SYN-A-0109,2026-06-13T04:36:01+08:00,arrived_at_destination_city,arrived_at_destination_city,CAR-SYN-ECON,DEST-CN-ZJ-HZ,CN-ZJ-HZ,,7
TRE-SYN-A-0109-08,ORD-SYN-A-0109,SHP-SYN-A-0109,2026-06-13T10:20:14+08:00,out_for_delivery,out_for_delivery,CAR-SYN-ECON,SITE-CN-ZJ-HZ,CN-ZJ-HZ,,8
TRE-SYN-A-0109-09,ORD-SYN-A-0109,SHP-SYN-A-0109,2026-06-13T13:38:25+08:00,delivered,delivered,CAR-SYN-ECON,SITE-CN-ZJ-HZ,CN-ZJ-HZ,,9
TRE-SYN-A-0110-01,ORD-SYN-A-0110,SHP-SYN-A-0110,2026-06-11T13:20:22+08:00,shipment_created,shipment_created,CAR-SYN-ECON,ORIGIN-WH-SYN-WEST,CN-ZJ-HZ,,1
TRE-SYN-A-0110-02,ORD-SYN-A-0110,SHP-SYN-A-0110,2026-06-11T16:36:13+08:00,carrier_picked_up,carrier_picked_up,CAR-SYN-ECON,ORIGIN-WH-SYN-WEST,CN-ZJ-HZ,,2
TRE-SYN-A-0110-03,ORD-SYN-A-0110,SHP-SYN-A-0110,2026-06-11T17:43:14+08:00,origin_departed,origin_departed,CAR-SYN-ECON,ORIGIN-WH-SYN-WEST,CN-ZJ-HZ,,3
TRE-SYN-A-0110-04,ORD-SYN-A-0110,SHP-SYN-A-0110,2026-06-11T19:10:53+08:00,in_transit,in_transit,CAR-SYN-ECON,LINEHAUL-SYN-01,CN-ZJ-HZ,,4
TRE-SYN-A-0110-05,ORD-SYN-A-0110,SHP-SYN-A-0110,2026-06-12T02:19:51+08:00,arrived_at_hub,arrived_at_hub,CAR-SYN-ECON,HUB-SYN-01,CN-ZJ-HZ,,5
TRE-SYN-A-0110-06,ORD-SYN-A-0110,SHP-SYN-A-0110,2026-06-12T03:28:50+08:00,departed_hub,departed_hub,CAR-SYN-ECON,HUB-SYN-01,CN-ZJ-HZ,,6
TRE-SYN-A-0110-07,ORD-SYN-A-0110,SHP-SYN-A-0110,2026-06-12T15:56:20+08:00,arrived_at_destination_city,arrived_at_destination_city,CAR-SYN-ECON,DEST-CN-ZJ-HZ,CN-ZJ-HZ,,7
TRE-SYN-A-0110-08,ORD-SYN-A-0110,SHP-SYN-A-0110,2026-06-12T22:46:07+08:00,out_for_delivery,out_for_delivery,CAR-SYN-ECON,SITE-CN-ZJ-HZ,CN-ZJ-HZ,,8
TRE-SYN-A-0110-09,ORD-SYN-A-0110,SHP-SYN-A-0110,2026-06-13T00:48:45+08:00,delivered,delivered,CAR-SYN-ECON,SITE-CN-ZJ-HZ,CN-ZJ-HZ,,9
TRE-SYN-A-0111-01,ORD-SYN-A-0111,SHP-SYN-A-0111,2026-06-12T16:36:57+08:00,shipment_created,shipment_created,CAR-SYN-FAST,ORIGIN-WH-SYN-EAST,CN-JS-NJ,,1
TRE-SYN-A-0111-02,ORD-SYN-A-0111,SHP-SYN-A-0111,2026-06-13T12:04:49+08:00,carrier_picked_up,carrier_picked_up,CAR-SYN-FAST,ORIGIN-WH-SYN-EAST,CN-JS-NJ,,2
TRE-SYN-A-0111-03,ORD-SYN-A-0111,SHP-SYN-A-0111,2026-06-13T13:11:57+08:00,origin_departed,origin_departed,CAR-SYN-FAST,ORIGIN-WH-SYN-EAST,CN-JS-NJ,,3
TRE-SYN-A-0111-04,ORD-SYN-A-0111,SHP-SYN-A-0111,2026-06-13T14:26:50+08:00,in_transit,in_transit,CAR-SYN-FAST,LINEHAUL-SYN-01,CN-JS-NJ,,4
TRE-SYN-A-0111-05,ORD-SYN-A-0111,SHP-SYN-A-0111,2026-06-13T22:30:07+08:00,arrived_at_hub,arrived_at_hub,CAR-SYN-FAST,HUB-SYN-01,CN-JS-NJ,,5
TRE-SYN-A-0111-06,ORD-SYN-A-0111,SHP-SYN-A-0111,2026-06-14T00:28:28+08:00,departed_hub,departed_hub,CAR-SYN-FAST,HUB-SYN-01,CN-JS-NJ,,6
TRE-SYN-A-0111-07,ORD-SYN-A-0111,SHP-SYN-A-0111,2026-06-14T10:10:41+08:00,arrived_at_destination_city,arrived_at_destination_city,CAR-SYN-FAST,DEST-CN-JS-NJ,CN-JS-NJ,,7
TRE-SYN-A-0111-08,ORD-SYN-A-0111,SHP-SYN-A-0111,2026-06-14T15:28:21+08:00,out_for_delivery,out_for_delivery,CAR-SYN-FAST,SITE-CN-JS-NJ,CN-JS-NJ,,8
TRE-SYN-A-0111-09,ORD-SYN-A-0111,SHP-SYN-A-0111,2026-06-14T20:33:00+08:00,delivered,delivered,CAR-SYN-FAST,SITE-CN-JS-NJ,CN-JS-NJ,,9
TRE-SYN-A-0112-01,ORD-SYN-A-0112,SHP-SYN-A-0112,2026-06-12T19:11:38+08:00,shipment_created,shipment_created,CAR-SYN-ECON,ORIGIN-WH-SYN-EAST,CN-ZJ-HZ,,1
TRE-SYN-A-0112-02,ORD-SYN-A-0112,SHP-SYN-A-0112,2026-06-13T01:41:55+08:00,carrier_picked_up,carrier_picked_up,CAR-SYN-ECON,ORIGIN-WH-SYN-EAST,CN-ZJ-HZ,,2
TRE-SYN-A-0112-03,ORD-SYN-A-0112,SHP-SYN-A-0112,2026-06-13T02:18:13+08:00,origin_departed,origin_departed,CAR-SYN-ECON,ORIGIN-WH-SYN-EAST,CN-ZJ-HZ,,3
TRE-SYN-A-0112-04,ORD-SYN-A-0112,SHP-SYN-A-0112,2026-06-13T03:43:08+08:00,in_transit,in_transit,CAR-SYN-ECON,LINEHAUL-SYN-01,CN-ZJ-HZ,,4
TRE-SYN-A-0112-05,ORD-SYN-A-0112,SHP-SYN-A-0112,2026-06-13T13:39:11+08:00,arrived_at_hub,arrived_at_hub,CAR-SYN-ECON,HUB-SYN-01,CN-ZJ-HZ,,5
TRE-SYN-A-0112-06,ORD-SYN-A-0112,SHP-SYN-A-0112,2026-06-13T15:04:40+08:00,departed_hub,departed_hub,CAR-SYN-ECON,HUB-SYN-01,CN-ZJ-HZ,,6
TRE-SYN-A-0112-07,ORD-SYN-A-0112,SHP-SYN-A-0112,2026-06-14T04:05:24+08:00,arrived_at_destination_city,arrived_at_destination_city,CAR-SYN-ECON,DEST-CN-ZJ-HZ,CN-ZJ-HZ,,7
TRE-SYN-A-0112-08,ORD-SYN-A-0112,SHP-SYN-A-0112,2026-06-14T11:10:56+08:00,out_for_delivery,out_for_delivery,CAR-SYN-ECON,SITE-CN-ZJ-HZ,CN-ZJ-HZ,,8
TRE-SYN-A-0112-09,ORD-SYN-A-0112,SHP-SYN-A-0112,2026-06-14T16:37:11+08:00,delivered,delivered,CAR-SYN-ECON,SITE-CN-ZJ-HZ,CN-ZJ-HZ,,9
TRE-SYN-A-0113-01,ORD-SYN-A-0113,SHP-SYN-A-0113,2026-06-12T22:25:47+08:00,shipment_created,shipment_created,CAR-SYN-FAST,ORIGIN-WH-SYN-EAST,CN-SD-QD,,1
TRE-SYN-A-0113-02,ORD-SYN-A-0113,SHP-SYN-A-0113,2026-06-13T02:46:01+08:00,carrier_picked_up,carrier_picked_up,CAR-SYN-FAST,ORIGIN-WH-SYN-EAST,CN-SD-QD,,2
TRE-SYN-A-0113-03,ORD-SYN-A-0113,SHP-SYN-A-0113,2026-06-13T03:42:07+08:00,origin_departed,origin_departed,CAR-SYN-FAST,ORIGIN-WH-SYN-EAST,CN-SD-QD,,3
TRE-SYN-A-0113-04,ORD-SYN-A-0113,SHP-SYN-A-0113,2026-06-13T04:14:39+08:00,in_transit,in_transit,CAR-SYN-FAST,LINEHAUL-SYN-01,CN-SD-QD,,4
TRE-SYN-A-0113-05,ORD-SYN-A-0113,SHP-SYN-A-0113,2026-06-13T11:38:16+08:00,arrived_at_hub,arrived_at_hub,CAR-SYN-FAST,HUB-SYN-01,CN-SD-QD,,5
TRE-SYN-A-0113-06,ORD-SYN-A-0113,SHP-SYN-A-0113,2026-06-13T14:26:23+08:00,departed_hub,departed_hub,CAR-SYN-FAST,HUB-SYN-01,CN-SD-QD,,6
TRE-SYN-A-0113-07,ORD-SYN-A-0113,SHP-SYN-A-0113,2026-06-14T06:22:41+08:00,arrived_at_destination_city,arrived_at_destination_city,CAR-SYN-FAST,DEST-CN-SD-QD,CN-SD-QD,,7
TRE-SYN-A-0113-08,ORD-SYN-A-0113,SHP-SYN-A-0113,2026-06-14T09:51:21+08:00,out_for_delivery,out_for_delivery,CAR-SYN-FAST,SITE-CN-SD-QD,CN-SD-QD,,8
TRE-SYN-A-0113-09,ORD-SYN-A-0113,SHP-SYN-A-0113,2026-06-14T11:58:55+08:00,delivered,delivered,CAR-SYN-FAST,SITE-CN-SD-QD,CN-SD-QD,,9
TRE-SYN-A-0114-01,ORD-SYN-A-0114,SHP-SYN-A-0114,2026-06-12T14:06:51+08:00,shipment_created,shipment_created,CAR-SYN-FAST,ORIGIN-WH-SYN-EAST,CN-ZJ-HZ,,1
TRE-SYN-A-0114-02,ORD-SYN-A-0114,SHP-SYN-A-0114,2026-06-12T20:59:15+08:00,carrier_picked_up,carrier_picked_up,CAR-SYN-FAST,ORIGIN-WH-SYN-EAST,CN-ZJ-HZ,,2
TRE-SYN-A-0114-03,ORD-SYN-A-0114,SHP-SYN-A-0114,2026-06-12T22:15:48+08:00,origin_departed,origin_departed,CAR-SYN-FAST,ORIGIN-WH-SYN-EAST,CN-ZJ-HZ,,3
TRE-SYN-A-0114-04,ORD-SYN-A-0114,SHP-SYN-A-0114,2026-06-12T22:55:30+08:00,in_transit,in_transit,CAR-SYN-FAST,LINEHAUL-SYN-01,CN-ZJ-HZ,,4
TRE-SYN-A-0114-05,ORD-SYN-A-0114,SHP-SYN-A-0114,2026-06-13T06:25:33+08:00,arrived_at_hub,arrived_at_hub,CAR-SYN-FAST,HUB-SYN-01,CN-ZJ-HZ,,5
TRE-SYN-A-0114-06,ORD-SYN-A-0114,SHP-SYN-A-0114,2026-06-13T09:23:44+08:00,departed_hub,departed_hub,CAR-SYN-FAST,HUB-SYN-01,CN-ZJ-HZ,,6
TRE-SYN-A-0114-07,ORD-SYN-A-0114,SHP-SYN-A-0114,2026-06-13T20:49:19+08:00,arrived_at_destination_city,arrived_at_destination_city,CAR-SYN-FAST,DEST-CN-ZJ-HZ,CN-ZJ-HZ,,7
TRE-SYN-A-0114-08,ORD-SYN-A-0114,SHP-SYN-A-0114,2026-06-14T04:11:23+08:00,out_for_delivery,out_for_delivery,CAR-SYN-FAST,SITE-CN-ZJ-HZ,CN-ZJ-HZ,,8
TRE-SYN-A-0114-09,ORD-SYN-A-0114,SHP-SYN-A-0114,2026-06-14T05:14:02+08:00,delivered,delivered,CAR-SYN-FAST,SITE-CN-ZJ-HZ,CN-ZJ-HZ,,9
TRE-SYN-A-0115-01,ORD-SYN-A-0115,SHP-SYN-A-0115,2026-06-12T17:16:08+08:00,shipment_created,shipment_created,CAR-SYN-FAST,ORIGIN-WH-SYN-WEST,CN-ZJ-HZ,,1
TRE-SYN-A-0115-02,ORD-SYN-A-0115,SHP-SYN-A-0115,2026-06-12T23:01:48+08:00,carrier_picked_up,carrier_picked_up,CAR-SYN-FAST,ORIGIN-WH-SYN-WEST,CN-ZJ-HZ,,2
TRE-SYN-A-0115-03,ORD-SYN-A-0115,SHP-SYN-A-0115,2026-06-13T00:23:41+08:00,origin_departed,origin_departed,CAR-SYN-FAST,ORIGIN-WH-SYN-WEST,CN-ZJ-HZ,,3
TRE-SYN-A-0115-04,ORD-SYN-A-0115,SHP-SYN-A-0115,2026-06-13T01:37:01+08:00,in_transit,in_transit,CAR-SYN-FAST,LINEHAUL-SYN-01,CN-ZJ-HZ,,4
TRE-SYN-A-0115-05,ORD-SYN-A-0115,SHP-SYN-A-0115,2026-06-13T08:27:03+08:00,arrived_at_hub,arrived_at_hub,CAR-SYN-FAST,HUB-SYN-01,CN-ZJ-HZ,,5
TRE-SYN-A-0115-06,ORD-SYN-A-0115,SHP-SYN-A-0115,2026-06-13T09:50:41+08:00,departed_hub,departed_hub,CAR-SYN-FAST,HUB-SYN-01,CN-ZJ-HZ,,6
TRE-SYN-A-0115-07,ORD-SYN-A-0115,SHP-SYN-A-0115,2026-06-13T18:11:43+08:00,arrived_at_destination_city,arrived_at_destination_city,CAR-SYN-FAST,DEST-CN-ZJ-HZ,CN-ZJ-HZ,,7
TRE-SYN-A-0115-08,ORD-SYN-A-0115,SHP-SYN-A-0115,2026-06-14T01:58:04+08:00,out_for_delivery,out_for_delivery,CAR-SYN-FAST,SITE-CN-ZJ-HZ,CN-ZJ-HZ,,8
TRE-SYN-A-0115-09,ORD-SYN-A-0115,SHP-SYN-A-0115,2026-06-14T06:10:18+08:00,delivered,delivered,CAR-SYN-FAST,SITE-CN-ZJ-HZ,CN-ZJ-HZ,,9
TRE-SYN-A-0116-01,ORD-SYN-A-0116,SHP-SYN-A-0116,2026-06-12T20:41:43+08:00,shipment_created,shipment_created,CAR-SYN-STD,ORIGIN-WH-SYN-WEST,CN-JS-NJ,,1
TRE-SYN-A-0116-02,ORD-SYN-A-0116,SHP-SYN-A-0116,2026-06-13T02:23:25+08:00,carrier_picked_up,carrier_picked_up,CAR-SYN-STD,ORIGIN-WH-SYN-WEST,CN-JS-NJ,,2
TRE-SYN-A-0116-03,ORD-SYN-A-0116,SHP-SYN-A-0116,2026-06-13T03:50:45+08:00,origin_departed,origin_departed,CAR-SYN-STD,ORIGIN-WH-SYN-WEST,CN-JS-NJ,,3
TRE-SYN-A-0116-04,ORD-SYN-A-0116,SHP-SYN-A-0116,2026-06-13T04:44:14+08:00,in_transit,in_transit,CAR-SYN-STD,LINEHAUL-SYN-01,CN-JS-NJ,,4
TRE-SYN-A-0116-05,ORD-SYN-A-0116,SHP-SYN-A-0116,2026-06-13T13:20:04+08:00,arrived_at_hub,arrived_at_hub,CAR-SYN-STD,HUB-SYN-01,CN-JS-NJ,,5
TRE-SYN-A-0116-06,ORD-SYN-A-0116,SHP-SYN-A-0116,2026-06-13T14:29:32+08:00,departed_hub,departed_hub,CAR-SYN-STD,HUB-SYN-01,CN-JS-NJ,,6
TRE-SYN-A-0116-07,ORD-SYN-A-0116,SHP-SYN-A-0116,2026-06-14T04:28:48+08:00,arrived_at_destination_city,arrived_at_destination_city,CAR-SYN-STD,DEST-CN-JS-NJ,CN-JS-NJ,,7
TRE-SYN-A-0116-08,ORD-SYN-A-0116,SHP-SYN-A-0116,2026-06-14T06:41:04+08:00,out_for_delivery,out_for_delivery,CAR-SYN-STD,SITE-CN-JS-NJ,CN-JS-NJ,,8
TRE-SYN-A-0116-09,ORD-SYN-A-0116,SHP-SYN-A-0116,2026-06-14T09:28:35+08:00,delivered,delivered,CAR-SYN-STD,SITE-CN-JS-NJ,CN-JS-NJ,,9
TRE-SYN-A-0117-01,ORD-SYN-A-0117,SHP-SYN-A-0117,2026-06-12T22:57:33+08:00,shipment_created,shipment_created,CAR-SYN-FAST,ORIGIN-WH-SYN-EAST,CN-JS-NJ,,1
TRE-SYN-A-0117-02,ORD-SYN-A-0117,SHP-SYN-A-0117,2026-06-13T05:07:50+08:00,carrier_picked_up,carrier_picked_up,CAR-SYN-FAST,ORIGIN-WH-SYN-EAST,CN-JS-NJ,,2
TRE-SYN-A-0117-03,ORD-SYN-A-0117,SHP-SYN-A-0117,2026-06-13T06:06:19+08:00,origin_departed,origin_departed,CAR-SYN-FAST,ORIGIN-WH-SYN-EAST,CN-JS-NJ,,3
TRE-SYN-A-0117-04,ORD-SYN-A-0117,SHP-SYN-A-0117,2026-06-13T06:36:28+08:00,in_transit,in_transit,CAR-SYN-FAST,LINEHAUL-SYN-01,CN-JS-NJ,,4
TRE-SYN-A-0117-05,ORD-SYN-A-0117,SHP-SYN-A-0117,2026-06-13T16:33:47+08:00,arrived_at_hub,arrived_at_hub,CAR-SYN-FAST,HUB-SYN-01,CN-JS-NJ,,5
TRE-SYN-A-0117-06,ORD-SYN-A-0117,SHP-SYN-A-0117,2026-06-13T20:27:19+08:00,departed_hub,departed_hub,CAR-SYN-FAST,HUB-SYN-01,CN-JS-NJ,,6
TRE-SYN-A-0117-07,ORD-SYN-A-0117,SHP-SYN-A-0117,2026-06-14T04:36:18+08:00,arrived_at_destination_city,arrived_at_destination_city,CAR-SYN-FAST,DEST-CN-JS-NJ,CN-JS-NJ,,7
TRE-SYN-A-0117-08,ORD-SYN-A-0117,SHP-SYN-A-0117,2026-06-14T12:38:27+08:00,out_for_delivery,out_for_delivery,CAR-SYN-FAST,SITE-CN-JS-NJ,CN-JS-NJ,,8
TRE-SYN-A-0117-09,ORD-SYN-A-0117,SHP-SYN-A-0117,2026-06-14T14:11:19+08:00,delivered,delivered,CAR-SYN-FAST,SITE-CN-JS-NJ,CN-JS-NJ,,9
TRE-SYN-A-0118-01,ORD-SYN-A-0118,SHP-SYN-A-0118,2026-06-12T15:29:32+08:00,shipment_created,shipment_created,CAR-SYN-FAST,ORIGIN-WH-SYN-WEST,CN-ZJ-HZ,,1
TRE-SYN-A-0118-02,ORD-SYN-A-0118,SHP-SYN-A-0118,2026-06-12T21:15:21+08:00,carrier_picked_up,carrier_picked_up,CAR-SYN-FAST,ORIGIN-WH-SYN-WEST,CN-ZJ-HZ,,2
TRE-SYN-A-0118-03,ORD-SYN-A-0118,SHP-SYN-A-0118,2026-06-12T22:26:08+08:00,origin_departed,origin_departed,CAR-SYN-FAST,ORIGIN-WH-SYN-WEST,CN-ZJ-HZ,,3
TRE-SYN-A-0118-04,ORD-SYN-A-0118,SHP-SYN-A-0118,2026-06-12T23:31:23+08:00,in_transit,in_transit,CAR-SYN-FAST,LINEHAUL-SYN-01,CN-ZJ-HZ,,4
TRE-SYN-A-0118-05,ORD-SYN-A-0118,SHP-SYN-A-0118,2026-06-13T08:19:10+08:00,arrived_at_hub,arrived_at_hub,CAR-SYN-FAST,HUB-SYN-01,CN-ZJ-HZ,,5
TRE-SYN-A-0118-06,ORD-SYN-A-0118,SHP-SYN-A-0118,2026-06-13T12:06:07+08:00,departed_hub,departed_hub,CAR-SYN-FAST,HUB-SYN-01,CN-ZJ-HZ,,6
TRE-SYN-A-0118-07,ORD-SYN-A-0118,SHP-SYN-A-0118,2026-06-14T00:25:13+08:00,arrived_at_destination_city,arrived_at_destination_city,CAR-SYN-FAST,DEST-CN-ZJ-HZ,CN-ZJ-HZ,,7
TRE-SYN-A-0118-08,ORD-SYN-A-0118,SHP-SYN-A-0118,2026-06-14T03:38:42+08:00,out_for_delivery,out_for_delivery,CAR-SYN-FAST,SITE-CN-ZJ-HZ,CN-ZJ-HZ,,8
TRE-SYN-A-0118-09,ORD-SYN-A-0118,SHP-SYN-A-0118,2026-06-14T07:11:23+08:00,delivered,delivered,CAR-SYN-FAST,SITE-CN-ZJ-HZ,CN-ZJ-HZ,,9
TRE-SYN-A-0119-01,ORD-SYN-A-0119,SHP-SYN-A-0119,2026-06-12T18:02:30+08:00,shipment_created,shipment_created,CAR-SYN-STD,ORIGIN-WH-SYN-EAST,CN-SD-QD,,1
TRE-SYN-A-0119-02,ORD-SYN-A-0119,SHP-SYN-A-0119,2026-06-13T00:16:49+08:00,carrier_picked_up,carrier_picked_up,CAR-SYN-STD,ORIGIN-WH-SYN-EAST,CN-SD-QD,,2
TRE-SYN-A-0119-03,ORD-SYN-A-0119,SHP-SYN-A-0119,2026-06-13T01:35:42+08:00,origin_departed,origin_departed,CAR-SYN-STD,ORIGIN-WH-SYN-EAST,CN-SD-QD,,3
TRE-SYN-A-0119-04,ORD-SYN-A-0119,SHP-SYN-A-0119,2026-06-13T02:55:44+08:00,in_transit,in_transit,CAR-SYN-STD,LINEHAUL-SYN-01,CN-SD-QD,,4
TRE-SYN-A-0119-05,ORD-SYN-A-0119,SHP-SYN-A-0119,2026-06-13T11:01:21+08:00,arrived_at_hub,arrived_at_hub,CAR-SYN-STD,HUB-SYN-01,CN-SD-QD,,5
TRE-SYN-A-0119-06,ORD-SYN-A-0119,SHP-SYN-A-0119,2026-06-13T14:56:23+08:00,departed_hub,departed_hub,CAR-SYN-STD,HUB-SYN-01,CN-SD-QD,,6
TRE-SYN-A-0119-07,ORD-SYN-A-0119,SHP-SYN-A-0119,2026-06-14T05:10:00+08:00,arrived_at_destination_city,arrived_at_destination_city,CAR-SYN-STD,DEST-CN-SD-QD,CN-SD-QD,,7
TRE-SYN-A-0119-08,ORD-SYN-A-0119,SHP-SYN-A-0119,2026-06-14T10:22:29+08:00,out_for_delivery,out_for_delivery,CAR-SYN-STD,SITE-CN-SD-QD,CN-SD-QD,,8
TRE-SYN-A-0119-09,ORD-SYN-A-0119,SHP-SYN-A-0119,2026-06-14T12:01:18+08:00,delivered,delivered,CAR-SYN-STD,SITE-CN-SD-QD,CN-SD-QD,,9
TRE-SYN-A-0120-01,ORD-SYN-A-0120,SHP-SYN-A-0120,2026-06-12T21:11:19+08:00,shipment_created,shipment_created,CAR-SYN-STD,ORIGIN-WH-SYN-WEST,CN-JS-NJ,,1
TRE-SYN-A-0120-02,ORD-SYN-A-0120,SHP-SYN-A-0120,2026-06-13T02:47:19+08:00,carrier_picked_up,carrier_picked_up,CAR-SYN-STD,ORIGIN-WH-SYN-WEST,CN-JS-NJ,,2
TRE-SYN-A-0120-03,ORD-SYN-A-0120,SHP-SYN-A-0120,2026-06-13T03:44:03+08:00,origin_departed,origin_departed,CAR-SYN-STD,ORIGIN-WH-SYN-WEST,CN-JS-NJ,,3
TRE-SYN-A-0120-04,ORD-SYN-A-0120,SHP-SYN-A-0120,2026-06-13T05:00:40+08:00,in_transit,in_transit,CAR-SYN-STD,LINEHAUL-SYN-01,CN-JS-NJ,,4
TRE-SYN-A-0120-05,ORD-SYN-A-0120,SHP-SYN-A-0120,2026-06-13T17:09:52+08:00,arrived_at_hub,arrived_at_hub,CAR-SYN-STD,HUB-SYN-01,CN-JS-NJ,,5
TRE-SYN-A-0120-06,ORD-SYN-A-0120,SHP-SYN-A-0120,2026-06-13T19:42:32+08:00,departed_hub,departed_hub,CAR-SYN-STD,HUB-SYN-01,CN-JS-NJ,,6
TRE-SYN-A-0120-07,ORD-SYN-A-0120,SHP-SYN-A-0120,2026-06-14T05:26:51+08:00,arrived_at_destination_city,arrived_at_destination_city,CAR-SYN-STD,DEST-CN-JS-NJ,CN-JS-NJ,,7
TRE-SYN-A-0120-08,ORD-SYN-A-0120,SHP-SYN-A-0120,2026-06-14T13:48:47+08:00,out_for_delivery,out_for_delivery,CAR-SYN-STD,SITE-CN-JS-NJ,CN-JS-NJ,,8
TRE-SYN-A-0120-09,ORD-SYN-A-0120,SHP-SYN-A-0120,2026-06-14T15:43:18+08:00,delivered,delivered,CAR-SYN-STD,SITE-CN-JS-NJ,CN-JS-NJ,,9
TRE-SYN-A-0121-01,ORD-SYN-A-0121,SHP-SYN-A-0121,2026-06-13T12:51:15+08:00,shipment_created,shipment_created,CAR-SYN-FAST,ORIGIN-WH-SYN-EAST,CN-SD-QD,,1
TRE-SYN-A-0121-02,ORD-SYN-A-0121,SHP-SYN-A-0121,2026-06-13T17:02:30+08:00,carrier_picked_up,carrier_picked_up,CAR-SYN-FAST,ORIGIN-WH-SYN-EAST,CN-SD-QD,,2
TRE-SYN-A-0121-03,ORD-SYN-A-0121,SHP-SYN-A-0121,2026-06-13T18:20:04+08:00,origin_departed,origin_departed,CAR-SYN-FAST,ORIGIN-WH-SYN-EAST,CN-SD-QD,,3
TRE-SYN-A-0121-04,ORD-SYN-A-0121,SHP-SYN-A-0121,2026-06-13T19:32:44+08:00,in_transit,in_transit,CAR-SYN-FAST,LINEHAUL-SYN-01,CN-SD-QD,,4
TRE-SYN-A-0121-05,ORD-SYN-A-0121,SHP-SYN-A-0121,2026-06-14T04:59:52+08:00,arrived_at_hub,arrived_at_hub,CAR-SYN-FAST,HUB-SYN-01,CN-SD-QD,,5
TRE-SYN-A-0121-06,ORD-SYN-A-0121,SHP-SYN-A-0121,2026-06-14T07:56:03+08:00,departed_hub,departed_hub,CAR-SYN-FAST,HUB-SYN-01,CN-SD-QD,,6
TRE-SYN-A-0121-07,ORD-SYN-A-0121,SHP-SYN-A-0121,2026-06-14T19:56:07+08:00,arrived_at_destination_city,arrived_at_destination_city,CAR-SYN-FAST,DEST-CN-SD-QD,CN-SD-QD,,7
TRE-SYN-A-0121-08,ORD-SYN-A-0121,SHP-SYN-A-0121,2026-06-15T01:40:04+08:00,out_for_delivery,out_for_delivery,CAR-SYN-FAST,SITE-CN-SD-QD,CN-SD-QD,,8
TRE-SYN-A-0121-09,ORD-SYN-A-0121,SHP-SYN-A-0121,2026-06-15T06:10:40+08:00,delivered,delivered,CAR-SYN-FAST,SITE-CN-SD-QD,CN-SD-QD,,9
TRE-SYN-A-0122-01,ORD-SYN-A-0122,SHP-SYN-A-0122,2026-06-13T16:11:12+08:00,shipment_created,shipment_created,CAR-SYN-ECON,ORIGIN-WH-SYN-WEST,CN-JS-NJ,,1
TRE-SYN-A-0122-02,ORD-SYN-A-0122,SHP-SYN-A-0122,2026-06-13T20:39:46+08:00,carrier_picked_up,carrier_picked_up,CAR-SYN-ECON,ORIGIN-WH-SYN-WEST,CN-JS-NJ,,2
TRE-SYN-A-0122-03,ORD-SYN-A-0122,SHP-SYN-A-0122,2026-06-13T21:37:50+08:00,origin_departed,origin_departed,CAR-SYN-ECON,ORIGIN-WH-SYN-WEST,CN-JS-NJ,,3
TRE-SYN-A-0122-04,ORD-SYN-A-0122,SHP-SYN-A-0122,2026-06-13T22:55:18+08:00,in_transit,in_transit,CAR-SYN-ECON,LINEHAUL-SYN-01,CN-JS-NJ,,4
TRE-SYN-A-0122-05,ORD-SYN-A-0122,SHP-SYN-A-0122,2026-06-14T06:43:29+08:00,arrived_at_hub,arrived_at_hub,CAR-SYN-ECON,HUB-SYN-01,CN-JS-NJ,,5
TRE-SYN-A-0122-06,ORD-SYN-A-0122,SHP-SYN-A-0122,2026-06-14T10:23:27+08:00,departed_hub,departed_hub,CAR-SYN-ECON,HUB-SYN-01,CN-JS-NJ,,6
TRE-SYN-A-0122-07,ORD-SYN-A-0122,SHP-SYN-A-0122,2026-06-14T20:00:28+08:00,arrived_at_destination_city,arrived_at_destination_city,CAR-SYN-ECON,DEST-CN-JS-NJ,CN-JS-NJ,,7
TRE-SYN-A-0122-08,ORD-SYN-A-0122,SHP-SYN-A-0122,2026-06-15T04:27:24+08:00,out_for_delivery,out_for_delivery,CAR-SYN-ECON,SITE-CN-JS-NJ,CN-JS-NJ,,8
TRE-SYN-A-0122-09,ORD-SYN-A-0122,SHP-SYN-A-0122,2026-06-15T09:47:46+08:00,delivered,delivered,CAR-SYN-ECON,SITE-CN-JS-NJ,CN-JS-NJ,,9
TRE-SYN-A-0123-01,ORD-SYN-A-0123,SHP-SYN-A-0123,2026-06-13T19:14:21+08:00,shipment_created,shipment_created,CAR-SYN-FAST,ORIGIN-WH-SYN-EAST,CN-JS-NJ,,1
TRE-SYN-A-0123-02,ORD-SYN-A-0123,SHP-SYN-A-0123,2026-06-14T00:55:43+08:00,carrier_picked_up,carrier_picked_up,CAR-SYN-FAST,ORIGIN-WH-SYN-EAST,CN-JS-NJ,,2
TRE-SYN-A-0123-03,ORD-SYN-A-0123,SHP-SYN-A-0123,2026-06-14T02:07:33+08:00,origin_departed,origin_departed,CAR-SYN-FAST,ORIGIN-WH-SYN-EAST,CN-JS-NJ,,3
TRE-SYN-A-0123-04,ORD-SYN-A-0123,SHP-SYN-A-0123,2026-06-14T03:08:11+08:00,in_transit,in_transit,CAR-SYN-FAST,LINEHAUL-SYN-01,CN-JS-NJ,,4
TRE-SYN-A-0123-05,ORD-SYN-A-0123,SHP-SYN-A-0123,2026-06-14T10:15:09+08:00,arrived_at_hub,arrived_at_hub,CAR-SYN-FAST,HUB-SYN-01,CN-JS-NJ,,5
TRE-SYN-A-0123-06,ORD-SYN-A-0123,SHP-SYN-A-0123,2026-06-14T11:35:55+08:00,departed_hub,departed_hub,CAR-SYN-FAST,HUB-SYN-01,CN-JS-NJ,,6
TRE-SYN-A-0123-07,ORD-SYN-A-0123,SHP-SYN-A-0123,2026-06-14T23:16:44+08:00,arrived_at_destination_city,arrived_at_destination_city,CAR-SYN-FAST,DEST-CN-JS-NJ,CN-JS-NJ,,7
TRE-SYN-A-0123-08,ORD-SYN-A-0123,SHP-SYN-A-0123,2026-06-15T02:35:50+08:00,out_for_delivery,out_for_delivery,CAR-SYN-FAST,SITE-CN-JS-NJ,CN-JS-NJ,,8
TRE-SYN-A-0123-09,ORD-SYN-A-0123,SHP-SYN-A-0123,2026-06-15T03:55:48+08:00,delivered,delivered,CAR-SYN-FAST,SITE-CN-JS-NJ,CN-JS-NJ,,9
TRE-SYN-A-0124-01,ORD-SYN-A-0124,SHP-SYN-A-0124,2026-06-13T22:34:41+08:00,shipment_created,shipment_created,CAR-SYN-STD,ORIGIN-WH-SYN-EAST,CN-JS-NJ,,1
TRE-SYN-A-0124-02,ORD-SYN-A-0124,SHP-SYN-A-0124,2026-06-14T01:14:27+08:00,carrier_picked_up,carrier_picked_up,CAR-SYN-STD,ORIGIN-WH-SYN-EAST,CN-JS-NJ,,2
TRE-SYN-A-0124-03,ORD-SYN-A-0124,SHP-SYN-A-0124,2026-06-14T02:29:51+08:00,origin_departed,origin_departed,CAR-SYN-STD,ORIGIN-WH-SYN-EAST,CN-JS-NJ,,3
TRE-SYN-A-0124-04,ORD-SYN-A-0124,SHP-SYN-A-0124,2026-06-14T03:51:18+08:00,in_transit,in_transit,CAR-SYN-STD,LINEHAUL-SYN-01,CN-JS-NJ,,4
TRE-SYN-A-0124-05,ORD-SYN-A-0124,SHP-SYN-A-0124,2026-06-14T09:25:31+08:00,arrived_at_hub,arrived_at_hub,CAR-SYN-STD,HUB-SYN-01,CN-JS-NJ,,5
TRE-SYN-A-0124-06,ORD-SYN-A-0124,SHP-SYN-A-0124,2026-06-14T11:55:24+08:00,departed_hub,departed_hub,CAR-SYN-STD,HUB-SYN-01,CN-JS-NJ,,6
TRE-SYN-A-0124-07,ORD-SYN-A-0124,SHP-SYN-A-0124,2026-06-14T22:04:56+08:00,arrived_at_destination_city,arrived_at_destination_city,CAR-SYN-STD,DEST-CN-JS-NJ,CN-JS-NJ,,7
TRE-SYN-A-0124-08,ORD-SYN-A-0124,SHP-SYN-A-0124,2026-06-15T04:23:44+08:00,out_for_delivery,out_for_delivery,CAR-SYN-STD,SITE-CN-JS-NJ,CN-JS-NJ,,8
TRE-SYN-A-0124-09,ORD-SYN-A-0124,SHP-SYN-A-0124,2026-06-15T07:56:26+08:00,delivered,delivered,CAR-SYN-STD,SITE-CN-JS-NJ,CN-JS-NJ,,9
TRE-SYN-A-0125-01,ORD-SYN-A-0125,SHP-SYN-A-0125,2026-06-13T14:11:23+08:00,shipment_created,shipment_created,CAR-SYN-FAST,ORIGIN-WH-SYN-WEST,CN-SD-QD,,1
TRE-SYN-A-0125-02,ORD-SYN-A-0125,SHP-SYN-A-0125,2026-06-14T08:00:49+08:00,carrier_picked_up,carrier_picked_up,CAR-SYN-FAST,ORIGIN-WH-SYN-WEST,CN-SD-QD,,2
TRE-SYN-A-0125-03,ORD-SYN-A-0125,SHP-SYN-A-0125,2026-06-14T08:44:13+08:00,origin_departed,origin_departed,CAR-SYN-FAST,ORIGIN-WH-SYN-WEST,CN-SD-QD,,3
TRE-SYN-A-0125-04,ORD-SYN-A-0125,SHP-SYN-A-0125,2026-06-14T10:08:42+08:00,in_transit,in_transit,CAR-SYN-FAST,LINEHAUL-SYN-01,CN-SD-QD,,4
TRE-SYN-A-0125-05,ORD-SYN-A-0125,SHP-SYN-A-0125,2026-06-14T17:19:35+08:00,arrived_at_hub,arrived_at_hub,CAR-SYN-FAST,HUB-SYN-01,CN-SD-QD,,5
TRE-SYN-A-0125-06,ORD-SYN-A-0125,SHP-SYN-A-0125,2026-06-14T18:27:07+08:00,departed_hub,departed_hub,CAR-SYN-FAST,HUB-SYN-01,CN-SD-QD,,6
TRE-SYN-A-0125-07,ORD-SYN-A-0125,SHP-SYN-A-0125,2026-06-15T06:17:44+08:00,arrived_at_destination_city,arrived_at_destination_city,CAR-SYN-FAST,DEST-CN-SD-QD,CN-SD-QD,,7
TRE-SYN-A-0125-08,ORD-SYN-A-0125,SHP-SYN-A-0125,2026-06-15T13:09:44+08:00,out_for_delivery,out_for_delivery,CAR-SYN-FAST,SITE-CN-SD-QD,CN-SD-QD,,8
TRE-SYN-A-0125-09,ORD-SYN-A-0125,SHP-SYN-A-0125,2026-06-15T16:37:11+08:00,delivered,delivered,CAR-SYN-FAST,SITE-CN-SD-QD,CN-SD-QD,,9
TRE-SYN-A-0126-01,ORD-SYN-A-0126,SHP-SYN-A-0126,2026-06-13T17:04:36+08:00,shipment_created,shipment_created,CAR-SYN-STD,ORIGIN-WH-SYN-WEST,CN-ZJ-HZ,,1
TRE-SYN-A-0126-02,ORD-SYN-A-0126,SHP-SYN-A-0126,2026-06-13T23:47:17+08:00,carrier_picked_up,carrier_picked_up,CAR-SYN-STD,ORIGIN-WH-SYN-WEST,CN-ZJ-HZ,,2
TRE-SYN-A-0126-03,ORD-SYN-A-0126,SHP-SYN-A-0126,2026-06-14T00:40:14+08:00,origin_departed,origin_departed,CAR-SYN-STD,ORIGIN-WH-SYN-WEST,CN-ZJ-HZ,,3
TRE-SYN-A-0126-04,ORD-SYN-A-0126,SHP-SYN-A-0126,2026-06-14T01:19:49+08:00,in_transit,in_transit,CAR-SYN-STD,LINEHAUL-SYN-01,CN-ZJ-HZ,,4
TRE-SYN-A-0126-05,ORD-SYN-A-0126,SHP-SYN-A-0126,2026-06-14T14:01:37+08:00,arrived_at_hub,arrived_at_hub,CAR-SYN-STD,HUB-SYN-01,CN-ZJ-HZ,,5
TRE-SYN-A-0126-06,ORD-SYN-A-0126,SHP-SYN-A-0126,2026-06-14T15:40:50+08:00,departed_hub,departed_hub,CAR-SYN-STD,HUB-SYN-01,CN-ZJ-HZ,,6
TRE-SYN-A-0126-07,ORD-SYN-A-0126,SHP-SYN-A-0126,2026-06-15T02:20:39+08:00,arrived_at_destination_city,arrived_at_destination_city,CAR-SYN-STD,DEST-CN-ZJ-HZ,CN-ZJ-HZ,,7
TRE-SYN-A-0126-08,ORD-SYN-A-0126,SHP-SYN-A-0126,2026-06-15T08:14:54+08:00,out_for_delivery,out_for_delivery,CAR-SYN-STD,SITE-CN-ZJ-HZ,CN-ZJ-HZ,,8
TRE-SYN-A-0126-09,ORD-SYN-A-0126,SHP-SYN-A-0126,2026-06-15T10:44:16+08:00,delivered,delivered,CAR-SYN-STD,SITE-CN-ZJ-HZ,CN-ZJ-HZ,,9
TRE-SYN-A-0127-01,ORD-SYN-A-0127,SHP-SYN-A-0127,2026-06-13T20:30:16+08:00,shipment_created,shipment_created,CAR-SYN-FAST,ORIGIN-WH-SYN-WEST,CN-JS-NJ,,1
TRE-SYN-A-0127-02,ORD-SYN-A-0127,SHP-SYN-A-0127,2026-06-14T01:38:36+08:00,carrier_picked_up,carrier_picked_up,CAR-SYN-FAST,ORIGIN-WH-SYN-WEST,CN-JS-NJ,,2
TRE-SYN-A-0127-03,ORD-SYN-A-0127,SHP-SYN-A-0127,2026-06-14T03:07:34+08:00,origin_departed,origin_departed,CAR-SYN-FAST,ORIGIN-WH-SYN-WEST,CN-JS-NJ,,3
TRE-SYN-A-0127-04,ORD-SYN-A-0127,SHP-SYN-A-0127,2026-06-14T04:21:07+08:00,in_transit,in_transit,CAR-SYN-FAST,LINEHAUL-SYN-01,CN-JS-NJ,,4
TRE-SYN-A-0127-05,ORD-SYN-A-0127,SHP-SYN-A-0127,2026-06-14T13:11:42+08:00,arrived_at_hub,arrived_at_hub,CAR-SYN-FAST,HUB-SYN-01,CN-JS-NJ,,5
TRE-SYN-A-0127-06,ORD-SYN-A-0127,SHP-SYN-A-0127,2026-06-14T15:35:37+08:00,departed_hub,departed_hub,CAR-SYN-FAST,HUB-SYN-01,CN-JS-NJ,,6
TRE-SYN-A-0127-07,ORD-SYN-A-0127,SHP-SYN-A-0127,2026-06-15T04:59:13+08:00,arrived_at_destination_city,arrived_at_destination_city,CAR-SYN-FAST,DEST-CN-JS-NJ,CN-JS-NJ,,7
TRE-SYN-A-0127-08,ORD-SYN-A-0127,SHP-SYN-A-0127,2026-06-15T13:26:54+08:00,out_for_delivery,out_for_delivery,CAR-SYN-FAST,SITE-CN-JS-NJ,CN-JS-NJ,,8
TRE-SYN-A-0127-09,ORD-SYN-A-0127,SHP-SYN-A-0127,2026-06-15T17:58:19+08:00,delivered,delivered,CAR-SYN-FAST,SITE-CN-JS-NJ,CN-JS-NJ,,9
TRE-SYN-A-0128-01,ORD-SYN-A-0128,SHP-SYN-A-0128,2026-06-13T23:42:58+08:00,shipment_created,shipment_created,CAR-SYN-FAST,ORIGIN-WH-SYN-WEST,CN-JS-NJ,,1
TRE-SYN-A-0128-02,ORD-SYN-A-0128,SHP-SYN-A-0128,2026-06-14T07:40:16+08:00,carrier_picked_up,carrier_picked_up,CAR-SYN-FAST,ORIGIN-WH-SYN-WEST,CN-JS-NJ,,2
TRE-SYN-A-0128-03,ORD-SYN-A-0128,SHP-SYN-A-0128,2026-06-14T08:33:17+08:00,origin_departed,origin_departed,CAR-SYN-FAST,ORIGIN-WH-SYN-WEST,CN-JS-NJ,,3
TRE-SYN-A-0128-04,ORD-SYN-A-0128,SHP-SYN-A-0128,2026-06-14T09:25:46+08:00,in_transit,in_transit,CAR-SYN-FAST,LINEHAUL-SYN-01,CN-JS-NJ,,4
TRE-SYN-A-0128-05,ORD-SYN-A-0128,SHP-SYN-A-0128,2026-06-14T19:55:20+08:00,arrived_at_hub,arrived_at_hub,CAR-SYN-FAST,HUB-SYN-01,CN-JS-NJ,,5
TRE-SYN-A-0128-06,ORD-SYN-A-0128,SHP-SYN-A-0128,2026-06-14T21:38:00+08:00,departed_hub,departed_hub,CAR-SYN-FAST,HUB-SYN-01,CN-JS-NJ,,6
TRE-SYN-A-0128-07,ORD-SYN-A-0128,SHP-SYN-A-0128,2026-06-15T06:22:39+08:00,arrived_at_destination_city,arrived_at_destination_city,CAR-SYN-FAST,DEST-CN-JS-NJ,CN-JS-NJ,,7
TRE-SYN-A-0128-08,ORD-SYN-A-0128,SHP-SYN-A-0128,2026-06-15T09:04:57+08:00,out_for_delivery,out_for_delivery,CAR-SYN-FAST,SITE-CN-JS-NJ,CN-JS-NJ,,8
TRE-SYN-A-0128-09,ORD-SYN-A-0128,SHP-SYN-A-0128,2026-06-15T14:13:06+08:00,delivered,delivered,CAR-SYN-FAST,SITE-CN-JS-NJ,CN-JS-NJ,,9
TRE-SYN-A-0129-01,ORD-SYN-A-0129,SHP-SYN-A-0129,2026-06-13T15:00:21+08:00,shipment_created,shipment_created,CAR-SYN-FAST,ORIGIN-WH-SYN-EAST,CN-JS-NJ,,1
TRE-SYN-A-0129-02,ORD-SYN-A-0129,SHP-SYN-A-0129,2026-06-13T18:28:09+08:00,carrier_picked_up,carrier_picked_up,CAR-SYN-FAST,ORIGIN-WH-SYN-EAST,CN-JS-NJ,,2
TRE-SYN-A-0129-03,ORD-SYN-A-0129,SHP-SYN-A-0129,2026-06-13T19:10:37+08:00,origin_departed,origin_departed,CAR-SYN-FAST,ORIGIN-WH-SYN-EAST,CN-JS-NJ,,3
TRE-SYN-A-0129-04,ORD-SYN-A-0129,SHP-SYN-A-0129,2026-06-13T19:55:48+08:00,in_transit,in_transit,CAR-SYN-FAST,LINEHAUL-SYN-01,CN-JS-NJ,,4
TRE-SYN-A-0129-05,ORD-SYN-A-0129,SHP-SYN-A-0129,2026-06-14T08:12:40+08:00,arrived_at_hub,arrived_at_hub,CAR-SYN-FAST,HUB-SYN-01,CN-JS-NJ,,5
TRE-SYN-A-0129-06,ORD-SYN-A-0129,SHP-SYN-A-0129,2026-06-14T10:05:03+08:00,departed_hub,departed_hub,CAR-SYN-FAST,HUB-SYN-01,CN-JS-NJ,,6
TRE-SYN-A-0129-07,ORD-SYN-A-0129,SHP-SYN-A-0129,2026-06-15T01:48:06+08:00,arrived_at_destination_city,arrived_at_destination_city,CAR-SYN-FAST,DEST-CN-JS-NJ,CN-JS-NJ,,7
TRE-SYN-A-0129-08,ORD-SYN-A-0129,SHP-SYN-A-0129,2026-06-15T08:20:02+08:00,out_for_delivery,out_for_delivery,CAR-SYN-FAST,SITE-CN-JS-NJ,CN-JS-NJ,,8
TRE-SYN-A-0129-09,ORD-SYN-A-0129,SHP-SYN-A-0129,2026-06-15T14:11:05+08:00,delivered,delivered,CAR-SYN-FAST,SITE-CN-JS-NJ,CN-JS-NJ,,9
TRE-SYN-A-0130-01,ORD-SYN-A-0130,SHP-SYN-A-0130,2026-06-13T18:32:37+08:00,shipment_created,shipment_created,CAR-SYN-STD,ORIGIN-WH-SYN-EAST,CN-HB-WH,,1
TRE-SYN-A-0130-02,ORD-SYN-A-0130,SHP-SYN-A-0130,2026-06-14T00:05:46+08:00,carrier_picked_up,carrier_picked_up,CAR-SYN-STD,ORIGIN-WH-SYN-EAST,CN-HB-WH,,2
TRE-SYN-A-0130-03,ORD-SYN-A-0130,SHP-SYN-A-0130,2026-06-14T01:13:38+08:00,origin_departed,origin_departed,CAR-SYN-STD,ORIGIN-WH-SYN-EAST,CN-HB-WH,,3
TRE-SYN-A-0130-04,ORD-SYN-A-0130,SHP-SYN-A-0130,2026-06-14T02:16:41+08:00,in_transit,in_transit,CAR-SYN-STD,LINEHAUL-SYN-01,CN-HB-WH,,4
TRE-SYN-A-0130-05,ORD-SYN-A-0130,SHP-SYN-A-0130,2026-06-14T12:45:21+08:00,arrived_at_hub,arrived_at_hub,CAR-SYN-STD,HUB-SYN-01,CN-HB-WH,,5
TRE-SYN-A-0130-06,ORD-SYN-A-0130,SHP-SYN-A-0130,2026-06-14T15:19:07+08:00,departed_hub,departed_hub,CAR-SYN-STD,HUB-SYN-01,CN-HB-WH,,6
TRE-SYN-A-0130-07,ORD-SYN-A-0130,SHP-SYN-A-0130,2026-06-15T05:27:27+08:00,arrived_at_destination_city,arrived_at_destination_city,CAR-SYN-STD,DEST-CN-HB-WH,CN-HB-WH,,7
TRE-SYN-A-0130-08,ORD-SYN-A-0130,SHP-SYN-A-0130,2026-06-15T09:29:05+08:00,out_for_delivery,out_for_delivery,CAR-SYN-STD,SITE-CN-HB-WH,CN-HB-WH,,8
TRE-SYN-A-0130-09,ORD-SYN-A-0130,SHP-SYN-A-0130,2026-06-15T12:11:45+08:00,delivered,delivered,CAR-SYN-STD,SITE-CN-HB-WH,CN-HB-WH,,9
TRE-SYN-A-0131-01,ORD-SYN-A-0131,SHP-SYN-A-0131,2026-06-14T20:58:06+08:00,shipment_created,shipment_created,CAR-SYN-STD,ORIGIN-WH-SYN-WEST,CN-JS-NJ,,1
TRE-SYN-A-0131-02,ORD-SYN-A-0131,SHP-SYN-A-0131,2026-06-14T23:29:02+08:00,carrier_picked_up,carrier_picked_up,CAR-SYN-STD,ORIGIN-WH-SYN-WEST,CN-JS-NJ,,2
TRE-SYN-A-0131-03,ORD-SYN-A-0131,SHP-SYN-A-0131,2026-06-15T00:35:38+08:00,origin_departed,origin_departed,CAR-SYN-STD,ORIGIN-WH-SYN-WEST,CN-JS-NJ,,3
TRE-SYN-A-0131-04,ORD-SYN-A-0131,SHP-SYN-A-0131,2026-06-15T01:45:04+08:00,in_transit,in_transit,CAR-SYN-STD,LINEHAUL-SYN-01,CN-JS-NJ,,4
TRE-SYN-A-0131-05,ORD-SYN-A-0131,SHP-SYN-A-0131,2026-06-15T09:44:12+08:00,arrived_at_hub,arrived_at_hub,CAR-SYN-STD,HUB-SYN-01,CN-JS-NJ,,5
TRE-SYN-A-0131-06,ORD-SYN-A-0131,SHP-SYN-A-0131,2026-06-15T10:57:21+08:00,departed_hub,departed_hub,CAR-SYN-STD,HUB-SYN-01,CN-JS-NJ,,6
TRE-SYN-A-0131-07,ORD-SYN-A-0131,SHP-SYN-A-0131,2026-06-15T21:57:11+08:00,arrived_at_destination_city,arrived_at_destination_city,CAR-SYN-STD,DEST-CN-JS-NJ,CN-JS-NJ,,7
TRE-SYN-A-0131-08,ORD-SYN-A-0131,SHP-SYN-A-0131,2026-06-16T05:45:53+08:00,out_for_delivery,out_for_delivery,CAR-SYN-STD,SITE-CN-JS-NJ,CN-JS-NJ,,8
TRE-SYN-A-0131-09,ORD-SYN-A-0131,SHP-SYN-A-0131,2026-06-16T11:43:51+08:00,delivered,delivered,CAR-SYN-STD,SITE-CN-JS-NJ,CN-JS-NJ,,9
TRE-SYN-A-0132-01,ORD-SYN-A-0132,SHP-SYN-A-0132,2026-06-14T13:15:26+08:00,shipment_created,shipment_created,CAR-SYN-FAST,ORIGIN-WH-SYN-EAST,CN-JS-NJ,,1
TRE-SYN-A-0132-02,ORD-SYN-A-0132,SHP-SYN-A-0132,2026-06-14T21:06:02+08:00,carrier_picked_up,carrier_picked_up,CAR-SYN-FAST,ORIGIN-WH-SYN-EAST,CN-JS-NJ,,2
TRE-SYN-A-0132-03,ORD-SYN-A-0132,SHP-SYN-A-0132,2026-06-14T21:36:54+08:00,origin_departed,origin_departed,CAR-SYN-FAST,ORIGIN-WH-SYN-EAST,CN-JS-NJ,,3
TRE-SYN-A-0132-04,ORD-SYN-A-0132,SHP-SYN-A-0132,2026-06-14T22:57:08+08:00,in_transit,in_transit,CAR-SYN-FAST,LINEHAUL-SYN-01,CN-JS-NJ,,4
TRE-SYN-A-0132-05,ORD-SYN-A-0132,SHP-SYN-A-0132,2026-06-15T09:17:10+08:00,arrived_at_hub,arrived_at_hub,CAR-SYN-FAST,HUB-SYN-01,CN-JS-NJ,,5
TRE-SYN-A-0132-06,ORD-SYN-A-0132,SHP-SYN-A-0132,2026-06-15T10:38:42+08:00,departed_hub,departed_hub,CAR-SYN-FAST,HUB-SYN-01,CN-JS-NJ,,6
TRE-SYN-A-0132-07,ORD-SYN-A-0132,SHP-SYN-A-0132,2026-06-15T23:29:13+08:00,arrived_at_destination_city,arrived_at_destination_city,CAR-SYN-FAST,DEST-CN-JS-NJ,CN-JS-NJ,,7
TRE-SYN-A-0132-08,ORD-SYN-A-0132,SHP-SYN-A-0132,2026-06-16T04:16:45+08:00,out_for_delivery,out_for_delivery,CAR-SYN-FAST,SITE-CN-JS-NJ,CN-JS-NJ,,8
TRE-SYN-A-0132-09,ORD-SYN-A-0132,SHP-SYN-A-0132,2026-06-16T08:11:32+08:00,delivered,delivered,CAR-SYN-FAST,SITE-CN-JS-NJ,CN-JS-NJ,,9
TRE-SYN-A-0133-01,ORD-SYN-A-0133,SHP-SYN-A-0133,2026-06-14T16:01:03+08:00,shipment_created,shipment_created,CAR-SYN-FAST,ORIGIN-WH-SYN-WEST,CN-ZJ-HZ,,1
TRE-SYN-A-0133-02,ORD-SYN-A-0133,SHP-SYN-A-0133,2026-06-14T20:32:26+08:00,carrier_picked_up,carrier_picked_up,CAR-SYN-FAST,ORIGIN-WH-SYN-WEST,CN-ZJ-HZ,,2
TRE-SYN-A-0133-03,ORD-SYN-A-0133,SHP-SYN-A-0133,2026-06-14T21:45:32+08:00,origin_departed,origin_departed,CAR-SYN-FAST,ORIGIN-WH-SYN-WEST,CN-ZJ-HZ,,3
TRE-SYN-A-0133-04,ORD-SYN-A-0133,SHP-SYN-A-0133,2026-06-14T22:45:52+08:00,in_transit,in_transit,CAR-SYN-FAST,LINEHAUL-SYN-01,CN-ZJ-HZ,,4
TRE-SYN-A-0133-05,ORD-SYN-A-0133,SHP-SYN-A-0133,2026-06-15T11:20:28+08:00,arrived_at_hub,arrived_at_hub,CAR-SYN-FAST,HUB-SYN-01,CN-ZJ-HZ,,5
TRE-SYN-A-0133-06,ORD-SYN-A-0133,SHP-SYN-A-0133,2026-06-15T13:22:01+08:00,departed_hub,departed_hub,CAR-SYN-FAST,HUB-SYN-01,CN-ZJ-HZ,,6
TRE-SYN-A-0133-07,ORD-SYN-A-0133,SHP-SYN-A-0133,2026-06-16T00:53:03+08:00,arrived_at_destination_city,arrived_at_destination_city,CAR-SYN-FAST,DEST-CN-ZJ-HZ,CN-ZJ-HZ,,7
TRE-SYN-A-0133-08,ORD-SYN-A-0133,SHP-SYN-A-0133,2026-06-16T07:22:10+08:00,out_for_delivery,out_for_delivery,CAR-SYN-FAST,SITE-CN-ZJ-HZ,CN-ZJ-HZ,,8
TRE-SYN-A-0133-09,ORD-SYN-A-0133,SHP-SYN-A-0133,2026-06-16T09:56:49+08:00,delivered,delivered,CAR-SYN-FAST,SITE-CN-ZJ-HZ,CN-ZJ-HZ,,9
TRE-SYN-A-0134-01,ORD-SYN-A-0134,SHP-SYN-A-0134,2026-06-14T19:25:41+08:00,shipment_created,shipment_created,CAR-SYN-STD,ORIGIN-WH-SYN-EAST,CN-ZJ-HZ,,1
TRE-SYN-A-0134-02,ORD-SYN-A-0134,SHP-SYN-A-0134,2026-06-14T23:27:34+08:00,carrier_picked_up,carrier_picked_up,CAR-SYN-STD,ORIGIN-WH-SYN-EAST,CN-ZJ-HZ,,2
TRE-SYN-A-0134-03,ORD-SYN-A-0134,SHP-SYN-A-0134,2026-06-15T00:35:10+08:00,origin_departed,origin_departed,CAR-SYN-STD,ORIGIN-WH-SYN-EAST,CN-ZJ-HZ,,3
TRE-SYN-A-0134-04,ORD-SYN-A-0134,SHP-SYN-A-0134,2026-06-15T01:31:14+08:00,in_transit,in_transit,CAR-SYN-STD,LINEHAUL-SYN-01,CN-ZJ-HZ,,4
TRE-SYN-A-0134-05,ORD-SYN-A-0134,SHP-SYN-A-0134,2026-06-15T09:10:53+08:00,arrived_at_hub,arrived_at_hub,CAR-SYN-STD,HUB-SYN-01,CN-ZJ-HZ,,5
TRE-SYN-A-0134-06,ORD-SYN-A-0134,SHP-SYN-A-0134,2026-06-15T11:09:36+08:00,departed_hub,departed_hub,CAR-SYN-STD,HUB-SYN-01,CN-ZJ-HZ,,6
TRE-SYN-A-0134-07,ORD-SYN-A-0134,SHP-SYN-A-0134,2026-06-16T02:15:22+08:00,arrived_at_destination_city,arrived_at_destination_city,CAR-SYN-STD,DEST-CN-ZJ-HZ,CN-ZJ-HZ,,7
TRE-SYN-A-0134-08,ORD-SYN-A-0134,SHP-SYN-A-0134,2026-06-16T04:24:13+08:00,out_for_delivery,out_for_delivery,CAR-SYN-STD,SITE-CN-ZJ-HZ,CN-ZJ-HZ,,8
TRE-SYN-A-0134-09,ORD-SYN-A-0134,SHP-SYN-A-0134,2026-06-16T09:57:18+08:00,delivered,delivered,CAR-SYN-STD,SITE-CN-ZJ-HZ,CN-ZJ-HZ,,9
TRE-SYN-A-0135-01,ORD-SYN-A-0135,SHP-SYN-A-0135,2026-06-14T22:43:55+08:00,shipment_created,shipment_created,CAR-SYN-FAST,ORIGIN-WH-SYN-WEST,CN-JS-NJ,,1
TRE-SYN-A-0135-02,ORD-SYN-A-0135,SHP-SYN-A-0135,2026-06-15T05:40:05+08:00,carrier_picked_up,carrier_picked_up,CAR-SYN-FAST,ORIGIN-WH-SYN-WEST,CN-JS-NJ,,2
TRE-SYN-A-0135-03,ORD-SYN-A-0135,SHP-SYN-A-0135,2026-06-15T07:02:11+08:00,origin_departed,origin_departed,CAR-SYN-FAST,ORIGIN-WH-SYN-WEST,CN-JS-NJ,,3
TRE-SYN-A-0135-04,ORD-SYN-A-0135,SHP-SYN-A-0135,2026-06-15T07:42:49+08:00,in_transit,in_transit,CAR-SYN-FAST,LINEHAUL-SYN-01,CN-JS-NJ,,4
TRE-SYN-A-0135-05,ORD-SYN-A-0135,SHP-SYN-A-0135,2026-06-15T17:04:28+08:00,arrived_at_hub,arrived_at_hub,CAR-SYN-FAST,HUB-SYN-01,CN-JS-NJ,,5
TRE-SYN-A-0135-06,ORD-SYN-A-0135,SHP-SYN-A-0135,2026-06-15T20:15:06+08:00,departed_hub,departed_hub,CAR-SYN-FAST,HUB-SYN-01,CN-JS-NJ,,6
TRE-SYN-A-0135-07,ORD-SYN-A-0135,SHP-SYN-A-0135,2026-06-16T11:57:11+08:00,arrived_at_destination_city,arrived_at_destination_city,CAR-SYN-FAST,DEST-CN-JS-NJ,CN-JS-NJ,,7
TRE-SYN-A-0135-08,ORD-SYN-A-0135,SHP-SYN-A-0135,2026-06-16T16:37:54+08:00,out_for_delivery,out_for_delivery,CAR-SYN-FAST,SITE-CN-JS-NJ,CN-JS-NJ,,8
TRE-SYN-A-0135-09,ORD-SYN-A-0135,SHP-SYN-A-0135,2026-06-16T20:01:48+08:00,delivered,delivered,CAR-SYN-FAST,SITE-CN-JS-NJ,CN-JS-NJ,,9
TRE-SYN-A-0136-01,ORD-SYN-A-0136,SHP-SYN-A-0136,2026-06-14T13:58:00+08:00,shipment_created,shipment_created,CAR-SYN-FAST,ORIGIN-WH-SYN-EAST,CN-JS-NJ,,1
TRE-SYN-A-0136-02,ORD-SYN-A-0136,SHP-SYN-A-0136,2026-06-14T20:39:18+08:00,carrier_picked_up,carrier_picked_up,CAR-SYN-FAST,ORIGIN-WH-SYN-EAST,CN-JS-NJ,,2
TRE-SYN-A-0136-03,ORD-SYN-A-0136,SHP-SYN-A-0136,2026-06-14T21:27:54+08:00,origin_departed,origin_departed,CAR-SYN-FAST,ORIGIN-WH-SYN-EAST,CN-JS-NJ,,3
TRE-SYN-A-0136-04,ORD-SYN-A-0136,SHP-SYN-A-0136,2026-06-14T22:47:37+08:00,in_transit,in_transit,CAR-SYN-FAST,LINEHAUL-SYN-01,CN-JS-NJ,,4
TRE-SYN-A-0136-05,ORD-SYN-A-0136,SHP-SYN-A-0136,2026-06-15T05:10:53+08:00,arrived_at_hub,arrived_at_hub,CAR-SYN-FAST,HUB-SYN-01,CN-JS-NJ,,5
TRE-SYN-A-0136-06,ORD-SYN-A-0136,SHP-SYN-A-0136,2026-06-15T06:45:14+08:00,departed_hub,departed_hub,CAR-SYN-FAST,HUB-SYN-01,CN-JS-NJ,,6
TRE-SYN-A-0136-07,ORD-SYN-A-0136,SHP-SYN-A-0136,2026-06-15T15:40:09+08:00,arrived_at_destination_city,arrived_at_destination_city,CAR-SYN-FAST,DEST-CN-JS-NJ,CN-JS-NJ,,7
TRE-SYN-A-0136-08,ORD-SYN-A-0136,SHP-SYN-A-0136,2026-06-15T19:10:02+08:00,out_for_delivery,out_for_delivery,CAR-SYN-FAST,SITE-CN-JS-NJ,CN-JS-NJ,,8
TRE-SYN-A-0136-09,ORD-SYN-A-0136,SHP-SYN-A-0136,2026-06-15T21:40:22+08:00,delivered,delivered,CAR-SYN-FAST,SITE-CN-JS-NJ,CN-JS-NJ,,9
TRE-SYN-A-0137-01,ORD-SYN-A-0137,SHP-SYN-A-0137,2026-06-14T17:19:22+08:00,shipment_created,shipment_created,CAR-SYN-FAST,ORIGIN-WH-SYN-WEST,CN-ZJ-HZ,,1
TRE-SYN-A-0137-02,ORD-SYN-A-0137,SHP-SYN-A-0137,2026-06-14T20:25:01+08:00,carrier_picked_up,carrier_picked_up,CAR-SYN-FAST,ORIGIN-WH-SYN-WEST,CN-ZJ-HZ,,2
TRE-SYN-A-0137-03,ORD-SYN-A-0137,SHP-SYN-A-0137,2026-06-14T20:57:01+08:00,origin_departed,origin_departed,CAR-SYN-FAST,ORIGIN-WH-SYN-WEST,CN-ZJ-HZ,,3
TRE-SYN-A-0137-04,ORD-SYN-A-0137,SHP-SYN-A-0137,2026-06-14T21:52:54+08:00,in_transit,in_transit,CAR-SYN-FAST,LINEHAUL-SYN-01,CN-ZJ-HZ,,4
TRE-SYN-A-0137-05,ORD-SYN-A-0137,SHP-SYN-A-0137,2026-06-15T04:28:48+08:00,arrived_at_hub,arrived_at_hub,CAR-SYN-FAST,HUB-SYN-01,CN-ZJ-HZ,,5
TRE-SYN-A-0137-06,ORD-SYN-A-0137,SHP-SYN-A-0137,2026-06-15T08:21:28+08:00,departed_hub,departed_hub,CAR-SYN-FAST,HUB-SYN-01,CN-ZJ-HZ,,6
TRE-SYN-A-0137-07,ORD-SYN-A-0137,SHP-SYN-A-0137,2026-06-15T18:39:48+08:00,arrived_at_destination_city,arrived_at_destination_city,CAR-SYN-FAST,DEST-CN-ZJ-HZ,CN-ZJ-HZ,,7
TRE-SYN-A-0137-08,ORD-SYN-A-0137,SHP-SYN-A-0137,2026-06-16T01:11:16+08:00,out_for_delivery,out_for_delivery,CAR-SYN-FAST,SITE-CN-ZJ-HZ,CN-ZJ-HZ,,8
TRE-SYN-A-0137-09,ORD-SYN-A-0137,SHP-SYN-A-0137,2026-06-16T04:55:18+08:00,delivered,delivered,CAR-SYN-FAST,SITE-CN-ZJ-HZ,CN-ZJ-HZ,,9
TRE-SYN-A-0138-01,ORD-SYN-A-0138,SHP-SYN-A-0138,2026-06-14T19:52:12+08:00,shipment_created,shipment_created,CAR-SYN-FAST,ORIGIN-WH-SYN-EAST,CN-HB-WH,,1
TRE-SYN-A-0138-02,ORD-SYN-A-0138,SHP-SYN-A-0138,2026-06-15T00:17:06+08:00,carrier_picked_up,carrier_picked_up,CAR-SYN-FAST,ORIGIN-WH-SYN-EAST,CN-HB-WH,,2
TRE-SYN-A-0138-03,ORD-SYN-A-0138,SHP-SYN-A-0138,2026-06-15T01:29:13+08:00,origin_departed,origin_departed,CAR-SYN-FAST,ORIGIN-WH-SYN-EAST,CN-HB-WH,,3
TRE-SYN-A-0138-04,ORD-SYN-A-0138,SHP-SYN-A-0138,2026-06-15T02:12:29+08:00,in_transit,in_transit,CAR-SYN-FAST,LINEHAUL-SYN-01,CN-HB-WH,,4
TRE-SYN-A-0138-05,ORD-SYN-A-0138,SHP-SYN-A-0138,2026-06-15T14:57:43+08:00,arrived_at_hub,arrived_at_hub,CAR-SYN-FAST,HUB-SYN-01,CN-HB-WH,,5
TRE-SYN-A-0138-06,ORD-SYN-A-0138,SHP-SYN-A-0138,2026-06-15T17:29:15+08:00,departed_hub,departed_hub,CAR-SYN-FAST,HUB-SYN-01,CN-HB-WH,,6
TRE-SYN-A-0138-07,ORD-SYN-A-0138,SHP-SYN-A-0138,2026-06-16T05:43:14+08:00,arrived_at_destination_city,arrived_at_destination_city,CAR-SYN-FAST,DEST-CN-HB-WH,CN-HB-WH,,7
TRE-SYN-A-0138-08,ORD-SYN-A-0138,SHP-SYN-A-0138,2026-06-16T08:15:41+08:00,out_for_delivery,out_for_delivery,CAR-SYN-FAST,SITE-CN-HB-WH,CN-HB-WH,,8
TRE-SYN-A-0138-09,ORD-SYN-A-0138,SHP-SYN-A-0138,2026-06-16T10:18:43+08:00,delivered,delivered,CAR-SYN-FAST,SITE-CN-HB-WH,CN-HB-WH,,9
TRE-SYN-A-0139-01,ORD-SYN-A-0139,SHP-SYN-A-0139,2026-06-14T23:02:00+08:00,shipment_created,shipment_created,CAR-SYN-STD,ORIGIN-WH-SYN-EAST,CN-ZJ-HZ,,1
TRE-SYN-A-0139-02,ORD-SYN-A-0139,SHP-SYN-A-0139,2026-06-15T04:34:27+08:00,carrier_picked_up,carrier_picked_up,CAR-SYN-STD,ORIGIN-WH-SYN-EAST,CN-ZJ-HZ,,2
TRE-SYN-A-0139-03,ORD-SYN-A-0139,SHP-SYN-A-0139,2026-06-15T05:28:11+08:00,origin_departed,origin_departed,CAR-SYN-STD,ORIGIN-WH-SYN-EAST,CN-ZJ-HZ,,3
TRE-SYN-A-0139-04,ORD-SYN-A-0139,SHP-SYN-A-0139,2026-06-15T06:41:10+08:00,in_transit,in_transit,CAR-SYN-STD,LINEHAUL-SYN-01,CN-ZJ-HZ,,4
TRE-SYN-A-0139-05,ORD-SYN-A-0139,SHP-SYN-A-0139,2026-06-15T18:56:49+08:00,arrived_at_hub,arrived_at_hub,CAR-SYN-STD,HUB-SYN-01,CN-ZJ-HZ,,5
TRE-SYN-A-0139-06,ORD-SYN-A-0139,SHP-SYN-A-0139,2026-06-15T21:40:22+08:00,departed_hub,departed_hub,CAR-SYN-STD,HUB-SYN-01,CN-ZJ-HZ,,6
TRE-SYN-A-0139-07,ORD-SYN-A-0139,SHP-SYN-A-0139,2026-06-16T09:00:26+08:00,arrived_at_destination_city,arrived_at_destination_city,CAR-SYN-STD,DEST-CN-ZJ-HZ,CN-ZJ-HZ,,7
TRE-SYN-A-0139-08,ORD-SYN-A-0139,SHP-SYN-A-0139,2026-06-16T17:25:01+08:00,out_for_delivery,out_for_delivery,CAR-SYN-STD,SITE-CN-ZJ-HZ,CN-ZJ-HZ,,8
TRE-SYN-A-0139-09,ORD-SYN-A-0139,SHP-SYN-A-0139,2026-06-16T22:08:17+08:00,delivered,delivered,CAR-SYN-STD,SITE-CN-ZJ-HZ,CN-ZJ-HZ,,9
TRE-SYN-A-0140-01,ORD-SYN-A-0140,SHP-SYN-A-0140,2026-06-14T15:14:00+08:00,shipment_created,shipment_created,CAR-SYN-FAST,ORIGIN-WH-SYN-EAST,CN-HB-WH,,1
TRE-SYN-A-0140-02,ORD-SYN-A-0140,SHP-SYN-A-0140,2026-06-14T18:16:36+08:00,carrier_picked_up,carrier_picked_up,CAR-SYN-FAST,ORIGIN-WH-SYN-EAST,CN-HB-WH,,2
TRE-SYN-A-0140-03,ORD-SYN-A-0140,SHP-SYN-A-0140,2026-06-14T18:47:33+08:00,origin_departed,origin_departed,CAR-SYN-FAST,ORIGIN-WH-SYN-EAST,CN-HB-WH,,3
TRE-SYN-A-0140-04,ORD-SYN-A-0140,SHP-SYN-A-0140,2026-06-14T19:43:41+08:00,in_transit,in_transit,CAR-SYN-FAST,LINEHAUL-SYN-01,CN-HB-WH,,4
TRE-SYN-A-0140-05,ORD-SYN-A-0140,SHP-SYN-A-0140,2026-06-15T08:23:03+08:00,arrived_at_hub,arrived_at_hub,CAR-SYN-FAST,HUB-SYN-01,CN-HB-WH,,5
TRE-SYN-A-0140-06,ORD-SYN-A-0140,SHP-SYN-A-0140,2026-06-15T11:03:23+08:00,departed_hub,departed_hub,CAR-SYN-FAST,HUB-SYN-01,CN-HB-WH,,6
TRE-SYN-A-0140-07,ORD-SYN-A-0140,SHP-SYN-A-0140,2026-06-15T21:55:31+08:00,arrived_at_destination_city,arrived_at_destination_city,CAR-SYN-FAST,DEST-CN-HB-WH,CN-HB-WH,,7
TRE-SYN-A-0140-08,ORD-SYN-A-0140,SHP-SYN-A-0140,2026-06-16T00:50:33+08:00,out_for_delivery,out_for_delivery,CAR-SYN-FAST,SITE-CN-HB-WH,CN-HB-WH,,8
TRE-SYN-A-0140-09,ORD-SYN-A-0140,SHP-SYN-A-0140,2026-06-16T04:26:51+08:00,delivered,delivered,CAR-SYN-FAST,SITE-CN-HB-WH,CN-HB-WH,,9
TRE-SYN-A-0141-01,ORD-SYN-A-0141,SHP-SYN-A-0141,2026-06-15T18:10:43+08:00,shipment_created,shipment_created,CAR-SYN-FAST,ORIGIN-WH-SYN-EAST,CN-SD-QD,,1
TRE-SYN-A-0141-02,ORD-SYN-A-0141,SHP-SYN-A-0141,2026-06-16T02:05:33+08:00,carrier_picked_up,carrier_picked_up,CAR-SYN-FAST,ORIGIN-WH-SYN-EAST,CN-SD-QD,,2
TRE-SYN-A-0141-03,ORD-SYN-A-0141,SHP-SYN-A-0141,2026-06-16T03:33:40+08:00,origin_departed,origin_departed,CAR-SYN-FAST,ORIGIN-WH-SYN-EAST,CN-SD-QD,,3
TRE-SYN-A-0141-04,ORD-SYN-A-0141,SHP-SYN-A-0141,2026-06-16T04:41:06+08:00,in_transit,in_transit,CAR-SYN-FAST,LINEHAUL-SYN-01,CN-SD-QD,,4
TRE-SYN-A-0141-05,ORD-SYN-A-0141,SHP-SYN-A-0141,2026-06-16T11:00:09+08:00,arrived_at_hub,arrived_at_hub,CAR-SYN-FAST,HUB-SYN-01,CN-SD-QD,,5
TRE-SYN-A-0141-06,ORD-SYN-A-0141,SHP-SYN-A-0141,2026-06-16T14:24:17+08:00,departed_hub,departed_hub,CAR-SYN-FAST,HUB-SYN-01,CN-SD-QD,,6
TRE-SYN-A-0141-07,ORD-SYN-A-0141,SHP-SYN-A-0141,2026-06-17T02:11:44+08:00,arrived_at_destination_city,arrived_at_destination_city,CAR-SYN-FAST,DEST-CN-SD-QD,CN-SD-QD,,7
TRE-SYN-A-0141-08,ORD-SYN-A-0141,SHP-SYN-A-0141,2026-06-17T10:06:17+08:00,out_for_delivery,out_for_delivery,CAR-SYN-FAST,SITE-CN-SD-QD,CN-SD-QD,,8
TRE-SYN-A-0141-09,ORD-SYN-A-0141,SHP-SYN-A-0141,2026-06-17T14:21:13+08:00,delivered,delivered,CAR-SYN-FAST,SITE-CN-SD-QD,CN-SD-QD,,9
TRE-SYN-A-0142-01,ORD-SYN-A-0142,SHP-SYN-A-0142,2026-06-15T21:21:09+08:00,shipment_created,shipment_created,CAR-SYN-FAST,ORIGIN-WH-SYN-WEST,CN-SD-QD,,1
TRE-SYN-A-0142-02,ORD-SYN-A-0142,SHP-SYN-A-0142,2026-06-16T00:29:13+08:00,carrier_picked_up,carrier_picked_up,CAR-SYN-FAST,ORIGIN-WH-SYN-WEST,CN-SD-QD,,2
TRE-SYN-A-0142-03,ORD-SYN-A-0142,SHP-SYN-A-0142,2026-06-16T01:23:07+08:00,origin_departed,origin_departed,CAR-SYN-FAST,ORIGIN-WH-SYN-WEST,CN-SD-QD,,3
TRE-SYN-A-0142-04,ORD-SYN-A-0142,SHP-SYN-A-0142,2026-06-16T02:13:52+08:00,in_transit,in_transit,CAR-SYN-FAST,LINEHAUL-SYN-01,CN-SD-QD,,4
TRE-SYN-A-0142-05,ORD-SYN-A-0142,SHP-SYN-A-0142,2026-06-16T12:42:39+08:00,arrived_at_hub,arrived_at_hub,CAR-SYN-FAST,HUB-SYN-01,CN-SD-QD,,5
TRE-SYN-A-0142-06,ORD-SYN-A-0142,SHP-SYN-A-0142,2026-06-16T14:36:18+08:00,departed_hub,departed_hub,CAR-SYN-FAST,HUB-SYN-01,CN-SD-QD,,6
TRE-SYN-A-0142-07,ORD-SYN-A-0142,SHP-SYN-A-0142,2026-06-17T03:00:49+08:00,arrived_at_destination_city,arrived_at_destination_city,CAR-SYN-FAST,DEST-CN-SD-QD,CN-SD-QD,,7
TRE-SYN-A-0142-08,ORD-SYN-A-0142,SHP-SYN-A-0142,2026-06-17T06:36:53+08:00,out_for_delivery,out_for_delivery,CAR-SYN-FAST,SITE-CN-SD-QD,CN-SD-QD,,8
TRE-SYN-A-0142-09,ORD-SYN-A-0142,SHP-SYN-A-0142,2026-06-17T08:15:44+08:00,delivered,delivered,CAR-SYN-FAST,SITE-CN-SD-QD,CN-SD-QD,,9
TRE-SYN-A-0143-01,ORD-SYN-A-0143,SHP-SYN-A-0143,2026-06-15T12:56:13+08:00,shipment_created,shipment_created,CAR-SYN-FAST,ORIGIN-WH-SYN-EAST,CN-ZJ-HZ,,1
TRE-SYN-A-0143-02,ORD-SYN-A-0143,SHP-SYN-A-0143,2026-06-15T20:51:30+08:00,carrier_picked_up,carrier_picked_up,CAR-SYN-FAST,ORIGIN-WH-SYN-EAST,CN-ZJ-HZ,,2
TRE-SYN-A-0143-03,ORD-SYN-A-0143,SHP-SYN-A-0143,2026-06-15T21:38:51+08:00,origin_departed,origin_departed,CAR-SYN-FAST,ORIGIN-WH-SYN-EAST,CN-ZJ-HZ,,3
TRE-SYN-A-0143-04,ORD-SYN-A-0143,SHP-SYN-A-0143,2026-06-15T22:45:44+08:00,in_transit,in_transit,CAR-SYN-FAST,LINEHAUL-SYN-01,CN-ZJ-HZ,,4
TRE-SYN-A-0143-05,ORD-SYN-A-0143,SHP-SYN-A-0143,2026-06-16T10:28:58+08:00,arrived_at_hub,arrived_at_hub,CAR-SYN-FAST,HUB-SYN-01,CN-ZJ-HZ,,5
TRE-SYN-A-0143-06,ORD-SYN-A-0143,SHP-SYN-A-0143,2026-06-16T13:51:09+08:00,departed_hub,departed_hub,CAR-SYN-FAST,HUB-SYN-01,CN-ZJ-HZ,,6
TRE-SYN-A-0143-07,ORD-SYN-A-0143,SHP-SYN-A-0143,2026-06-17T02:36:07+08:00,arrived_at_destination_city,arrived_at_destination_city,CAR-SYN-FAST,DEST-CN-ZJ-HZ,CN-ZJ-HZ,,7
TRE-SYN-A-0143-08,ORD-SYN-A-0143,SHP-SYN-A-0143,2026-06-17T10:38:36+08:00,out_for_delivery,out_for_delivery,CAR-SYN-FAST,SITE-CN-ZJ-HZ,CN-ZJ-HZ,,8
TRE-SYN-A-0143-09,ORD-SYN-A-0143,SHP-SYN-A-0143,2026-06-17T15:56:14+08:00,delivered,delivered,CAR-SYN-FAST,SITE-CN-ZJ-HZ,CN-ZJ-HZ,,9
TRE-SYN-A-0144-01,ORD-SYN-A-0144,SHP-SYN-A-0144,2026-06-15T16:27:42+08:00,shipment_created,shipment_created,CAR-SYN-FAST,ORIGIN-WH-SYN-EAST,CN-ZJ-HZ,,1
TRE-SYN-A-0144-02,ORD-SYN-A-0144,SHP-SYN-A-0144,2026-06-16T00:01:53+08:00,carrier_picked_up,carrier_picked_up,CAR-SYN-FAST,ORIGIN-WH-SYN-EAST,CN-ZJ-HZ,,2
TRE-SYN-A-0144-03,ORD-SYN-A-0144,SHP-SYN-A-0144,2026-06-16T01:08:52+08:00,origin_departed,origin_departed,CAR-SYN-FAST,ORIGIN-WH-SYN-EAST,CN-ZJ-HZ,,3
TRE-SYN-A-0144-04,ORD-SYN-A-0144,SHP-SYN-A-0144,2026-06-16T02:13:25+08:00,in_transit,in_transit,CAR-SYN-FAST,LINEHAUL-SYN-01,CN-ZJ-HZ,,4
TRE-SYN-A-0144-05,ORD-SYN-A-0144,SHP-SYN-A-0144,2026-06-16T09:18:43+08:00,arrived_at_hub,arrived_at_hub,CAR-SYN-FAST,HUB-SYN-01,CN-ZJ-HZ,,5
TRE-SYN-A-0144-06,ORD-SYN-A-0144,SHP-SYN-A-0144,2026-06-16T11:12:53+08:00,departed_hub,departed_hub,CAR-SYN-FAST,HUB-SYN-01,CN-ZJ-HZ,,6
TRE-SYN-A-0144-07,ORD-SYN-A-0144,SHP-SYN-A-0144,2026-06-16T19:36:09+08:00,arrived_at_destination_city,arrived_at_destination_city,CAR-SYN-FAST,DEST-CN-ZJ-HZ,CN-ZJ-HZ,,7
TRE-SYN-A-0144-08,ORD-SYN-A-0144,SHP-SYN-A-0144,2026-06-16T22:03:59+08:00,out_for_delivery,out_for_delivery,CAR-SYN-FAST,SITE-CN-ZJ-HZ,CN-ZJ-HZ,,8
TRE-SYN-A-0144-09,ORD-SYN-A-0144,SHP-SYN-A-0144,2026-06-17T03:15:58+08:00,delivered,delivered,CAR-SYN-FAST,SITE-CN-ZJ-HZ,CN-ZJ-HZ,,9
TRE-SYN-A-0145-01,ORD-SYN-A-0145,SHP-SYN-A-0145,2026-06-15T18:30:00+08:00,shipment_created,shipment_created,CAR-SYN-STD,ORIGIN-WH-SYN-EAST,CN-SD-QD,,1
TRE-SYN-A-0145-02,ORD-SYN-A-0145,SHP-SYN-A-0145,2026-06-15T21:15:12+08:00,carrier_picked_up,carrier_picked_up,CAR-SYN-STD,ORIGIN-WH-SYN-EAST,CN-SD-QD,,2
TRE-SYN-A-0145-03,ORD-SYN-A-0145,SHP-SYN-A-0145,2026-06-15T22:00:06+08:00,origin_departed,origin_departed,CAR-SYN-STD,ORIGIN-WH-SYN-EAST,CN-SD-QD,,3
TRE-SYN-A-0145-04,ORD-SYN-A-0145,SHP-SYN-A-0145,2026-06-15T22:58:50+08:00,in_transit,in_transit,CAR-SYN-STD,LINEHAUL-SYN-01,CN-SD-QD,,4
TRE-SYN-A-0145-05,ORD-SYN-A-0145,SHP-SYN-A-0145,2026-06-16T11:24:07+08:00,arrived_at_hub,arrived_at_hub,CAR-SYN-STD,HUB-SYN-01,CN-SD-QD,,5
TRE-SYN-A-0145-06,ORD-SYN-A-0145,SHP-SYN-A-0145,2026-06-16T15:08:04+08:00,departed_hub,departed_hub,CAR-SYN-STD,HUB-SYN-01,CN-SD-QD,,6
TRE-SYN-A-0145-07,ORD-SYN-A-0145,SHP-SYN-A-0145,2026-06-17T06:11:58+08:00,arrived_at_destination_city,arrived_at_destination_city,CAR-SYN-STD,DEST-CN-SD-QD,CN-SD-QD,,7
TRE-SYN-A-0145-08,ORD-SYN-A-0145,SHP-SYN-A-0145,2026-06-17T12:30:05+08:00,out_for_delivery,out_for_delivery,CAR-SYN-STD,SITE-CN-SD-QD,CN-SD-QD,,8
TRE-SYN-A-0145-09,ORD-SYN-A-0145,SHP-SYN-A-0145,2026-06-17T14:39:23+08:00,delivered,delivered,CAR-SYN-STD,SITE-CN-SD-QD,CN-SD-QD,,9
TRE-SYN-A-0146-01,ORD-SYN-A-0146,SHP-SYN-A-0146,2026-06-15T22:08:36+08:00,shipment_created,shipment_created,CAR-SYN-FAST,ORIGIN-WH-SYN-EAST,CN-ZJ-HZ,,1
TRE-SYN-A-0146-02,ORD-SYN-A-0146,SHP-SYN-A-0146,2026-06-16T03:11:39+08:00,carrier_picked_up,carrier_picked_up,CAR-SYN-FAST,ORIGIN-WH-SYN-EAST,CN-ZJ-HZ,,2
TRE-SYN-A-0146-03,ORD-SYN-A-0146,SHP-SYN-A-0146,2026-06-16T04:16:03+08:00,origin_departed,origin_departed,CAR-SYN-FAST,ORIGIN-WH-SYN-EAST,CN-ZJ-HZ,,3
TRE-SYN-A-0146-04,ORD-SYN-A-0146,SHP-SYN-A-0146,2026-06-16T05:13:59+08:00,in_transit,in_transit,CAR-SYN-FAST,LINEHAUL-SYN-01,CN-ZJ-HZ,,4
TRE-SYN-A-0146-05,ORD-SYN-A-0146,SHP-SYN-A-0146,2026-06-16T14:02:24+08:00,arrived_at_hub,arrived_at_hub,CAR-SYN-FAST,HUB-SYN-01,CN-ZJ-HZ,,5
TRE-SYN-A-0146-06,ORD-SYN-A-0146,SHP-SYN-A-0146,2026-06-16T17:13:48+08:00,departed_hub,departed_hub,CAR-SYN-FAST,HUB-SYN-01,CN-ZJ-HZ,,6
TRE-SYN-A-0146-07,ORD-SYN-A-0146,SHP-SYN-A-0146,2026-06-17T05:18:55+08:00,arrived_at_destination_city,arrived_at_destination_city,CAR-SYN-FAST,DEST-CN-ZJ-HZ,CN-ZJ-HZ,,7
TRE-SYN-A-0146-08,ORD-SYN-A-0146,SHP-SYN-A-0146,2026-06-17T09:59:58+08:00,out_for_delivery,out_for_delivery,CAR-SYN-FAST,SITE-CN-ZJ-HZ,CN-ZJ-HZ,,8
TRE-SYN-A-0146-09,ORD-SYN-A-0146,SHP-SYN-A-0146,2026-06-17T15:53:48+08:00,delivered,delivered,CAR-SYN-FAST,SITE-CN-ZJ-HZ,CN-ZJ-HZ,,9
TRE-SYN-A-0147-01,ORD-SYN-A-0147,SHP-SYN-A-0147,2026-06-15T14:22:54+08:00,shipment_created,shipment_created,CAR-SYN-STD,ORIGIN-WH-SYN-EAST,CN-HB-WH,,1
TRE-SYN-A-0147-02,ORD-SYN-A-0147,SHP-SYN-A-0147,2026-06-15T20:00:02+08:00,carrier_picked_up,carrier_picked_up,CAR-SYN-STD,ORIGIN-WH-SYN-EAST,CN-HB-WH,,2
TRE-SYN-A-0147-03,ORD-SYN-A-0147,SHP-SYN-A-0147,2026-06-15T21:18:21+08:00,origin_departed,origin_departed,CAR-SYN-STD,ORIGIN-WH-SYN-EAST,CN-HB-WH,,3
TRE-SYN-A-0147-04,ORD-SYN-A-0147,SHP-SYN-A-0147,2026-06-15T22:37:53+08:00,in_transit,in_transit,CAR-SYN-STD,LINEHAUL-SYN-01,CN-HB-WH,,4
TRE-SYN-A-0147-05,ORD-SYN-A-0147,SHP-SYN-A-0147,2026-06-16T09:17:44+08:00,arrived_at_hub,arrived_at_hub,CAR-SYN-STD,HUB-SYN-01,CN-HB-WH,,5
TRE-SYN-A-0147-06,ORD-SYN-A-0147,SHP-SYN-A-0147,2026-06-16T10:50:09+08:00,departed_hub,departed_hub,CAR-SYN-STD,HUB-SYN-01,CN-HB-WH,,6
TRE-SYN-A-0147-07,ORD-SYN-A-0147,SHP-SYN-A-0147,2026-06-16T21:53:57+08:00,arrived_at_destination_city,arrived_at_destination_city,CAR-SYN-STD,DEST-CN-HB-WH,CN-HB-WH,,7
TRE-SYN-A-0147-08,ORD-SYN-A-0147,SHP-SYN-A-0147,2026-06-17T02:05:29+08:00,out_for_delivery,out_for_delivery,CAR-SYN-STD,SITE-CN-HB-WH,CN-HB-WH,,8
TRE-SYN-A-0147-09,ORD-SYN-A-0147,SHP-SYN-A-0147,2026-06-17T07:57:46+08:00,delivered,delivered,CAR-SYN-STD,SITE-CN-HB-WH,CN-HB-WH,,9
TRE-SYN-A-0148-01,ORD-SYN-A-0148,SHP-SYN-A-0148,2026-06-15T17:18:06+08:00,shipment_created,shipment_created,CAR-SYN-FAST,ORIGIN-WH-SYN-WEST,CN-ZJ-HZ,,1
TRE-SYN-A-0148-02,ORD-SYN-A-0148,SHP-SYN-A-0148,2026-06-16T00:53:55+08:00,carrier_picked_up,carrier_picked_up,CAR-SYN-FAST,ORIGIN-WH-SYN-WEST,CN-ZJ-HZ,,2
TRE-SYN-A-0148-03,ORD-SYN-A-0148,SHP-SYN-A-0148,2026-06-16T02:05:59+08:00,origin_departed,origin_departed,CAR-SYN-FAST,ORIGIN-WH-SYN-WEST,CN-ZJ-HZ,,3
TRE-SYN-A-0148-04,ORD-SYN-A-0148,SHP-SYN-A-0148,2026-06-16T02:49:27+08:00,in_transit,in_transit,CAR-SYN-FAST,LINEHAUL-SYN-01,CN-ZJ-HZ,,4
TRE-SYN-A-0148-05,ORD-SYN-A-0148,SHP-SYN-A-0148,2026-06-16T11:44:13+08:00,arrived_at_hub,arrived_at_hub,CAR-SYN-FAST,HUB-SYN-01,CN-ZJ-HZ,,5
TRE-SYN-A-0148-06,ORD-SYN-A-0148,SHP-SYN-A-0148,2026-06-16T15:12:08+08:00,departed_hub,departed_hub,CAR-SYN-FAST,HUB-SYN-01,CN-ZJ-HZ,,6
TRE-SYN-A-0148-07,ORD-SYN-A-0148,SHP-SYN-A-0148,2026-06-17T03:04:58+08:00,arrived_at_destination_city,arrived_at_destination_city,CAR-SYN-FAST,DEST-CN-ZJ-HZ,CN-ZJ-HZ,,7
TRE-SYN-A-0148-08,ORD-SYN-A-0148,SHP-SYN-A-0148,2026-06-17T10:23:52+08:00,out_for_delivery,out_for_delivery,CAR-SYN-FAST,SITE-CN-ZJ-HZ,CN-ZJ-HZ,,8
TRE-SYN-A-0148-09,ORD-SYN-A-0148,SHP-SYN-A-0148,2026-06-17T14:31:48+08:00,delivered,delivered,CAR-SYN-FAST,SITE-CN-ZJ-HZ,CN-ZJ-HZ,,9
TRE-SYN-A-0149-01,ORD-SYN-A-0149,SHP-SYN-A-0149,2026-06-15T20:27:00+08:00,shipment_created,shipment_created,CAR-SYN-ECON,ORIGIN-WH-SYN-EAST,CN-JS-NJ,,1
TRE-SYN-A-0149-02,ORD-SYN-A-0149,SHP-SYN-A-0149,2026-06-16T03:37:20+08:00,carrier_picked_up,carrier_picked_up,CAR-SYN-ECON,ORIGIN-WH-SYN-EAST,CN-JS-NJ,,2
TRE-SYN-A-0149-03,ORD-SYN-A-0149,SHP-SYN-A-0149,2026-06-16T05:06:06+08:00,origin_departed,origin_departed,CAR-SYN-ECON,ORIGIN-WH-SYN-EAST,CN-JS-NJ,,3
TRE-SYN-A-0149-04,ORD-SYN-A-0149,SHP-SYN-A-0149,2026-06-16T05:44:05+08:00,in_transit,in_transit,CAR-SYN-ECON,LINEHAUL-SYN-01,CN-JS-NJ,,4
TRE-SYN-A-0149-05,ORD-SYN-A-0149,SHP-SYN-A-0149,2026-06-16T15:14:41+08:00,arrived_at_hub,arrived_at_hub,CAR-SYN-ECON,HUB-SYN-01,CN-JS-NJ,,5
TRE-SYN-A-0149-06,ORD-SYN-A-0149,SHP-SYN-A-0149,2026-06-16T17:53:18+08:00,departed_hub,departed_hub,CAR-SYN-ECON,HUB-SYN-01,CN-JS-NJ,,6
TRE-SYN-A-0149-07,ORD-SYN-A-0149,SHP-SYN-A-0149,2026-06-17T02:32:46+08:00,arrived_at_destination_city,arrived_at_destination_city,CAR-SYN-ECON,DEST-CN-JS-NJ,CN-JS-NJ,,7
TRE-SYN-A-0149-08,ORD-SYN-A-0149,SHP-SYN-A-0149,2026-06-17T07:28:57+08:00,out_for_delivery,out_for_delivery,CAR-SYN-ECON,SITE-CN-JS-NJ,CN-JS-NJ,,8
TRE-SYN-A-0149-09,ORD-SYN-A-0149,SHP-SYN-A-0149,2026-06-17T12:57:18+08:00,delivered,delivered,CAR-SYN-ECON,SITE-CN-JS-NJ,CN-JS-NJ,,9
TRE-SYN-A-0150-01,ORD-SYN-A-0150,SHP-SYN-A-0150,2026-06-15T22:53:01+08:00,shipment_created,shipment_created,CAR-SYN-FAST,ORIGIN-WH-SYN-EAST,CN-HB-WH,,1
TRE-SYN-A-0150-02,ORD-SYN-A-0150,SHP-SYN-A-0150,2026-06-16T06:17:36+08:00,carrier_picked_up,carrier_picked_up,CAR-SYN-FAST,ORIGIN-WH-SYN-EAST,CN-HB-WH,,2
TRE-SYN-A-0150-03,ORD-SYN-A-0150,SHP-SYN-A-0150,2026-06-16T06:50:35+08:00,origin_departed,origin_departed,CAR-SYN-FAST,ORIGIN-WH-SYN-EAST,CN-HB-WH,,3
TRE-SYN-A-0150-04,ORD-SYN-A-0150,SHP-SYN-A-0150,2026-06-16T08:14:35+08:00,in_transit,in_transit,CAR-SYN-FAST,LINEHAUL-SYN-01,CN-HB-WH,,4
TRE-SYN-A-0150-05,ORD-SYN-A-0150,SHP-SYN-A-0150,2026-06-16T16:31:31+08:00,arrived_at_hub,arrived_at_hub,CAR-SYN-FAST,HUB-SYN-01,CN-HB-WH,,5
TRE-SYN-A-0150-06,ORD-SYN-A-0150,SHP-SYN-A-0150,2026-06-16T19:17:56+08:00,departed_hub,departed_hub,CAR-SYN-FAST,HUB-SYN-01,CN-HB-WH,,6
TRE-SYN-A-0150-07,ORD-SYN-A-0150,SHP-SYN-A-0150,2026-06-17T05:43:40+08:00,arrived_at_destination_city,arrived_at_destination_city,CAR-SYN-FAST,DEST-CN-HB-WH,CN-HB-WH,,7
TRE-SYN-A-0150-08,ORD-SYN-A-0150,SHP-SYN-A-0150,2026-06-17T11:29:51+08:00,out_for_delivery,out_for_delivery,CAR-SYN-FAST,SITE-CN-HB-WH,CN-HB-WH,,8
TRE-SYN-A-0150-09,ORD-SYN-A-0150,SHP-SYN-A-0150,2026-06-17T14:10:52+08:00,delivered,delivered,CAR-SYN-FAST,SITE-CN-HB-WH,CN-HB-WH,,9
TRE-SYN-A-0151-01,ORD-SYN-A-0151,SHP-SYN-A-0151,2026-06-16T15:36:51+08:00,shipment_created,shipment_created,CAR-SYN-FAST,ORIGIN-WH-SYN-EAST,CN-JS-NJ,,1
TRE-SYN-A-0151-02,ORD-SYN-A-0151,SHP-SYN-A-0151,2026-06-16T22:04:09+08:00,carrier_picked_up,carrier_picked_up,CAR-SYN-FAST,ORIGIN-WH-SYN-EAST,CN-JS-NJ,,2
TRE-SYN-A-0151-03,ORD-SYN-A-0151,SHP-SYN-A-0151,2026-06-16T23:26:38+08:00,origin_departed,origin_departed,CAR-SYN-FAST,ORIGIN-WH-SYN-EAST,CN-JS-NJ,,3
TRE-SYN-A-0151-04,ORD-SYN-A-0151,SHP-SYN-A-0151,2026-06-17T00:18:11+08:00,in_transit,in_transit,CAR-SYN-FAST,LINEHAUL-SYN-01,CN-JS-NJ,,4
TRE-SYN-A-0151-05,ORD-SYN-A-0151,SHP-SYN-A-0151,2026-06-17T12:47:43+08:00,arrived_at_hub,arrived_at_hub,CAR-SYN-FAST,HUB-SYN-01,CN-JS-NJ,,5
TRE-SYN-A-0151-06,ORD-SYN-A-0151,SHP-SYN-A-0151,2026-06-17T14:30:35+08:00,departed_hub,departed_hub,CAR-SYN-FAST,HUB-SYN-01,CN-JS-NJ,,6
TRE-SYN-A-0151-07,ORD-SYN-A-0151,SHP-SYN-A-0151,2026-06-18T04:17:26+08:00,arrived_at_destination_city,arrived_at_destination_city,CAR-SYN-FAST,DEST-CN-JS-NJ,CN-JS-NJ,,7
TRE-SYN-A-0151-08,ORD-SYN-A-0151,SHP-SYN-A-0151,2026-06-18T12:40:38+08:00,out_for_delivery,out_for_delivery,CAR-SYN-FAST,SITE-CN-JS-NJ,CN-JS-NJ,,8
TRE-SYN-A-0151-09,ORD-SYN-A-0151,SHP-SYN-A-0151,2026-06-18T14:03:23+08:00,delivered,delivered,CAR-SYN-FAST,SITE-CN-JS-NJ,CN-JS-NJ,,9
TRE-SYN-A-0152-01,ORD-SYN-A-0152,SHP-SYN-A-0152,2026-06-16T17:58:46+08:00,shipment_created,shipment_created,CAR-SYN-STD,ORIGIN-WH-SYN-EAST,CN-SD-QD,,1
TRE-SYN-A-0152-02,ORD-SYN-A-0152,SHP-SYN-A-0152,2026-06-16T21:36:25+08:00,carrier_picked_up,carrier_picked_up,CAR-SYN-STD,ORIGIN-WH-SYN-EAST,CN-SD-QD,,2
TRE-SYN-A-0152-03,ORD-SYN-A-0152,SHP-SYN-A-0152,2026-06-16T22:51:38+08:00,origin_departed,origin_departed,CAR-SYN-STD,ORIGIN-WH-SYN-EAST,CN-SD-QD,,3
TRE-SYN-A-0152-04,ORD-SYN-A-0152,SHP-SYN-A-0152,2026-06-17T00:13:48+08:00,in_transit,in_transit,CAR-SYN-STD,LINEHAUL-SYN-01,CN-SD-QD,,4
TRE-SYN-A-0152-05,ORD-SYN-A-0152,SHP-SYN-A-0152,2026-06-17T08:35:55+08:00,arrived_at_hub,arrived_at_hub,CAR-SYN-STD,HUB-SYN-01,CN-SD-QD,,5
TRE-SYN-A-0152-06,ORD-SYN-A-0152,SHP-SYN-A-0152,2026-06-17T10:48:06+08:00,departed_hub,departed_hub,CAR-SYN-STD,HUB-SYN-01,CN-SD-QD,,6
TRE-SYN-A-0152-07,ORD-SYN-A-0152,SHP-SYN-A-0152,2026-06-18T00:29:45+08:00,arrived_at_destination_city,arrived_at_destination_city,CAR-SYN-STD,DEST-CN-SD-QD,CN-SD-QD,,7
TRE-SYN-A-0152-08,ORD-SYN-A-0152,SHP-SYN-A-0152,2026-06-18T07:35:50+08:00,out_for_delivery,out_for_delivery,CAR-SYN-STD,SITE-CN-SD-QD,CN-SD-QD,,8
TRE-SYN-A-0152-09,ORD-SYN-A-0152,SHP-SYN-A-0152,2026-06-18T11:50:51+08:00,delivered,delivered,CAR-SYN-STD,SITE-CN-SD-QD,CN-SD-QD,,9
TRE-SYN-A-0153-01,ORD-SYN-A-0153,SHP-SYN-A-0153,2026-06-16T21:16:12+08:00,shipment_created,shipment_created,CAR-SYN-ECON,ORIGIN-WH-SYN-EAST,CN-SD-QD,,1
TRE-SYN-A-0153-02,ORD-SYN-A-0153,SHP-SYN-A-0153,2026-06-17T05:09:49+08:00,carrier_picked_up,carrier_picked_up,CAR-SYN-ECON,ORIGIN-WH-SYN-EAST,CN-SD-QD,,2
TRE-SYN-A-0153-03,ORD-SYN-A-0153,SHP-SYN-A-0153,2026-06-17T06:09:45+08:00,origin_departed,origin_departed,CAR-SYN-ECON,ORIGIN-WH-SYN-EAST,CN-SD-QD,,3
TRE-SYN-A-0153-04,ORD-SYN-A-0153,SHP-SYN-A-0153,2026-06-17T07:22:37+08:00,in_transit,in_transit,CAR-SYN-ECON,LINEHAUL-SYN-01,CN-SD-QD,,4
TRE-SYN-A-0153-05,ORD-SYN-A-0153,SHP-SYN-A-0153,2026-06-17T17:40:35+08:00,arrived_at_hub,arrived_at_hub,CAR-SYN-ECON,HUB-SYN-01,CN-SD-QD,,5
TRE-SYN-A-0153-06,ORD-SYN-A-0153,SHP-SYN-A-0153,2026-06-17T20:51:54+08:00,departed_hub,departed_hub,CAR-SYN-ECON,HUB-SYN-01,CN-SD-QD,,6
TRE-SYN-A-0153-07,ORD-SYN-A-0153,SHP-SYN-A-0153,2026-06-18T09:08:28+08:00,arrived_at_destination_city,arrived_at_destination_city,CAR-SYN-ECON,DEST-CN-SD-QD,CN-SD-QD,,7
TRE-SYN-A-0153-08,ORD-SYN-A-0153,SHP-SYN-A-0153,2026-06-18T11:15:59+08:00,out_for_delivery,out_for_delivery,CAR-SYN-ECON,SITE-CN-SD-QD,CN-SD-QD,,8
TRE-SYN-A-0153-09,ORD-SYN-A-0153,SHP-SYN-A-0153,2026-06-18T13:33:13+08:00,delivered,delivered,CAR-SYN-ECON,SITE-CN-SD-QD,CN-SD-QD,,9
TRE-SYN-A-0154-01,ORD-SYN-A-0154,SHP-SYN-A-0154,2026-06-16T13:38:55+08:00,shipment_created,shipment_created,CAR-SYN-STD,ORIGIN-WH-SYN-EAST,CN-SD-QD,,1
TRE-SYN-A-0154-02,ORD-SYN-A-0154,SHP-SYN-A-0154,2026-06-16T20:54:47+08:00,carrier_picked_up,carrier_picked_up,CAR-SYN-STD,ORIGIN-WH-SYN-EAST,CN-SD-QD,,2
TRE-SYN-A-0154-03,ORD-SYN-A-0154,SHP-SYN-A-0154,2026-06-16T21:39:58+08:00,origin_departed,origin_departed,CAR-SYN-STD,ORIGIN-WH-SYN-EAST,CN-SD-QD,,3
TRE-SYN-A-0154-04,ORD-SYN-A-0154,SHP-SYN-A-0154,2026-06-16T22:57:48+08:00,in_transit,in_transit,CAR-SYN-STD,LINEHAUL-SYN-01,CN-SD-QD,,4
TRE-SYN-A-0154-05,ORD-SYN-A-0154,SHP-SYN-A-0154,2026-06-17T11:38:01+08:00,arrived_at_hub,arrived_at_hub,CAR-SYN-STD,HUB-SYN-01,CN-SD-QD,,5
TRE-SYN-A-0154-06,ORD-SYN-A-0154,SHP-SYN-A-0154,2026-06-17T13:17:46+08:00,departed_hub,departed_hub,CAR-SYN-STD,HUB-SYN-01,CN-SD-QD,,6
TRE-SYN-A-0154-07,ORD-SYN-A-0154,SHP-SYN-A-0154,2026-06-18T01:30:58+08:00,arrived_at_destination_city,arrived_at_destination_city,CAR-SYN-STD,DEST-CN-SD-QD,CN-SD-QD,,7
TRE-SYN-A-0154-08,ORD-SYN-A-0154,SHP-SYN-A-0154,2026-06-18T08:31:00+08:00,out_for_delivery,out_for_delivery,CAR-SYN-STD,SITE-CN-SD-QD,CN-SD-QD,,8
TRE-SYN-A-0154-09,ORD-SYN-A-0154,SHP-SYN-A-0154,2026-06-18T11:13:44+08:00,delivered,delivered,CAR-SYN-STD,SITE-CN-SD-QD,CN-SD-QD,,9
TRE-SYN-A-0155-01,ORD-SYN-A-0155,SHP-SYN-A-0155,2026-06-16T16:10:42+08:00,shipment_created,shipment_created,CAR-SYN-FAST,ORIGIN-WH-SYN-WEST,CN-ZJ-HZ,,1
TRE-SYN-A-0155-02,ORD-SYN-A-0155,SHP-SYN-A-0155,2026-06-16T19:13:18+08:00,carrier_picked_up,carrier_picked_up,CAR-SYN-FAST,ORIGIN-WH-SYN-WEST,CN-ZJ-HZ,,2
TRE-SYN-A-0155-03,ORD-SYN-A-0155,SHP-SYN-A-0155,2026-06-16T20:19:23+08:00,origin_departed,origin_departed,CAR-SYN-FAST,ORIGIN-WH-SYN-WEST,CN-ZJ-HZ,,3
TRE-SYN-A-0155-04,ORD-SYN-A-0155,SHP-SYN-A-0155,2026-06-16T21:14:52+08:00,in_transit,in_transit,CAR-SYN-FAST,LINEHAUL-SYN-01,CN-ZJ-HZ,,4
TRE-SYN-A-0155-05,ORD-SYN-A-0155,SHP-SYN-A-0155,2026-06-17T07:18:23+08:00,arrived_at_hub,arrived_at_hub,CAR-SYN-FAST,HUB-SYN-01,CN-ZJ-HZ,,5
TRE-SYN-A-0155-06,ORD-SYN-A-0155,SHP-SYN-A-0155,2026-06-17T10:17:39+08:00,departed_hub,departed_hub,CAR-SYN-FAST,HUB-SYN-01,CN-ZJ-HZ,,6
TRE-SYN-A-0155-07,ORD-SYN-A-0155,SHP-SYN-A-0155,2026-06-17T22:44:55+08:00,arrived_at_destination_city,arrived_at_destination_city,CAR-SYN-FAST,DEST-CN-ZJ-HZ,CN-ZJ-HZ,,7
TRE-SYN-A-0155-08,ORD-SYN-A-0155,SHP-SYN-A-0155,2026-06-18T06:42:17+08:00,out_for_delivery,out_for_delivery,CAR-SYN-FAST,SITE-CN-ZJ-HZ,CN-ZJ-HZ,,8
TRE-SYN-A-0155-09,ORD-SYN-A-0155,SHP-SYN-A-0155,2026-06-18T11:11:19+08:00,delivered,delivered,CAR-SYN-FAST,SITE-CN-ZJ-HZ,CN-ZJ-HZ,,9
TRE-SYN-A-0156-01,ORD-SYN-A-0156,SHP-SYN-A-0156,2026-06-16T19:28:14+08:00,shipment_created,shipment_created,CAR-SYN-STD,ORIGIN-WH-SYN-EAST,CN-SD-QD,,1
TRE-SYN-A-0156-02,ORD-SYN-A-0156,SHP-SYN-A-0156,2026-06-17T01:59:48+08:00,carrier_picked_up,carrier_picked_up,CAR-SYN-STD,ORIGIN-WH-SYN-EAST,CN-SD-QD,,2
TRE-SYN-A-0156-03,ORD-SYN-A-0156,SHP-SYN-A-0156,2026-06-17T02:46:56+08:00,origin_departed,origin_departed,CAR-SYN-STD,ORIGIN-WH-SYN-EAST,CN-SD-QD,,3
TRE-SYN-A-0156-04,ORD-SYN-A-0156,SHP-SYN-A-0156,2026-06-17T03:46:25+08:00,in_transit,in_transit,CAR-SYN-STD,LINEHAUL-SYN-01,CN-SD-QD,,4
TRE-SYN-A-0156-05,ORD-SYN-A-0156,SHP-SYN-A-0156,2026-06-17T11:28:14+08:00,arrived_at_hub,arrived_at_hub,CAR-SYN-STD,HUB-SYN-01,CN-SD-QD,,5
TRE-SYN-A-0156-06,ORD-SYN-A-0156,SHP-SYN-A-0156,2026-06-17T13:38:49+08:00,departed_hub,departed_hub,CAR-SYN-STD,HUB-SYN-01,CN-SD-QD,,6
TRE-SYN-A-0156-07,ORD-SYN-A-0156,SHP-SYN-A-0156,2026-06-18T02:28:20+08:00,arrived_at_destination_city,arrived_at_destination_city,CAR-SYN-STD,DEST-CN-SD-QD,CN-SD-QD,,7
TRE-SYN-A-0156-08,ORD-SYN-A-0156,SHP-SYN-A-0156,2026-06-18T07:56:11+08:00,out_for_delivery,out_for_delivery,CAR-SYN-STD,SITE-CN-SD-QD,CN-SD-QD,,8
TRE-SYN-A-0156-09,ORD-SYN-A-0156,SHP-SYN-A-0156,2026-06-18T12:28:21+08:00,delivered,delivered,CAR-SYN-STD,SITE-CN-SD-QD,CN-SD-QD,,9
TRE-SYN-A-0157-01,ORD-SYN-A-0157,SHP-SYN-A-0157,2026-06-16T21:37:43+08:00,shipment_created,shipment_created,CAR-SYN-FAST,ORIGIN-WH-SYN-WEST,CN-JS-NJ,,1
TRE-SYN-A-0157-02,ORD-SYN-A-0157,SHP-SYN-A-0157,2026-06-17T03:42:15+08:00,carrier_picked_up,carrier_picked_up,CAR-SYN-FAST,ORIGIN-WH-SYN-WEST,CN-JS-NJ,,2
TRE-SYN-A-0157-03,ORD-SYN-A-0157,SHP-SYN-A-0157,2026-06-17T04:39:40+08:00,origin_departed,origin_departed,CAR-SYN-FAST,ORIGIN-WH-SYN-WEST,CN-JS-NJ,,3
TRE-SYN-A-0157-04,ORD-SYN-A-0157,SHP-SYN-A-0157,2026-06-17T05:18:50+08:00,in_transit,in_transit,CAR-SYN-FAST,LINEHAUL-SYN-01,CN-JS-NJ,,4
TRE-SYN-A-0157-05,ORD-SYN-A-0157,SHP-SYN-A-0157,2026-06-17T15:15:13+08:00,arrived_at_hub,arrived_at_hub,CAR-SYN-FAST,HUB-SYN-01,CN-JS-NJ,,5
TRE-SYN-A-0157-06,ORD-SYN-A-0157,SHP-SYN-A-0157,2026-06-17T16:57:17+08:00,departed_hub,departed_hub,CAR-SYN-FAST,HUB-SYN-01,CN-JS-NJ,,6
TRE-SYN-A-0157-07,ORD-SYN-A-0157,SHP-SYN-A-0157,2026-06-18T01:30:51+08:00,arrived_at_destination_city,arrived_at_destination_city,CAR-SYN-FAST,DEST-CN-JS-NJ,CN-JS-NJ,,7
TRE-SYN-A-0157-08,ORD-SYN-A-0157,SHP-SYN-A-0157,2026-06-18T10:26:18+08:00,out_for_delivery,out_for_delivery,CAR-SYN-FAST,SITE-CN-JS-NJ,CN-JS-NJ,,8
TRE-SYN-A-0157-09,ORD-SYN-A-0157,SHP-SYN-A-0157,2026-06-18T12:34:34+08:00,delivered,delivered,CAR-SYN-FAST,SITE-CN-JS-NJ,CN-JS-NJ,,9
TRE-SYN-A-0158-01,ORD-SYN-A-0158,SHP-SYN-A-0158,2026-06-16T14:29:47+08:00,shipment_created,shipment_created,CAR-SYN-FAST,ORIGIN-WH-SYN-EAST,CN-JS-NJ,,1
TRE-SYN-A-0158-02,ORD-SYN-A-0158,SHP-SYN-A-0158,2026-06-16T20:37:54+08:00,carrier_picked_up,carrier_picked_up,CAR-SYN-FAST,ORIGIN-WH-SYN-EAST,CN-JS-NJ,,2
TRE-SYN-A-0158-03,ORD-SYN-A-0158,SHP-SYN-A-0158,2026-06-16T21:35:51+08:00,origin_departed,origin_departed,CAR-SYN-FAST,ORIGIN-WH-SYN-EAST,CN-JS-NJ,,3
TRE-SYN-A-0158-04,ORD-SYN-A-0158,SHP-SYN-A-0158,2026-06-16T22:17:10+08:00,in_transit,in_transit,CAR-SYN-FAST,LINEHAUL-SYN-01,CN-JS-NJ,,4
TRE-SYN-A-0158-05,ORD-SYN-A-0158,SHP-SYN-A-0158,2026-06-17T08:14:34+08:00,arrived_at_hub,arrived_at_hub,CAR-SYN-FAST,HUB-SYN-01,CN-JS-NJ,,5
TRE-SYN-A-0158-06,ORD-SYN-A-0158,SHP-SYN-A-0158,2026-06-17T09:58:49+08:00,departed_hub,departed_hub,CAR-SYN-FAST,HUB-SYN-01,CN-JS-NJ,,6
TRE-SYN-A-0158-07,ORD-SYN-A-0158,SHP-SYN-A-0158,2026-06-17T20:09:39+08:00,arrived_at_destination_city,arrived_at_destination_city,CAR-SYN-FAST,DEST-CN-JS-NJ,CN-JS-NJ,,7
TRE-SYN-A-0158-08,ORD-SYN-A-0158,SHP-SYN-A-0158,2026-06-18T02:18:08+08:00,out_for_delivery,out_for_delivery,CAR-SYN-FAST,SITE-CN-JS-NJ,CN-JS-NJ,,8
TRE-SYN-A-0158-09,ORD-SYN-A-0158,SHP-SYN-A-0158,2026-06-18T06:49:03+08:00,delivered,delivered,CAR-SYN-FAST,SITE-CN-JS-NJ,CN-JS-NJ,,9
TRE-SYN-A-0159-01,ORD-SYN-A-0159,SHP-SYN-A-0159,2026-06-16T17:35:10+08:00,shipment_created,shipment_created,CAR-SYN-FAST,ORIGIN-WH-SYN-EAST,CN-SD-QD,,1
TRE-SYN-A-0159-02,ORD-SYN-A-0159,SHP-SYN-A-0159,2026-06-17T00:51:42+08:00,carrier_picked_up,carrier_picked_up,CAR-SYN-FAST,ORIGIN-WH-SYN-EAST,CN-SD-QD,,2
TRE-SYN-A-0159-03,ORD-SYN-A-0159,SHP-SYN-A-0159,2026-06-17T01:34:36+08:00,origin_departed,origin_departed,CAR-SYN-FAST,ORIGIN-WH-SYN-EAST,CN-SD-QD,,3
TRE-SYN-A-0159-04,ORD-SYN-A-0159,SHP-SYN-A-0159,2026-06-17T02:39:18+08:00,in_transit,in_transit,CAR-SYN-FAST,LINEHAUL-SYN-01,CN-SD-QD,,4
TRE-SYN-A-0159-05,ORD-SYN-A-0159,SHP-SYN-A-0159,2026-06-17T09:30:19+08:00,arrived_at_hub,arrived_at_hub,CAR-SYN-FAST,HUB-SYN-01,CN-SD-QD,,5
TRE-SYN-A-0159-06,ORD-SYN-A-0159,SHP-SYN-A-0159,2026-06-17T12:47:48+08:00,departed_hub,departed_hub,CAR-SYN-FAST,HUB-SYN-01,CN-SD-QD,,6
TRE-SYN-A-0159-07,ORD-SYN-A-0159,SHP-SYN-A-0159,2026-06-17T23:35:45+08:00,arrived_at_destination_city,arrived_at_destination_city,CAR-SYN-FAST,DEST-CN-SD-QD,CN-SD-QD,,7
TRE-SYN-A-0159-08,ORD-SYN-A-0159,SHP-SYN-A-0159,2026-06-18T07:38:51+08:00,out_for_delivery,out_for_delivery,CAR-SYN-FAST,SITE-CN-SD-QD,CN-SD-QD,,8
TRE-SYN-A-0159-09,ORD-SYN-A-0159,SHP-SYN-A-0159,2026-06-18T12:19:42+08:00,delivered,delivered,CAR-SYN-FAST,SITE-CN-SD-QD,CN-SD-QD,,9
TRE-SYN-A-0160-01,ORD-SYN-A-0160,SHP-SYN-A-0160,2026-06-16T19:52:28+08:00,shipment_created,shipment_created,CAR-SYN-FAST,ORIGIN-WH-SYN-EAST,CN-JS-NJ,,1
TRE-SYN-A-0160-02,ORD-SYN-A-0160,SHP-SYN-A-0160,2026-06-17T03:37:17+08:00,carrier_picked_up,carrier_picked_up,CAR-SYN-FAST,ORIGIN-WH-SYN-EAST,CN-JS-NJ,,2
TRE-SYN-A-0160-03,ORD-SYN-A-0160,SHP-SYN-A-0160,2026-06-17T04:30:41+08:00,origin_departed,origin_departed,CAR-SYN-FAST,ORIGIN-WH-SYN-EAST,CN-JS-NJ,,3
TRE-SYN-A-0160-04,ORD-SYN-A-0160,SHP-SYN-A-0160,2026-06-17T05:01:59+08:00,in_transit,in_transit,CAR-SYN-FAST,LINEHAUL-SYN-01,CN-JS-NJ,,4
TRE-SYN-A-0160-05,ORD-SYN-A-0160,SHP-SYN-A-0160,2026-06-17T16:27:02+08:00,arrived_at_hub,arrived_at_hub,CAR-SYN-FAST,HUB-SYN-01,CN-JS-NJ,,5
TRE-SYN-A-0160-06,ORD-SYN-A-0160,SHP-SYN-A-0160,2026-06-17T18:43:23+08:00,departed_hub,departed_hub,CAR-SYN-FAST,HUB-SYN-01,CN-JS-NJ,,6
TRE-SYN-A-0160-07,ORD-SYN-A-0160,SHP-SYN-A-0160,2026-06-18T05:31:39+08:00,arrived_at_destination_city,arrived_at_destination_city,CAR-SYN-FAST,DEST-CN-JS-NJ,CN-JS-NJ,,7
TRE-SYN-A-0160-08,ORD-SYN-A-0160,SHP-SYN-A-0160,2026-06-18T13:21:20+08:00,out_for_delivery,out_for_delivery,CAR-SYN-FAST,SITE-CN-JS-NJ,CN-JS-NJ,,8
TRE-SYN-A-0160-09,ORD-SYN-A-0160,SHP-SYN-A-0160,2026-06-18T15:25:04+08:00,delivered,delivered,CAR-SYN-FAST,SITE-CN-JS-NJ,CN-JS-NJ,,9
TRE-SYN-A-0161-01,ORD-SYN-A-0161,SHP-SYN-A-0161,2026-06-17T23:43:43+08:00,shipment_created,shipment_created,CAR-SYN-FAST,ORIGIN-WH-SYN-EAST,CN-SD-QD,,1
TRE-SYN-A-0161-02,ORD-SYN-A-0161,SHP-SYN-A-0161,2026-06-18T06:23:19+08:00,carrier_picked_up,carrier_picked_up,CAR-SYN-FAST,ORIGIN-WH-SYN-EAST,CN-SD-QD,,2
TRE-SYN-A-0161-03,ORD-SYN-A-0161,SHP-SYN-A-0161,2026-06-18T07:46:45+08:00,origin_departed,origin_departed,CAR-SYN-FAST,ORIGIN-WH-SYN-EAST,CN-SD-QD,,3
TRE-SYN-A-0161-04,ORD-SYN-A-0161,SHP-SYN-A-0161,2026-06-18T08:54:31+08:00,in_transit,in_transit,CAR-SYN-FAST,LINEHAUL-SYN-01,CN-SD-QD,,4
TRE-SYN-A-0161-05,ORD-SYN-A-0161,SHP-SYN-A-0161,2026-06-18T14:56:33+08:00,arrived_at_hub,arrived_at_hub,CAR-SYN-FAST,HUB-SYN-01,CN-SD-QD,,5
TRE-SYN-A-0161-06,ORD-SYN-A-0161,SHP-SYN-A-0161,2026-06-18T17:20:58+08:00,departed_hub,departed_hub,CAR-SYN-FAST,HUB-SYN-01,CN-SD-QD,,6
TRE-SYN-A-0161-07,ORD-SYN-A-0161,SHP-SYN-A-0161,2026-06-19T05:46:44+08:00,arrived_at_destination_city,arrived_at_destination_city,CAR-SYN-FAST,DEST-CN-SD-QD,CN-SD-QD,,7
TRE-SYN-A-0161-08,ORD-SYN-A-0161,SHP-SYN-A-0161,2026-06-19T09:09:21+08:00,out_for_delivery,out_for_delivery,CAR-SYN-FAST,SITE-CN-SD-QD,CN-SD-QD,,8
TRE-SYN-A-0161-09,ORD-SYN-A-0161,SHP-SYN-A-0161,2026-06-19T12:04:38+08:00,delivered,delivered,CAR-SYN-FAST,SITE-CN-SD-QD,CN-SD-QD,,9
TRE-SYN-A-0162-01,ORD-SYN-A-0162,SHP-SYN-A-0162,2026-06-17T15:14:48+08:00,shipment_created,shipment_created,CAR-SYN-ECON,ORIGIN-WH-SYN-EAST,CN-JS-NJ,,1
TRE-SYN-A-0162-02,ORD-SYN-A-0162,SHP-SYN-A-0162,2026-06-17T20:10:21+08:00,carrier_picked_up,carrier_picked_up,CAR-SYN-ECON,ORIGIN-WH-SYN-EAST,CN-JS-NJ,,2
TRE-SYN-A-0162-03,ORD-SYN-A-0162,SHP-SYN-A-0162,2026-06-17T21:35:58+08:00,origin_departed,origin_departed,CAR-SYN-ECON,ORIGIN-WH-SYN-EAST,CN-JS-NJ,,3
TRE-SYN-A-0162-04,ORD-SYN-A-0162,SHP-SYN-A-0162,2026-06-17T22:39:37+08:00,in_transit,in_transit,CAR-SYN-ECON,LINEHAUL-SYN-01,CN-JS-NJ,,4
TRE-SYN-A-0162-05,ORD-SYN-A-0162,SHP-SYN-A-0162,2026-06-18T06:03:56+08:00,arrived_at_hub,arrived_at_hub,CAR-SYN-ECON,HUB-SYN-01,CN-JS-NJ,,5
TRE-SYN-A-0162-06,ORD-SYN-A-0162,SHP-SYN-A-0162,2026-06-18T09:05:50+08:00,departed_hub,departed_hub,CAR-SYN-ECON,HUB-SYN-01,CN-JS-NJ,,6
TRE-SYN-A-0162-07,ORD-SYN-A-0162,SHP-SYN-A-0162,2026-06-18T19:50:27+08:00,arrived_at_destination_city,arrived_at_destination_city,CAR-SYN-ECON,DEST-CN-JS-NJ,CN-JS-NJ,,7
TRE-SYN-A-0162-08,ORD-SYN-A-0162,SHP-SYN-A-0162,2026-06-18T22:36:57+08:00,out_for_delivery,out_for_delivery,CAR-SYN-ECON,SITE-CN-JS-NJ,CN-JS-NJ,,8
TRE-SYN-A-0162-09,ORD-SYN-A-0162,SHP-SYN-A-0162,2026-06-19T04:22:51+08:00,delivered,delivered,CAR-SYN-ECON,SITE-CN-JS-NJ,CN-JS-NJ,,9
TRE-SYN-A-0163-01,ORD-SYN-A-0163,SHP-SYN-A-0163,2026-06-17T18:23:45+08:00,shipment_created,shipment_created,CAR-SYN-STD,ORIGIN-WH-SYN-EAST,CN-JS-NJ,,1
TRE-SYN-A-0163-02,ORD-SYN-A-0163,SHP-SYN-A-0163,2026-06-17T21:45:12+08:00,carrier_picked_up,carrier_picked_up,CAR-SYN-STD,ORIGIN-WH-SYN-EAST,CN-JS-NJ,,2
TRE-SYN-A-0163-03,ORD-SYN-A-0163,SHP-SYN-A-0163,2026-06-17T23:02:24+08:00,origin_departed,origin_departed,CAR-SYN-STD,ORIGIN-WH-SYN-EAST,CN-JS-NJ,,3
TRE-SYN-A-0163-04,ORD-SYN-A-0163,SHP-SYN-A-0163,2026-06-17T23:46:00+08:00,in_transit,in_transit,CAR-SYN-STD,LINEHAUL-SYN-01,CN-JS-NJ,,4
TRE-SYN-A-0163-05,ORD-SYN-A-0163,SHP-SYN-A-0163,2026-06-18T06:31:51+08:00,arrived_at_hub,arrived_at_hub,CAR-SYN-STD,HUB-SYN-01,CN-JS-NJ,,5
TRE-SYN-A-0163-06,ORD-SYN-A-0163,SHP-SYN-A-0163,2026-06-18T08:03:06+08:00,departed_hub,departed_hub,CAR-SYN-STD,HUB-SYN-01,CN-JS-NJ,,6
TRE-SYN-A-0163-07,ORD-SYN-A-0163,SHP-SYN-A-0163,2026-06-18T22:27:08+08:00,arrived_at_destination_city,arrived_at_destination_city,CAR-SYN-STD,DEST-CN-JS-NJ,CN-JS-NJ,,7
TRE-SYN-A-0163-08,ORD-SYN-A-0163,SHP-SYN-A-0163,2026-06-19T05:23:43+08:00,out_for_delivery,out_for_delivery,CAR-SYN-STD,SITE-CN-JS-NJ,CN-JS-NJ,,8
TRE-SYN-A-0163-09,ORD-SYN-A-0163,SHP-SYN-A-0163,2026-06-19T09:58:31+08:00,delivered,delivered,CAR-SYN-STD,SITE-CN-JS-NJ,CN-JS-NJ,,9
TRE-SYN-A-0164-01,ORD-SYN-A-0164,SHP-SYN-A-0164,2026-06-17T21:09:09+08:00,shipment_created,shipment_created,CAR-SYN-STD,ORIGIN-WH-SYN-EAST,CN-HB-WH,,1
TRE-SYN-A-0164-02,ORD-SYN-A-0164,SHP-SYN-A-0164,2026-06-18T00:07:52+08:00,carrier_picked_up,carrier_picked_up,CAR-SYN-STD,ORIGIN-WH-SYN-EAST,CN-HB-WH,,2
TRE-SYN-A-0164-03,ORD-SYN-A-0164,SHP-SYN-A-0164,2026-06-18T01:29:40+08:00,origin_departed,origin_departed,CAR-SYN-STD,ORIGIN-WH-SYN-EAST,CN-HB-WH,,3
TRE-SYN-A-0164-04,ORD-SYN-A-0164,SHP-SYN-A-0164,2026-06-18T02:38:46+08:00,in_transit,in_transit,CAR-SYN-STD,LINEHAUL-SYN-01,CN-HB-WH,,4
TRE-SYN-A-0164-05,ORD-SYN-A-0164,SHP-SYN-A-0164,2026-06-18T13:13:52+08:00,arrived_at_hub,arrived_at_hub,CAR-SYN-STD,HUB-SYN-01,CN-HB-WH,,5
TRE-SYN-A-0164-06,ORD-SYN-A-0164,SHP-SYN-A-0164,2026-06-18T16:08:44+08:00,departed_hub,departed_hub,CAR-SYN-STD,HUB-SYN-01,CN-HB-WH,,6
TRE-SYN-A-0164-07,ORD-SYN-A-0164,SHP-SYN-A-0164,2026-06-19T07:02:52+08:00,arrived_at_destination_city,arrived_at_destination_city,CAR-SYN-STD,DEST-CN-HB-WH,CN-HB-WH,,7
TRE-SYN-A-0164-08,ORD-SYN-A-0164,SHP-SYN-A-0164,2026-06-19T10:25:17+08:00,out_for_delivery,out_for_delivery,CAR-SYN-STD,SITE-CN-HB-WH,CN-HB-WH,,8
TRE-SYN-A-0164-09,ORD-SYN-A-0164,SHP-SYN-A-0164,2026-06-19T11:48:49+08:00,delivered,delivered,CAR-SYN-STD,SITE-CN-HB-WH,CN-HB-WH,,9
TRE-SYN-A-0165-01,ORD-SYN-A-0165,SHP-SYN-A-0165,2026-06-17T13:20:02+08:00,shipment_created,shipment_created,CAR-SYN-FAST,ORIGIN-WH-SYN-EAST,CN-SD-QD,,1
TRE-SYN-A-0165-02,ORD-SYN-A-0165,SHP-SYN-A-0165,2026-06-17T20:02:01+08:00,carrier_picked_up,carrier_picked_up,CAR-SYN-FAST,ORIGIN-WH-SYN-EAST,CN-SD-QD,,2
TRE-SYN-A-0165-03,ORD-SYN-A-0165,SHP-SYN-A-0165,2026-06-17T20:43:06+08:00,origin_departed,origin_departed,CAR-SYN-FAST,ORIGIN-WH-SYN-EAST,CN-SD-QD,,3
TRE-SYN-A-0165-04,ORD-SYN-A-0165,SHP-SYN-A-0165,2026-06-17T21:24:07+08:00,in_transit,in_transit,CAR-SYN-FAST,LINEHAUL-SYN-01,CN-SD-QD,,4
TRE-SYN-A-0165-05,ORD-SYN-A-0165,SHP-SYN-A-0165,2026-06-18T09:58:26+08:00,arrived_at_hub,arrived_at_hub,CAR-SYN-FAST,HUB-SYN-01,CN-SD-QD,,5
TRE-SYN-A-0165-06,ORD-SYN-A-0165,SHP-SYN-A-0165,2026-06-18T13:39:17+08:00,departed_hub,departed_hub,CAR-SYN-FAST,HUB-SYN-01,CN-SD-QD,,6
TRE-SYN-A-0165-07,ORD-SYN-A-0165,SHP-SYN-A-0165,2026-06-18T21:58:06+08:00,arrived_at_destination_city,arrived_at_destination_city,CAR-SYN-FAST,DEST-CN-SD-QD,CN-SD-QD,,7
TRE-SYN-A-0165-08,ORD-SYN-A-0165,SHP-SYN-A-0165,2026-06-19T04:12:36+08:00,out_for_delivery,out_for_delivery,CAR-SYN-FAST,SITE-CN-SD-QD,CN-SD-QD,,8
TRE-SYN-A-0165-09,ORD-SYN-A-0165,SHP-SYN-A-0165,2026-06-19T08:57:56+08:00,delivered,delivered,CAR-SYN-FAST,SITE-CN-SD-QD,CN-SD-QD,,9
TRE-SYN-A-0166-01,ORD-SYN-A-0166,SHP-SYN-A-0166,2026-06-17T16:29:27+08:00,shipment_created,shipment_created,CAR-SYN-STD,ORIGIN-WH-SYN-WEST,CN-SD-QD,,1
TRE-SYN-A-0166-02,ORD-SYN-A-0166,SHP-SYN-A-0166,2026-06-17T20:23:27+08:00,carrier_picked_up,carrier_picked_up,CAR-SYN-STD,ORIGIN-WH-SYN-WEST,CN-SD-QD,,2
TRE-SYN-A-0166-03,ORD-SYN-A-0166,SHP-SYN-A-0166,2026-06-17T21:10:24+08:00,origin_departed,origin_departed,CAR-SYN-STD,ORIGIN-WH-SYN-WEST,CN-SD-QD,,3
TRE-SYN-A-0166-04,ORD-SYN-A-0166,SHP-SYN-A-0166,2026-06-17T22:21:39+08:00,in_transit,in_transit,CAR-SYN-STD,LINEHAUL-SYN-01,CN-SD-QD,,4
TRE-SYN-A-0166-05,ORD-SYN-A-0166,SHP-SYN-A-0166,2026-06-18T10:28:04+08:00,arrived_at_hub,arrived_at_hub,CAR-SYN-STD,HUB-SYN-01,CN-SD-QD,,5
TRE-SYN-A-0166-06,ORD-SYN-A-0166,SHP-SYN-A-0166,2026-06-18T11:41:45+08:00,departed_hub,departed_hub,CAR-SYN-STD,HUB-SYN-01,CN-SD-QD,,6
TRE-SYN-A-0166-07,ORD-SYN-A-0166,SHP-SYN-A-0166,2026-06-19T00:06:58+08:00,arrived_at_destination_city,arrived_at_destination_city,CAR-SYN-STD,DEST-CN-SD-QD,CN-SD-QD,,7
TRE-SYN-A-0166-08,ORD-SYN-A-0166,SHP-SYN-A-0166,2026-06-19T08:56:16+08:00,out_for_delivery,out_for_delivery,CAR-SYN-STD,SITE-CN-SD-QD,CN-SD-QD,,8
TRE-SYN-A-0166-09,ORD-SYN-A-0166,SHP-SYN-A-0166,2026-06-19T13:04:23+08:00,delivered,delivered,CAR-SYN-STD,SITE-CN-SD-QD,CN-SD-QD,,9
TRE-SYN-A-0167-01,ORD-SYN-A-0167,SHP-SYN-A-0167,2026-06-17T18:46:55+08:00,shipment_created,shipment_created,CAR-SYN-FAST,ORIGIN-WH-SYN-EAST,CN-ZJ-HZ,,1
TRE-SYN-A-0167-02,ORD-SYN-A-0167,SHP-SYN-A-0167,2026-06-17T22:37:22+08:00,carrier_picked_up,carrier_picked_up,CAR-SYN-FAST,ORIGIN-WH-SYN-EAST,CN-ZJ-HZ,,2
TRE-SYN-A-0167-03,ORD-SYN-A-0167,SHP-SYN-A-0167,2026-06-17T23:38:44+08:00,origin_departed,origin_departed,CAR-SYN-FAST,ORIGIN-WH-SYN-EAST,CN-ZJ-HZ,,3
TRE-SYN-A-0167-04,ORD-SYN-A-0167,SHP-SYN-A-0167,2026-06-18T00:52:57+08:00,in_transit,in_transit,CAR-SYN-FAST,LINEHAUL-SYN-01,CN-ZJ-HZ,,4
TRE-SYN-A-0167-05,ORD-SYN-A-0167,SHP-SYN-A-0167,2026-06-18T07:33:31+08:00,arrived_at_hub,arrived_at_hub,CAR-SYN-FAST,HUB-SYN-01,CN-ZJ-HZ,,5
TRE-SYN-A-0167-06,ORD-SYN-A-0167,SHP-SYN-A-0167,2026-06-18T11:21:59+08:00,departed_hub,departed_hub,CAR-SYN-FAST,HUB-SYN-01,CN-ZJ-HZ,,6
TRE-SYN-A-0167-07,ORD-SYN-A-0167,SHP-SYN-A-0167,2026-06-19T01:29:32+08:00,arrived_at_destination_city,arrived_at_destination_city,CAR-SYN-FAST,DEST-CN-ZJ-HZ,CN-ZJ-HZ,,7
TRE-SYN-A-0167-08,ORD-SYN-A-0167,SHP-SYN-A-0167,2026-06-19T05:05:54+08:00,out_for_delivery,out_for_delivery,CAR-SYN-FAST,SITE-CN-ZJ-HZ,CN-ZJ-HZ,,8
TRE-SYN-A-0167-09,ORD-SYN-A-0167,SHP-SYN-A-0167,2026-06-19T07:52:52+08:00,delivered,delivered,CAR-SYN-FAST,SITE-CN-ZJ-HZ,CN-ZJ-HZ,,9
TRE-SYN-A-0168-01,ORD-SYN-A-0168,SHP-SYN-A-0168,2026-06-17T22:05:07+08:00,shipment_created,shipment_created,CAR-SYN-STD,ORIGIN-WH-SYN-WEST,CN-SD-QD,,1
TRE-SYN-A-0168-02,ORD-SYN-A-0168,SHP-SYN-A-0168,2026-06-18T04:45:07+08:00,carrier_picked_up,carrier_picked_up,CAR-SYN-STD,ORIGIN-WH-SYN-WEST,CN-SD-QD,,2
TRE-SYN-A-0168-03,ORD-SYN-A-0168,SHP-SYN-A-0168,2026-06-18T05:29:00+08:00,origin_departed,origin_departed,CAR-SYN-STD,ORIGIN-WH-SYN-WEST,CN-SD-QD,,3
TRE-SYN-A-0168-04,ORD-SYN-A-0168,SHP-SYN-A-0168,2026-06-18T06:25:45+08:00,in_transit,in_transit,CAR-SYN-STD,LINEHAUL-SYN-01,CN-SD-QD,,4
TRE-SYN-A-0168-05,ORD-SYN-A-0168,SHP-SYN-A-0168,2026-06-18T14:08:56+08:00,arrived_at_hub,arrived_at_hub,CAR-SYN-STD,HUB-SYN-01,CN-SD-QD,,5
TRE-SYN-A-0168-06,ORD-SYN-A-0168,SHP-SYN-A-0168,2026-06-18T17:12:58+08:00,departed_hub,departed_hub,CAR-SYN-STD,HUB-SYN-01,CN-SD-QD,,6
TRE-SYN-A-0168-07,ORD-SYN-A-0168,SHP-SYN-A-0168,2026-06-19T05:50:40+08:00,arrived_at_destination_city,arrived_at_destination_city,CAR-SYN-STD,DEST-CN-SD-QD,CN-SD-QD,,7
TRE-SYN-A-0168-08,ORD-SYN-A-0168,SHP-SYN-A-0168,2026-06-19T12:41:59+08:00,out_for_delivery,out_for_delivery,CAR-SYN-STD,SITE-CN-SD-QD,CN-SD-QD,,8
TRE-SYN-A-0168-09,ORD-SYN-A-0168,SHP-SYN-A-0168,2026-06-19T18:17:07+08:00,delivered,delivered,CAR-SYN-STD,SITE-CN-SD-QD,CN-SD-QD,,9
TRE-SYN-A-0169-01,ORD-SYN-A-0169,SHP-SYN-A-0169,2026-06-17T14:53:51+08:00,shipment_created,shipment_created,CAR-SYN-STD,ORIGIN-WH-SYN-EAST,CN-SD-QD,,1
TRE-SYN-A-0169-02,ORD-SYN-A-0169,SHP-SYN-A-0169,2026-06-17T20:38:47+08:00,carrier_picked_up,carrier_picked_up,CAR-SYN-STD,ORIGIN-WH-SYN-EAST,CN-SD-QD,,2
TRE-SYN-A-0169-03,ORD-SYN-A-0169,SHP-SYN-A-0169,2026-06-17T21:53:01+08:00,origin_departed,origin_departed,CAR-SYN-STD,ORIGIN-WH-SYN-EAST,CN-SD-QD,,3
TRE-SYN-A-0169-04,ORD-SYN-A-0169,SHP-SYN-A-0169,2026-06-17T23:00:28+08:00,in_transit,in_transit,CAR-SYN-STD,LINEHAUL-SYN-01,CN-SD-QD,,4
TRE-SYN-A-0169-05,ORD-SYN-A-0169,SHP-SYN-A-0169,2026-06-18T07:38:12+08:00,arrived_at_hub,arrived_at_hub,CAR-SYN-STD,HUB-SYN-01,CN-SD-QD,,5
TRE-SYN-A-0169-06,ORD-SYN-A-0169,SHP-SYN-A-0169,2026-06-18T10:24:23+08:00,departed_hub,departed_hub,CAR-SYN-STD,HUB-SYN-01,CN-SD-QD,,6
TRE-SYN-A-0169-07,ORD-SYN-A-0169,SHP-SYN-A-0169,2026-06-18T18:30:08+08:00,arrived_at_destination_city,arrived_at_destination_city,CAR-SYN-STD,DEST-CN-SD-QD,CN-SD-QD,,7
TRE-SYN-A-0169-08,ORD-SYN-A-0169,SHP-SYN-A-0169,2026-06-18T23:33:18+08:00,out_for_delivery,out_for_delivery,CAR-SYN-STD,SITE-CN-SD-QD,CN-SD-QD,,8
TRE-SYN-A-0169-09,ORD-SYN-A-0169,SHP-SYN-A-0169,2026-06-19T02:43:51+08:00,delivered,delivered,CAR-SYN-STD,SITE-CN-SD-QD,CN-SD-QD,,9
TRE-SYN-A-0170-01,ORD-SYN-A-0170,SHP-SYN-A-0170,2026-06-17T17:27:58+08:00,shipment_created,shipment_created,CAR-SYN-FAST,ORIGIN-WH-SYN-EAST,CN-SD-QD,,1
TRE-SYN-A-0170-02,ORD-SYN-A-0170,SHP-SYN-A-0170,2026-06-17T20:15:16+08:00,carrier_picked_up,carrier_picked_up,CAR-SYN-FAST,ORIGIN-WH-SYN-EAST,CN-SD-QD,,2
TRE-SYN-A-0170-03,ORD-SYN-A-0170,SHP-SYN-A-0170,2026-06-17T21:04:03+08:00,origin_departed,origin_departed,CAR-SYN-FAST,ORIGIN-WH-SYN-EAST,CN-SD-QD,,3
TRE-SYN-A-0170-04,ORD-SYN-A-0170,SHP-SYN-A-0170,2026-06-17T22:30:37+08:00,in_transit,in_transit,CAR-SYN-FAST,LINEHAUL-SYN-01,CN-SD-QD,,4
TRE-SYN-A-0170-05,ORD-SYN-A-0170,SHP-SYN-A-0170,2026-06-18T07:45:08+08:00,arrived_at_hub,arrived_at_hub,CAR-SYN-FAST,HUB-SYN-01,CN-SD-QD,,5
TRE-SYN-A-0170-06,ORD-SYN-A-0170,SHP-SYN-A-0170,2026-06-18T09:11:09+08:00,departed_hub,departed_hub,CAR-SYN-FAST,HUB-SYN-01,CN-SD-QD,,6
TRE-SYN-A-0170-07,ORD-SYN-A-0170,SHP-SYN-A-0170,2026-06-18T20:41:26+08:00,arrived_at_destination_city,arrived_at_destination_city,CAR-SYN-FAST,DEST-CN-SD-QD,CN-SD-QD,,7
TRE-SYN-A-0170-08,ORD-SYN-A-0170,SHP-SYN-A-0170,2026-06-19T05:15:09+08:00,out_for_delivery,out_for_delivery,CAR-SYN-FAST,SITE-CN-SD-QD,CN-SD-QD,,8
TRE-SYN-A-0170-09,ORD-SYN-A-0170,SHP-SYN-A-0170,2026-06-19T07:09:05+08:00,delivered,delivered,CAR-SYN-FAST,SITE-CN-SD-QD,CN-SD-QD,,9
TRE-SYN-A-0171-01,ORD-SYN-A-0171,SHP-SYN-A-0171,2026-06-18T20:58:41+08:00,shipment_created,shipment_created,CAR-SYN-FAST,ORIGIN-WH-SYN-EAST,CN-JS-NJ,,1
TRE-SYN-A-0171-02,ORD-SYN-A-0171,SHP-SYN-A-0171,2026-06-19T01:29:57+08:00,carrier_picked_up,carrier_picked_up,CAR-SYN-FAST,ORIGIN-WH-SYN-EAST,CN-JS-NJ,,2
TRE-SYN-A-0171-03,ORD-SYN-A-0171,SHP-SYN-A-0171,2026-06-19T02:01:33+08:00,origin_departed,origin_departed,CAR-SYN-FAST,ORIGIN-WH-SYN-EAST,CN-JS-NJ,,3
TRE-SYN-A-0171-04,ORD-SYN-A-0171,SHP-SYN-A-0171,2026-06-19T03:07:48+08:00,in_transit,in_transit,CAR-SYN-FAST,LINEHAUL-SYN-01,CN-JS-NJ,,4
TRE-SYN-A-0171-05,ORD-SYN-A-0171,SHP-SYN-A-0171,2026-06-19T11:09:34+08:00,arrived_at_hub,arrived_at_hub,CAR-SYN-FAST,HUB-SYN-01,CN-JS-NJ,,5
TRE-SYN-A-0171-06,ORD-SYN-A-0171,SHP-SYN-A-0171,2026-06-19T13:53:58+08:00,departed_hub,departed_hub,CAR-SYN-FAST,HUB-SYN-01,CN-JS-NJ,,6
TRE-SYN-A-0171-07,ORD-SYN-A-0171,SHP-SYN-A-0171,2026-06-20T04:14:52+08:00,arrived_at_destination_city,arrived_at_destination_city,CAR-SYN-FAST,DEST-CN-JS-NJ,CN-JS-NJ,,7
TRE-SYN-A-0171-08,ORD-SYN-A-0171,SHP-SYN-A-0171,2026-06-20T08:56:55+08:00,out_for_delivery,out_for_delivery,CAR-SYN-FAST,SITE-CN-JS-NJ,CN-JS-NJ,,8
TRE-SYN-A-0171-09,ORD-SYN-A-0171,SHP-SYN-A-0171,2026-06-20T10:35:17+08:00,delivered,delivered,CAR-SYN-FAST,SITE-CN-JS-NJ,CN-JS-NJ,,9
TRE-SYN-A-0172-01,ORD-SYN-A-0172,SHP-SYN-A-0172,2026-06-18T23:32:01+08:00,shipment_created,shipment_created,CAR-SYN-STD,ORIGIN-WH-SYN-WEST,CN-HB-WH,,1
TRE-SYN-A-0172-02,ORD-SYN-A-0172,SHP-SYN-A-0172,2026-06-19T02:45:10+08:00,carrier_picked_up,carrier_picked_up,CAR-SYN-STD,ORIGIN-WH-SYN-WEST,CN-HB-WH,,2
TRE-SYN-A-0172-03,ORD-SYN-A-0172,SHP-SYN-A-0172,2026-06-19T03:26:52+08:00,origin_departed,origin_departed,CAR-SYN-STD,ORIGIN-WH-SYN-WEST,CN-HB-WH,,3
TRE-SYN-A-0172-04,ORD-SYN-A-0172,SHP-SYN-A-0172,2026-06-19T04:39:29+08:00,in_transit,in_transit,CAR-SYN-STD,LINEHAUL-SYN-01,CN-HB-WH,,4
TRE-SYN-A-0172-05,ORD-SYN-A-0172,SHP-SYN-A-0172,2026-06-19T12:29:04+08:00,arrived_at_hub,arrived_at_hub,CAR-SYN-STD,HUB-SYN-01,CN-HB-WH,,5
TRE-SYN-A-0172-06,ORD-SYN-A-0172,SHP-SYN-A-0172,2026-06-19T14:02:43+08:00,departed_hub,departed_hub,CAR-SYN-STD,HUB-SYN-01,CN-HB-WH,,6
TRE-SYN-A-0172-07,ORD-SYN-A-0172,SHP-SYN-A-0172,2026-06-19T23:55:31+08:00,arrived_at_destination_city,arrived_at_destination_city,CAR-SYN-STD,DEST-CN-HB-WH,CN-HB-WH,,7
TRE-SYN-A-0172-08,ORD-SYN-A-0172,SHP-SYN-A-0172,2026-06-20T06:13:36+08:00,out_for_delivery,out_for_delivery,CAR-SYN-STD,SITE-CN-HB-WH,CN-HB-WH,,8
TRE-SYN-A-0172-09,ORD-SYN-A-0172,SHP-SYN-A-0172,2026-06-20T07:30:10+08:00,delivered,delivered,CAR-SYN-STD,SITE-CN-HB-WH,CN-HB-WH,,9
TRE-SYN-A-0173-01,ORD-SYN-A-0173,SHP-SYN-A-0173,2026-06-18T15:20:26+08:00,shipment_created,shipment_created,CAR-SYN-FAST,ORIGIN-WH-SYN-EAST,CN-JS-NJ,,1
TRE-SYN-A-0173-02,ORD-SYN-A-0173,SHP-SYN-A-0173,2026-06-18T18:04:39+08:00,carrier_picked_up,carrier_picked_up,CAR-SYN-FAST,ORIGIN-WH-SYN-EAST,CN-JS-NJ,,2
TRE-SYN-A-0173-03,ORD-SYN-A-0173,SHP-SYN-A-0173,2026-06-18T19:34:01+08:00,origin_departed,origin_departed,CAR-SYN-FAST,ORIGIN-WH-SYN-EAST,CN-JS-NJ,,3
TRE-SYN-A-0173-04,ORD-SYN-A-0173,SHP-SYN-A-0173,2026-06-18T20:06:02+08:00,in_transit,in_transit,CAR-SYN-FAST,LINEHAUL-SYN-01,CN-JS-NJ,,4
TRE-SYN-A-0173-05,ORD-SYN-A-0173,SHP-SYN-A-0173,2026-06-19T03:11:38+08:00,arrived_at_hub,arrived_at_hub,CAR-SYN-FAST,HUB-SYN-01,CN-JS-NJ,,5
TRE-SYN-A-0173-06,ORD-SYN-A-0173,SHP-SYN-A-0173,2026-06-19T06:32:40+08:00,departed_hub,departed_hub,CAR-SYN-FAST,HUB-SYN-01,CN-JS-NJ,,6
TRE-SYN-A-0173-07,ORD-SYN-A-0173,SHP-SYN-A-0173,2026-06-19T17:54:52+08:00,arrived_at_destination_city,arrived_at_destination_city,CAR-SYN-FAST,DEST-CN-JS-NJ,CN-JS-NJ,,7
TRE-SYN-A-0173-08,ORD-SYN-A-0173,SHP-SYN-A-0173,2026-06-19T22:13:42+08:00,out_for_delivery,out_for_delivery,CAR-SYN-FAST,SITE-CN-JS-NJ,CN-JS-NJ,,8
TRE-SYN-A-0173-09,ORD-SYN-A-0173,SHP-SYN-A-0173,2026-06-20T03:22:53+08:00,delivered,delivered,CAR-SYN-FAST,SITE-CN-JS-NJ,CN-JS-NJ,,9
TRE-SYN-A-0174-01,ORD-SYN-A-0174,SHP-SYN-A-0174,2026-06-18T17:37:27+08:00,shipment_created,shipment_created,CAR-SYN-ECON,ORIGIN-WH-SYN-EAST,CN-JS-NJ,,1
TRE-SYN-A-0174-02,ORD-SYN-A-0174,SHP-SYN-A-0174,2026-06-18T20:22:29+08:00,carrier_picked_up,carrier_picked_up,CAR-SYN-ECON,ORIGIN-WH-SYN-EAST,CN-JS-NJ,,2
TRE-SYN-A-0174-03,ORD-SYN-A-0174,SHP-SYN-A-0174,2026-06-18T21:13:26+08:00,origin_departed,origin_departed,CAR-SYN-ECON,ORIGIN-WH-SYN-EAST,CN-JS-NJ,,3
TRE-SYN-A-0174-04,ORD-SYN-A-0174,SHP-SYN-A-0174,2026-06-18T22:04:47+08:00,in_transit,in_transit,CAR-SYN-ECON,LINEHAUL-SYN-01,CN-JS-NJ,,4
TRE-SYN-A-0174-05,ORD-SYN-A-0174,SHP-SYN-A-0174,2026-06-19T06:07:31+08:00,arrived_at_hub,arrived_at_hub,CAR-SYN-ECON,HUB-SYN-01,CN-JS-NJ,,5
TRE-SYN-A-0174-06,ORD-SYN-A-0174,SHP-SYN-A-0174,2026-06-19T07:54:28+08:00,departed_hub,departed_hub,CAR-SYN-ECON,HUB-SYN-01,CN-JS-NJ,,6
TRE-SYN-A-0174-07,ORD-SYN-A-0174,SHP-SYN-A-0174,2026-06-19T22:59:06+08:00,arrived_at_destination_city,arrived_at_destination_city,CAR-SYN-ECON,DEST-CN-JS-NJ,CN-JS-NJ,,7
TRE-SYN-A-0174-08,ORD-SYN-A-0174,SHP-SYN-A-0174,2026-06-20T05:15:47+08:00,out_for_delivery,out_for_delivery,CAR-SYN-ECON,SITE-CN-JS-NJ,CN-JS-NJ,,8
TRE-SYN-A-0174-09,ORD-SYN-A-0174,SHP-SYN-A-0174,2026-06-20T07:59:17+08:00,delivered,delivered,CAR-SYN-ECON,SITE-CN-JS-NJ,CN-JS-NJ,,9
TRE-SYN-A-0175-01,ORD-SYN-A-0175,SHP-SYN-A-0175,2026-06-18T21:05:00+08:00,shipment_created,shipment_created,CAR-SYN-STD,ORIGIN-WH-SYN-EAST,CN-SD-QD,,1
TRE-SYN-A-0175-02,ORD-SYN-A-0175,SHP-SYN-A-0175,2026-06-19T02:55:27+08:00,carrier_picked_up,carrier_picked_up,CAR-SYN-STD,ORIGIN-WH-SYN-EAST,CN-SD-QD,,2
TRE-SYN-A-0175-03,ORD-SYN-A-0175,SHP-SYN-A-0175,2026-06-19T04:10:04+08:00,origin_departed,origin_departed,CAR-SYN-STD,ORIGIN-WH-SYN-EAST,CN-SD-QD,,3
TRE-SYN-A-0175-04,ORD-SYN-A-0175,SHP-SYN-A-0175,2026-06-19T04:44:16+08:00,in_transit,in_transit,CAR-SYN-STD,LINEHAUL-SYN-01,CN-SD-QD,,4
TRE-SYN-A-0175-05,ORD-SYN-A-0175,SHP-SYN-A-0175,2026-06-19T12:13:21+08:00,arrived_at_hub,arrived_at_hub,CAR-SYN-STD,HUB-SYN-01,CN-SD-QD,,5
TRE-SYN-A-0175-06,ORD-SYN-A-0175,SHP-SYN-A-0175,2026-06-19T13:21:30+08:00,departed_hub,departed_hub,CAR-SYN-STD,HUB-SYN-01,CN-SD-QD,,6
TRE-SYN-A-0175-07,ORD-SYN-A-0175,SHP-SYN-A-0175,2026-06-20T01:28:00+08:00,arrived_at_destination_city,arrived_at_destination_city,CAR-SYN-STD,DEST-CN-SD-QD,CN-SD-QD,,7
TRE-SYN-A-0175-08,ORD-SYN-A-0175,SHP-SYN-A-0175,2026-06-20T05:57:47+08:00,out_for_delivery,out_for_delivery,CAR-SYN-STD,SITE-CN-SD-QD,CN-SD-QD,,8
TRE-SYN-A-0175-09,ORD-SYN-A-0175,SHP-SYN-A-0175,2026-06-20T11:24:24+08:00,delivered,delivered,CAR-SYN-STD,SITE-CN-SD-QD,CN-SD-QD,,9
TRE-SYN-A-0176-01,ORD-SYN-A-0176,SHP-SYN-A-0176,2026-06-18T13:21:05+08:00,shipment_created,shipment_created,CAR-SYN-STD,ORIGIN-WH-SYN-EAST,CN-SD-QD,,1
TRE-SYN-A-0176-02,ORD-SYN-A-0176,SHP-SYN-A-0176,2026-06-18T18:56:53+08:00,carrier_picked_up,carrier_picked_up,CAR-SYN-STD,ORIGIN-WH-SYN-EAST,CN-SD-QD,,2
TRE-SYN-A-0176-03,ORD-SYN-A-0176,SHP-SYN-A-0176,2026-06-18T19:27:10+08:00,origin_departed,origin_departed,CAR-SYN-STD,ORIGIN-WH-SYN-EAST,CN-SD-QD,,3
TRE-SYN-A-0176-04,ORD-SYN-A-0176,SHP-SYN-A-0176,2026-06-18T20:06:20+08:00,in_transit,in_transit,CAR-SYN-STD,LINEHAUL-SYN-01,CN-SD-QD,,4
TRE-SYN-A-0176-05,ORD-SYN-A-0176,SHP-SYN-A-0176,2026-06-19T06:16:28+08:00,arrived_at_hub,arrived_at_hub,CAR-SYN-STD,HUB-SYN-01,CN-SD-QD,,5
TRE-SYN-A-0176-06,ORD-SYN-A-0176,SHP-SYN-A-0176,2026-06-19T09:48:33+08:00,departed_hub,departed_hub,CAR-SYN-STD,HUB-SYN-01,CN-SD-QD,,6
TRE-SYN-A-0176-07,ORD-SYN-A-0176,SHP-SYN-A-0176,2026-06-19T20:17:11+08:00,arrived_at_destination_city,arrived_at_destination_city,CAR-SYN-STD,DEST-CN-SD-QD,CN-SD-QD,,7
TRE-SYN-A-0176-08,ORD-SYN-A-0176,SHP-SYN-A-0176,2026-06-20T05:08:30+08:00,out_for_delivery,out_for_delivery,CAR-SYN-STD,SITE-CN-SD-QD,CN-SD-QD,,8
TRE-SYN-A-0176-09,ORD-SYN-A-0176,SHP-SYN-A-0176,2026-06-20T08:32:50+08:00,delivered,delivered,CAR-SYN-STD,SITE-CN-SD-QD,CN-SD-QD,,9
TRE-SYN-A-0177-01,ORD-SYN-A-0177,SHP-SYN-A-0177,2026-06-18T16:14:54+08:00,shipment_created,shipment_created,CAR-SYN-FAST,ORIGIN-WH-SYN-EAST,CN-JS-NJ,,1
TRE-SYN-A-0177-02,ORD-SYN-A-0177,SHP-SYN-A-0177,2026-06-18T22:23:55+08:00,carrier_picked_up,carrier_picked_up,CAR-SYN-FAST,ORIGIN-WH-SYN-EAST,CN-JS-NJ,,2
TRE-SYN-A-0177-03,ORD-SYN-A-0177,SHP-SYN-A-0177,2026-06-18T23:36:58+08:00,origin_departed,origin_departed,CAR-SYN-FAST,ORIGIN-WH-SYN-EAST,CN-JS-NJ,,3
TRE-SYN-A-0177-04,ORD-SYN-A-0177,SHP-SYN-A-0177,2026-06-19T00:30:22+08:00,in_transit,in_transit,CAR-SYN-FAST,LINEHAUL-SYN-01,CN-JS-NJ,,4
TRE-SYN-A-0177-05,ORD-SYN-A-0177,SHP-SYN-A-0177,2026-06-19T10:30:10+08:00,arrived_at_hub,arrived_at_hub,CAR-SYN-FAST,HUB-SYN-01,CN-JS-NJ,,5
TRE-SYN-A-0177-06,ORD-SYN-A-0177,SHP-SYN-A-0177,2026-06-19T13:24:40+08:00,departed_hub,departed_hub,CAR-SYN-FAST,HUB-SYN-01,CN-JS-NJ,,6
TRE-SYN-A-0177-07,ORD-SYN-A-0177,SHP-SYN-A-0177,2026-06-20T01:31:34+08:00,arrived_at_destination_city,arrived_at_destination_city,CAR-SYN-FAST,DEST-CN-JS-NJ,CN-JS-NJ,,7
TRE-SYN-A-0177-08,ORD-SYN-A-0177,SHP-SYN-A-0177,2026-06-20T10:09:33+08:00,out_for_delivery,out_for_delivery,CAR-SYN-FAST,SITE-CN-JS-NJ,CN-JS-NJ,,8
TRE-SYN-A-0177-09,ORD-SYN-A-0177,SHP-SYN-A-0177,2026-06-20T12:20:35+08:00,delivered,delivered,CAR-SYN-FAST,SITE-CN-JS-NJ,CN-JS-NJ,,9
TRE-SYN-A-0178-01,ORD-SYN-A-0178,SHP-SYN-A-0178,2026-06-18T19:30:37+08:00,shipment_created,shipment_created,CAR-SYN-FAST,ORIGIN-WH-SYN-EAST,CN-ZJ-HZ,,1
TRE-SYN-A-0178-02,ORD-SYN-A-0178,SHP-SYN-A-0178,2026-06-19T00:34:07+08:00,carrier_picked_up,carrier_picked_up,CAR-SYN-FAST,ORIGIN-WH-SYN-EAST,CN-ZJ-HZ,,2
TRE-SYN-A-0178-03,ORD-SYN-A-0178,SHP-SYN-A-0178,2026-06-19T01:58:55+08:00,origin_departed,origin_departed,CAR-SYN-FAST,ORIGIN-WH-SYN-EAST,CN-ZJ-HZ,,3
TRE-SYN-A-0178-04,ORD-SYN-A-0178,SHP-SYN-A-0178,2026-06-19T02:44:38+08:00,in_transit,in_transit,CAR-SYN-FAST,LINEHAUL-SYN-01,CN-ZJ-HZ,,4
TRE-SYN-A-0178-05,ORD-SYN-A-0178,SHP-SYN-A-0178,2026-06-19T10:07:27+08:00,arrived_at_hub,arrived_at_hub,CAR-SYN-FAST,HUB-SYN-01,CN-ZJ-HZ,,5
TRE-SYN-A-0178-06,ORD-SYN-A-0178,SHP-SYN-A-0178,2026-06-19T12:52:51+08:00,departed_hub,departed_hub,CAR-SYN-FAST,HUB-SYN-01,CN-ZJ-HZ,,6
TRE-SYN-A-0178-07,ORD-SYN-A-0178,SHP-SYN-A-0178,2026-06-19T23:46:45+08:00,arrived_at_destination_city,arrived_at_destination_city,CAR-SYN-FAST,DEST-CN-ZJ-HZ,CN-ZJ-HZ,,7
TRE-SYN-A-0178-08,ORD-SYN-A-0178,SHP-SYN-A-0178,2026-06-20T06:05:36+08:00,out_for_delivery,out_for_delivery,CAR-SYN-FAST,SITE-CN-ZJ-HZ,CN-ZJ-HZ,,8
TRE-SYN-A-0178-09,ORD-SYN-A-0178,SHP-SYN-A-0178,2026-06-20T11:07:35+08:00,delivered,delivered,CAR-SYN-FAST,SITE-CN-ZJ-HZ,CN-ZJ-HZ,,9
TRE-SYN-A-0179-01,ORD-SYN-A-0179,SHP-SYN-A-0179,2026-06-18T21:54:54+08:00,shipment_created,shipment_created,CAR-SYN-ECON,ORIGIN-WH-SYN-EAST,CN-ZJ-HZ,,1
TRE-SYN-A-0179-02,ORD-SYN-A-0179,SHP-SYN-A-0179,2026-06-19T01:45:12+08:00,carrier_picked_up,carrier_picked_up,CAR-SYN-ECON,ORIGIN-WH-SYN-EAST,CN-ZJ-HZ,,2
TRE-SYN-A-0179-03,ORD-SYN-A-0179,SHP-SYN-A-0179,2026-06-19T03:08:05+08:00,origin_departed,origin_departed,CAR-SYN-ECON,ORIGIN-WH-SYN-EAST,CN-ZJ-HZ,,3
TRE-SYN-A-0179-04,ORD-SYN-A-0179,SHP-SYN-A-0179,2026-06-19T04:29:54+08:00,in_transit,in_transit,CAR-SYN-ECON,LINEHAUL-SYN-01,CN-ZJ-HZ,,4
TRE-SYN-A-0179-05,ORD-SYN-A-0179,SHP-SYN-A-0179,2026-06-19T12:37:07+08:00,arrived_at_hub,arrived_at_hub,CAR-SYN-ECON,HUB-SYN-01,CN-ZJ-HZ,,5
TRE-SYN-A-0179-06,ORD-SYN-A-0179,SHP-SYN-A-0179,2026-06-19T15:09:15+08:00,departed_hub,departed_hub,CAR-SYN-ECON,HUB-SYN-01,CN-ZJ-HZ,,6
TRE-SYN-A-0179-07,ORD-SYN-A-0179,SHP-SYN-A-0179,2026-06-19T23:46:15+08:00,arrived_at_destination_city,arrived_at_destination_city,CAR-SYN-ECON,DEST-CN-ZJ-HZ,CN-ZJ-HZ,,7
TRE-SYN-A-0179-08,ORD-SYN-A-0179,SHP-SYN-A-0179,2026-06-20T03:10:47+08:00,out_for_delivery,out_for_delivery,CAR-SYN-ECON,SITE-CN-ZJ-HZ,CN-ZJ-HZ,,8
TRE-SYN-A-0179-09,ORD-SYN-A-0179,SHP-SYN-A-0179,2026-06-20T04:52:43+08:00,delivered,delivered,CAR-SYN-ECON,SITE-CN-ZJ-HZ,CN-ZJ-HZ,,9
TRE-SYN-A-0180-01,ORD-SYN-A-0180,SHP-SYN-A-0180,2026-06-18T14:17:18+08:00,shipment_created,shipment_created,CAR-SYN-FAST,ORIGIN-WH-SYN-EAST,CN-SD-QD,,1
TRE-SYN-A-0180-02,ORD-SYN-A-0180,SHP-SYN-A-0180,2026-06-18T18:11:35+08:00,carrier_picked_up,carrier_picked_up,CAR-SYN-FAST,ORIGIN-WH-SYN-EAST,CN-SD-QD,,2
TRE-SYN-A-0180-03,ORD-SYN-A-0180,SHP-SYN-A-0180,2026-06-18T18:54:56+08:00,origin_departed,origin_departed,CAR-SYN-FAST,ORIGIN-WH-SYN-EAST,CN-SD-QD,,3
TRE-SYN-A-0180-04,ORD-SYN-A-0180,SHP-SYN-A-0180,2026-06-18T19:29:59+08:00,in_transit,in_transit,CAR-SYN-FAST,LINEHAUL-SYN-01,CN-SD-QD,,4
TRE-SYN-A-0180-05,ORD-SYN-A-0180,SHP-SYN-A-0180,2026-06-19T07:13:41+08:00,arrived_at_hub,arrived_at_hub,CAR-SYN-FAST,HUB-SYN-01,CN-SD-QD,,5
TRE-SYN-A-0180-06,ORD-SYN-A-0180,SHP-SYN-A-0180,2026-06-19T09:07:07+08:00,departed_hub,departed_hub,CAR-SYN-FAST,HUB-SYN-01,CN-SD-QD,,6
TRE-SYN-A-0180-07,ORD-SYN-A-0180,SHP-SYN-A-0180,2026-06-19T21:54:22+08:00,arrived_at_destination_city,arrived_at_destination_city,CAR-SYN-FAST,DEST-CN-SD-QD,CN-SD-QD,,7
TRE-SYN-A-0180-08,ORD-SYN-A-0180,SHP-SYN-A-0180,2026-06-20T01:42:14+08:00,out_for_delivery,out_for_delivery,CAR-SYN-FAST,SITE-CN-SD-QD,CN-SD-QD,,8
TRE-SYN-A-0180-09,ORD-SYN-A-0180,SHP-SYN-A-0180,2026-06-20T06:11:15+08:00,delivered,delivered,CAR-SYN-FAST,SITE-CN-SD-QD,CN-SD-QD,,9
