event_id,order_id,event_time,event_code,raw_status,warehouse_id,quantity,quantity_unit,source_system
WHE-SYN-A-0001-01,ORD-SYN-A-0001,2026-06-01T12:25:46+08:00,order_received,order_received,WH-SYN-EAST,1,piece,synthetic_case_generator
WHE-SYN-A-0001-02,ORD-SYN-A-0001,2026-06-01T13:18:38+08:00,picking_started,picking_started,WH-SYN-EAST,1,piece,synthetic_case_generator
WHE-SYN-A-0001-03,ORD-SYN-A-0001,2026-06-01T14:03:35+08:00,picking_completed,picking_completed,WH-SYN-EAST,1,piece,synthetic_case_generator
WHE-SYN-A-0001-04,ORD-SYN-A-0001,2026-06-01T14:24:55+08:00,quality_check_started,quality_check_started,WH-SYN-EAST,1,piece,synthetic_case_generator
WHE-SYN-A-0001-05,ORD-SYN-A-0001,2026-06-01T14:54:27+08:00,quality_check_completed,quality_check_completed,WH-SYN-EAST,1,piece,synthetic_case_generator
WHE-SYN-A-0001-06,ORD-SYN-A-0001,2026-06-01T15:03:48+08:00,packing_started,packing_started,WH-SYN-EAST,1,piece,synthetic_case_generator
WHE-SYN-A-0001-07,ORD-SYN-A-0001,2026-06-01T15:36:15+08:00,packing_completed,packing_completed,WH-SYN-EAST,1,piece,synthetic_case_generator
WHE-SYN-A-0001-08,ORD-SYN-A-0001,2026-06-01T15:54:31+08:00,ready_to_ship,ready_to_ship,WH-SYN-EAST,1,piece,synthetic_case_generator
WHE-SYN-A-0001-09,ORD-SYN-A-0001,2026-06-01T16:04:34+08:00,shipped_from_warehouse,shipped_from_warehouse,WH-SYN-EAST,1,piece,synthetic_case_generator
WHE-SYN-A-0002-01,ORD-SYN-A-0002,2026-06-01T15:45:47+08:00,order_received,order_received,WH-SYN-WEST,1,piece,synthetic_case_generator
WHE-SYN-A-0002-02,ORD-SYN-A-0002,2026-06-01T16:16:08+08:00,picking_started,picking_started,WH-SYN-WEST,1,piece,synthetic_case_generator
WHE-SYN-A-0002-03,ORD-SYN-A-0002,2026-06-01T17:12:15+08:00,picking_completed,picking_completed,WH-SYN-WEST,1,piece,synthetic_case_generator
WHE-SYN-A-0002-04,ORD-SYN-A-0002,2026-06-01T17:38:55+08:00,quality_check_started,quality_check_started,WH-SYN-WEST,1,piece,synthetic_case_generator
WHE-SYN-A-0002-05,ORD-SYN-A-0002,2026-06-01T18:05:05+08:00,quality_check_completed,quality_check_completed,WH-SYN-WEST,1,piece,synthetic_case_generator
WHE-SYN-A-0002-06,ORD-SYN-A-0002,2026-06-01T18:13:32+08:00,packing_started,packing_started,WH-SYN-WEST,1,piece,synthetic_case_generator
WHE-SYN-A-0002-07,ORD-SYN-A-0002,2026-06-01T18:44:58+08:00,packing_completed,packing_completed,WH-SYN-WEST,1,piece,synthetic_case_generator
WHE-SYN-A-0002-08,ORD-SYN-A-0002,2026-06-01T18:54:54+08:00,ready_to_ship,ready_to_ship,WH-SYN-WEST,1,piece,synthetic_case_generator
WHE-SYN-A-0002-09,ORD-SYN-A-0002,2026-06-01T19:01:00+08:00,shipped_from_warehouse,shipped_from_warehouse,WH-SYN-WEST,1,piece,synthetic_case_generator
WHE-SYN-A-0003-01,ORD-SYN-A-0003,2026-06-01T19:10:32+08:00,order_received,order_received,WH-SYN-EAST,5,piece,synthetic_case_generator
WHE-SYN-A-0003-02,ORD-SYN-A-0003,2026-06-01T19:52:42+08:00,picking_started,picking_started,WH-SYN-EAST,5,piece,synthetic_case_generator
WHE-SYN-A-0003-03,ORD-SYN-A-0003,2026-06-01T20:41:01+08:00,picking_completed,picking_completed,WH-SYN-EAST,5,piece,synthetic_case_generator
WHE-SYN-A-0003-04,ORD-SYN-A-0003,2026-06-01T21:07:33+08:00,quality_check_started,quality_check_started,WH-SYN-EAST,5,piece,synthetic_case_generator
WHE-SYN-A-0003-05,ORD-SYN-A-0003,2026-06-01T21:31:20+08:00,quality_check_completed,quality_check_completed,WH-SYN-EAST,5,piece,synthetic_case_generator
WHE-SYN-A-0003-06,ORD-SYN-A-0003,2026-06-01T21:42:09+08:00,packing_started,packing_started,WH-SYN-EAST,5,piece,synthetic_case_generator
WHE-SYN-A-0003-07,ORD-SYN-A-0003,2026-06-01T22:17:44+08:00,packing_completed,packing_completed,WH-SYN-EAST,5,piece,synthetic_case_generator
WHE-SYN-A-0003-08,ORD-SYN-A-0003,2026-06-01T22:41:16+08:00,ready_to_ship,ready_to_ship,WH-SYN-EAST,5,piece,synthetic_case_generator
WHE-SYN-A-0003-09,ORD-SYN-A-0003,2026-06-01T22:52:05+08:00,shipped_from_warehouse,shipped_from_warehouse,WH-SYN-EAST,5,piece,synthetic_case_generator
WHE-SYN-A-0004-01,ORD-SYN-A-0004,2026-06-01T10:30:06+08:00,order_received,order_received,WH-SYN-EAST,3,piece,synthetic_case_generator
WHE-SYN-A-0004-02,ORD-SYN-A-0004,2026-06-01T11:20:20+08:00,picking_started,picking_started,WH-SYN-EAST,3,piece,synthetic_case_generator
WHE-SYN-A-0004-03,ORD-SYN-A-0004,2026-06-01T12:13:34+08:00,picking_completed,picking_completed,WH-SYN-EAST,3,piece,synthetic_case_generator
WHE-SYN-A-0004-04,ORD-SYN-A-0004,2026-06-01T12:41:22+08:00,quality_check_started,quality_check_started,WH-SYN-EAST,3,piece,synthetic_case_generator
WHE-SYN-A-0004-05,ORD-SYN-A-0004,2026-06-01T13:04:16+08:00,quality_check_completed,quality_check_completed,WH-SYN-EAST,3,piece,synthetic_case_generator
WHE-SYN-A-0004-06,ORD-SYN-A-0004,2026-06-01T13:15:08+08:00,packing_started,packing_started,WH-SYN-EAST,3,piece,synthetic_case_generator
WHE-SYN-A-0004-07,ORD-SYN-A-0004,2026-06-01T13:51:47+08:00,packing_completed,packing_completed,WH-SYN-EAST,3,piece,synthetic_case_generator
WHE-SYN-A-0004-08,ORD-SYN-A-0004,2026-06-01T14:09:24+08:00,ready_to_ship,ready_to_ship,WH-SYN-EAST,3,piece,synthetic_case_generator
WHE-SYN-A-0004-09,ORD-SYN-A-0004,2026-06-01T14:13:19+08:00,shipped_from_warehouse,shipped_from_warehouse,WH-SYN-EAST,3,piece,synthetic_case_generator
WHE-SYN-A-0005-01,ORD-SYN-A-0005,2026-06-01T13:53:42+08:00,order_received,order_received,WH-SYN-EAST,3,piece,synthetic_case_generator
WHE-SYN-A-0005-02,ORD-SYN-A-0005,2026-06-01T14:36:40+08:00,picking_started,picking_started,WH-SYN-EAST,3,piece,synthetic_case_generator
WHE-SYN-A-0005-03,ORD-SYN-A-0005,2026-06-01T15:31:26+08:00,picking_completed,picking_completed,WH-SYN-EAST,3,piece,synthetic_case_generator
WHE-SYN-A-0005-04,ORD-SYN-A-0005,2026-06-01T16:04:24+08:00,quality_check_started,quality_check_started,WH-SYN-EAST,3,piece,synthetic_case_generator
WHE-SYN-A-0005-05,ORD-SYN-A-0005,2026-06-01T16:30:18+08:00,quality_check_completed,quality_check_completed,WH-SYN-EAST,3,piece,synthetic_case_generator
WHE-SYN-A-0005-06,ORD-SYN-A-0005,2026-06-01T16:37:57+08:00,packing_started,packing_started,WH-SYN-EAST,3,piece,synthetic_case_generator
WHE-SYN-A-0005-07,ORD-SYN-A-0005,2026-06-01T17:21:29+08:00,packing_completed,packing_completed,WH-SYN-EAST,3,piece,synthetic_case_generator
WHE-SYN-A-0005-08,ORD-SYN-A-0005,2026-06-01T17:38:24+08:00,ready_to_ship,ready_to_ship,WH-SYN-EAST,3,piece,synthetic_case_generator
WHE-SYN-A-0005-09,ORD-SYN-A-0005,2026-06-01T17:50:00+08:00,shipped_from_warehouse,shipped_from_warehouse,WH-SYN-EAST,3,piece,synthetic_case_generator
WHE-SYN-A-0006-01,ORD-SYN-A-0006,2026-06-01T16:15:36+08:00,order_received,order_received,WH-SYN-EAST,4,piece,synthetic_case_generator
WHE-SYN-A-0006-02,ORD-SYN-A-0006,2026-06-01T17:03:28+08:00,picking_started,picking_started,WH-SYN-EAST,4,piece,synthetic_case_generator
WHE-SYN-A-0006-03,ORD-SYN-A-0006,2026-06-01T17:52:03+08:00,picking_completed,picking_completed,WH-SYN-EAST,4,piece,synthetic_case_generator
WHE-SYN-A-0006-04,ORD-SYN-A-0006,2026-06-01T18:20:10+08:00,quality_check_started,quality_check_started,WH-SYN-EAST,4,piece,synthetic_case_generator
WHE-SYN-A-0006-05,ORD-SYN-A-0006,2026-06-01T18:42:50+08:00,quality_check_completed,quality_check_completed,WH-SYN-EAST,4,piece,synthetic_case_generator
WHE-SYN-A-0006-06,ORD-SYN-A-0006,2026-06-01T18:52:44+08:00,packing_started,packing_started,WH-SYN-EAST,4,piece,synthetic_case_generator
WHE-SYN-A-0006-07,ORD-SYN-A-0006,2026-06-01T19:23:23+08:00,packing_completed,packing_completed,WH-SYN-EAST,4,piece,synthetic_case_generator
WHE-SYN-A-0006-08,ORD-SYN-A-0006,2026-06-01T19:46:03+08:00,ready_to_ship,ready_to_ship,WH-SYN-EAST,4,piece,synthetic_case_generator
WHE-SYN-A-0006-09,ORD-SYN-A-0006,2026-06-01T19:52:53+08:00,shipped_from_warehouse,shipped_from_warehouse,WH-SYN-EAST,4,piece,synthetic_case_generator
WHE-SYN-A-0007-01,ORD-SYN-A-0007,2026-06-01T19:37:38+08:00,order_received,order_received,WH-SYN-EAST,3,piece,synthetic_case_generator
WHE-SYN-A-0007-02,ORD-SYN-A-0007,2026-06-01T20:29:27+08:00,picking_started,picking_started,WH-SYN-EAST,3,piece,synthetic_case_generator
WHE-SYN-A-0007-03,ORD-SYN-A-0007,2026-06-01T21:17:18+08:00,picking_completed,picking_completed,WH-SYN-EAST,3,piece,synthetic_case_generator
WHE-SYN-A-0007-04,ORD-SYN-A-0007,2026-06-01T21:40:48+08:00,quality_check_started,quality_check_started,WH-SYN-EAST,3,piece,synthetic_case_generator
WHE-SYN-A-0007-05,ORD-SYN-A-0007,2026-06-01T22:03:00+08:00,quality_check_completed,quality_check_completed,WH-SYN-EAST,3,piece,synthetic_case_generator
WHE-SYN-A-0007-06,ORD-SYN-A-0007,2026-06-01T22:07:22+08:00,packing_started,packing_started,WH-SYN-EAST,3,piece,synthetic_case_generator
WHE-SYN-A-0007-07,ORD-SYN-A-0007,2026-06-01T22:44:02+08:00,packing_completed,packing_completed,WH-SYN-EAST,3,piece,synthetic_case_generator
WHE-SYN-A-0007-08,ORD-SYN-A-0007,2026-06-01T22:54:31+08:00,ready_to_ship,ready_to_ship,WH-SYN-EAST,3,piece,synthetic_case_generator
WHE-SYN-A-0007-09,ORD-SYN-A-0007,2026-06-01T23:00:02+08:00,shipped_from_warehouse,shipped_from_warehouse,WH-SYN-EAST,3,piece,synthetic_case_generator
WHE-SYN-A-0008-01,ORD-SYN-A-0008,2026-06-01T12:17:05+08:00,order_received,order_received,WH-SYN-EAST,3,piece,synthetic_case_generator
WHE-SYN-A-0008-02,ORD-SYN-A-0008,2026-06-01T13:01:51+08:00,picking_started,picking_started,WH-SYN-EAST,3,piece,synthetic_case_generator
WHE-SYN-A-0008-03,ORD-SYN-A-0008,2026-06-01T13:51:32+08:00,picking_completed,picking_completed,WH-SYN-EAST,3,piece,synthetic_case_generator
WHE-SYN-A-0008-04,ORD-SYN-A-0008,2026-06-01T14:14:14+08:00,quality_check_started,quality_check_started,WH-SYN-EAST,3,piece,synthetic_case_generator
WHE-SYN-A-0008-05,ORD-SYN-A-0008,2026-06-01T14:35:32+08:00,quality_check_completed,quality_check_completed,WH-SYN-EAST,3,piece,synthetic_case_generator
WHE-SYN-A-0008-06,ORD-SYN-A-0008,2026-06-01T14:38:39+08:00,packing_started,packing_started,WH-SYN-EAST,3,piece,synthetic_case_generator
WHE-SYN-A-0008-07,ORD-SYN-A-0008,2026-06-01T15:23:14+08:00,packing_completed,packing_completed,WH-SYN-EAST,3,piece,synthetic_case_generator
WHE-SYN-A-0008-08,ORD-SYN-A-0008,2026-06-01T15:39:38+08:00,ready_to_ship,ready_to_ship,WH-SYN-EAST,3,piece,synthetic_case_generator
WHE-SYN-A-0008-09,ORD-SYN-A-0008,2026-06-01T15:49:47+08:00,shipped_from_warehouse,shipped_from_warehouse,WH-SYN-EAST,3,piece,synthetic_case_generator
WHE-SYN-A-0009-01,ORD-SYN-A-0009,2026-06-01T14:38:25+08:00,order_received,order_received,WH-SYN-EAST,1,piece,synthetic_case_generator
WHE-SYN-A-0009-02,ORD-SYN-A-0009,2026-06-01T15:22:08+08:00,picking_started,picking_started,WH-SYN-EAST,1,piece,synthetic_case_generator
WHE-SYN-A-0009-03,ORD-SYN-A-0009,2026-06-01T16:10:50+08:00,picking_completed,picking_completed,WH-SYN-EAST,1,piece,synthetic_case_generator
WHE-SYN-A-0009-04,ORD-SYN-A-0009,2026-06-01T16:35:45+08:00,quality_check_started,quality_check_started,WH-SYN-EAST,1,piece,synthetic_case_generator
WHE-SYN-A-0009-05,ORD-SYN-A-0009,2026-06-01T16:57:59+08:00,quality_check_completed,quality_check_completed,WH-SYN-EAST,1,piece,synthetic_case_generator
WHE-SYN-A-0009-06,ORD-SYN-A-0009,2026-06-01T17:04:00+08:00,packing_started,packing_started,WH-SYN-EAST,1,piece,synthetic_case_generator
WHE-SYN-A-0009-07,ORD-SYN-A-0009,2026-06-01T17:41:00+08:00,packing_completed,packing_completed,WH-SYN-EAST,1,piece,synthetic_case_generator
WHE-SYN-A-0009-08,ORD-SYN-A-0009,2026-06-01T17:53:43+08:00,ready_to_ship,ready_to_ship,WH-SYN-EAST,1,piece,synthetic_case_generator
WHE-SYN-A-0009-09,ORD-SYN-A-0009,2026-06-01T17:56:53+08:00,shipped_from_warehouse,shipped_from_warehouse,WH-SYN-EAST,1,piece,synthetic_case_generator
WHE-SYN-A-0010-01,ORD-SYN-A-0010,2026-06-01T18:03:37+08:00,order_received,order_received,WH-SYN-EAST,1,piece,synthetic_case_generator
WHE-SYN-A-0010-02,ORD-SYN-A-0010,2026-06-01T18:47:41+08:00,picking_started,picking_started,WH-SYN-EAST,1,piece,synthetic_case_generator
WHE-SYN-A-0010-03,ORD-SYN-A-0010,2026-06-01T19:32:46+08:00,picking_completed,picking_completed,WH-SYN-EAST,1,piece,synthetic_case_generator
WHE-SYN-A-0010-04,ORD-SYN-A-0010,2026-06-01T20:05:22+08:00,quality_check_started,quality_check_started,WH-SYN-EAST,1,piece,synthetic_case_generator
WHE-SYN-A-0010-05,ORD-SYN-A-0010,2026-06-01T20:30:22+08:00,quality_check_completed,quality_check_completed,WH-SYN-EAST,1,piece,synthetic_case_generator
WHE-SYN-A-0010-06,ORD-SYN-A-0010,2026-06-01T20:38:10+08:00,packing_started,packing_started,WH-SYN-EAST,1,piece,synthetic_case_generator
WHE-SYN-A-0010-07,ORD-SYN-A-0010,2026-06-01T21:08:19+08:00,packing_completed,packing_completed,WH-SYN-EAST,1,piece,synthetic_case_generator
WHE-SYN-A-0010-08,ORD-SYN-A-0010,2026-06-01T21:24:08+08:00,ready_to_ship,ready_to_ship,WH-SYN-EAST,1,piece,synthetic_case_generator
WHE-SYN-A-0010-09,ORD-SYN-A-0010,2026-06-01T21:27:48+08:00,shipped_from_warehouse,shipped_from_warehouse,WH-SYN-EAST,1,piece,synthetic_case_generator
WHE-SYN-A-0011-01,ORD-SYN-A-0011,2026-06-02T09:29:42+08:00,order_received,order_received,WH-SYN-EAST,3,piece,synthetic_case_generator
WHE-SYN-A-0011-02,ORD-SYN-A-0011,2026-06-02T10:18:57+08:00,picking_started,picking_started,WH-SYN-EAST,3,piece,synthetic_case_generator
WHE-SYN-A-0011-03,ORD-SYN-A-0011,2026-06-02T11:04:47+08:00,picking_completed,picking_completed,WH-SYN-EAST,3,piece,synthetic_case_generator
WHE-SYN-A-0011-04,ORD-SYN-A-0011,2026-06-02T11:32:48+08:00,quality_check_started,quality_check_started,WH-SYN-EAST,3,piece,synthetic_case_generator
WHE-SYN-A-0011-05,ORD-SYN-A-0011,2026-06-02T11:58:56+08:00,quality_check_completed,quality_check_completed,WH-SYN-EAST,3,piece,synthetic_case_generator
WHE-SYN-A-0011-06,ORD-SYN-A-0011,2026-06-02T12:06:14+08:00,packing_started,packing_started,WH-SYN-EAST,3,piece,synthetic_case_generator
WHE-SYN-A-0011-07,ORD-SYN-A-0011,2026-06-02T12:46:09+08:00,packing_completed,packing_completed,WH-SYN-EAST,3,piece,synthetic_case_generator
WHE-SYN-A-0011-08,ORD-SYN-A-0011,2026-06-02T13:01:17+08:00,ready_to_ship,ready_to_ship,WH-SYN-EAST,3,piece,synthetic_case_generator
WHE-SYN-A-0011-09,ORD-SYN-A-0011,2026-06-02T13:09:27+08:00,shipped_from_warehouse,shipped_from_warehouse,WH-SYN-EAST,3,piece,synthetic_case_generator
WHE-SYN-A-0012-01,ORD-SYN-A-0012,2026-06-02T12:47:51+08:00,order_received,order_received,WH-SYN-EAST,3,piece,synthetic_case_generator
WHE-SYN-A-0012-02,ORD-SYN-A-0012,2026-06-02T13:36:39+08:00,picking_started,picking_started,WH-SYN-EAST,3,piece,synthetic_case_generator
WHE-SYN-A-0012-03,ORD-SYN-A-0012,2026-06-02T14:27:01+08:00,picking_completed,picking_completed,WH-SYN-EAST,3,piece,synthetic_case_generator
WHE-SYN-A-0012-04,ORD-SYN-A-0012,2026-06-02T14:55:06+08:00,quality_check_started,quality_check_started,WH-SYN-EAST,3,piece,synthetic_case_generator
WHE-SYN-A-0012-05,ORD-SYN-A-0012,2026-06-02T15:27:59+08:00,quality_check_completed,quality_check_completed,WH-SYN-EAST,3,piece,synthetic_case_generator
WHE-SYN-A-0012-06,ORD-SYN-A-0012,2026-06-02T15:35:29+08:00,packing_started,packing_started,WH-SYN-EAST,3,piece,synthetic_case_generator
WHE-SYN-A-0012-07,ORD-SYN-A-0012,2026-06-02T16:17:35+08:00,packing_completed,packing_completed,WH-SYN-EAST,3,piece,synthetic_case_generator
WHE-SYN-A-0012-08,ORD-SYN-A-0012,2026-06-02T16:28:57+08:00,ready_to_ship,ready_to_ship,WH-SYN-EAST,3,piece,synthetic_case_generator
WHE-SYN-A-0012-09,ORD-SYN-A-0012,2026-06-02T16:34:10+08:00,shipped_from_warehouse,shipped_from_warehouse,WH-SYN-EAST,3,piece,synthetic_case_generator
WHE-SYN-A-0013-01,ORD-SYN-A-0013,2026-06-02T15:27:56+08:00,order_received,order_received,WH-SYN-EAST,5,piece,synthetic_case_generator
WHE-SYN-A-0013-02,ORD-SYN-A-0013,2026-06-02T16:09:30+08:00,picking_started,picking_started,WH-SYN-EAST,5,piece,synthetic_case_generator
WHE-SYN-A-0013-03,ORD-SYN-A-0013,2026-06-02T16:59:34+08:00,picking_completed,picking_completed,WH-SYN-EAST,5,piece,synthetic_case_generator
WHE-SYN-A-0013-04,ORD-SYN-A-0013,2026-06-02T17:21:24+08:00,quality_check_started,quality_check_started,WH-SYN-EAST,5,piece,synthetic_case_generator
WHE-SYN-A-0013-05,ORD-SYN-A-0013,2026-06-02T17:46:23+08:00,quality_check_completed,quality_check_completed,WH-SYN-EAST,5,piece,synthetic_case_generator
WHE-SYN-A-0013-06,ORD-SYN-A-0013,2026-06-02T17:58:11+08:00,packing_started,packing_started,WH-SYN-EAST,5,piece,synthetic_case_generator
WHE-SYN-A-0013-07,ORD-SYN-A-0013,2026-06-02T18:40:26+08:00,packing_completed,packing_completed,WH-SYN-EAST,5,piece,synthetic_case_generator
WHE-SYN-A-0013-08,ORD-SYN-A-0013,2026-06-02T18:52:06+08:00,ready_to_ship,ready_to_ship,WH-SYN-EAST,5,piece,synthetic_case_generator
WHE-SYN-A-0013-09,ORD-SYN-A-0013,2026-06-02T18:55:34+08:00,shipped_from_warehouse,shipped_from_warehouse,WH-SYN-EAST,5,piece,synthetic_case_generator
WHE-SYN-A-0014-01,ORD-SYN-A-0014,2026-06-02T18:38:20+08:00,order_received,order_received,WH-SYN-EAST,5,piece,synthetic_case_generator
WHE-SYN-A-0014-02,ORD-SYN-A-0014,2026-06-02T19:23:07+08:00,picking_started,picking_started,WH-SYN-EAST,5,piece,synthetic_case_generator
WHE-SYN-A-0014-03,ORD-SYN-A-0014,2026-06-02T20:10:14+08:00,picking_completed,picking_completed,WH-SYN-EAST,5,piece,synthetic_case_generator
WHE-SYN-A-0014-04,ORD-SYN-A-0014,2026-06-02T20:42:37+08:00,quality_check_started,quality_check_started,WH-SYN-EAST,5,piece,synthetic_case_generator
WHE-SYN-A-0014-05,ORD-SYN-A-0014,2026-06-02T21:10:08+08:00,quality_check_completed,quality_check_completed,WH-SYN-EAST,5,piece,synthetic_case_generator
WHE-SYN-A-0014-06,ORD-SYN-A-0014,2026-06-02T21:13:57+08:00,packing_started,packing_started,WH-SYN-EAST,5,piece,synthetic_case_generator
WHE-SYN-A-0014-07,ORD-SYN-A-0014,2026-06-02T21:45:04+08:00,packing_completed,packing_completed,WH-SYN-EAST,5,piece,synthetic_case_generator
WHE-SYN-A-0014-08,ORD-SYN-A-0014,2026-06-02T22:03:48+08:00,ready_to_ship,ready_to_ship,WH-SYN-EAST,5,piece,synthetic_case_generator
WHE-SYN-A-0014-09,ORD-SYN-A-0014,2026-06-02T22:07:06+08:00,shipped_from_warehouse,shipped_from_warehouse,WH-SYN-EAST,5,piece,synthetic_case_generator
WHE-SYN-A-0015-01,ORD-SYN-A-0015,2026-06-02T11:01:19+08:00,order_received,order_received,WH-SYN-EAST,5,piece,synthetic_case_generator
WHE-SYN-A-0015-02,ORD-SYN-A-0015,2026-06-02T11:33:38+08:00,picking_started,picking_started,WH-SYN-EAST,5,piece,synthetic_case_generator
WHE-SYN-A-0015-03,ORD-SYN-A-0015,2026-06-02T12:30:27+08:00,picking_completed,picking_completed,WH-SYN-EAST,5,piece,synthetic_case_generator
WHE-SYN-A-0015-04,ORD-SYN-A-0015,2026-06-02T13:01:30+08:00,quality_check_started,quality_check_started,WH-SYN-EAST,5,piece,synthetic_case_generator
WHE-SYN-A-0015-05,ORD-SYN-A-0015,2026-06-02T13:33:11+08:00,quality_check_completed,quality_check_completed,WH-SYN-EAST,5,piece,synthetic_case_generator
WHE-SYN-A-0015-06,ORD-SYN-A-0015,2026-06-02T13:40:26+08:00,packing_started,packing_started,WH-SYN-EAST,5,piece,synthetic_case_generator
WHE-SYN-A-0015-07,ORD-SYN-A-0015,2026-06-02T14:19:36+08:00,packing_completed,packing_completed,WH-SYN-EAST,5,piece,synthetic_case_generator
WHE-SYN-A-0015-08,ORD-SYN-A-0015,2026-06-02T14:38:45+08:00,ready_to_ship,ready_to_ship,WH-SYN-EAST,5,piece,synthetic_case_generator
WHE-SYN-A-0015-09,ORD-SYN-A-0015,2026-06-02T14:47:54+08:00,shipped_from_warehouse,shipped_from_warehouse,WH-SYN-EAST,5,piece,synthetic_case_generator
WHE-SYN-A-0016-01,ORD-SYN-A-0016,2026-06-02T13:37:05+08:00,order_received,order_received,WH-SYN-EAST,3,piece,synthetic_case_generator
WHE-SYN-A-0016-02,ORD-SYN-A-0016,2026-06-02T14:28:16+08:00,picking_started,picking_started,WH-SYN-EAST,3,piece,synthetic_case_generator
WHE-SYN-A-0016-03,ORD-SYN-A-0016,2026-06-02T15:10:35+08:00,picking_completed,picking_completed,WH-SYN-EAST,3,piece,synthetic_case_generator
WHE-SYN-A-0016-04,ORD-SYN-A-0016,2026-06-02T15:39:24+08:00,quality_check_started,quality_check_started,WH-SYN-EAST,3,piece,synthetic_case_generator
WHE-SYN-A-0016-05,ORD-SYN-A-0016,2026-06-02T16:00:52+08:00,quality_check_completed,quality_check_completed,WH-SYN-EAST,3,piece,synthetic_case_generator
WHE-SYN-A-0016-06,ORD-SYN-A-0016,2026-06-02T16:09:22+08:00,packing_started,packing_started,WH-SYN-EAST,3,piece,synthetic_case_generator
WHE-SYN-A-0016-07,ORD-SYN-A-0016,2026-06-02T16:49:40+08:00,packing_completed,packing_completed,WH-SYN-EAST,3,piece,synthetic_case_generator
WHE-SYN-A-0016-08,ORD-SYN-A-0016,2026-06-02T17:04:37+08:00,ready_to_ship,ready_to_ship,WH-SYN-EAST,3,piece,synthetic_case_generator
WHE-SYN-A-0016-09,ORD-SYN-A-0016,2026-06-02T17:13:19+08:00,shipped_from_warehouse,shipped_from_warehouse,WH-SYN-EAST,3,piece,synthetic_case_generator
WHE-SYN-A-0017-01,ORD-SYN-A-0017,2026-06-02T16:54:29+08:00,order_received,order_received,WH-SYN-WEST,5,piece,synthetic_case_generator
WHE-SYN-A-0017-02,ORD-SYN-A-0017,2026-06-02T17:34:16+08:00,picking_started,picking_started,WH-SYN-WEST,5,piece,synthetic_case_generator
WHE-SYN-A-0017-03,ORD-SYN-A-0017,2026-06-02T18:23:13+08:00,picking_completed,picking_completed,WH-SYN-WEST,5,piece,synthetic_case_generator
WHE-SYN-A-0017-04,ORD-SYN-A-0017,2026-06-02T18:48:12+08:00,quality_check_started,quality_check_started,WH-SYN-WEST,5,piece,synthetic_case_generator
WHE-SYN-A-0017-05,ORD-SYN-A-0017,2026-06-02T19:09:45+08:00,quality_check_completed,quality_check_completed,WH-SYN-WEST,5,piece,synthetic_case_generator
WHE-SYN-A-0017-06,ORD-SYN-A-0017,2026-06-02T19:20:16+08:00,packing_started,packing_started,WH-SYN-WEST,5,piece,synthetic_case_generator
WHE-SYN-A-0017-07,ORD-SYN-A-0017,2026-06-02T20:03:06+08:00,packing_completed,packing_completed,WH-SYN-WEST,5,piece,synthetic_case_generator
WHE-SYN-A-0017-08,ORD-SYN-A-0017,2026-06-02T20:17:30+08:00,ready_to_ship,ready_to_ship,WH-SYN-WEST,5,piece,synthetic_case_generator
WHE-SYN-A-0017-09,ORD-SYN-A-0017,2026-06-02T20:27:57+08:00,shipped_from_warehouse,shipped_from_warehouse,WH-SYN-WEST,5,piece,synthetic_case_generator
WHE-SYN-A-0018-01,ORD-SYN-A-0018,2026-06-02T19:19:06+08:00,order_received,order_received,WH-SYN-EAST,3,piece,synthetic_case_generator
WHE-SYN-A-0018-02,ORD-SYN-A-0018,2026-06-02T19:53:52+08:00,picking_started,picking_started,WH-SYN-EAST,3,piece,synthetic_case_generator
WHE-SYN-A-0018-03,ORD-SYN-A-0018,2026-06-02T20:46:50+08:00,picking_completed,picking_completed,WH-SYN-EAST,3,piece,synthetic_case_generator
WHE-SYN-A-0018-04,ORD-SYN-A-0018,2026-06-02T21:18:37+08:00,quality_check_started,quality_check_started,WH-SYN-EAST,3,piece,synthetic_case_generator
WHE-SYN-A-0018-05,ORD-SYN-A-0018,2026-06-02T21:44:46+08:00,quality_check_completed,quality_check_completed,WH-SYN-EAST,3,piece,synthetic_case_generator
WHE-SYN-A-0018-06,ORD-SYN-A-0018,2026-06-02T21:51:30+08:00,packing_started,packing_started,WH-SYN-EAST,3,piece,synthetic_case_generator
WHE-SYN-A-0018-07,ORD-SYN-A-0018,2026-06-02T22:29:19+08:00,packing_completed,packing_completed,WH-SYN-EAST,3,piece,synthetic_case_generator
WHE-SYN-A-0018-08,ORD-SYN-A-0018,2026-06-02T22:42:00+08:00,ready_to_ship,ready_to_ship,WH-SYN-EAST,3,piece,synthetic_case_generator
WHE-SYN-A-0018-09,ORD-SYN-A-0018,2026-06-02T22:46:09+08:00,shipped_from_warehouse,shipped_from_warehouse,WH-SYN-EAST,3,piece,synthetic_case_generator
WHE-SYN-A-0019-01,ORD-SYN-A-0019,2026-06-02T11:47:08+08:00,order_received,order_received,WH-SYN-WEST,1,piece,synthetic_case_generator
WHE-SYN-A-0019-02,ORD-SYN-A-0019,2026-06-02T12:18:54+08:00,picking_started,picking_started,WH-SYN-WEST,1,piece,synthetic_case_generator
WHE-SYN-A-0019-03,ORD-SYN-A-0019,2026-06-02T13:04:34+08:00,picking_completed,picking_completed,WH-SYN-WEST,1,piece,synthetic_case_generator
WHE-SYN-A-0019-04,ORD-SYN-A-0019,2026-06-02T13:36:18+08:00,quality_check_started,quality_check_started,WH-SYN-WEST,1,piece,synthetic_case_generator
WHE-SYN-A-0019-05,ORD-SYN-A-0019,2026-06-02T14:04:55+08:00,quality_check_completed,quality_check_completed,WH-SYN-WEST,1,piece,synthetic_case_generator
WHE-SYN-A-0019-06,ORD-SYN-A-0019,2026-06-02T14:15:26+08:00,packing_started,packing_started,WH-SYN-WEST,1,piece,synthetic_case_generator
WHE-SYN-A-0019-07,ORD-SYN-A-0019,2026-06-02T15:00:24+08:00,packing_completed,packing_completed,WH-SYN-WEST,1,piece,synthetic_case_generator
WHE-SYN-A-0019-08,ORD-SYN-A-0019,2026-06-02T15:24:43+08:00,ready_to_ship,ready_to_ship,WH-SYN-WEST,1,piece,synthetic_case_generator
WHE-SYN-A-0019-09,ORD-SYN-A-0019,2026-06-02T15:32:40+08:00,shipped_from_warehouse,shipped_from_warehouse,WH-SYN-WEST,1,piece,synthetic_case_generator
WHE-SYN-A-0020-01,ORD-SYN-A-0020,2026-06-02T15:01:35+08:00,order_received,order_received,WH-SYN-EAST,2,piece,synthetic_case_generator
WHE-SYN-A-0020-02,ORD-SYN-A-0020,2026-06-02T15:54:31+08:00,picking_started,picking_started,WH-SYN-EAST,2,piece,synthetic_case_generator
WHE-SYN-A-0020-03,ORD-SYN-A-0020,2026-06-02T16:49:10+08:00,picking_completed,picking_completed,WH-SYN-EAST,2,piece,synthetic_case_generator
WHE-SYN-A-0020-04,ORD-SYN-A-0020,2026-06-02T17:18:53+08:00,quality_check_started,quality_check_started,WH-SYN-EAST,2,piece,synthetic_case_generator
WHE-SYN-A-0020-05,ORD-SYN-A-0020,2026-06-02T17:43:01+08:00,quality_check_completed,quality_check_completed,WH-SYN-EAST,2,piece,synthetic_case_generator
WHE-SYN-A-0020-06,ORD-SYN-A-0020,2026-06-02T17:51:49+08:00,packing_started,packing_started,WH-SYN-EAST,2,piece,synthetic_case_generator
WHE-SYN-A-0020-07,ORD-SYN-A-0020,2026-06-02T18:24:31+08:00,packing_completed,packing_completed,WH-SYN-EAST,2,piece,synthetic_case_generator
WHE-SYN-A-0020-08,ORD-SYN-A-0020,2026-06-02T18:36:25+08:00,ready_to_ship,ready_to_ship,WH-SYN-EAST,2,piece,synthetic_case_generator
WHE-SYN-A-0020-09,ORD-SYN-A-0020,2026-06-02T18:45:07+08:00,shipped_from_warehouse,shipped_from_warehouse,WH-SYN-EAST,2,piece,synthetic_case_generator
WHE-SYN-A-0021-01,ORD-SYN-A-0021,2026-06-03T17:34:07+08:00,order_received,order_received,WH-SYN-EAST,5,piece,synthetic_case_generator
WHE-SYN-A-0021-02,ORD-SYN-A-0021,2026-06-03T18:23:17+08:00,picking_started,picking_started,WH-SYN-EAST,5,piece,synthetic_case_generator
WHE-SYN-A-0021-03,ORD-SYN-A-0021,2026-06-03T19:15:41+08:00,picking_completed,picking_completed,WH-SYN-EAST,5,piece,synthetic_case_generator
WHE-SYN-A-0021-04,ORD-SYN-A-0021,2026-06-03T19:37:40+08:00,quality_check_started,quality_check_started,WH-SYN-EAST,5,piece,synthetic_case_generator
WHE-SYN-A-0021-05,ORD-SYN-A-0021,2026-06-03T20:08:46+08:00,quality_check_completed,quality_check_completed,WH-SYN-EAST,5,piece,synthetic_case_generator
WHE-SYN-A-0021-06,ORD-SYN-A-0021,2026-06-03T20:19:38+08:00,packing_started,packing_started,WH-SYN-EAST,5,piece,synthetic_case_generator
WHE-SYN-A-0021-07,ORD-SYN-A-0021,2026-06-03T21:00:10+08:00,packing_completed,packing_completed,WH-SYN-EAST,5,piece,synthetic_case_generator
WHE-SYN-A-0021-08,ORD-SYN-A-0021,2026-06-03T21:12:57+08:00,ready_to_ship,ready_to_ship,WH-SYN-EAST,5,piece,synthetic_case_generator
WHE-SYN-A-0021-09,ORD-SYN-A-0021,2026-06-03T21:22:46+08:00,shipped_from_warehouse,shipped_from_warehouse,WH-SYN-EAST,5,piece,synthetic_case_generator
WHE-SYN-A-0022-01,ORD-SYN-A-0022,2026-06-03T10:14:43+08:00,order_received,order_received,WH-SYN-WEST,3,piece,synthetic_case_generator
WHE-SYN-A-0022-02,ORD-SYN-A-0022,2026-06-03T11:02:17+08:00,picking_started,picking_started,WH-SYN-WEST,3,piece,synthetic_case_generator
WHE-SYN-A-0022-03,ORD-SYN-A-0022,2026-06-03T11:57:54+08:00,picking_completed,picking_completed,WH-SYN-WEST,3,piece,synthetic_case_generator
WHE-SYN-A-0022-04,ORD-SYN-A-0022,2026-06-03T12:30:18+08:00,quality_check_started,quality_check_started,WH-SYN-WEST,3,piece,synthetic_case_generator
WHE-SYN-A-0022-05,ORD-SYN-A-0022,2026-06-03T12:56:21+08:00,quality_check_completed,quality_check_completed,WH-SYN-WEST,3,piece,synthetic_case_generator
WHE-SYN-A-0022-06,ORD-SYN-A-0022,2026-06-03T13:06:03+08:00,packing_started,packing_started,WH-SYN-WEST,3,piece,synthetic_case_generator
WHE-SYN-A-0022-07,ORD-SYN-A-0022,2026-06-03T13:37:34+08:00,packing_completed,packing_completed,WH-SYN-WEST,3,piece,synthetic_case_generator
WHE-SYN-A-0022-08,ORD-SYN-A-0022,2026-06-03T13:52:05+08:00,ready_to_ship,ready_to_ship,WH-SYN-WEST,3,piece,synthetic_case_generator
WHE-SYN-A-0022-09,ORD-SYN-A-0022,2026-06-03T14:01:50+08:00,shipped_from_warehouse,shipped_from_warehouse,WH-SYN-WEST,3,piece,synthetic_case_generator
WHE-SYN-A-0023-01,ORD-SYN-A-0023,2026-06-03T12:35:43+08:00,order_received,order_received,WH-SYN-EAST,4,piece,synthetic_case_generator
WHE-SYN-A-0023-02,ORD-SYN-A-0023,2026-06-03T13:18:23+08:00,picking_started,picking_started,WH-SYN-EAST,4,piece,synthetic_case_generator
WHE-SYN-A-0023-03,ORD-SYN-A-0023,2026-06-03T14:05:55+08:00,picking_completed,picking_completed,WH-SYN-EAST,4,piece,synthetic_case_generator
WHE-SYN-A-0023-04,ORD-SYN-A-0023,2026-06-03T14:28:38+08:00,quality_check_started,quality_check_started,WH-SYN-EAST,4,piece,synthetic_case_generator
WHE-SYN-A-0023-05,ORD-SYN-A-0023,2026-06-03T14:56:12+08:00,quality_check_completed,quality_check_completed,WH-SYN-EAST,4,piece,synthetic_case_generator
WHE-SYN-A-0023-06,ORD-SYN-A-0023,2026-06-03T15:04:26+08:00,packing_started,packing_started,WH-SYN-EAST,4,piece,synthetic_case_generator
WHE-SYN-A-0023-07,ORD-SYN-A-0023,2026-06-03T15:39:01+08:00,packing_completed,packing_completed,WH-SYN-EAST,4,piece,synthetic_case_generator
WHE-SYN-A-0023-08,ORD-SYN-A-0023,2026-06-03T16:05:17+08:00,ready_to_ship,ready_to_ship,WH-SYN-EAST,4,piece,synthetic_case_generator
WHE-SYN-A-0023-09,ORD-SYN-A-0023,2026-06-03T16:11:51+08:00,shipped_from_warehouse,shipped_from_warehouse,WH-SYN-EAST,4,piece,synthetic_case_generator
WHE-SYN-A-0024-01,ORD-SYN-A-0024,2026-06-03T15:48:17+08:00,order_received,order_received,WH-SYN-EAST,2,piece,synthetic_case_generator
WHE-SYN-A-0024-02,ORD-SYN-A-0024,2026-06-03T16:34:24+08:00,picking_started,picking_started,WH-SYN-EAST,2,piece,synthetic_case_generator
WHE-SYN-A-0024-03,ORD-SYN-A-0024,2026-06-03T17:17:33+08:00,picking_completed,picking_completed,WH-SYN-EAST,2,piece,synthetic_case_generator
WHE-SYN-A-0024-04,ORD-SYN-A-0024,2026-06-03T17:42:52+08:00,quality_check_started,quality_check_started,WH-SYN-EAST,2,piece,synthetic_case_generator
WHE-SYN-A-0024-05,ORD-SYN-A-0024,2026-06-03T18:07:56+08:00,quality_check_completed,quality_check_completed,WH-SYN-EAST,2,piece,synthetic_case_generator
WHE-SYN-A-0024-06,ORD-SYN-A-0024,2026-06-03T18:16:42+08:00,packing_started,packing_started,WH-SYN-EAST,2,piece,synthetic_case_generator
WHE-SYN-A-0024-07,ORD-SYN-A-0024,2026-06-03T18:51:14+08:00,packing_completed,packing_completed,WH-SYN-EAST,2,piece,synthetic_case_generator
WHE-SYN-A-0024-08,ORD-SYN-A-0024,2026-06-03T19:21:04+08:00,ready_to_ship,ready_to_ship,WH-SYN-EAST,2,piece,synthetic_case_generator
WHE-SYN-A-0024-09,ORD-SYN-A-0024,2026-06-03T19:29:52+08:00,shipped_from_warehouse,shipped_from_warehouse,WH-SYN-EAST,2,piece,synthetic_case_generator
WHE-SYN-A-0025-01,ORD-SYN-A-0025,2026-06-03T18:09:53+08:00,order_received,order_received,WH-SYN-WEST,5,piece,synthetic_case_generator
WHE-SYN-A-0025-02,ORD-SYN-A-0025,2026-06-03T18:55:29+08:00,picking_started,picking_started,WH-SYN-WEST,5,piece,synthetic_case_generator
WHE-SYN-A-0025-03,ORD-SYN-A-0025,2026-06-03T19:43:39+08:00,picking_completed,picking_completed,WH-SYN-WEST,5,piece,synthetic_case_generator
WHE-SYN-A-0025-04,ORD-SYN-A-0025,2026-06-03T20:04:59+08:00,quality_check_started,quality_check_started,WH-SYN-WEST,5,piece,synthetic_case_generator
WHE-SYN-A-0025-05,ORD-SYN-A-0025,2026-06-03T20:35:14+08:00,quality_check_completed,quality_check_completed,WH-SYN-WEST,5,piece,synthetic_case_generator
WHE-SYN-A-0025-06,ORD-SYN-A-0025,2026-06-03T20:47:02+08:00,packing_started,packing_started,WH-SYN-WEST,5,piece,synthetic_case_generator
WHE-SYN-A-0025-07,ORD-SYN-A-0025,2026-06-03T21:27:09+08:00,packing_completed,packing_completed,WH-SYN-WEST,5,piece,synthetic_case_generator
WHE-SYN-A-0025-08,ORD-SYN-A-0025,2026-06-03T21:46:49+08:00,ready_to_ship,ready_to_ship,WH-SYN-WEST,5,piece,synthetic_case_generator
WHE-SYN-A-0025-09,ORD-SYN-A-0025,2026-06-03T21:52:01+08:00,shipped_from_warehouse,shipped_from_warehouse,WH-SYN-WEST,5,piece,synthetic_case_generator
WHE-SYN-A-0026-01,ORD-SYN-A-0026,2026-06-03T10:48:22+08:00,order_received,order_received,WH-SYN-EAST,4,piece,synthetic_case_generator
WHE-SYN-A-0026-02,ORD-SYN-A-0026,2026-06-03T11:37:44+08:00,picking_started,picking_started,WH-SYN-EAST,4,piece,synthetic_case_generator
WHE-SYN-A-0026-03,ORD-SYN-A-0026,2026-06-03T12:32:49+08:00,picking_completed,picking_completed,WH-SYN-EAST,4,piece,synthetic_case_generator
WHE-SYN-A-0026-04,ORD-SYN-A-0026,2026-06-03T12:59:04+08:00,quality_check_started,quality_check_started,WH-SYN-EAST,4,piece,synthetic_case_generator
WHE-SYN-A-0026-05,ORD-SYN-A-0026,2026-06-03T13:29:12+08:00,quality_check_completed,quality_check_completed,WH-SYN-EAST,4,piece,synthetic_case_generator
WHE-SYN-A-0026-06,ORD-SYN-A-0026,2026-06-03T13:34:31+08:00,packing_started,packing_started,WH-SYN-EAST,4,piece,synthetic_case_generator
WHE-SYN-A-0026-07,ORD-SYN-A-0026,2026-06-03T14:09:08+08:00,packing_completed,packing_completed,WH-SYN-EAST,4,piece,synthetic_case_generator
WHE-SYN-A-0026-08,ORD-SYN-A-0026,2026-06-03T14:29:10+08:00,ready_to_ship,ready_to_ship,WH-SYN-EAST,4,piece,synthetic_case_generator
WHE-SYN-A-0026-09,ORD-SYN-A-0026,2026-06-03T14:39:43+08:00,shipped_from_warehouse,shipped_from_warehouse,WH-SYN-EAST,4,piece,synthetic_case_generator
WHE-SYN-A-0027-01,ORD-SYN-A-0027,2026-06-03T13:58:51+08:00,order_received,order_received,WH-SYN-EAST,3,piece,synthetic_case_generator
WHE-SYN-A-0027-02,ORD-SYN-A-0027,2026-06-03T14:47:24+08:00,picking_started,picking_started,WH-SYN-EAST,3,piece,synthetic_case_generator
WHE-SYN-A-0027-03,ORD-SYN-A-0027,2026-06-03T15:38:29+08:00,picking_completed,picking_completed,WH-SYN-EAST,3,piece,synthetic_case_generator
WHE-SYN-A-0027-04,ORD-SYN-A-0027,2026-06-03T15:59:44+08:00,quality_check_started,quality_check_started,WH-SYN-EAST,3,piece,synthetic_case_generator
WHE-SYN-A-0027-05,ORD-SYN-A-0027,2026-06-03T16:25:36+08:00,quality_check_completed,quality_check_completed,WH-SYN-EAST,3,piece,synthetic_case_generator
WHE-SYN-A-0027-06,ORD-SYN-A-0027,2026-06-03T16:28:58+08:00,packing_started,packing_started,WH-SYN-EAST,3,piece,synthetic_case_generator
WHE-SYN-A-0027-07,ORD-SYN-A-0027,2026-06-03T16:59:00+08:00,packing_completed,packing_completed,WH-SYN-EAST,3,piece,synthetic_case_generator
WHE-SYN-A-0027-08,ORD-SYN-A-0027,2026-06-03T17:25:49+08:00,ready_to_ship,ready_to_ship,WH-SYN-EAST,3,piece,synthetic_case_generator
WHE-SYN-A-0027-09,ORD-SYN-A-0027,2026-06-03T17:36:07+08:00,shipped_from_warehouse,shipped_from_warehouse,WH-SYN-EAST,3,piece,synthetic_case_generator
WHE-SYN-A-0028-01,ORD-SYN-A-0028,2026-06-03T16:23:05+08:00,order_received,order_received,WH-SYN-EAST,4,piece,synthetic_case_generator
WHE-SYN-A-0028-02,ORD-SYN-A-0028,2026-06-03T17:11:55+08:00,picking_started,picking_started,WH-SYN-EAST,4,piece,synthetic_case_generator
WHE-SYN-A-0028-03,ORD-SYN-A-0028,2026-06-03T18:08:20+08:00,picking_completed,picking_completed,WH-SYN-EAST,4,piece,synthetic_case_generator
WHE-SYN-A-0028-04,ORD-SYN-A-0028,2026-06-03T18:34:44+08:00,quality_check_started,quality_check_started,WH-SYN-EAST,4,piece,synthetic_case_generator
WHE-SYN-A-0028-05,ORD-SYN-A-0028,2026-06-03T19:02:47+08:00,quality_check_completed,quality_check_completed,WH-SYN-EAST,4,piece,synthetic_case_generator
WHE-SYN-A-0028-06,ORD-SYN-A-0028,2026-06-03T19:13:42+08:00,packing_started,packing_started,WH-SYN-EAST,4,piece,synthetic_case_generator
WHE-SYN-A-0028-07,ORD-SYN-A-0028,2026-06-03T19:54:20+08:00,packing_completed,packing_completed,WH-SYN-EAST,4,piece,synthetic_case_generator
WHE-SYN-A-0028-08,ORD-SYN-A-0028,2026-06-03T20:24:10+08:00,ready_to_ship,ready_to_ship,WH-SYN-EAST,4,piece,synthetic_case_generator
WHE-SYN-A-0028-09,ORD-SYN-A-0028,2026-06-03T20:28:28+08:00,shipped_from_warehouse,shipped_from_warehouse,WH-SYN-EAST,4,piece,synthetic_case_generator
WHE-SYN-A-0029-01,ORD-SYN-A-0029,2026-06-03T19:56:30+08:00,order_received,order_received,WH-SYN-WEST,2,piece,synthetic_case_generator
WHE-SYN-A-0029-02,ORD-SYN-A-0029,2026-06-03T20:49:52+08:00,picking_started,picking_started,WH-SYN-WEST,2,piece,synthetic_case_generator
WHE-SYN-A-0029-03,ORD-SYN-A-0029,2026-06-03T21:45:58+08:00,picking_completed,picking_completed,WH-SYN-WEST,2,piece,synthetic_case_generator
WHE-SYN-A-0029-04,ORD-SYN-A-0029,2026-06-03T22:13:19+08:00,quality_check_started,quality_check_started,WH-SYN-WEST,2,piece,synthetic_case_generator
WHE-SYN-A-0029-05,ORD-SYN-A-0029,2026-06-03T22:44:51+08:00,quality_check_completed,quality_check_completed,WH-SYN-WEST,2,piece,synthetic_case_generator
WHE-SYN-A-0029-06,ORD-SYN-A-0029,2026-06-03T22:48:25+08:00,packing_started,packing_started,WH-SYN-WEST,2,piece,synthetic_case_generator
WHE-SYN-A-0029-07,ORD-SYN-A-0029,2026-06-03T23:26:00+08:00,packing_completed,packing_completed,WH-SYN-WEST,2,piece,synthetic_case_generator
WHE-SYN-A-0029-08,ORD-SYN-A-0029,2026-06-03T23:50:46+08:00,ready_to_ship,ready_to_ship,WH-SYN-WEST,2,piece,synthetic_case_generator
WHE-SYN-A-0029-09,ORD-SYN-A-0029,2026-06-03T23:59:18+08:00,shipped_from_warehouse,shipped_from_warehouse,WH-SYN-WEST,2,piece,synthetic_case_generator
WHE-SYN-A-0030-01,ORD-SYN-A-0030,2026-06-03T11:12:12+08:00,order_received,order_received,WH-SYN-EAST,5,piece,synthetic_case_generator
WHE-SYN-A-0030-02,ORD-SYN-A-0030,2026-06-03T11:55:42+08:00,picking_started,picking_started,WH-SYN-EAST,5,piece,synthetic_case_generator
WHE-SYN-A-0030-03,ORD-SYN-A-0030,2026-06-03T12:44:51+08:00,picking_completed,picking_completed,WH-SYN-EAST,5,piece,synthetic_case_generator
WHE-SYN-A-0030-04,ORD-SYN-A-0030,2026-06-03T13:06:49+08:00,quality_check_started,quality_check_started,WH-SYN-EAST,5,piece,synthetic_case_generator
WHE-SYN-A-0030-05,ORD-SYN-A-0030,2026-06-03T13:32:40+08:00,quality_check_completed,quality_check_completed,WH-SYN-EAST,5,piece,synthetic_case_generator
WHE-SYN-A-0030-06,ORD-SYN-A-0030,2026-06-03T13:41:14+08:00,packing_started,packing_started,WH-SYN-EAST,5,piece,synthetic_case_generator
WHE-SYN-A-0030-07,ORD-SYN-A-0030,2026-06-03T14:19:49+08:00,packing_completed,packing_completed,WH-SYN-EAST,5,piece,synthetic_case_generator
WHE-SYN-A-0030-08,ORD-SYN-A-0030,2026-06-03T14:34:58+08:00,ready_to_ship,ready_to_ship,WH-SYN-EAST,5,piece,synthetic_case_generator
WHE-SYN-A-0030-09,ORD-SYN-A-0030,2026-06-03T14:41:21+08:00,shipped_from_warehouse,shipped_from_warehouse,WH-SYN-EAST,5,piece,synthetic_case_generator
WHE-SYN-A-0031-01,ORD-SYN-A-0031,2026-06-04T14:51:09+08:00,order_received,order_received,WH-SYN-EAST,5,piece,synthetic_case_generator
WHE-SYN-A-0031-02,ORD-SYN-A-0031,2026-06-04T15:32:35+08:00,picking_started,picking_started,WH-SYN-EAST,5,piece,synthetic_case_generator
WHE-SYN-A-0031-03,ORD-SYN-A-0031,2026-06-04T16:22:14+08:00,picking_completed,picking_completed,WH-SYN-EAST,5,piece,synthetic_case_generator
WHE-SYN-A-0031-04,ORD-SYN-A-0031,2026-06-04T16:49:36+08:00,quality_check_started,quality_check_started,WH-SYN-EAST,5,piece,synthetic_case_generator
WHE-SYN-A-0031-05,ORD-SYN-A-0031,2026-06-04T17:17:06+08:00,quality_check_completed,quality_check_completed,WH-SYN-EAST,5,piece,synthetic_case_generator
WHE-SYN-A-0031-06,ORD-SYN-A-0031,2026-06-04T17:20:46+08:00,packing_started,packing_started,WH-SYN-EAST,5,piece,synthetic_case_generator
WHE-SYN-A-0031-07,ORD-SYN-A-0031,2026-06-04T18:00:50+08:00,packing_completed,packing_completed,WH-SYN-EAST,5,piece,synthetic_case_generator
WHE-SYN-A-0031-08,ORD-SYN-A-0031,2026-06-04T18:30:02+08:00,ready_to_ship,ready_to_ship,WH-SYN-EAST,5,piece,synthetic_case_generator
WHE-SYN-A-0031-09,ORD-SYN-A-0031,2026-06-04T18:37:50+08:00,shipped_from_warehouse,shipped_from_warehouse,WH-SYN-EAST,5,piece,synthetic_case_generator
WHE-SYN-A-0032-01,ORD-SYN-A-0032,2026-06-04T17:13:00+08:00,order_received,order_received,WH-SYN-WEST,1,piece,synthetic_case_generator
WHE-SYN-A-0032-02,ORD-SYN-A-0032,2026-06-04T18:06:26+08:00,picking_started,picking_started,WH-SYN-WEST,1,piece,synthetic_case_generator
WHE-SYN-A-0032-03,ORD-SYN-A-0032,2026-06-04T18:53:05+08:00,picking_completed,picking_completed,WH-SYN-WEST,1,piece,synthetic_case_generator
WHE-SYN-A-0032-04,ORD-SYN-A-0032,2026-06-04T19:17:18+08:00,quality_check_started,quality_check_started,WH-SYN-WEST,1,piece,synthetic_case_generator
WHE-SYN-A-0032-05,ORD-SYN-A-0032,2026-06-04T19:46:37+08:00,quality_check_completed,quality_check_completed,WH-SYN-WEST,1,piece,synthetic_case_generator
WHE-SYN-A-0032-06,ORD-SYN-A-0032,2026-06-04T19:54:18+08:00,packing_started,packing_started,WH-SYN-WEST,1,piece,synthetic_case_generator
WHE-SYN-A-0032-07,ORD-SYN-A-0032,2026-06-04T20:36:58+08:00,packing_completed,packing_completed,WH-SYN-WEST,1,piece,synthetic_case_generator
WHE-SYN-A-0032-08,ORD-SYN-A-0032,2026-06-04T21:05:49+08:00,ready_to_ship,ready_to_ship,WH-SYN-WEST,1,piece,synthetic_case_generator
WHE-SYN-A-0032-09,ORD-SYN-A-0032,2026-06-04T21:10:31+08:00,shipped_from_warehouse,shipped_from_warehouse,WH-SYN-WEST,1,piece,synthetic_case_generator
WHE-SYN-A-0033-01,ORD-SYN-A-0033,2026-06-04T09:36:25+08:00,order_received,order_received,WH-SYN-EAST,2,piece,synthetic_case_generator
WHE-SYN-A-0033-02,ORD-SYN-A-0033,2026-06-04T10:27:26+08:00,picking_started,picking_started,WH-SYN-EAST,2,piece,synthetic_case_generator
WHE-SYN-A-0033-03,ORD-SYN-A-0033,2026-06-04T11:22:11+08:00,picking_completed,picking_completed,WH-SYN-EAST,2,piece,synthetic_case_generator
WHE-SYN-A-0033-04,ORD-SYN-A-0033,2026-06-04T11:44:20+08:00,quality_check_started,quality_check_started,WH-SYN-EAST,2,piece,synthetic_case_generator
WHE-SYN-A-0033-05,ORD-SYN-A-0033,2026-06-04T12:12:31+08:00,quality_check_completed,quality_check_completed,WH-SYN-EAST,2,piece,synthetic_case_generator
WHE-SYN-A-0033-06,ORD-SYN-A-0033,2026-06-04T12:24:21+08:00,packing_started,packing_started,WH-SYN-EAST,2,piece,synthetic_case_generator
WHE-SYN-A-0033-07,ORD-SYN-A-0033,2026-06-04T12:58:47+08:00,packing_completed,packing_completed,WH-SYN-EAST,2,piece,synthetic_case_generator
WHE-SYN-A-0033-08,ORD-SYN-A-0033,2026-06-04T13:27:28+08:00,ready_to_ship,ready_to_ship,WH-SYN-EAST,2,piece,synthetic_case_generator
WHE-SYN-A-0033-09,ORD-SYN-A-0033,2026-06-04T13:37:23+08:00,shipped_from_warehouse,shipped_from_warehouse,WH-SYN-EAST,2,piece,synthetic_case_generator
WHE-SYN-A-0034-01,ORD-SYN-A-0034,2026-06-04T13:06:10+08:00,order_received,order_received,WH-SYN-WEST,1,piece,synthetic_case_generator
WHE-SYN-A-0034-02,ORD-SYN-A-0034,2026-06-04T13:49:35+08:00,picking_started,picking_started,WH-SYN-WEST,1,piece,synthetic_case_generator
WHE-SYN-A-0034-03,ORD-SYN-A-0034,2026-06-04T14:43:59+08:00,picking_completed,picking_completed,WH-SYN-WEST,1,piece,synthetic_case_generator
WHE-SYN-A-0034-04,ORD-SYN-A-0034,2026-06-04T15:12:46+08:00,quality_check_started,quality_check_started,WH-SYN-WEST,1,piece,synthetic_case_generator
WHE-SYN-A-0034-05,ORD-SYN-A-0034,2026-06-04T15:34:33+08:00,quality_check_completed,quality_check_completed,WH-SYN-WEST,1,piece,synthetic_case_generator
WHE-SYN-A-0034-06,ORD-SYN-A-0034,2026-06-04T15:45:03+08:00,packing_started,packing_started,WH-SYN-WEST,1,piece,synthetic_case_generator
WHE-SYN-A-0034-07,ORD-SYN-A-0034,2026-06-04T16:26:46+08:00,packing_completed,packing_completed,WH-SYN-WEST,1,piece,synthetic_case_generator
WHE-SYN-A-0034-08,ORD-SYN-A-0034,2026-06-04T16:52:27+08:00,ready_to_ship,ready_to_ship,WH-SYN-WEST,1,piece,synthetic_case_generator
WHE-SYN-A-0034-09,ORD-SYN-A-0034,2026-06-04T17:01:50+08:00,shipped_from_warehouse,shipped_from_warehouse,WH-SYN-WEST,1,piece,synthetic_case_generator
WHE-SYN-A-0035-01,ORD-SYN-A-0035,2026-06-04T15:34:46+08:00,order_received,order_received,WH-SYN-EAST,3,piece,synthetic_case_generator
WHE-SYN-A-0035-02,ORD-SYN-A-0035,2026-06-04T16:21:47+08:00,picking_started,picking_started,WH-SYN-EAST,3,piece,synthetic_case_generator
WHE-SYN-A-0035-03,ORD-SYN-A-0035,2026-06-04T17:17:36+08:00,picking_completed,picking_completed,WH-SYN-EAST,3,piece,synthetic_case_generator
WHE-SYN-A-0035-04,ORD-SYN-A-0035,2026-06-04T17:41:53+08:00,quality_check_started,quality_check_started,WH-SYN-EAST,3,piece,synthetic_case_generator
WHE-SYN-A-0035-05,ORD-SYN-A-0035,2026-06-04T18:13:22+08:00,quality_check_completed,quality_check_completed,WH-SYN-EAST,3,piece,synthetic_case_generator
WHE-SYN-A-0035-06,ORD-SYN-A-0035,2026-06-04T18:16:33+08:00,packing_started,packing_started,WH-SYN-EAST,3,piece,synthetic_case_generator
WHE-SYN-A-0035-07,ORD-SYN-A-0035,2026-06-04T18:50:01+08:00,packing_completed,packing_completed,WH-SYN-EAST,3,piece,synthetic_case_generator
WHE-SYN-A-0035-08,ORD-SYN-A-0035,2026-06-04T19:18:41+08:00,ready_to_ship,ready_to_ship,WH-SYN-EAST,3,piece,synthetic_case_generator
WHE-SYN-A-0035-09,ORD-SYN-A-0035,2026-06-04T19:30:37+08:00,shipped_from_warehouse,shipped_from_warehouse,WH-SYN-EAST,3,piece,synthetic_case_generator
WHE-SYN-A-0036-01,ORD-SYN-A-0036,2026-06-04T18:54:40+08:00,order_received,order_received,WH-SYN-EAST,4,piece,synthetic_case_generator
WHE-SYN-A-0036-02,ORD-SYN-A-0036,2026-06-04T19:34:21+08:00,picking_started,picking_started,WH-SYN-EAST,4,piece,synthetic_case_generator
WHE-SYN-A-0036-03,ORD-SYN-A-0036,2026-06-04T20:22:54+08:00,picking_completed,picking_completed,WH-SYN-EAST,4,piece,synthetic_case_generator
WHE-SYN-A-0036-04,ORD-SYN-A-0036,2026-06-04T20:44:00+08:00,quality_check_started,quality_check_started,WH-SYN-EAST,4,piece,synthetic_case_generator
WHE-SYN-A-0036-05,ORD-SYN-A-0036,2026-06-04T21:15:13+08:00,quality_check_completed,quality_check_completed,WH-SYN-EAST,4,piece,synthetic_case_generator
WHE-SYN-A-0036-06,ORD-SYN-A-0036,2026-06-04T21:18:15+08:00,packing_started,packing_started,WH-SYN-EAST,4,piece,synthetic_case_generator
WHE-SYN-A-0036-07,ORD-SYN-A-0036,2026-06-04T21:53:23+08:00,packing_completed,packing_completed,WH-SYN-EAST,4,piece,synthetic_case_generator
WHE-SYN-A-0036-08,ORD-SYN-A-0036,2026-06-04T22:11:52+08:00,ready_to_ship,ready_to_ship,WH-SYN-EAST,4,piece,synthetic_case_generator
WHE-SYN-A-0036-09,ORD-SYN-A-0036,2026-06-04T22:18:15+08:00,shipped_from_warehouse,shipped_from_warehouse,WH-SYN-EAST,4,piece,synthetic_case_generator
WHE-SYN-A-0037-01,ORD-SYN-A-0037,2026-06-04T10:20:06+08:00,order_received,order_received,WH-SYN-EAST,1,piece,synthetic_case_generator
WHE-SYN-A-0037-02,ORD-SYN-A-0037,2026-06-04T11:10:01+08:00,picking_started,picking_started,WH-SYN-EAST,1,piece,synthetic_case_generator
WHE-SYN-A-0037-03,ORD-SYN-A-0037,2026-06-04T11:54:07+08:00,picking_completed,picking_completed,WH-SYN-EAST,1,piece,synthetic_case_generator
WHE-SYN-A-0037-04,ORD-SYN-A-0037,2026-06-04T12:26:25+08:00,quality_check_started,quality_check_started,WH-SYN-EAST,1,piece,synthetic_case_generator
WHE-SYN-A-0037-05,ORD-SYN-A-0037,2026-06-04T12:51:33+08:00,quality_check_completed,quality_check_completed,WH-SYN-EAST,1,piece,synthetic_case_generator
WHE-SYN-A-0037-06,ORD-SYN-A-0037,2026-06-04T12:54:49+08:00,packing_started,packing_started,WH-SYN-EAST,1,piece,synthetic_case_generator
WHE-SYN-A-0037-07,ORD-SYN-A-0037,2026-06-04T13:24:57+08:00,packing_completed,packing_completed,WH-SYN-EAST,1,piece,synthetic_case_generator
WHE-SYN-A-0037-08,ORD-SYN-A-0037,2026-06-04T13:45:06+08:00,ready_to_ship,ready_to_ship,WH-SYN-EAST,1,piece,synthetic_case_generator
WHE-SYN-A-0037-09,ORD-SYN-A-0037,2026-06-04T13:53:29+08:00,shipped_from_warehouse,shipped_from_warehouse,WH-SYN-EAST,1,piece,synthetic_case_generator
WHE-SYN-A-0038-01,ORD-SYN-A-0038,2026-06-04T13:33:08+08:00,order_received,order_received,WH-SYN-WEST,5,piece,synthetic_case_generator
WHE-SYN-A-0038-02,ORD-SYN-A-0038,2026-06-04T14:12:17+08:00,picking_started,picking_started,WH-SYN-WEST,5,piece,synthetic_case_generator
WHE-SYN-A-0038-03,ORD-SYN-A-0038,2026-06-04T15:08:52+08:00,picking_completed,picking_completed,WH-SYN-WEST,5,piece,synthetic_case_generator
WHE-SYN-A-0038-04,ORD-SYN-A-0038,2026-06-04T15:31:57+08:00,quality_check_started,quality_check_started,WH-SYN-WEST,5,piece,synthetic_case_generator
WHE-SYN-A-0038-05,ORD-SYN-A-0038,2026-06-04T15:53:17+08:00,quality_check_completed,quality_check_completed,WH-SYN-WEST,5,piece,synthetic_case_generator
WHE-SYN-A-0038-06,ORD-SYN-A-0038,2026-06-04T15:57:06+08:00,packing_started,packing_started,WH-SYN-WEST,5,piece,synthetic_case_generator
WHE-SYN-A-0038-07,ORD-SYN-A-0038,2026-06-04T16:37:58+08:00,packing_completed,packing_completed,WH-SYN-WEST,5,piece,synthetic_case_generator
WHE-SYN-A-0038-08,ORD-SYN-A-0038,2026-06-04T16:55:11+08:00,ready_to_ship,ready_to_ship,WH-SYN-WEST,5,piece,synthetic_case_generator
WHE-SYN-A-0038-09,ORD-SYN-A-0038,2026-06-04T17:06:47+08:00,shipped_from_warehouse,shipped_from_warehouse,WH-SYN-WEST,5,piece,synthetic_case_generator
WHE-SYN-A-0039-01,ORD-SYN-A-0039,2026-06-04T16:56:45+08:00,order_received,order_received,WH-SYN-WEST,2,piece,synthetic_case_generator
WHE-SYN-A-0039-02,ORD-SYN-A-0039,2026-06-04T17:32:05+08:00,picking_started,picking_started,WH-SYN-WEST,2,piece,synthetic_case_generator
WHE-SYN-A-0039-03,ORD-SYN-A-0039,2026-06-04T18:15:11+08:00,picking_completed,picking_completed,WH-SYN-WEST,2,piece,synthetic_case_generator
WHE-SYN-A-0039-04,ORD-SYN-A-0039,2026-06-04T18:45:05+08:00,quality_check_started,quality_check_started,WH-SYN-WEST,2,piece,synthetic_case_generator
WHE-SYN-A-0039-05,ORD-SYN-A-0039,2026-06-04T19:14:41+08:00,quality_check_completed,quality_check_completed,WH-SYN-WEST,2,piece,synthetic_case_generator
WHE-SYN-A-0039-06,ORD-SYN-A-0039,2026-06-04T19:17:58+08:00,packing_started,packing_started,WH-SYN-WEST,2,piece,synthetic_case_generator
WHE-SYN-A-0039-07,ORD-SYN-A-0039,2026-06-04T19:53:36+08:00,packing_completed,packing_completed,WH-SYN-WEST,2,piece,synthetic_case_generator
WHE-SYN-A-0039-08,ORD-SYN-A-0039,2026-06-04T20:09:27+08:00,ready_to_ship,ready_to_ship,WH-SYN-WEST,2,piece,synthetic_case_generator
WHE-SYN-A-0039-09,ORD-SYN-A-0039,2026-06-04T20:14:01+08:00,shipped_from_warehouse,shipped_from_warehouse,WH-SYN-WEST,2,piece,synthetic_case_generator
WHE-SYN-A-0040-01,ORD-SYN-A-0040,2026-06-04T19:33:51+08:00,order_received,order_received,WH-SYN-EAST,3,piece,synthetic_case_generator
WHE-SYN-A-0040-02,ORD-SYN-A-0040,2026-06-04T20:04:17+08:00,picking_started,picking_started,WH-SYN-EAST,3,piece,synthetic_case_generator
WHE-SYN-A-0040-03,ORD-SYN-A-0040,2026-06-04T20:49:08+08:00,picking_completed,picking_completed,WH-SYN-EAST,3,piece,synthetic_case_generator
WHE-SYN-A-0040-04,ORD-SYN-A-0040,2026-06-04T21:11:40+08:00,quality_check_started,quality_check_started,WH-SYN-EAST,3,piece,synthetic_case_generator
WHE-SYN-A-0040-05,ORD-SYN-A-0040,2026-06-04T21:35:52+08:00,quality_check_completed,quality_check_completed,WH-SYN-EAST,3,piece,synthetic_case_generator
WHE-SYN-A-0040-06,ORD-SYN-A-0040,2026-06-04T21:44:11+08:00,packing_started,packing_started,WH-SYN-EAST,3,piece,synthetic_case_generator
WHE-SYN-A-0040-07,ORD-SYN-A-0040,2026-06-04T22:28:04+08:00,packing_completed,packing_completed,WH-SYN-EAST,3,piece,synthetic_case_generator
WHE-SYN-A-0040-08,ORD-SYN-A-0040,2026-06-04T22:45:35+08:00,ready_to_ship,ready_to_ship,WH-SYN-EAST,3,piece,synthetic_case_generator
WHE-SYN-A-0040-09,ORD-SYN-A-0040,2026-06-04T22:49:50+08:00,shipped_from_warehouse,shipped_from_warehouse,WH-SYN-EAST,3,piece,synthetic_case_generator
WHE-SYN-A-0041-01,ORD-SYN-A-0041,2026-06-05T11:55:43+08:00,order_received,order_received,WH-SYN-EAST,2,piece,synthetic_case_generator
WHE-SYN-A-0041-02,ORD-SYN-A-0041,2026-06-05T12:32:45+08:00,picking_started,picking_started,WH-SYN-EAST,2,piece,synthetic_case_generator
WHE-SYN-A-0041-03,ORD-SYN-A-0041,2026-06-05T13:16:26+08:00,picking_completed,picking_completed,WH-SYN-EAST,2,piece,synthetic_case_generator
WHE-SYN-A-0041-04,ORD-SYN-A-0041,2026-06-05T13:38:06+08:00,quality_check_started,quality_check_started,WH-SYN-EAST,2,piece,synthetic_case_generator
WHE-SYN-A-0041-05,ORD-SYN-A-0041,2026-06-05T14:09:30+08:00,quality_check_completed,quality_check_completed,WH-SYN-EAST,2,piece,synthetic_case_generator
WHE-SYN-A-0041-06,ORD-SYN-A-0041,2026-06-05T14:16:04+08:00,packing_started,packing_started,WH-SYN-EAST,2,piece,synthetic_case_generator
WHE-SYN-A-0041-07,ORD-SYN-A-0041,2026-06-05T15:00:55+08:00,packing_completed,packing_completed,WH-SYN-EAST,2,piece,synthetic_case_generator
WHE-SYN-A-0041-08,ORD-SYN-A-0041,2026-06-05T15:25:43+08:00,ready_to_ship,ready_to_ship,WH-SYN-EAST,2,piece,synthetic_case_generator
WHE-SYN-A-0041-09,ORD-SYN-A-0041,2026-06-05T15:35:43+08:00,shipped_from_warehouse,shipped_from_warehouse,WH-SYN-EAST,2,piece,synthetic_case_generator
WHE-SYN-A-0042-01,ORD-SYN-A-0042,2026-06-05T14:29:23+08:00,order_received,order_received,WH-SYN-EAST,5,piece,synthetic_case_generator
WHE-SYN-A-0042-02,ORD-SYN-A-0042,2026-06-05T15:12:55+08:00,picking_started,picking_started,WH-SYN-EAST,5,piece,synthetic_case_generator
WHE-SYN-A-0042-03,ORD-SYN-A-0042,2026-06-05T15:59:00+08:00,picking_completed,picking_completed,WH-SYN-EAST,5,piece,synthetic_case_generator
WHE-SYN-A-0042-04,ORD-SYN-A-0042,2026-06-05T16:29:04+08:00,quality_check_started,quality_check_started,WH-SYN-EAST,5,piece,synthetic_case_generator
WHE-SYN-A-0042-05,ORD-SYN-A-0042,2026-06-05T16:58:58+08:00,quality_check_completed,quality_check_completed,WH-SYN-EAST,5,piece,synthetic_case_generator
WHE-SYN-A-0042-06,ORD-SYN-A-0042,2026-06-05T17:10:02+08:00,packing_started,packing_started,WH-SYN-EAST,5,piece,synthetic_case_generator
WHE-SYN-A-0042-07,ORD-SYN-A-0042,2026-06-05T17:41:44+08:00,packing_completed,packing_completed,WH-SYN-EAST,5,piece,synthetic_case_generator
WHE-SYN-A-0042-08,ORD-SYN-A-0042,2026-06-05T17:51:02+08:00,ready_to_ship,ready_to_ship,WH-SYN-EAST,5,piece,synthetic_case_generator
WHE-SYN-A-0042-09,ORD-SYN-A-0042,2026-06-05T18:00:44+08:00,shipped_from_warehouse,shipped_from_warehouse,WH-SYN-EAST,5,piece,synthetic_case_generator
WHE-SYN-A-0043-01,ORD-SYN-A-0043,2026-06-05T17:53:41+08:00,order_received,order_received,WH-SYN-WEST,3,piece,synthetic_case_generator
WHE-SYN-A-0043-02,ORD-SYN-A-0043,2026-06-05T18:25:17+08:00,picking_started,picking_started,WH-SYN-WEST,3,piece,synthetic_case_generator
WHE-SYN-A-0043-03,ORD-SYN-A-0043,2026-06-05T19:08:31+08:00,picking_completed,picking_completed,WH-SYN-WEST,3,piece,synthetic_case_generator
WHE-SYN-A-0043-04,ORD-SYN-A-0043,2026-06-05T19:41:08+08:00,quality_check_started,quality_check_started,WH-SYN-WEST,3,piece,synthetic_case_generator
WHE-SYN-A-0043-05,ORD-SYN-A-0043,2026-06-05T20:13:08+08:00,quality_check_completed,quality_check_completed,WH-SYN-WEST,3,piece,synthetic_case_generator
WHE-SYN-A-0043-06,ORD-SYN-A-0043,2026-06-05T20:24:51+08:00,packing_started,packing_started,WH-SYN-WEST,3,piece,synthetic_case_generator
WHE-SYN-A-0043-07,ORD-SYN-A-0043,2026-06-05T21:01:26+08:00,packing_completed,packing_completed,WH-SYN-WEST,3,piece,synthetic_case_generator
WHE-SYN-A-0043-08,ORD-SYN-A-0043,2026-06-05T21:21:50+08:00,ready_to_ship,ready_to_ship,WH-SYN-WEST,3,piece,synthetic_case_generator
WHE-SYN-A-0043-09,ORD-SYN-A-0043,2026-06-05T21:32:56+08:00,shipped_from_warehouse,shipped_from_warehouse,WH-SYN-WEST,3,piece,synthetic_case_generator
WHE-SYN-A-0044-01,ORD-SYN-A-0044,2026-06-05T10:21:38+08:00,order_received,order_received,WH-SYN-WEST,4,piece,synthetic_case_generator
WHE-SYN-A-0044-02,ORD-SYN-A-0044,2026-06-05T10:54:24+08:00,picking_started,picking_started,WH-SYN-WEST,4,piece,synthetic_case_generator
WHE-SYN-A-0044-03,ORD-SYN-A-0044,2026-06-05T11:46:09+08:00,picking_completed,picking_completed,WH-SYN-WEST,4,piece,synthetic_case_generator
WHE-SYN-A-0044-04,ORD-SYN-A-0044,2026-06-05T12:18:13+08:00,quality_check_started,quality_check_started,WH-SYN-WEST,4,piece,synthetic_case_generator
WHE-SYN-A-0044-05,ORD-SYN-A-0044,2026-06-05T12:39:56+08:00,quality_check_completed,quality_check_completed,WH-SYN-WEST,4,piece,synthetic_case_generator
WHE-SYN-A-0044-06,ORD-SYN-A-0044,2026-06-05T12:50:11+08:00,packing_started,packing_started,WH-SYN-WEST,4,piece,synthetic_case_generator
WHE-SYN-A-0044-07,ORD-SYN-A-0044,2026-06-05T13:25:37+08:00,packing_completed,packing_completed,WH-SYN-WEST,4,piece,synthetic_case_generator
WHE-SYN-A-0044-08,ORD-SYN-A-0044,2026-06-05T13:48:53+08:00,ready_to_ship,ready_to_ship,WH-SYN-WEST,4,piece,synthetic_case_generator
WHE-SYN-A-0044-09,ORD-SYN-A-0044,2026-06-05T13:55:08+08:00,shipped_from_warehouse,shipped_from_warehouse,WH-SYN-WEST,4,piece,synthetic_case_generator
WHE-SYN-A-0045-01,ORD-SYN-A-0045,2026-06-05T12:39:44+08:00,order_received,order_received,WH-SYN-EAST,3,piece,synthetic_case_generator
WHE-SYN-A-0045-02,ORD-SYN-A-0045,2026-06-05T13:19:51+08:00,picking_started,picking_started,WH-SYN-EAST,3,piece,synthetic_case_generator
WHE-SYN-A-0045-03,ORD-SYN-A-0045,2026-06-05T14:02:08+08:00,picking_completed,picking_completed,WH-SYN-EAST,3,piece,synthetic_case_generator
WHE-SYN-A-0045-04,ORD-SYN-A-0045,2026-06-05T14:23:27+08:00,quality_check_started,quality_check_started,WH-SYN-EAST,3,piece,synthetic_case_generator
WHE-SYN-A-0045-05,ORD-SYN-A-0045,2026-06-05T14:49:08+08:00,quality_check_completed,quality_check_completed,WH-SYN-EAST,3,piece,synthetic_case_generator
WHE-SYN-A-0045-06,ORD-SYN-A-0045,2026-06-05T14:57:48+08:00,packing_started,packing_started,WH-SYN-EAST,3,piece,synthetic_case_generator
WHE-SYN-A-0045-07,ORD-SYN-A-0045,2026-06-05T15:28:22+08:00,packing_completed,packing_completed,WH-SYN-EAST,3,piece,synthetic_case_generator
WHE-SYN-A-0045-08,ORD-SYN-A-0045,2026-06-05T15:53:21+08:00,ready_to_ship,ready_to_ship,WH-SYN-EAST,3,piece,synthetic_case_generator
WHE-SYN-A-0045-09,ORD-SYN-A-0045,2026-06-05T16:04:48+08:00,shipped_from_warehouse,shipped_from_warehouse,WH-SYN-EAST,3,piece,synthetic_case_generator
WHE-SYN-A-0046-01,ORD-SYN-A-0046,2026-06-05T15:58:34+08:00,order_received,order_received,WH-SYN-EAST,4,piece,synthetic_case_generator
WHE-SYN-A-0046-02,ORD-SYN-A-0046,2026-06-05T16:44:12+08:00,picking_started,picking_started,WH-SYN-EAST,4,piece,synthetic_case_generator
WHE-SYN-A-0046-03,ORD-SYN-A-0046,2026-06-05T17:27:42+08:00,picking_completed,picking_completed,WH-SYN-EAST,4,piece,synthetic_case_generator
WHE-SYN-A-0046-04,ORD-SYN-A-0046,2026-06-05T17:56:20+08:00,quality_check_started,quality_check_started,WH-SYN-EAST,4,piece,synthetic_case_generator
WHE-SYN-A-0046-05,ORD-SYN-A-0046,2026-06-05T18:23:34+08:00,quality_check_completed,quality_check_completed,WH-SYN-EAST,4,piece,synthetic_case_generator
WHE-SYN-A-0046-06,ORD-SYN-A-0046,2026-06-05T18:30:45+08:00,packing_started,packing_started,WH-SYN-EAST,4,piece,synthetic_case_generator
WHE-SYN-A-0046-07,ORD-SYN-A-0046,2026-06-05T19:05:23+08:00,packing_completed,packing_completed,WH-SYN-EAST,4,piece,synthetic_case_generator
WHE-SYN-A-0046-08,ORD-SYN-A-0046,2026-06-05T19:16:43+08:00,ready_to_ship,ready_to_ship,WH-SYN-EAST,4,piece,synthetic_case_generator
WHE-SYN-A-0046-09,ORD-SYN-A-0046,2026-06-05T19:25:36+08:00,shipped_from_warehouse,shipped_from_warehouse,WH-SYN-EAST,4,piece,synthetic_case_generator
WHE-SYN-A-0047-01,ORD-SYN-A-0047,2026-06-05T18:32:03+08:00,order_received,order_received,WH-SYN-WEST,5,piece,synthetic_case_generator
WHE-SYN-A-0047-02,ORD-SYN-A-0047,2026-06-05T19:11:13+08:00,picking_started,picking_started,WH-SYN-WEST,5,piece,synthetic_case_generator
WHE-SYN-A-0047-03,ORD-SYN-A-0047,2026-06-05T19:56:14+08:00,picking_completed,picking_completed,WH-SYN-WEST,5,piece,synthetic_case_generator
WHE-SYN-A-0047-04,ORD-SYN-A-0047,2026-06-05T20:23:06+08:00,quality_check_started,quality_check_started,WH-SYN-WEST,5,piece,synthetic_case_generator
WHE-SYN-A-0047-05,ORD-SYN-A-0047,2026-06-05T20:49:34+08:00,quality_check_completed,quality_check_completed,WH-SYN-WEST,5,piece,synthetic_case_generator
WHE-SYN-A-0047-06,ORD-SYN-A-0047,2026-06-05T21:01:11+08:00,packing_started,packing_started,WH-SYN-WEST,5,piece,synthetic_case_generator
WHE-SYN-A-0047-07,ORD-SYN-A-0047,2026-06-05T21:36:07+08:00,packing_completed,packing_completed,WH-SYN-WEST,5,piece,synthetic_case_generator
WHE-SYN-A-0047-08,ORD-SYN-A-0047,2026-06-05T22:03:09+08:00,ready_to_ship,ready_to_ship,WH-SYN-WEST,5,piece,synthetic_case_generator
WHE-SYN-A-0047-09,ORD-SYN-A-0047,2026-06-05T22:14:42+08:00,shipped_from_warehouse,shipped_from_warehouse,WH-SYN-WEST,5,piece,synthetic_case_generator
WHE-SYN-A-0048-01,ORD-SYN-A-0048,2026-06-05T10:50:41+08:00,order_received,order_received,WH-SYN-EAST,3,piece,synthetic_case_generator
WHE-SYN-A-0048-02,ORD-SYN-A-0048,2026-06-05T11:22:33+08:00,picking_started,picking_started,WH-SYN-EAST,3,piece,synthetic_case_generator
WHE-SYN-A-0048-03,ORD-SYN-A-0048,2026-06-05T12:16:16+08:00,picking_completed,picking_completed,WH-SYN-EAST,3,piece,synthetic_case_generator
WHE-SYN-A-0048-04,ORD-SYN-A-0048,2026-06-05T12:37:37+08:00,quality_check_started,quality_check_started,WH-SYN-EAST,3,piece,synthetic_case_generator
WHE-SYN-A-0048-05,ORD-SYN-A-0048,2026-06-05T13:09:42+08:00,quality_check_completed,quality_check_completed,WH-SYN-EAST,3,piece,synthetic_case_generator
WHE-SYN-A-0048-06,ORD-SYN-A-0048,2026-06-05T13:15:18+08:00,packing_started,packing_started,WH-SYN-EAST,3,piece,synthetic_case_generator
WHE-SYN-A-0048-07,ORD-SYN-A-0048,2026-06-05T13:46:32+08:00,packing_completed,packing_completed,WH-SYN-EAST,3,piece,synthetic_case_generator
WHE-SYN-A-0048-08,ORD-SYN-A-0048,2026-06-05T14:11:30+08:00,ready_to_ship,ready_to_ship,WH-SYN-EAST,3,piece,synthetic_case_generator
WHE-SYN-A-0048-09,ORD-SYN-A-0048,2026-06-05T14:20:19+08:00,shipped_from_warehouse,shipped_from_warehouse,WH-SYN-EAST,3,piece,synthetic_case_generator
WHE-SYN-A-0049-01,ORD-SYN-A-0049,2026-06-05T14:14:46+08:00,order_received,order_received,WH-SYN-EAST,4,piece,synthetic_case_generator
WHE-SYN-A-0049-02,ORD-SYN-A-0049,2026-06-05T14:57:46+08:00,picking_started,picking_started,WH-SYN-EAST,4,piece,synthetic_case_generator
WHE-SYN-A-0049-03,ORD-SYN-A-0049,2026-06-05T15:39:48+08:00,picking_completed,picking_completed,WH-SYN-EAST,4,piece,synthetic_case_generator
WHE-SYN-A-0049-04,ORD-SYN-A-0049,2026-06-05T16:11:41+08:00,quality_check_started,quality_check_started,WH-SYN-EAST,4,piece,synthetic_case_generator
WHE-SYN-A-0049-05,ORD-SYN-A-0049,2026-06-05T16:42:33+08:00,quality_check_completed,quality_check_completed,WH-SYN-EAST,4,piece,synthetic_case_generator
WHE-SYN-A-0049-06,ORD-SYN-A-0049,2026-06-05T16:47:34+08:00,packing_started,packing_started,WH-SYN-EAST,4,piece,synthetic_case_generator
WHE-SYN-A-0049-07,ORD-SYN-A-0049,2026-06-05T17:30:38+08:00,packing_completed,packing_completed,WH-SYN-EAST,4,piece,synthetic_case_generator
WHE-SYN-A-0049-08,ORD-SYN-A-0049,2026-06-05T17:59:13+08:00,ready_to_ship,ready_to_ship,WH-SYN-EAST,4,piece,synthetic_case_generator
WHE-SYN-A-0049-09,ORD-SYN-A-0049,2026-06-05T18:05:08+08:00,shipped_from_warehouse,shipped_from_warehouse,WH-SYN-EAST,4,piece,synthetic_case_generator
WHE-SYN-A-0050-01,ORD-SYN-A-0050,2026-06-05T16:45:13+08:00,order_received,order_received,WH-SYN-WEST,3,piece,synthetic_case_generator
WHE-SYN-A-0050-02,ORD-SYN-A-0050,2026-06-05T17:27:33+08:00,picking_started,picking_started,WH-SYN-WEST,3,piece,synthetic_case_generator
WHE-SYN-A-0050-03,ORD-SYN-A-0050,2026-06-05T18:18:03+08:00,picking_completed,picking_completed,WH-SYN-WEST,3,piece,synthetic_case_generator
WHE-SYN-A-0050-04,ORD-SYN-A-0050,2026-06-05T18:41:34+08:00,quality_check_started,quality_check_started,WH-SYN-WEST,3,piece,synthetic_case_generator
WHE-SYN-A-0050-05,ORD-SYN-A-0050,2026-06-05T19:09:17+08:00,quality_check_completed,quality_check_completed,WH-SYN-WEST,3,piece,synthetic_case_generator
WHE-SYN-A-0050-06,ORD-SYN-A-0050,2026-06-05T19:15:47+08:00,packing_started,packing_started,WH-SYN-WEST,3,piece,synthetic_case_generator
WHE-SYN-A-0050-07,ORD-SYN-A-0050,2026-06-05T19:47:07+08:00,packing_completed,packing_completed,WH-SYN-WEST,3,piece,synthetic_case_generator
WHE-SYN-A-0050-08,ORD-SYN-A-0050,2026-06-05T20:02:17+08:00,ready_to_ship,ready_to_ship,WH-SYN-WEST,3,piece,synthetic_case_generator
WHE-SYN-A-0050-09,ORD-SYN-A-0050,2026-06-05T20:10:57+08:00,shipped_from_warehouse,shipped_from_warehouse,WH-SYN-WEST,3,piece,synthetic_case_generator
WHE-SYN-A-0051-01,ORD-SYN-A-0051,2026-06-06T20:08:48+08:00,order_received,order_received,WH-SYN-EAST,5,piece,synthetic_case_generator
WHE-SYN-A-0051-02,ORD-SYN-A-0051,2026-06-06T20:59:29+08:00,picking_started,picking_started,WH-SYN-EAST,5,piece,synthetic_case_generator
WHE-SYN-A-0051-03,ORD-SYN-A-0051,2026-06-06T21:46:56+08:00,picking_completed,picking_completed,WH-SYN-EAST,5,piece,synthetic_case_generator
WHE-SYN-A-0051-04,ORD-SYN-A-0051,2026-06-06T22:09:57+08:00,quality_check_started,quality_check_started,WH-SYN-EAST,5,piece,synthetic_case_generator
WHE-SYN-A-0051-05,ORD-SYN-A-0051,2026-06-06T22:40:11+08:00,quality_check_completed,quality_check_completed,WH-SYN-EAST,5,piece,synthetic_case_generator
WHE-SYN-A-0051-06,ORD-SYN-A-0051,2026-06-06T22:44:07+08:00,packing_started,packing_started,WH-SYN-EAST,5,piece,synthetic_case_generator
WHE-SYN-A-0051-07,ORD-SYN-A-0051,2026-06-06T23:16:31+08:00,packing_completed,packing_completed,WH-SYN-EAST,5,piece,synthetic_case_generator
WHE-SYN-A-0051-08,ORD-SYN-A-0051,2026-06-06T23:42:50+08:00,ready_to_ship,ready_to_ship,WH-SYN-EAST,5,piece,synthetic_case_generator
WHE-SYN-A-0051-09,ORD-SYN-A-0051,2026-06-06T23:52:48+08:00,shipped_from_warehouse,shipped_from_warehouse,WH-SYN-EAST,5,piece,synthetic_case_generator
WHE-SYN-A-0052-01,ORD-SYN-A-0052,2026-06-06T11:44:17+08:00,order_received,order_received,WH-SYN-WEST,2,piece,synthetic_case_generator
WHE-SYN-A-0052-02,ORD-SYN-A-0052,2026-06-06T12:27:14+08:00,picking_started,picking_started,WH-SYN-WEST,2,piece,synthetic_case_generator
WHE-SYN-A-0052-03,ORD-SYN-A-0052,2026-06-06T13:15:42+08:00,picking_completed,picking_completed,WH-SYN-WEST,2,piece,synthetic_case_generator
WHE-SYN-A-0052-04,ORD-SYN-A-0052,2026-06-06T13:46:20+08:00,quality_check_started,quality_check_started,WH-SYN-WEST,2,piece,synthetic_case_generator
WHE-SYN-A-0052-05,ORD-SYN-A-0052,2026-06-06T14:10:26+08:00,quality_check_completed,quality_check_completed,WH-SYN-WEST,2,piece,synthetic_case_generator
WHE-SYN-A-0052-06,ORD-SYN-A-0052,2026-06-06T14:20:42+08:00,packing_started,packing_started,WH-SYN-WEST,2,piece,synthetic_case_generator
WHE-SYN-A-0052-07,ORD-SYN-A-0052,2026-06-06T15:02:53+08:00,packing_completed,packing_completed,WH-SYN-WEST,2,piece,synthetic_case_generator
WHE-SYN-A-0052-08,ORD-SYN-A-0052,2026-06-06T15:30:24+08:00,ready_to_ship,ready_to_ship,WH-SYN-WEST,2,piece,synthetic_case_generator
WHE-SYN-A-0052-09,ORD-SYN-A-0052,2026-06-06T15:39:08+08:00,shipped_from_warehouse,shipped_from_warehouse,WH-SYN-WEST,2,piece,synthetic_case_generator
WHE-SYN-A-0053-01,ORD-SYN-A-0053,2026-06-06T15:08:23+08:00,order_received,order_received,WH-SYN-EAST,4,piece,synthetic_case_generator
WHE-SYN-A-0053-02,ORD-SYN-A-0053,2026-06-06T15:39:15+08:00,picking_started,picking_started,WH-SYN-EAST,4,piece,synthetic_case_generator
WHE-SYN-A-0053-03,ORD-SYN-A-0053,2026-06-06T16:32:41+08:00,picking_completed,picking_completed,WH-SYN-EAST,4,piece,synthetic_case_generator
WHE-SYN-A-0053-04,ORD-SYN-A-0053,2026-06-06T17:03:14+08:00,quality_check_started,quality_check_started,WH-SYN-EAST,4,piece,synthetic_case_generator
WHE-SYN-A-0053-05,ORD-SYN-A-0053,2026-06-06T17:24:24+08:00,quality_check_completed,quality_check_completed,WH-SYN-EAST,4,piece,synthetic_case_generator
WHE-SYN-A-0053-06,ORD-SYN-A-0053,2026-06-06T17:35:29+08:00,packing_started,packing_started,WH-SYN-EAST,4,piece,synthetic_case_generator
WHE-SYN-A-0053-07,ORD-SYN-A-0053,2026-06-06T18:08:36+08:00,packing_completed,packing_completed,WH-SYN-EAST,4,piece,synthetic_case_generator
WHE-SYN-A-0053-08,ORD-SYN-A-0053,2026-06-06T18:32:12+08:00,ready_to_ship,ready_to_ship,WH-SYN-EAST,4,piece,synthetic_case_generator
WHE-SYN-A-0053-09,ORD-SYN-A-0053,2026-06-06T18:37:46+08:00,shipped_from_warehouse,shipped_from_warehouse,WH-SYN-EAST,4,piece,synthetic_case_generator
WHE-SYN-A-0054-01,ORD-SYN-A-0054,2026-06-06T17:25:01+08:00,order_received,order_received,WH-SYN-WEST,3,piece,synthetic_case_generator
WHE-SYN-A-0054-02,ORD-SYN-A-0054,2026-06-06T18:04:14+08:00,picking_started,picking_started,WH-SYN-WEST,3,piece,synthetic_case_generator
WHE-SYN-A-0054-03,ORD-SYN-A-0054,2026-06-06T18:52:53+08:00,picking_completed,picking_completed,WH-SYN-WEST,3,piece,synthetic_case_generator
WHE-SYN-A-0054-04,ORD-SYN-A-0054,2026-06-06T19:25:09+08:00,quality_check_started,quality_check_started,WH-SYN-WEST,3,piece,synthetic_case_generator
WHE-SYN-A-0054-05,ORD-SYN-A-0054,2026-06-06T19:56:58+08:00,quality_check_completed,quality_check_completed,WH-SYN-WEST,3,piece,synthetic_case_generator
WHE-SYN-A-0054-06,ORD-SYN-A-0054,2026-06-06T20:06:18+08:00,packing_started,packing_started,WH-SYN-WEST,3,piece,synthetic_case_generator
WHE-SYN-A-0054-07,ORD-SYN-A-0054,2026-06-06T20:47:58+08:00,packing_completed,packing_completed,WH-SYN-WEST,3,piece,synthetic_case_generator
WHE-SYN-A-0054-08,ORD-SYN-A-0054,2026-06-06T21:06:21+08:00,ready_to_ship,ready_to_ship,WH-SYN-WEST,3,piece,synthetic_case_generator
WHE-SYN-A-0054-09,ORD-SYN-A-0054,2026-06-06T21:14:19+08:00,shipped_from_warehouse,shipped_from_warehouse,WH-SYN-WEST,3,piece,synthetic_case_generator
WHE-SYN-A-0055-01,ORD-SYN-A-0055,2026-06-06T09:48:06+08:00,order_received,order_received,WH-SYN-EAST,3,piece,synthetic_case_generator
WHE-SYN-A-0055-02,ORD-SYN-A-0055,2026-06-06T10:37:47+08:00,picking_started,picking_started,WH-SYN-EAST,3,piece,synthetic_case_generator
WHE-SYN-A-0055-03,ORD-SYN-A-0055,2026-06-06T11:22:43+08:00,picking_completed,picking_completed,WH-SYN-EAST,3,piece,synthetic_case_generator
WHE-SYN-A-0055-04,ORD-SYN-A-0055,2026-06-06T11:54:22+08:00,quality_check_started,quality_check_started,WH-SYN-EAST,3,piece,synthetic_case_generator
WHE-SYN-A-0055-05,ORD-SYN-A-0055,2026-06-06T12:20:38+08:00,quality_check_completed,quality_check_completed,WH-SYN-EAST,3,piece,synthetic_case_generator
WHE-SYN-A-0055-06,ORD-SYN-A-0055,2026-06-06T12:28:27+08:00,packing_started,packing_started,WH-SYN-EAST,3,piece,synthetic_case_generator
WHE-SYN-A-0055-07,ORD-SYN-A-0055,2026-06-06T13:07:07+08:00,packing_completed,packing_completed,WH-SYN-EAST,3,piece,synthetic_case_generator
WHE-SYN-A-0055-08,ORD-SYN-A-0055,2026-06-06T13:34:25+08:00,ready_to_ship,ready_to_ship,WH-SYN-EAST,3,piece,synthetic_case_generator
WHE-SYN-A-0055-09,ORD-SYN-A-0055,2026-06-06T13:45:38+08:00,shipped_from_warehouse,shipped_from_warehouse,WH-SYN-EAST,3,piece,synthetic_case_generator
WHE-SYN-A-0056-01,ORD-SYN-A-0056,2026-06-06T13:13:42+08:00,order_received,order_received,WH-SYN-WEST,2,piece,synthetic_case_generator
WHE-SYN-A-0056-02,ORD-SYN-A-0056,2026-06-06T13:58:51+08:00,picking_started,picking_started,WH-SYN-WEST,2,piece,synthetic_case_generator
WHE-SYN-A-0056-03,ORD-SYN-A-0056,2026-06-06T14:51:25+08:00,picking_completed,picking_completed,WH-SYN-WEST,2,piece,synthetic_case_generator
WHE-SYN-A-0056-04,ORD-SYN-A-0056,2026-06-06T15:18:15+08:00,quality_check_started,quality_check_started,WH-SYN-WEST,2,piece,synthetic_case_generator
WHE-SYN-A-0056-05,ORD-SYN-A-0056,2026-06-06T15:49:03+08:00,quality_check_completed,quality_check_completed,WH-SYN-WEST,2,piece,synthetic_case_generator
WHE-SYN-A-0056-06,ORD-SYN-A-0056,2026-06-06T15:56:55+08:00,packing_started,packing_started,WH-SYN-WEST,2,piece,synthetic_case_generator
WHE-SYN-A-0056-07,ORD-SYN-A-0056,2026-06-06T16:37:34+08:00,packing_completed,packing_completed,WH-SYN-WEST,2,piece,synthetic_case_generator
WHE-SYN-A-0056-08,ORD-SYN-A-0056,2026-06-06T16:56:51+08:00,ready_to_ship,ready_to_ship,WH-SYN-WEST,2,piece,synthetic_case_generator
WHE-SYN-A-0056-09,ORD-SYN-A-0056,2026-06-06T17:04:15+08:00,shipped_from_warehouse,shipped_from_warehouse,WH-SYN-WEST,2,piece,synthetic_case_generator
WHE-SYN-A-0057-01,ORD-SYN-A-0057,2026-06-06T15:44:01+08:00,order_received,order_received,WH-SYN-EAST,2,piece,synthetic_case_generator
WHE-SYN-A-0057-02,ORD-SYN-A-0057,2026-06-06T16:27:24+08:00,picking_started,picking_started,WH-SYN-EAST,2,piece,synthetic_case_generator
WHE-SYN-A-0057-03,ORD-SYN-A-0057,2026-06-06T17:20:41+08:00,picking_completed,picking_completed,WH-SYN-EAST,2,piece,synthetic_case_generator
WHE-SYN-A-0057-04,ORD-SYN-A-0057,2026-06-06T17:43:42+08:00,quality_check_started,quality_check_started,WH-SYN-EAST,2,piece,synthetic_case_generator
WHE-SYN-A-0057-05,ORD-SYN-A-0057,2026-06-06T18:09:54+08:00,quality_check_completed,quality_check_completed,WH-SYN-EAST,2,piece,synthetic_case_generator
WHE-SYN-A-0057-06,ORD-SYN-A-0057,2026-06-06T18:19:11+08:00,packing_started,packing_started,WH-SYN-EAST,2,piece,synthetic_case_generator
WHE-SYN-A-0057-07,ORD-SYN-A-0057,2026-06-06T19:03:27+08:00,packing_completed,packing_completed,WH-SYN-EAST,2,piece,synthetic_case_generator
WHE-SYN-A-0057-08,ORD-SYN-A-0057,2026-06-06T19:20:37+08:00,ready_to_ship,ready_to_ship,WH-SYN-EAST,2,piece,synthetic_case_generator
WHE-SYN-A-0057-09,ORD-SYN-A-0057,2026-06-06T19:25:56+08:00,shipped_from_warehouse,shipped_from_warehouse,WH-SYN-EAST,2,piece,synthetic_case_generator
WHE-SYN-A-0058-01,ORD-SYN-A-0058,2026-06-06T18:54:42+08:00,order_received,order_received,WH-SYN-EAST,4,piece,synthetic_case_generator
WHE-SYN-A-0058-02,ORD-SYN-A-0058,2026-06-06T19:28:39+08:00,picking_started,picking_started,WH-SYN-EAST,4,piece,synthetic_case_generator
WHE-SYN-A-0058-03,ORD-SYN-A-0058,2026-06-06T20:18:15+08:00,picking_completed,picking_completed,WH-SYN-EAST,4,piece,synthetic_case_generator
WHE-SYN-A-0058-04,ORD-SYN-A-0058,2026-06-06T20:46:14+08:00,quality_check_started,quality_check_started,WH-SYN-EAST,4,piece,synthetic_case_generator
WHE-SYN-A-0058-05,ORD-SYN-A-0058,2026-06-06T21:15:25+08:00,quality_check_completed,quality_check_completed,WH-SYN-EAST,4,piece,synthetic_case_generator
WHE-SYN-A-0058-06,ORD-SYN-A-0058,2026-06-06T21:21:18+08:00,packing_started,packing_started,WH-SYN-EAST,4,piece,synthetic_case_generator
WHE-SYN-A-0058-07,ORD-SYN-A-0058,2026-06-06T22:02:21+08:00,packing_completed,packing_completed,WH-SYN-EAST,4,piece,synthetic_case_generator
WHE-SYN-A-0058-08,ORD-SYN-A-0058,2026-06-06T22:27:13+08:00,ready_to_ship,ready_to_ship,WH-SYN-EAST,4,piece,synthetic_case_generator
WHE-SYN-A-0058-09,ORD-SYN-A-0058,2026-06-06T22:37:23+08:00,shipped_from_warehouse,shipped_from_warehouse,WH-SYN-EAST,4,piece,synthetic_case_generator
WHE-SYN-A-0059-01,ORD-SYN-A-0059,2026-06-06T10:28:06+08:00,order_received,order_received,WH-SYN-EAST,3,piece,synthetic_case_generator
WHE-SYN-A-0059-02,ORD-SYN-A-0059,2026-06-06T10:59:11+08:00,picking_started,picking_started,WH-SYN-EAST,3,piece,synthetic_case_generator
WHE-SYN-A-0059-03,ORD-SYN-A-0059,2026-06-06T11:53:22+08:00,picking_completed,picking_completed,WH-SYN-EAST,3,piece,synthetic_case_generator
WHE-SYN-A-0059-04,ORD-SYN-A-0059,2026-06-06T12:22:43+08:00,quality_check_started,quality_check_started,WH-SYN-EAST,3,piece,synthetic_case_generator
WHE-SYN-A-0059-05,ORD-SYN-A-0059,2026-06-06T12:54:11+08:00,quality_check_completed,quality_check_completed,WH-SYN-EAST,3,piece,synthetic_case_generator
WHE-SYN-A-0059-06,ORD-SYN-A-0059,2026-06-06T13:05:03+08:00,packing_started,packing_started,WH-SYN-EAST,3,piece,synthetic_case_generator
WHE-SYN-A-0059-07,ORD-SYN-A-0059,2026-06-06T13:36:32+08:00,packing_completed,packing_completed,WH-SYN-EAST,3,piece,synthetic_case_generator
WHE-SYN-A-0059-08,ORD-SYN-A-0059,2026-06-06T13:57:47+08:00,ready_to_ship,ready_to_ship,WH-SYN-EAST,3,piece,synthetic_case_generator
WHE-SYN-A-0059-09,ORD-SYN-A-0059,2026-06-06T14:09:45+08:00,shipped_from_warehouse,shipped_from_warehouse,WH-SYN-EAST,3,piece,synthetic_case_generator
WHE-SYN-A-0060-01,ORD-SYN-A-0060,2026-06-06T13:46:01+08:00,order_received,order_received,WH-SYN-WEST,4,piece,synthetic_case_generator
WHE-SYN-A-0060-02,ORD-SYN-A-0060,2026-06-06T14:27:32+08:00,picking_started,picking_started,WH-SYN-WEST,4,piece,synthetic_case_generator
WHE-SYN-A-0060-03,ORD-SYN-A-0060,2026-06-06T15:24:15+08:00,picking_completed,picking_completed,WH-SYN-WEST,4,piece,synthetic_case_generator
WHE-SYN-A-0060-04,ORD-SYN-A-0060,2026-06-06T15:48:19+08:00,quality_check_started,quality_check_started,WH-SYN-WEST,4,piece,synthetic_case_generator
WHE-SYN-A-0060-05,ORD-SYN-A-0060,2026-06-06T16:13:48+08:00,quality_check_completed,quality_check_completed,WH-SYN-WEST,4,piece,synthetic_case_generator
WHE-SYN-A-0060-06,ORD-SYN-A-0060,2026-06-06T16:25:29+08:00,packing_started,packing_started,WH-SYN-WEST,4,piece,synthetic_case_generator
WHE-SYN-A-0060-07,ORD-SYN-A-0060,2026-06-06T17:03:32+08:00,packing_completed,packing_completed,WH-SYN-WEST,4,piece,synthetic_case_generator
WHE-SYN-A-0060-08,ORD-SYN-A-0060,2026-06-06T17:26:24+08:00,ready_to_ship,ready_to_ship,WH-SYN-WEST,4,piece,synthetic_case_generator
WHE-SYN-A-0060-09,ORD-SYN-A-0060,2026-06-06T17:36:48+08:00,shipped_from_warehouse,shipped_from_warehouse,WH-SYN-WEST,4,piece,synthetic_case_generator
WHE-SYN-A-0061-01,ORD-SYN-A-0061,2026-06-07T16:24:59+08:00,order_received,order_received,WH-SYN-EAST,2,piece,synthetic_case_generator
WHE-SYN-A-0061-02,ORD-SYN-A-0061,2026-06-07T17:01:28+08:00,picking_started,picking_started,WH-SYN-EAST,2,piece,synthetic_case_generator
WHE-SYN-A-0061-03,ORD-SYN-A-0061,2026-06-07T17:44:06+08:00,picking_completed,picking_completed,WH-SYN-EAST,2,piece,synthetic_case_generator
WHE-SYN-A-0061-04,ORD-SYN-A-0061,2026-06-07T18:10:28+08:00,quality_check_started,quality_check_started,WH-SYN-EAST,2,piece,synthetic_case_generator
WHE-SYN-A-0061-05,ORD-SYN-A-0061,2026-06-07T18:37:40+08:00,quality_check_completed,quality_check_completed,WH-SYN-EAST,2,piece,synthetic_case_generator
WHE-SYN-A-0061-06,ORD-SYN-A-0061,2026-06-07T18:41:21+08:00,packing_started,packing_started,WH-SYN-EAST,2,piece,synthetic_case_generator
WHE-SYN-A-0061-07,ORD-SYN-A-0061,2026-06-07T19:22:00+08:00,packing_completed,packing_completed,WH-SYN-EAST,2,piece,synthetic_case_generator
WHE-SYN-A-0061-08,ORD-SYN-A-0061,2026-06-07T19:40:25+08:00,ready_to_ship,ready_to_ship,WH-SYN-EAST,2,piece,synthetic_case_generator
WHE-SYN-A-0061-09,ORD-SYN-A-0061,2026-06-07T19:52:17+08:00,shipped_from_warehouse,shipped_from_warehouse,WH-SYN-EAST,2,piece,synthetic_case_generator
WHE-SYN-A-0062-01,ORD-SYN-A-0062,2026-06-07T19:54:14+08:00,order_received,order_received,WH-SYN-EAST,2,piece,synthetic_case_generator
WHE-SYN-A-0062-02,ORD-SYN-A-0062,2026-06-07T20:37:08+08:00,picking_started,picking_started,WH-SYN-EAST,2,piece,synthetic_case_generator
WHE-SYN-A-0062-03,ORD-SYN-A-0062,2026-06-07T21:19:33+08:00,picking_completed,picking_completed,WH-SYN-EAST,2,piece,synthetic_case_generator
WHE-SYN-A-0062-04,ORD-SYN-A-0062,2026-06-07T21:51:53+08:00,quality_check_started,quality_check_started,WH-SYN-EAST,2,piece,synthetic_case_generator
WHE-SYN-A-0062-05,ORD-SYN-A-0062,2026-06-07T22:17:59+08:00,quality_check_completed,quality_check_completed,WH-SYN-EAST,2,piece,synthetic_case_generator
WHE-SYN-A-0062-06,ORD-SYN-A-0062,2026-06-07T22:26:10+08:00,packing_started,packing_started,WH-SYN-EAST,2,piece,synthetic_case_generator
WHE-SYN-A-0062-07,ORD-SYN-A-0062,2026-06-07T22:57:48+08:00,packing_completed,packing_completed,WH-SYN-EAST,2,piece,synthetic_case_generator
WHE-SYN-A-0062-08,ORD-SYN-A-0062,2026-06-07T23:23:46+08:00,ready_to_ship,ready_to_ship,WH-SYN-EAST,2,piece,synthetic_case_generator
WHE-SYN-A-0062-09,ORD-SYN-A-0062,2026-06-07T23:34:13+08:00,shipped_from_warehouse,shipped_from_warehouse,WH-SYN-EAST,2,piece,synthetic_case_generator
WHE-SYN-A-0063-01,ORD-SYN-A-0063,2026-06-07T12:02:04+08:00,order_received,order_received,WH-SYN-EAST,2,piece,synthetic_case_generator
WHE-SYN-A-0063-02,ORD-SYN-A-0063,2026-06-07T12:54:02+08:00,picking_started,picking_started,WH-SYN-EAST,2,piece,synthetic_case_generator
WHE-SYN-A-0063-03,ORD-SYN-A-0063,2026-06-07T13:47:23+08:00,picking_completed,picking_completed,WH-SYN-EAST,2,piece,synthetic_case_generator
WHE-SYN-A-0063-04,ORD-SYN-A-0063,2026-06-07T14:12:35+08:00,quality_check_started,quality_check_started,WH-SYN-EAST,2,piece,synthetic_case_generator
WHE-SYN-A-0063-05,ORD-SYN-A-0063,2026-06-07T14:39:54+08:00,quality_check_completed,quality_check_completed,WH-SYN-EAST,2,piece,synthetic_case_generator
WHE-SYN-A-0063-06,ORD-SYN-A-0063,2026-06-07T14:44:36+08:00,packing_started,packing_started,WH-SYN-EAST,2,piece,synthetic_case_generator
WHE-SYN-A-0063-07,ORD-SYN-A-0063,2026-06-07T15:20:21+08:00,packing_completed,packing_completed,WH-SYN-EAST,2,piece,synthetic_case_generator
WHE-SYN-A-0063-08,ORD-SYN-A-0063,2026-06-07T15:49:42+08:00,ready_to_ship,ready_to_ship,WH-SYN-EAST,2,piece,synthetic_case_generator
WHE-SYN-A-0063-09,ORD-SYN-A-0063,2026-06-07T15:53:58+08:00,shipped_from_warehouse,shipped_from_warehouse,WH-SYN-EAST,2,piece,synthetic_case_generator
WHE-SYN-A-0064-01,ORD-SYN-A-0064,2026-06-07T14:40:54+08:00,order_received,order_received,WH-SYN-EAST,2,piece,synthetic_case_generator
WHE-SYN-A-0064-02,ORD-SYN-A-0064,2026-06-07T15:16:48+08:00,picking_started,picking_started,WH-SYN-EAST,2,piece,synthetic_case_generator
WHE-SYN-A-0064-03,ORD-SYN-A-0064,2026-06-07T16:12:29+08:00,picking_completed,picking_completed,WH-SYN-EAST,2,piece,synthetic_case_generator
WHE-SYN-A-0064-04,ORD-SYN-A-0064,2026-06-07T16:41:43+08:00,quality_check_started,quality_check_started,WH-SYN-EAST,2,piece,synthetic_case_generator
WHE-SYN-A-0064-05,ORD-SYN-A-0064,2026-06-07T17:12:01+08:00,quality_check_completed,quality_check_completed,WH-SYN-EAST,2,piece,synthetic_case_generator
WHE-SYN-A-0064-06,ORD-SYN-A-0064,2026-06-07T17:23:33+08:00,packing_started,packing_started,WH-SYN-EAST,2,piece,synthetic_case_generator
WHE-SYN-A-0064-07,ORD-SYN-A-0064,2026-06-07T17:59:40+08:00,packing_completed,packing_completed,WH-SYN-EAST,2,piece,synthetic_case_generator
WHE-SYN-A-0064-08,ORD-SYN-A-0064,2026-06-07T18:27:13+08:00,ready_to_ship,ready_to_ship,WH-SYN-EAST,2,piece,synthetic_case_generator
WHE-SYN-A-0064-09,ORD-SYN-A-0064,2026-06-07T18:34:12+08:00,shipped_from_warehouse,shipped_from_warehouse,WH-SYN-EAST,2,piece,synthetic_case_generator
WHE-SYN-A-0065-01,ORD-SYN-A-0065,2026-06-07T17:50:33+08:00,order_received,order_received,WH-SYN-EAST,2,piece,synthetic_case_generator
WHE-SYN-A-0065-02,ORD-SYN-A-0065,2026-06-07T18:29:41+08:00,picking_started,picking_started,WH-SYN-EAST,2,piece,synthetic_case_generator
WHE-SYN-A-0065-03,ORD-SYN-A-0065,2026-06-07T19:16:55+08:00,picking_completed,picking_completed,WH-SYN-EAST,2,piece,synthetic_case_generator
WHE-SYN-A-0065-04,ORD-SYN-A-0065,2026-06-07T19:40:56+08:00,quality_check_started,quality_check_started,WH-SYN-EAST,2,piece,synthetic_case_generator
WHE-SYN-A-0065-05,ORD-SYN-A-0065,2026-06-07T20:05:36+08:00,quality_check_completed,quality_check_completed,WH-SYN-EAST,2,piece,synthetic_case_generator
WHE-SYN-A-0065-06,ORD-SYN-A-0065,2026-06-07T20:10:35+08:00,packing_started,packing_started,WH-SYN-EAST,2,piece,synthetic_case_generator
WHE-SYN-A-0065-07,ORD-SYN-A-0065,2026-06-07T20:47:09+08:00,packing_completed,packing_completed,WH-SYN-EAST,2,piece,synthetic_case_generator
WHE-SYN-A-0065-08,ORD-SYN-A-0065,2026-06-07T21:12:57+08:00,ready_to_ship,ready_to_ship,WH-SYN-EAST,2,piece,synthetic_case_generator
WHE-SYN-A-0065-09,ORD-SYN-A-0065,2026-06-07T21:21:49+08:00,shipped_from_warehouse,shipped_from_warehouse,WH-SYN-EAST,2,piece,synthetic_case_generator
WHE-SYN-A-0066-01,ORD-SYN-A-0066,2026-06-07T09:17:40+08:00,order_received,order_received,WH-SYN-EAST,2,piece,synthetic_case_generator
WHE-SYN-A-0066-02,ORD-SYN-A-0066,2026-06-07T09:53:49+08:00,picking_started,picking_started,WH-SYN-EAST,2,piece,synthetic_case_generator
WHE-SYN-A-0066-03,ORD-SYN-A-0066,2026-06-07T10:41:15+08:00,picking_completed,picking_completed,WH-SYN-EAST,2,piece,synthetic_case_generator
WHE-SYN-A-0066-04,ORD-SYN-A-0066,2026-06-07T11:07:01+08:00,quality_check_started,quality_check_started,WH-SYN-EAST,2,piece,synthetic_case_generator
WHE-SYN-A-0066-05,ORD-SYN-A-0066,2026-06-07T11:35:29+08:00,quality_check_completed,quality_check_completed,WH-SYN-EAST,2,piece,synthetic_case_generator
WHE-SYN-A-0066-06,ORD-SYN-A-0066,2026-06-07T11:42:07+08:00,packing_started,packing_started,WH-SYN-EAST,2,piece,synthetic_case_generator
WHE-SYN-A-0066-07,ORD-SYN-A-0066,2026-06-07T12:26:03+08:00,packing_completed,packing_completed,WH-SYN-EAST,2,piece,synthetic_case_generator
WHE-SYN-A-0066-08,ORD-SYN-A-0066,2026-06-07T12:45:09+08:00,ready_to_ship,ready_to_ship,WH-SYN-EAST,2,piece,synthetic_case_generator
WHE-SYN-A-0066-09,ORD-SYN-A-0066,2026-06-07T12:52:30+08:00,shipped_from_warehouse,shipped_from_warehouse,WH-SYN-EAST,2,piece,synthetic_case_generator
WHE-SYN-A-0067-01,ORD-SYN-A-0067,2026-06-07T12:45:14+08:00,order_received,order_received,WH-SYN-EAST,4,piece,synthetic_case_generator
WHE-SYN-A-0067-02,ORD-SYN-A-0067,2026-06-07T13:31:51+08:00,picking_started,picking_started,WH-SYN-EAST,4,piece,synthetic_case_generator
WHE-SYN-A-0067-03,ORD-SYN-A-0067,2026-06-07T14:19:38+08:00,picking_completed,picking_completed,WH-SYN-EAST,4,piece,synthetic_case_generator
WHE-SYN-A-0067-04,ORD-SYN-A-0067,2026-06-07T14:41:55+08:00,quality_check_started,quality_check_started,WH-SYN-EAST,4,piece,synthetic_case_generator
WHE-SYN-A-0067-05,ORD-SYN-A-0067,2026-06-07T15:10:11+08:00,quality_check_completed,quality_check_completed,WH-SYN-EAST,4,piece,synthetic_case_generator
WHE-SYN-A-0067-06,ORD-SYN-A-0067,2026-06-07T15:17:20+08:00,packing_started,packing_started,WH-SYN-EAST,4,piece,synthetic_case_generator
WHE-SYN-A-0067-07,ORD-SYN-A-0067,2026-06-07T15:49:46+08:00,packing_completed,packing_completed,WH-SYN-EAST,4,piece,synthetic_case_generator
WHE-SYN-A-0067-08,ORD-SYN-A-0067,2026-06-07T16:03:11+08:00,ready_to_ship,ready_to_ship,WH-SYN-EAST,4,piece,synthetic_case_generator
WHE-SYN-A-0067-09,ORD-SYN-A-0067,2026-06-07T16:13:50+08:00,shipped_from_warehouse,shipped_from_warehouse,WH-SYN-EAST,4,piece,synthetic_case_generator
WHE-SYN-A-0068-01,ORD-SYN-A-0068,2026-06-07T16:02:20+08:00,order_received,order_received,WH-SYN-EAST,5,piece,synthetic_case_generator
WHE-SYN-A-0068-02,ORD-SYN-A-0068,2026-06-07T16:37:35+08:00,picking_started,picking_started,WH-SYN-EAST,5,piece,synthetic_case_generator
WHE-SYN-A-0068-03,ORD-SYN-A-0068,2026-06-07T17:23:30+08:00,picking_completed,picking_completed,WH-SYN-EAST,5,piece,synthetic_case_generator
WHE-SYN-A-0068-04,ORD-SYN-A-0068,2026-06-07T17:46:10+08:00,quality_check_started,quality_check_started,WH-SYN-EAST,5,piece,synthetic_case_generator
WHE-SYN-A-0068-05,ORD-SYN-A-0068,2026-06-07T18:19:05+08:00,quality_check_completed,quality_check_completed,WH-SYN-EAST,5,piece,synthetic_case_generator
WHE-SYN-A-0068-06,ORD-SYN-A-0068,2026-06-07T18:23:07+08:00,packing_started,packing_started,WH-SYN-EAST,5,piece,synthetic_case_generator
WHE-SYN-A-0068-07,ORD-SYN-A-0068,2026-06-07T18:58:22+08:00,packing_completed,packing_completed,WH-SYN-EAST,5,piece,synthetic_case_generator
WHE-SYN-A-0068-08,ORD-SYN-A-0068,2026-06-07T19:26:22+08:00,ready_to_ship,ready_to_ship,WH-SYN-EAST,5,piece,synthetic_case_generator
WHE-SYN-A-0068-09,ORD-SYN-A-0068,2026-06-07T19:32:27+08:00,shipped_from_warehouse,shipped_from_warehouse,WH-SYN-EAST,5,piece,synthetic_case_generator
WHE-SYN-A-0069-01,ORD-SYN-A-0069,2026-06-07T18:31:05+08:00,order_received,order_received,WH-SYN-EAST,1,piece,synthetic_case_generator
WHE-SYN-A-0069-02,ORD-SYN-A-0069,2026-06-07T19:22:58+08:00,picking_started,picking_started,WH-SYN-EAST,1,piece,synthetic_case_generator
WHE-SYN-A-0069-03,ORD-SYN-A-0069,2026-06-07T20:09:38+08:00,picking_completed,picking_completed,WH-SYN-EAST,1,piece,synthetic_case_generator
WHE-SYN-A-0069-04,ORD-SYN-A-0069,2026-06-07T20:32:40+08:00,quality_check_started,quality_check_started,WH-SYN-EAST,1,piece,synthetic_case_generator
WHE-SYN-A-0069-05,ORD-SYN-A-0069,2026-06-07T21:01:02+08:00,quality_check_completed,quality_check_completed,WH-SYN-EAST,1,piece,synthetic_case_generator
WHE-SYN-A-0069-06,ORD-SYN-A-0069,2026-06-07T21:12:55+08:00,packing_started,packing_started,WH-SYN-EAST,1,piece,synthetic_case_generator
WHE-SYN-A-0069-07,ORD-SYN-A-0069,2026-06-07T21:51:58+08:00,packing_completed,packing_completed,WH-SYN-EAST,1,piece,synthetic_case_generator
WHE-SYN-A-0069-08,ORD-SYN-A-0069,2026-06-07T22:08:14+08:00,ready_to_ship,ready_to_ship,WH-SYN-EAST,1,piece,synthetic_case_generator
WHE-SYN-A-0069-09,ORD-SYN-A-0069,2026-06-07T22:11:18+08:00,shipped_from_warehouse,shipped_from_warehouse,WH-SYN-EAST,1,piece,synthetic_case_generator
WHE-SYN-A-0070-01,ORD-SYN-A-0070,2026-06-07T10:55:57+08:00,order_received,order_received,WH-SYN-EAST,1,piece,synthetic_case_generator
WHE-SYN-A-0070-02,ORD-SYN-A-0070,2026-06-07T11:26:42+08:00,picking_started,picking_started,WH-SYN-EAST,1,piece,synthetic_case_generator
WHE-SYN-A-0070-03,ORD-SYN-A-0070,2026-06-07T12:10:47+08:00,picking_completed,picking_completed,WH-SYN-EAST,1,piece,synthetic_case_generator
WHE-SYN-A-0070-04,ORD-SYN-A-0070,2026-06-07T12:34:24+08:00,quality_check_started,quality_check_started,WH-SYN-EAST,1,piece,synthetic_case_generator
WHE-SYN-A-0070-05,ORD-SYN-A-0070,2026-06-07T12:58:27+08:00,quality_check_completed,quality_check_completed,WH-SYN-EAST,1,piece,synthetic_case_generator
WHE-SYN-A-0070-06,ORD-SYN-A-0070,2026-06-07T13:07:41+08:00,packing_started,packing_started,WH-SYN-EAST,1,piece,synthetic_case_generator
WHE-SYN-A-0070-07,ORD-SYN-A-0070,2026-06-07T13:43:09+08:00,packing_completed,packing_completed,WH-SYN-EAST,1,piece,synthetic_case_generator
WHE-SYN-A-0070-08,ORD-SYN-A-0070,2026-06-07T13:55:27+08:00,ready_to_ship,ready_to_ship,WH-SYN-EAST,1,piece,synthetic_case_generator
WHE-SYN-A-0070-09,ORD-SYN-A-0070,2026-06-07T14:05:02+08:00,shipped_from_warehouse,shipped_from_warehouse,WH-SYN-EAST,1,piece,synthetic_case_generator
WHE-SYN-A-0071-01,ORD-SYN-A-0071,2026-06-08T13:40:40+08:00,order_received,order_received,WH-SYN-EAST,1,piece,synthetic_case_generator
WHE-SYN-A-0071-02,ORD-SYN-A-0071,2026-06-08T14:24:07+08:00,picking_started,picking_started,WH-SYN-EAST,1,piece,synthetic_case_generator
WHE-SYN-A-0071-03,ORD-SYN-A-0071,2026-06-08T15:08:51+08:00,picking_completed,picking_completed,WH-SYN-EAST,1,piece,synthetic_case_generator
WHE-SYN-A-0071-04,ORD-SYN-A-0071,2026-06-08T15:38:35+08:00,quality_check_started,quality_check_started,WH-SYN-EAST,1,piece,synthetic_case_generator
WHE-SYN-A-0071-05,ORD-SYN-A-0071,2026-06-08T16:11:13+08:00,quality_check_completed,quality_check_completed,WH-SYN-EAST,1,piece,synthetic_case_generator
WHE-SYN-A-0071-06,ORD-SYN-A-0071,2026-06-08T16:16:25+08:00,packing_started,packing_started,WH-SYN-EAST,1,piece,synthetic_case_generator
WHE-SYN-A-0071-07,ORD-SYN-A-0071,2026-06-08T16:58:12+08:00,packing_completed,packing_completed,WH-SYN-EAST,1,piece,synthetic_case_generator
WHE-SYN-A-0071-08,ORD-SYN-A-0071,2026-06-08T17:19:40+08:00,ready_to_ship,ready_to_ship,WH-SYN-EAST,1,piece,synthetic_case_generator
WHE-SYN-A-0071-09,ORD-SYN-A-0071,2026-06-08T17:24:52+08:00,shipped_from_warehouse,shipped_from_warehouse,WH-SYN-EAST,1,piece,synthetic_case_generator
WHE-SYN-A-0072-01,ORD-SYN-A-0072,2026-06-08T16:55:45+08:00,order_received,order_received,WH-SYN-EAST,4,piece,synthetic_case_generator
WHE-SYN-A-0072-02,ORD-SYN-A-0072,2026-06-08T17:31:29+08:00,picking_started,picking_started,WH-SYN-EAST,4,piece,synthetic_case_generator
WHE-SYN-A-0072-03,ORD-SYN-A-0072,2026-06-08T18:25:32+08:00,picking_completed,picking_completed,WH-SYN-EAST,4,piece,synthetic_case_generator
WHE-SYN-A-0072-04,ORD-SYN-A-0072,2026-06-08T18:49:46+08:00,quality_check_started,quality_check_started,WH-SYN-EAST,4,piece,synthetic_case_generator
WHE-SYN-A-0072-05,ORD-SYN-A-0072,2026-06-08T19:19:28+08:00,quality_check_completed,quality_check_completed,WH-SYN-EAST,4,piece,synthetic_case_generator
WHE-SYN-A-0072-06,ORD-SYN-A-0072,2026-06-08T19:30:29+08:00,packing_started,packing_started,WH-SYN-EAST,4,piece,synthetic_case_generator
WHE-SYN-A-0072-07,ORD-SYN-A-0072,2026-06-08T20:08:40+08:00,packing_completed,packing_completed,WH-SYN-EAST,4,piece,synthetic_case_generator
WHE-SYN-A-0072-08,ORD-SYN-A-0072,2026-06-08T20:35:26+08:00,ready_to_ship,ready_to_ship,WH-SYN-EAST,4,piece,synthetic_case_generator
WHE-SYN-A-0072-09,ORD-SYN-A-0072,2026-06-08T20:46:11+08:00,shipped_from_warehouse,shipped_from_warehouse,WH-SYN-EAST,4,piece,synthetic_case_generator
WHE-SYN-A-0073-01,ORD-SYN-A-0073,2026-06-08T19:12:05+08:00,order_received,order_received,WH-SYN-EAST,3,piece,synthetic_case_generator
WHE-SYN-A-0073-02,ORD-SYN-A-0073,2026-06-08T20:02:31+08:00,picking_started,picking_started,WH-SYN-EAST,3,piece,synthetic_case_generator
WHE-SYN-A-0073-03,ORD-SYN-A-0073,2026-06-08T20:47:43+08:00,picking_completed,picking_completed,WH-SYN-EAST,3,piece,synthetic_case_generator
WHE-SYN-A-0073-04,ORD-SYN-A-0073,2026-06-08T21:11:32+08:00,quality_check_started,quality_check_started,WH-SYN-EAST,3,piece,synthetic_case_generator
WHE-SYN-A-0073-05,ORD-SYN-A-0073,2026-06-08T21:42:42+08:00,quality_check_completed,quality_check_completed,WH-SYN-EAST,3,piece,synthetic_case_generator
WHE-SYN-A-0073-06,ORD-SYN-A-0073,2026-06-08T21:54:26+08:00,packing_started,packing_started,WH-SYN-EAST,3,piece,synthetic_case_generator
WHE-SYN-A-0073-07,ORD-SYN-A-0073,2026-06-08T22:38:56+08:00,packing_completed,packing_completed,WH-SYN-EAST,3,piece,synthetic_case_generator
WHE-SYN-A-0073-08,ORD-SYN-A-0073,2026-06-08T22:50:58+08:00,ready_to_ship,ready_to_ship,WH-SYN-EAST,3,piece,synthetic_case_generator
WHE-SYN-A-0073-09,ORD-SYN-A-0073,2026-06-08T23:02:03+08:00,shipped_from_warehouse,shipped_from_warehouse,WH-SYN-EAST,3,piece,synthetic_case_generator
WHE-SYN-A-0074-01,ORD-SYN-A-0074,2026-06-08T11:38:55+08:00,order_received,order_received,WH-SYN-EAST,2,piece,synthetic_case_generator
WHE-SYN-A-0074-02,ORD-SYN-A-0074,2026-06-08T12:16:16+08:00,picking_started,picking_started,WH-SYN-EAST,2,piece,synthetic_case_generator
WHE-SYN-A-0074-03,ORD-SYN-A-0074,2026-06-08T13:00:40+08:00,picking_completed,picking_completed,WH-SYN-EAST,2,piece,synthetic_case_generator
WHE-SYN-A-0074-04,ORD-SYN-A-0074,2026-06-08T13:33:32+08:00,quality_check_started,quality_check_started,WH-SYN-EAST,2,piece,synthetic_case_generator
WHE-SYN-A-0074-05,ORD-SYN-A-0074,2026-06-08T13:59:34+08:00,quality_check_completed,quality_check_completed,WH-SYN-EAST,2,piece,synthetic_case_generator
WHE-SYN-A-0074-06,ORD-SYN-A-0074,2026-06-08T14:05:10+08:00,packing_started,packing_started,WH-SYN-EAST,2,piece,synthetic_case_generator
WHE-SYN-A-0074-07,ORD-SYN-A-0074,2026-06-08T14:47:19+08:00,packing_completed,packing_completed,WH-SYN-EAST,2,piece,synthetic_case_generator
WHE-SYN-A-0074-08,ORD-SYN-A-0074,2026-06-08T15:13:27+08:00,ready_to_ship,ready_to_ship,WH-SYN-EAST,2,piece,synthetic_case_generator
WHE-SYN-A-0074-09,ORD-SYN-A-0074,2026-06-08T15:17:01+08:00,shipped_from_warehouse,shipped_from_warehouse,WH-SYN-EAST,2,piece,synthetic_case_generator
WHE-SYN-A-0075-01,ORD-SYN-A-0075,2026-06-08T15:04:40+08:00,order_received,order_received,WH-SYN-EAST,2,piece,synthetic_case_generator
WHE-SYN-A-0075-02,ORD-SYN-A-0075,2026-06-08T15:52:06+08:00,picking_started,picking_started,WH-SYN-EAST,2,piece,synthetic_case_generator
WHE-SYN-A-0075-03,ORD-SYN-A-0075,2026-06-08T16:47:10+08:00,picking_completed,picking_completed,WH-SYN-EAST,2,piece,synthetic_case_generator
WHE-SYN-A-0075-04,ORD-SYN-A-0075,2026-06-08T17:08:54+08:00,quality_check_started,quality_check_started,WH-SYN-EAST,2,piece,synthetic_case_generator
WHE-SYN-A-0075-05,ORD-SYN-A-0075,2026-06-08T17:32:21+08:00,quality_check_completed,quality_check_completed,WH-SYN-EAST,2,piece,synthetic_case_generator
WHE-SYN-A-0075-06,ORD-SYN-A-0075,2026-06-08T17:42:00+08:00,packing_started,packing_started,WH-SYN-EAST,2,piece,synthetic_case_generator
WHE-SYN-A-0075-07,ORD-SYN-A-0075,2026-06-08T18:21:10+08:00,packing_completed,packing_completed,WH-SYN-EAST,2,piece,synthetic_case_generator
WHE-SYN-A-0075-08,ORD-SYN-A-0075,2026-06-08T18:36:11+08:00,ready_to_ship,ready_to_ship,WH-SYN-EAST,2,piece,synthetic_case_generator
WHE-SYN-A-0075-09,ORD-SYN-A-0075,2026-06-08T18:39:50+08:00,shipped_from_warehouse,shipped_from_warehouse,WH-SYN-EAST,2,piece,synthetic_case_generator
WHE-SYN-A-0076-01,ORD-SYN-A-0076,2026-06-08T17:37:59+08:00,order_received,order_received,WH-SYN-EAST,4,piece,synthetic_case_generator
WHE-SYN-A-0076-02,ORD-SYN-A-0076,2026-06-08T18:15:29+08:00,picking_started,picking_started,WH-SYN-EAST,4,piece,synthetic_case_generator
WHE-SYN-A-0076-03,ORD-SYN-A-0076,2026-06-08T18:59:25+08:00,picking_completed,picking_completed,WH-SYN-EAST,4,piece,synthetic_case_generator
WHE-SYN-A-0076-04,ORD-SYN-A-0076,2026-06-08T19:22:42+08:00,quality_check_started,quality_check_started,WH-SYN-EAST,4,piece,synthetic_case_generator
WHE-SYN-A-0076-05,ORD-SYN-A-0076,2026-06-08T19:45:34+08:00,quality_check_completed,quality_check_completed,WH-SYN-EAST,4,piece,synthetic_case_generator
WHE-SYN-A-0076-06,ORD-SYN-A-0076,2026-06-08T19:48:36+08:00,packing_started,packing_started,WH-SYN-EAST,4,piece,synthetic_case_generator
WHE-SYN-A-0076-07,ORD-SYN-A-0076,2026-06-08T20:22:23+08:00,packing_completed,packing_completed,WH-SYN-EAST,4,piece,synthetic_case_generator
WHE-SYN-A-0076-08,ORD-SYN-A-0076,2026-06-08T20:50:22+08:00,ready_to_ship,ready_to_ship,WH-SYN-EAST,4,piece,synthetic_case_generator
WHE-SYN-A-0076-09,ORD-SYN-A-0076,2026-06-08T20:54:12+08:00,shipped_from_warehouse,shipped_from_warehouse,WH-SYN-EAST,4,piece,synthetic_case_generator
WHE-SYN-A-0077-01,ORD-SYN-A-0077,2026-06-08T09:53:43+08:00,order_received,order_received,WH-SYN-EAST,2,piece,synthetic_case_generator
WHE-SYN-A-0077-02,ORD-SYN-A-0077,2026-06-08T10:40:18+08:00,picking_started,picking_started,WH-SYN-EAST,2,piece,synthetic_case_generator
WHE-SYN-A-0077-03,ORD-SYN-A-0077,2026-06-08T11:36:42+08:00,picking_completed,picking_completed,WH-SYN-EAST,2,piece,synthetic_case_generator
WHE-SYN-A-0077-04,ORD-SYN-A-0077,2026-06-08T12:08:47+08:00,quality_check_started,quality_check_started,WH-SYN-EAST,2,piece,synthetic_case_generator
WHE-SYN-A-0077-05,ORD-SYN-A-0077,2026-06-08T12:35:23+08:00,quality_check_completed,quality_check_completed,WH-SYN-EAST,2,piece,synthetic_case_generator
WHE-SYN-A-0077-06,ORD-SYN-A-0077,2026-06-08T12:41:02+08:00,packing_started,packing_started,WH-SYN-EAST,2,piece,synthetic_case_generator
WHE-SYN-A-0077-07,ORD-SYN-A-0077,2026-06-08T13:25:35+08:00,packing_completed,packing_completed,WH-SYN-EAST,2,piece,synthetic_case_generator
WHE-SYN-A-0077-08,ORD-SYN-A-0077,2026-06-08T13:35:22+08:00,ready_to_ship,ready_to_ship,WH-SYN-EAST,2,piece,synthetic_case_generator
WHE-SYN-A-0077-09,ORD-SYN-A-0077,2026-06-08T13:40:29+08:00,shipped_from_warehouse,shipped_from_warehouse,WH-SYN-EAST,2,piece,synthetic_case_generator
WHE-SYN-A-0078-01,ORD-SYN-A-0078,2026-06-08T12:18:43+08:00,order_received,order_received,WH-SYN-EAST,4,piece,synthetic_case_generator
WHE-SYN-A-0078-02,ORD-SYN-A-0078,2026-06-08T13:03:21+08:00,picking_started,picking_started,WH-SYN-EAST,4,piece,synthetic_case_generator
WHE-SYN-A-0078-03,ORD-SYN-A-0078,2026-06-08T13:58:42+08:00,picking_completed,picking_completed,WH-SYN-EAST,4,piece,synthetic_case_generator
WHE-SYN-A-0078-04,ORD-SYN-A-0078,2026-06-08T14:27:16+08:00,quality_check_started,quality_check_started,WH-SYN-EAST,4,piece,synthetic_case_generator
WHE-SYN-A-0078-05,ORD-SYN-A-0078,2026-06-08T14:55:12+08:00,quality_check_completed,quality_check_completed,WH-SYN-EAST,4,piece,synthetic_case_generator
WHE-SYN-A-0078-06,ORD-SYN-A-0078,2026-06-08T15:04:46+08:00,packing_started,packing_started,WH-SYN-EAST,4,piece,synthetic_case_generator
WHE-SYN-A-0078-07,ORD-SYN-A-0078,2026-06-08T15:37:17+08:00,packing_completed,packing_completed,WH-SYN-EAST,4,piece,synthetic_case_generator
WHE-SYN-A-0078-08,ORD-SYN-A-0078,2026-06-08T16:01:18+08:00,ready_to_ship,ready_to_ship,WH-SYN-EAST,4,piece,synthetic_case_generator
WHE-SYN-A-0078-09,ORD-SYN-A-0078,2026-06-08T16:07:20+08:00,shipped_from_warehouse,shipped_from_warehouse,WH-SYN-EAST,4,piece,synthetic_case_generator
WHE-SYN-A-0079-01,ORD-SYN-A-0079,2026-06-08T15:50:13+08:00,order_received,order_received,WH-SYN-EAST,3,piece,synthetic_case_generator
WHE-SYN-A-0079-02,ORD-SYN-A-0079,2026-06-08T16:42:31+08:00,picking_started,picking_started,WH-SYN-EAST,3,piece,synthetic_case_generator
WHE-SYN-A-0079-03,ORD-SYN-A-0079,2026-06-08T17:31:31+08:00,picking_completed,picking_completed,WH-SYN-EAST,3,piece,synthetic_case_generator
WHE-SYN-A-0079-04,ORD-SYN-A-0079,2026-06-08T17:55:54+08:00,quality_check_started,quality_check_started,WH-SYN-EAST,3,piece,synthetic_case_generator
WHE-SYN-A-0079-05,ORD-SYN-A-0079,2026-06-08T18:23:15+08:00,quality_check_completed,quality_check_completed,WH-SYN-EAST,3,piece,synthetic_case_generator
WHE-SYN-A-0079-06,ORD-SYN-A-0079,2026-06-08T18:34:05+08:00,packing_started,packing_started,WH-SYN-EAST,3,piece,synthetic_case_generator
WHE-SYN-A-0079-07,ORD-SYN-A-0079,2026-06-08T19:16:26+08:00,packing_completed,packing_completed,WH-SYN-EAST,3,piece,synthetic_case_generator
WHE-SYN-A-0079-08,ORD-SYN-A-0079,2026-06-08T19:37:20+08:00,ready_to_ship,ready_to_ship,WH-SYN-EAST,3,piece,synthetic_case_generator
WHE-SYN-A-0079-09,ORD-SYN-A-0079,2026-06-08T19:40:31+08:00,shipped_from_warehouse,shipped_from_warehouse,WH-SYN-EAST,3,piece,synthetic_case_generator
WHE-SYN-A-0080-01,ORD-SYN-A-0080,2026-06-08T19:07:18+08:00,order_received,order_received,WH-SYN-EAST,2,piece,synthetic_case_generator
WHE-SYN-A-0080-02,ORD-SYN-A-0080,2026-06-08T19:58:36+08:00,picking_started,picking_started,WH-SYN-EAST,2,piece,synthetic_case_generator
WHE-SYN-A-0080-03,ORD-SYN-A-0080,2026-06-08T20:50:47+08:00,picking_completed,picking_completed,WH-SYN-EAST,2,piece,synthetic_case_generator
WHE-SYN-A-0080-04,ORD-SYN-A-0080,2026-06-08T21:17:14+08:00,quality_check_started,quality_check_started,WH-SYN-EAST,2,piece,synthetic_case_generator
WHE-SYN-A-0080-05,ORD-SYN-A-0080,2026-06-08T21:48:18+08:00,quality_check_completed,quality_check_completed,WH-SYN-EAST,2,piece,synthetic_case_generator
WHE-SYN-A-0080-06,ORD-SYN-A-0080,2026-06-08T21:54:32+08:00,packing_started,packing_started,WH-SYN-EAST,2,piece,synthetic_case_generator
WHE-SYN-A-0080-07,ORD-SYN-A-0080,2026-06-08T22:33:59+08:00,packing_completed,packing_completed,WH-SYN-EAST,2,piece,synthetic_case_generator
WHE-SYN-A-0080-08,ORD-SYN-A-0080,2026-06-08T22:53:11+08:00,ready_to_ship,ready_to_ship,WH-SYN-EAST,2,piece,synthetic_case_generator
WHE-SYN-A-0080-09,ORD-SYN-A-0080,2026-06-08T22:57:45+08:00,shipped_from_warehouse,shipped_from_warehouse,WH-SYN-EAST,2,piece,synthetic_case_generator
WHE-SYN-A-0081-01,ORD-SYN-A-0081,2026-06-09T10:37:36+08:00,order_received,order_received,WH-SYN-EAST,4,piece,synthetic_case_generator
WHE-SYN-A-0081-02,ORD-SYN-A-0081,2026-06-09T11:11:38+08:00,picking_started,picking_started,WH-SYN-EAST,4,piece,synthetic_case_generator
WHE-SYN-A-0081-03,ORD-SYN-A-0081,2026-06-09T11:57:02+08:00,picking_completed,picking_completed,WH-SYN-EAST,4,piece,synthetic_case_generator
WHE-SYN-A-0081-04,ORD-SYN-A-0081,2026-06-09T12:22:28+08:00,quality_check_started,quality_check_started,WH-SYN-EAST,4,piece,synthetic_case_generator
WHE-SYN-A-0081-05,ORD-SYN-A-0081,2026-06-09T12:46:11+08:00,quality_check_completed,quality_check_completed,WH-SYN-EAST,4,piece,synthetic_case_generator
WHE-SYN-A-0081-06,ORD-SYN-A-0081,2026-06-09T12:52:06+08:00,packing_started,packing_started,WH-SYN-EAST,4,piece,synthetic_case_generator
WHE-SYN-A-0081-07,ORD-SYN-A-0081,2026-06-09T13:34:57+08:00,packing_completed,packing_completed,WH-SYN-EAST,4,piece,synthetic_case_generator
WHE-SYN-A-0081-08,ORD-SYN-A-0081,2026-06-09T13:48:02+08:00,ready_to_ship,ready_to_ship,WH-SYN-EAST,4,piece,synthetic_case_generator
WHE-SYN-A-0081-09,ORD-SYN-A-0081,2026-06-09T13:59:29+08:00,shipped_from_warehouse,shipped_from_warehouse,WH-SYN-EAST,4,piece,synthetic_case_generator
WHE-SYN-A-0082-01,ORD-SYN-A-0082,2026-06-09T14:12:44+08:00,order_received,order_received,WH-SYN-EAST,1,piece,synthetic_case_generator
WHE-SYN-A-0082-02,ORD-SYN-A-0082,2026-06-09T14:55:43+08:00,picking_started,picking_started,WH-SYN-EAST,1,piece,synthetic_case_generator
WHE-SYN-A-0082-03,ORD-SYN-A-0082,2026-06-09T15:42:42+08:00,picking_completed,picking_completed,WH-SYN-EAST,1,piece,synthetic_case_generator
WHE-SYN-A-0082-04,ORD-SYN-A-0082,2026-06-09T16:05:33+08:00,quality_check_started,quality_check_started,WH-SYN-EAST,1,piece,synthetic_case_generator
WHE-SYN-A-0082-05,ORD-SYN-A-0082,2026-06-09T16:34:48+08:00,quality_check_completed,quality_check_completed,WH-SYN-EAST,1,piece,synthetic_case_generator
WHE-SYN-A-0082-06,ORD-SYN-A-0082,2026-06-09T16:43:07+08:00,packing_started,packing_started,WH-SYN-EAST,1,piece,synthetic_case_generator
WHE-SYN-A-0082-07,ORD-SYN-A-0082,2026-06-09T17:24:12+08:00,packing_completed,packing_completed,WH-SYN-EAST,1,piece,synthetic_case_generator
WHE-SYN-A-0082-08,ORD-SYN-A-0082,2026-06-09T17:38:46+08:00,ready_to_ship,ready_to_ship,WH-SYN-EAST,1,piece,synthetic_case_generator
WHE-SYN-A-0082-09,ORD-SYN-A-0082,2026-06-09T17:44:36+08:00,shipped_from_warehouse,shipped_from_warehouse,WH-SYN-EAST,1,piece,synthetic_case_generator
WHE-SYN-A-0083-01,ORD-SYN-A-0083,2026-06-09T16:34:57+08:00,order_received,order_received,WH-SYN-EAST,2,piece,synthetic_case_generator
WHE-SYN-A-0083-02,ORD-SYN-A-0083,2026-06-09T17:16:24+08:00,picking_started,picking_started,WH-SYN-EAST,2,piece,synthetic_case_generator
WHE-SYN-A-0083-03,ORD-SYN-A-0083,2026-06-09T18:04:11+08:00,picking_completed,picking_completed,WH-SYN-EAST,2,piece,synthetic_case_generator
WHE-SYN-A-0083-04,ORD-SYN-A-0083,2026-06-09T18:28:34+08:00,quality_check_started,quality_check_started,WH-SYN-EAST,2,piece,synthetic_case_generator
WHE-SYN-A-0083-05,ORD-SYN-A-0083,2026-06-09T19:00:05+08:00,quality_check_completed,quality_check_completed,WH-SYN-EAST,2,piece,synthetic_case_generator
WHE-SYN-A-0083-06,ORD-SYN-A-0083,2026-06-09T19:07:45+08:00,packing_started,packing_started,WH-SYN-EAST,2,piece,synthetic_case_generator
WHE-SYN-A-0083-07,ORD-SYN-A-0083,2026-06-09T19:41:52+08:00,packing_completed,packing_completed,WH-SYN-EAST,2,piece,synthetic_case_generator
WHE-SYN-A-0083-08,ORD-SYN-A-0083,2026-06-09T19:53:31+08:00,ready_to_ship,ready_to_ship,WH-SYN-EAST,2,piece,synthetic_case_generator
WHE-SYN-A-0083-09,ORD-SYN-A-0083,2026-06-09T20:05:20+08:00,shipped_from_warehouse,shipped_from_warehouse,WH-SYN-EAST,2,piece,synthetic_case_generator
WHE-SYN-A-0084-01,ORD-SYN-A-0084,2026-06-09T19:50:55+08:00,order_received,order_received,WH-SYN-WEST,4,piece,synthetic_case_generator
WHE-SYN-A-0084-02,ORD-SYN-A-0084,2026-06-09T20:22:40+08:00,picking_started,picking_started,WH-SYN-WEST,4,piece,synthetic_case_generator
WHE-SYN-A-0084-03,ORD-SYN-A-0084,2026-06-09T21:11:33+08:00,picking_completed,picking_completed,WH-SYN-WEST,4,piece,synthetic_case_generator
WHE-SYN-A-0084-04,ORD-SYN-A-0084,2026-06-09T21:42:05+08:00,quality_check_started,quality_check_started,WH-SYN-WEST,4,piece,synthetic_case_generator
WHE-SYN-A-0084-05,ORD-SYN-A-0084,2026-06-09T22:13:40+08:00,quality_check_completed,quality_check_completed,WH-SYN-WEST,4,piece,synthetic_case_generator
WHE-SYN-A-0084-06,ORD-SYN-A-0084,2026-06-09T22:18:31+08:00,packing_started,packing_started,WH-SYN-WEST,4,piece,synthetic_case_generator
WHE-SYN-A-0084-07,ORD-SYN-A-0084,2026-06-09T22:54:10+08:00,packing_completed,packing_completed,WH-SYN-WEST,4,piece,synthetic_case_generator
WHE-SYN-A-0084-08,ORD-SYN-A-0084,2026-06-09T23:10:23+08:00,ready_to_ship,ready_to_ship,WH-SYN-WEST,4,piece,synthetic_case_generator
WHE-SYN-A-0084-09,ORD-SYN-A-0084,2026-06-09T23:21:22+08:00,shipped_from_warehouse,shipped_from_warehouse,WH-SYN-WEST,4,piece,synthetic_case_generator
WHE-SYN-A-0085-01,ORD-SYN-A-0085,2026-06-09T11:23:11+08:00,order_received,order_received,WH-SYN-WEST,5,piece,synthetic_case_generator
WHE-SYN-A-0085-02,ORD-SYN-A-0085,2026-06-09T12:00:19+08:00,picking_started,picking_started,WH-SYN-WEST,5,piece,synthetic_case_generator
WHE-SYN-A-0085-03,ORD-SYN-A-0085,2026-06-09T12:50:42+08:00,picking_completed,picking_completed,WH-SYN-WEST,5,piece,synthetic_case_generator
WHE-SYN-A-0085-04,ORD-SYN-A-0085,2026-06-09T13:20:40+08:00,quality_check_started,quality_check_started,WH-SYN-WEST,5,piece,synthetic_case_generator
WHE-SYN-A-0085-05,ORD-SYN-A-0085,2026-06-09T13:51:26+08:00,quality_check_completed,quality_check_completed,WH-SYN-WEST,5,piece,synthetic_case_generator
WHE-SYN-A-0085-06,ORD-SYN-A-0085,2026-06-09T14:02:15+08:00,packing_started,packing_started,WH-SYN-WEST,5,piece,synthetic_case_generator
WHE-SYN-A-0085-07,ORD-SYN-A-0085,2026-06-09T14:46:29+08:00,packing_completed,packing_completed,WH-SYN-WEST,5,piece,synthetic_case_generator
WHE-SYN-A-0085-08,ORD-SYN-A-0085,2026-06-09T15:13:19+08:00,ready_to_ship,ready_to_ship,WH-SYN-WEST,5,piece,synthetic_case_generator
WHE-SYN-A-0085-09,ORD-SYN-A-0085,2026-06-09T15:17:19+08:00,shipped_from_warehouse,shipped_from_warehouse,WH-SYN-WEST,5,piece,synthetic_case_generator
WHE-SYN-A-0086-01,ORD-SYN-A-0086,2026-06-09T14:36:55+08:00,order_received,order_received,WH-SYN-WEST,2,piece,synthetic_case_generator
WHE-SYN-A-0086-02,ORD-SYN-A-0086,2026-06-09T15:12:51+08:00,picking_started,picking_started,WH-SYN-WEST,2,piece,synthetic_case_generator
WHE-SYN-A-0086-03,ORD-SYN-A-0086,2026-06-09T16:06:09+08:00,picking_completed,picking_completed,WH-SYN-WEST,2,piece,synthetic_case_generator
WHE-SYN-A-0086-04,ORD-SYN-A-0086,2026-06-09T16:36:50+08:00,quality_check_started,quality_check_started,WH-SYN-WEST,2,piece,synthetic_case_generator
WHE-SYN-A-0086-05,ORD-SYN-A-0086,2026-06-09T17:03:33+08:00,quality_check_completed,quality_check_completed,WH-SYN-WEST,2,piece,synthetic_case_generator
WHE-SYN-A-0086-06,ORD-SYN-A-0086,2026-06-09T17:14:40+08:00,packing_started,packing_started,WH-SYN-WEST,2,piece,synthetic_case_generator
WHE-SYN-A-0086-07,ORD-SYN-A-0086,2026-06-09T17:56:33+08:00,packing_completed,packing_completed,WH-SYN-WEST,2,piece,synthetic_case_generator
WHE-SYN-A-0086-08,ORD-SYN-A-0086,2026-06-09T18:07:11+08:00,ready_to_ship,ready_to_ship,WH-SYN-WEST,2,piece,synthetic_case_generator
WHE-SYN-A-0086-09,ORD-SYN-A-0086,2026-06-09T18:13:00+08:00,shipped_from_warehouse,shipped_from_warehouse,WH-SYN-WEST,2,piece,synthetic_case_generator
WHE-SYN-A-0087-01,ORD-SYN-A-0087,2026-06-09T18:00:31+08:00,order_received,order_received,WH-SYN-WEST,4,piece,synthetic_case_generator
WHE-SYN-A-0087-02,ORD-SYN-A-0087,2026-06-09T18:31:17+08:00,picking_started,picking_started,WH-SYN-WEST,4,piece,synthetic_case_generator
WHE-SYN-A-0087-03,ORD-SYN-A-0087,2026-06-09T19:13:21+08:00,picking_completed,picking_completed,WH-SYN-WEST,4,piece,synthetic_case_generator
WHE-SYN-A-0087-04,ORD-SYN-A-0087,2026-06-09T19:43:02+08:00,quality_check_started,quality_check_started,WH-SYN-WEST,4,piece,synthetic_case_generator
WHE-SYN-A-0087-05,ORD-SYN-A-0087,2026-06-09T20:11:16+08:00,quality_check_completed,quality_check_completed,WH-SYN-WEST,4,piece,synthetic_case_generator
WHE-SYN-A-0087-06,ORD-SYN-A-0087,2026-06-09T20:17:20+08:00,packing_started,packing_started,WH-SYN-WEST,4,piece,synthetic_case_generator
WHE-SYN-A-0087-07,ORD-SYN-A-0087,2026-06-09T20:50:22+08:00,packing_completed,packing_completed,WH-SYN-WEST,4,piece,synthetic_case_generator
WHE-SYN-A-0087-08,ORD-SYN-A-0087,2026-06-09T21:03:55+08:00,ready_to_ship,ready_to_ship,WH-SYN-WEST,4,piece,synthetic_case_generator
WHE-SYN-A-0087-09,ORD-SYN-A-0087,2026-06-09T21:13:42+08:00,shipped_from_warehouse,shipped_from_warehouse,WH-SYN-WEST,4,piece,synthetic_case_generator
WHE-SYN-A-0088-01,ORD-SYN-A-0088,2026-06-09T09:33:12+08:00,order_received,order_received,WH-SYN-EAST,2,piece,synthetic_case_generator
WHE-SYN-A-0088-02,ORD-SYN-A-0088,2026-06-09T10:04:49+08:00,picking_started,picking_started,WH-SYN-EAST,2,piece,synthetic_case_generator
WHE-SYN-A-0088-03,ORD-SYN-A-0088,2026-06-09T10:48:29+08:00,picking_completed,picking_completed,WH-SYN-EAST,2,piece,synthetic_case_generator
WHE-SYN-A-0088-04,ORD-SYN-A-0088,2026-06-09T11:10:26+08:00,quality_check_started,quality_check_started,WH-SYN-EAST,2,piece,synthetic_case_generator
WHE-SYN-A-0088-05,ORD-SYN-A-0088,2026-06-09T11:41:06+08:00,quality_check_completed,quality_check_completed,WH-SYN-EAST,2,piece,synthetic_case_generator
WHE-SYN-A-0088-06,ORD-SYN-A-0088,2026-06-09T11:45:28+08:00,packing_started,packing_started,WH-SYN-EAST,2,piece,synthetic_case_generator
WHE-SYN-A-0088-07,ORD-SYN-A-0088,2026-06-09T12:22:32+08:00,packing_completed,packing_completed,WH-SYN-EAST,2,piece,synthetic_case_generator
WHE-SYN-A-0088-08,ORD-SYN-A-0088,2026-06-09T12:50:01+08:00,ready_to_ship,ready_to_ship,WH-SYN-EAST,2,piece,synthetic_case_generator
WHE-SYN-A-0088-09,ORD-SYN-A-0088,2026-06-09T12:59:34+08:00,shipped_from_warehouse,shipped_from_warehouse,WH-SYN-EAST,2,piece,synthetic_case_generator
WHE-SYN-A-0089-01,ORD-SYN-A-0089,2026-06-09T12:51:46+08:00,order_received,order_received,WH-SYN-EAST,3,piece,synthetic_case_generator
WHE-SYN-A-0089-02,ORD-SYN-A-0089,2026-06-09T13:44:08+08:00,picking_started,picking_started,WH-SYN-EAST,3,piece,synthetic_case_generator
WHE-SYN-A-0089-03,ORD-SYN-A-0089,2026-06-09T14:32:31+08:00,picking_completed,picking_completed,WH-SYN-EAST,3,piece,synthetic_case_generator
WHE-SYN-A-0089-04,ORD-SYN-A-0089,2026-06-09T14:53:33+08:00,quality_check_started,quality_check_started,WH-SYN-EAST,3,piece,synthetic_case_generator
WHE-SYN-A-0089-05,ORD-SYN-A-0089,2026-06-09T15:20:06+08:00,quality_check_completed,quality_check_completed,WH-SYN-EAST,3,piece,synthetic_case_generator
WHE-SYN-A-0089-06,ORD-SYN-A-0089,2026-06-09T15:23:13+08:00,packing_started,packing_started,WH-SYN-EAST,3,piece,synthetic_case_generator
WHE-SYN-A-0089-07,ORD-SYN-A-0089,2026-06-09T15:59:47+08:00,packing_completed,packing_completed,WH-SYN-EAST,3,piece,synthetic_case_generator
WHE-SYN-A-0089-08,ORD-SYN-A-0089,2026-06-09T16:18:46+08:00,ready_to_ship,ready_to_ship,WH-SYN-EAST,3,piece,synthetic_case_generator
WHE-SYN-A-0089-09,ORD-SYN-A-0089,2026-06-09T16:23:29+08:00,shipped_from_warehouse,shipped_from_warehouse,WH-SYN-EAST,3,piece,synthetic_case_generator
WHE-SYN-A-0090-01,ORD-SYN-A-0090,2026-06-09T15:17:57+08:00,order_received,order_received,WH-SYN-WEST,5,piece,synthetic_case_generator
WHE-SYN-A-0090-02,ORD-SYN-A-0090,2026-06-09T16:01:28+08:00,picking_started,picking_started,WH-SYN-WEST,5,piece,synthetic_case_generator
WHE-SYN-A-0090-03,ORD-SYN-A-0090,2026-06-09T16:57:44+08:00,picking_completed,picking_completed,WH-SYN-WEST,5,piece,synthetic_case_generator
WHE-SYN-A-0090-04,ORD-SYN-A-0090,2026-06-09T17:27:35+08:00,quality_check_started,quality_check_started,WH-SYN-WEST,5,piece,synthetic_case_generator
WHE-SYN-A-0090-05,ORD-SYN-A-0090,2026-06-09T17:49:23+08:00,quality_check_completed,quality_check_completed,WH-SYN-WEST,5,piece,synthetic_case_generator
WHE-SYN-A-0090-06,ORD-SYN-A-0090,2026-06-09T18:00:26+08:00,packing_started,packing_started,WH-SYN-WEST,5,piece,synthetic_case_generator
WHE-SYN-A-0090-07,ORD-SYN-A-0090,2026-06-09T18:31:55+08:00,packing_completed,packing_completed,WH-SYN-WEST,5,piece,synthetic_case_generator
WHE-SYN-A-0090-08,ORD-SYN-A-0090,2026-06-09T18:46:52+08:00,ready_to_ship,ready_to_ship,WH-SYN-WEST,5,piece,synthetic_case_generator
WHE-SYN-A-0090-09,ORD-SYN-A-0090,2026-06-09T18:53:27+08:00,shipped_from_warehouse,shipped_from_warehouse,WH-SYN-WEST,5,piece,synthetic_case_generator
WHE-SYN-A-0091-01,ORD-SYN-A-0091,2026-06-10T18:44:47+08:00,order_received,order_received,WH-SYN-EAST,2,piece,synthetic_case_generator
WHE-SYN-A-0091-02,ORD-SYN-A-0091,2026-06-10T19:34:30+08:00,picking_started,picking_started,WH-SYN-EAST,2,piece,synthetic_case_generator
WHE-SYN-A-0091-03,ORD-SYN-A-0091,2026-06-10T20:20:47+08:00,picking_completed,picking_completed,WH-SYN-EAST,2,piece,synthetic_case_generator
WHE-SYN-A-0091-04,ORD-SYN-A-0091,2026-06-10T20:53:35+08:00,quality_check_started,quality_check_started,WH-SYN-EAST,2,piece,synthetic_case_generator
WHE-SYN-A-0091-05,ORD-SYN-A-0091,2026-06-10T21:21:05+08:00,quality_check_completed,quality_check_completed,WH-SYN-EAST,2,piece,synthetic_case_generator
WHE-SYN-A-0091-06,ORD-SYN-A-0091,2026-06-10T21:31:31+08:00,packing_started,packing_started,WH-SYN-EAST,2,piece,synthetic_case_generator
WHE-SYN-A-0091-07,ORD-SYN-A-0091,2026-06-10T22:03:10+08:00,packing_completed,packing_completed,WH-SYN-EAST,2,piece,synthetic_case_generator
WHE-SYN-A-0091-08,ORD-SYN-A-0091,2026-06-10T22:22:45+08:00,ready_to_ship,ready_to_ship,WH-SYN-EAST,2,piece,synthetic_case_generator
WHE-SYN-A-0091-09,ORD-SYN-A-0091,2026-06-10T22:30:41+08:00,shipped_from_warehouse,shipped_from_warehouse,WH-SYN-EAST,2,piece,synthetic_case_generator
WHE-SYN-A-0092-01,ORD-SYN-A-0092,2026-06-10T10:11:33+08:00,order_received,order_received,WH-SYN-EAST,3,piece,synthetic_case_generator
WHE-SYN-A-0092-02,ORD-SYN-A-0092,2026-06-10T10:45:00+08:00,picking_started,picking_started,WH-SYN-EAST,3,piece,synthetic_case_generator
WHE-SYN-A-0092-03,ORD-SYN-A-0092,2026-06-10T11:37:18+08:00,picking_completed,picking_completed,WH-SYN-EAST,3,piece,synthetic_case_generator
WHE-SYN-A-0092-04,ORD-SYN-A-0092,2026-06-10T12:09:00+08:00,quality_check_started,quality_check_started,WH-SYN-EAST,3,piece,synthetic_case_generator
WHE-SYN-A-0092-05,ORD-SYN-A-0092,2026-06-10T12:34:14+08:00,quality_check_completed,quality_check_completed,WH-SYN-EAST,3,piece,synthetic_case_generator
WHE-SYN-A-0092-06,ORD-SYN-A-0092,2026-06-10T12:44:54+08:00,packing_started,packing_started,WH-SYN-EAST,3,piece,synthetic_case_generator
WHE-SYN-A-0092-07,ORD-SYN-A-0092,2026-06-10T13:23:40+08:00,packing_completed,packing_completed,WH-SYN-EAST,3,piece,synthetic_case_generator
WHE-SYN-A-0092-08,ORD-SYN-A-0092,2026-06-10T13:35:57+08:00,ready_to_ship,ready_to_ship,WH-SYN-EAST,3,piece,synthetic_case_generator
WHE-SYN-A-0092-09,ORD-SYN-A-0092,2026-06-10T13:39:27+08:00,shipped_from_warehouse,shipped_from_warehouse,WH-SYN-EAST,3,piece,synthetic_case_generator
WHE-SYN-A-0093-01,ORD-SYN-A-0093,2026-06-10T13:38:51+08:00,order_received,order_received,WH-SYN-WEST,2,piece,synthetic_case_generator
WHE-SYN-A-0093-02,ORD-SYN-A-0093,2026-06-10T14:22:12+08:00,picking_started,picking_started,WH-SYN-WEST,2,piece,synthetic_case_generator
WHE-SYN-A-0093-03,ORD-SYN-A-0093,2026-06-10T15:14:22+08:00,picking_completed,picking_completed,WH-SYN-WEST,2,piece,synthetic_case_generator
WHE-SYN-A-0093-04,ORD-SYN-A-0093,2026-06-10T15:44:52+08:00,quality_check_started,quality_check_started,WH-SYN-WEST,2,piece,synthetic_case_generator
WHE-SYN-A-0093-05,ORD-SYN-A-0093,2026-06-10T16:06:50+08:00,quality_check_completed,quality_check_completed,WH-SYN-WEST,2,piece,synthetic_case_generator
WHE-SYN-A-0093-06,ORD-SYN-A-0093,2026-06-10T16:15:37+08:00,packing_started,packing_started,WH-SYN-WEST,2,piece,synthetic_case_generator
WHE-SYN-A-0093-07,ORD-SYN-A-0093,2026-06-10T16:53:17+08:00,packing_completed,packing_completed,WH-SYN-WEST,2,piece,synthetic_case_generator
WHE-SYN-A-0093-08,ORD-SYN-A-0093,2026-06-10T17:17:25+08:00,ready_to_ship,ready_to_ship,WH-SYN-WEST,2,piece,synthetic_case_generator
WHE-SYN-A-0093-09,ORD-SYN-A-0093,2026-06-10T17:23:00+08:00,shipped_from_warehouse,shipped_from_warehouse,WH-SYN-WEST,2,piece,synthetic_case_generator
WHE-SYN-A-0094-01,ORD-SYN-A-0094,2026-06-10T17:02:15+08:00,order_received,order_received,WH-SYN-EAST,1,piece,synthetic_case_generator
WHE-SYN-A-0094-02,ORD-SYN-A-0094,2026-06-10T17:50:35+08:00,picking_started,picking_started,WH-SYN-EAST,1,piece,synthetic_case_generator
WHE-SYN-A-0094-03,ORD-SYN-A-0094,2026-06-10T18:35:35+08:00,picking_completed,picking_completed,WH-SYN-EAST,1,piece,synthetic_case_generator
WHE-SYN-A-0094-04,ORD-SYN-A-0094,2026-06-10T19:07:01+08:00,quality_check_started,quality_check_started,WH-SYN-EAST,1,piece,synthetic_case_generator
WHE-SYN-A-0094-05,ORD-SYN-A-0094,2026-06-10T19:30:49+08:00,quality_check_completed,quality_check_completed,WH-SYN-EAST,1,piece,synthetic_case_generator
WHE-SYN-A-0094-06,ORD-SYN-A-0094,2026-06-10T19:35:00+08:00,packing_started,packing_started,WH-SYN-EAST,1,piece,synthetic_case_generator
WHE-SYN-A-0094-07,ORD-SYN-A-0094,2026-06-10T20:10:21+08:00,packing_completed,packing_completed,WH-SYN-EAST,1,piece,synthetic_case_generator
WHE-SYN-A-0094-08,ORD-SYN-A-0094,2026-06-10T20:31:07+08:00,ready_to_ship,ready_to_ship,WH-SYN-EAST,1,piece,synthetic_case_generator
WHE-SYN-A-0094-09,ORD-SYN-A-0094,2026-06-10T20:35:20+08:00,shipped_from_warehouse,shipped_from_warehouse,WH-SYN-EAST,1,piece,synthetic_case_generator
WHE-SYN-A-0095-01,ORD-SYN-A-0095,2026-06-10T19:20:46+08:00,order_received,order_received,WH-SYN-EAST,1,piece,synthetic_case_generator
WHE-SYN-A-0095-02,ORD-SYN-A-0095,2026-06-10T20:09:37+08:00,picking_started,picking_started,WH-SYN-EAST,1,piece,synthetic_case_generator
WHE-SYN-A-0095-03,ORD-SYN-A-0095,2026-06-10T21:04:41+08:00,picking_completed,picking_completed,WH-SYN-EAST,1,piece,synthetic_case_generator
WHE-SYN-A-0095-04,ORD-SYN-A-0095,2026-06-10T21:35:05+08:00,quality_check_started,quality_check_started,WH-SYN-EAST,1,piece,synthetic_case_generator
WHE-SYN-A-0095-05,ORD-SYN-A-0095,2026-06-10T22:01:18+08:00,quality_check_completed,quality_check_completed,WH-SYN-EAST,1,piece,synthetic_case_generator
WHE-SYN-A-0095-06,ORD-SYN-A-0095,2026-06-10T22:09:16+08:00,packing_started,packing_started,WH-SYN-EAST,1,piece,synthetic_case_generator
WHE-SYN-A-0095-07,ORD-SYN-A-0095,2026-06-10T22:48:38+08:00,packing_completed,packing_completed,WH-SYN-EAST,1,piece,synthetic_case_generator
WHE-SYN-A-0095-08,ORD-SYN-A-0095,2026-06-10T23:10:12+08:00,ready_to_ship,ready_to_ship,WH-SYN-EAST,1,piece,synthetic_case_generator
WHE-SYN-A-0095-09,ORD-SYN-A-0095,2026-06-10T23:13:30+08:00,shipped_from_warehouse,shipped_from_warehouse,WH-SYN-EAST,1,piece,synthetic_case_generator
WHE-SYN-A-0096-01,ORD-SYN-A-0096,2026-06-10T11:51:43+08:00,order_received,order_received,WH-SYN-EAST,5,piece,synthetic_case_generator
WHE-SYN-A-0096-02,ORD-SYN-A-0096,2026-06-10T12:36:31+08:00,picking_started,picking_started,WH-SYN-EAST,5,piece,synthetic_case_generator
WHE-SYN-A-0096-03,ORD-SYN-A-0096,2026-06-10T13:31:04+08:00,picking_completed,picking_completed,WH-SYN-EAST,5,piece,synthetic_case_generator
WHE-SYN-A-0096-04,ORD-SYN-A-0096,2026-06-10T13:59:43+08:00,quality_check_started,quality_check_started,WH-SYN-EAST,5,piece,synthetic_case_generator
WHE-SYN-A-0096-05,ORD-SYN-A-0096,2026-06-10T14:24:34+08:00,quality_check_completed,quality_check_completed,WH-SYN-EAST,5,piece,synthetic_case_generator
WHE-SYN-A-0096-06,ORD-SYN-A-0096,2026-06-10T14:30:28+08:00,packing_started,packing_started,WH-SYN-EAST,5,piece,synthetic_case_generator
WHE-SYN-A-0096-07,ORD-SYN-A-0096,2026-06-10T15:08:36+08:00,packing_completed,packing_completed,WH-SYN-EAST,5,piece,synthetic_case_generator
WHE-SYN-A-0096-08,ORD-SYN-A-0096,2026-06-10T15:22:52+08:00,ready_to_ship,ready_to_ship,WH-SYN-EAST,5,piece,synthetic_case_generator
WHE-SYN-A-0096-09,ORD-SYN-A-0096,2026-06-10T15:30:02+08:00,shipped_from_warehouse,shipped_from_warehouse,WH-SYN-EAST,5,piece,synthetic_case_generator
WHE-SYN-A-0097-01,ORD-SYN-A-0097,2026-06-10T14:22:33+08:00,order_received,order_received,WH-SYN-EAST,1,piece,synthetic_case_generator
WHE-SYN-A-0097-02,ORD-SYN-A-0097,2026-06-10T15:02:35+08:00,picking_started,picking_started,WH-SYN-EAST,1,piece,synthetic_case_generator
WHE-SYN-A-0097-03,ORD-SYN-A-0097,2026-06-10T15:50:43+08:00,picking_completed,picking_completed,WH-SYN-EAST,1,piece,synthetic_case_generator
WHE-SYN-A-0097-04,ORD-SYN-A-0097,2026-06-10T16:15:45+08:00,quality_check_started,quality_check_started,WH-SYN-EAST,1,piece,synthetic_case_generator
WHE-SYN-A-0097-05,ORD-SYN-A-0097,2026-06-10T16:45:20+08:00,quality_check_completed,quality_check_completed,WH-SYN-EAST,1,piece,synthetic_case_generator
WHE-SYN-A-0097-06,ORD-SYN-A-0097,2026-06-10T16:53:39+08:00,packing_started,packing_started,WH-SYN-EAST,1,piece,synthetic_case_generator
WHE-SYN-A-0097-07,ORD-SYN-A-0097,2026-06-10T17:30:54+08:00,packing_completed,packing_completed,WH-SYN-EAST,1,piece,synthetic_case_generator
WHE-SYN-A-0097-08,ORD-SYN-A-0097,2026-06-10T17:40:37+08:00,ready_to_ship,ready_to_ship,WH-SYN-EAST,1,piece,synthetic_case_generator
WHE-SYN-A-0097-09,ORD-SYN-A-0097,2026-06-10T17:45:13+08:00,shipped_from_warehouse,shipped_from_warehouse,WH-SYN-EAST,1,piece,synthetic_case_generator
WHE-SYN-A-0098-01,ORD-SYN-A-0098,2026-06-10T17:47:04+08:00,order_received,order_received,WH-SYN-EAST,1,piece,synthetic_case_generator
WHE-SYN-A-0098-02,ORD-SYN-A-0098,2026-06-10T18:22:53+08:00,picking_started,picking_started,WH-SYN-EAST,1,piece,synthetic_case_generator
WHE-SYN-A-0098-03,ORD-SYN-A-0098,2026-06-10T19:19:36+08:00,picking_completed,picking_completed,WH-SYN-EAST,1,piece,synthetic_case_generator
WHE-SYN-A-0098-04,ORD-SYN-A-0098,2026-06-10T19:42:39+08:00,quality_check_started,quality_check_started,WH-SYN-EAST,1,piece,synthetic_case_generator
WHE-SYN-A-0098-05,ORD-SYN-A-0098,2026-06-10T20:14:05+08:00,quality_check_completed,quality_check_completed,WH-SYN-EAST,1,piece,synthetic_case_generator
WHE-SYN-A-0098-06,ORD-SYN-A-0098,2026-06-10T20:21:16+08:00,packing_started,packing_started,WH-SYN-EAST,1,piece,synthetic_case_generator
WHE-SYN-A-0098-07,ORD-SYN-A-0098,2026-06-10T21:04:52+08:00,packing_completed,packing_completed,WH-SYN-EAST,1,piece,synthetic_case_generator
WHE-SYN-A-0098-08,ORD-SYN-A-0098,2026-06-10T21:26:10+08:00,ready_to_ship,ready_to_ship,WH-SYN-EAST,1,piece,synthetic_case_generator
WHE-SYN-A-0098-09,ORD-SYN-A-0098,2026-06-10T21:32:49+08:00,shipped_from_warehouse,shipped_from_warehouse,WH-SYN-EAST,1,piece,synthetic_case_generator
WHE-SYN-A-0099-01,ORD-SYN-A-0099,2026-06-10T10:09:04+08:00,order_received,order_received,WH-SYN-EAST,5,piece,synthetic_case_generator
WHE-SYN-A-0099-02,ORD-SYN-A-0099,2026-06-10T10:57:09+08:00,picking_started,picking_started,WH-SYN-EAST,5,piece,synthetic_case_generator
WHE-SYN-A-0099-03,ORD-SYN-A-0099,2026-06-10T11:40:00+08:00,picking_completed,picking_completed,WH-SYN-EAST,5,piece,synthetic_case_generator
WHE-SYN-A-0099-04,ORD-SYN-A-0099,2026-06-10T12:12:39+08:00,quality_check_started,quality_check_started,WH-SYN-EAST,5,piece,synthetic_case_generator
WHE-SYN-A-0099-05,ORD-SYN-A-0099,2026-06-10T12:44:11+08:00,quality_check_completed,quality_check_completed,WH-SYN-EAST,5,piece,synthetic_case_generator
WHE-SYN-A-0099-06,ORD-SYN-A-0099,2026-06-10T12:48:43+08:00,packing_started,packing_started,WH-SYN-EAST,5,piece,synthetic_case_generator
WHE-SYN-A-0099-07,ORD-SYN-A-0099,2026-06-10T13:28:18+08:00,packing_completed,packing_completed,WH-SYN-EAST,5,piece,synthetic_case_generator
WHE-SYN-A-0099-08,ORD-SYN-A-0099,2026-06-10T13:42:26+08:00,ready_to_ship,ready_to_ship,WH-SYN-EAST,5,piece,synthetic_case_generator
WHE-SYN-A-0099-09,ORD-SYN-A-0099,2026-06-10T13:47:34+08:00,shipped_from_warehouse,shipped_from_warehouse,WH-SYN-EAST,5,piece,synthetic_case_generator
WHE-SYN-A-0100-01,ORD-SYN-A-0100,2026-06-10T12:19:02+08:00,order_received,order_received,WH-SYN-EAST,1,piece,synthetic_case_generator
WHE-SYN-A-0100-02,ORD-SYN-A-0100,2026-06-10T13:02:31+08:00,picking_started,picking_started,WH-SYN-EAST,1,piece,synthetic_case_generator
WHE-SYN-A-0100-03,ORD-SYN-A-0100,2026-06-10T13:59:09+08:00,picking_completed,picking_completed,WH-SYN-EAST,1,piece,synthetic_case_generator
WHE-SYN-A-0100-04,ORD-SYN-A-0100,2026-06-10T14:30:37+08:00,quality_check_started,quality_check_started,WH-SYN-EAST,1,piece,synthetic_case_generator
WHE-SYN-A-0100-05,ORD-SYN-A-0100,2026-06-10T14:58:34+08:00,quality_check_completed,quality_check_completed,WH-SYN-EAST,1,piece,synthetic_case_generator
WHE-SYN-A-0100-06,ORD-SYN-A-0100,2026-06-10T15:05:28+08:00,packing_started,packing_started,WH-SYN-EAST,1,piece,synthetic_case_generator
WHE-SYN-A-0100-07,ORD-SYN-A-0100,2026-06-10T15:47:16+08:00,packing_completed,packing_completed,WH-SYN-EAST,1,piece,synthetic_case_generator
WHE-SYN-A-0100-08,ORD-SYN-A-0100,2026-06-10T16:14:34+08:00,ready_to_ship,ready_to_ship,WH-SYN-EAST,1,piece,synthetic_case_generator
WHE-SYN-A-0100-09,ORD-SYN-A-0100,2026-06-10T16:22:58+08:00,shipped_from_warehouse,shipped_from_warehouse,WH-SYN-EAST,1,piece,synthetic_case_generator
WHE-SYN-A-0101-01,ORD-SYN-A-0101,2026-06-11T15:55:55+08:00,order_received,order_received,WH-SYN-WEST,2,piece,synthetic_case_generator
WHE-SYN-A-0101-02,ORD-SYN-A-0101,2026-06-11T16:35:25+08:00,picking_started,picking_started,WH-SYN-WEST,2,piece,synthetic_case_generator
WHE-SYN-A-0101-03,ORD-SYN-A-0101,2026-06-11T17:28:39+08:00,picking_completed,picking_completed,WH-SYN-WEST,2,piece,synthetic_case_generator
WHE-SYN-A-0101-04,ORD-SYN-A-0101,2026-06-11T17:57:54+08:00,quality_check_started,quality_check_started,WH-SYN-WEST,2,piece,synthetic_case_generator
WHE-SYN-A-0101-05,ORD-SYN-A-0101,2026-06-11T18:19:28+08:00,quality_check_completed,quality_check_completed,WH-SYN-WEST,2,piece,synthetic_case_generator
WHE-SYN-A-0101-06,ORD-SYN-A-0101,2026-06-11T18:23:16+08:00,packing_started,packing_started,WH-SYN-WEST,2,piece,synthetic_case_generator
WHE-SYN-A-0101-07,ORD-SYN-A-0101,2026-06-11T18:55:02+08:00,packing_completed,packing_completed,WH-SYN-WEST,2,piece,synthetic_case_generator
WHE-SYN-A-0101-08,ORD-SYN-A-0101,2026-06-11T19:06:52+08:00,ready_to_ship,ready_to_ship,WH-SYN-WEST,2,piece,synthetic_case_generator
WHE-SYN-A-0101-09,ORD-SYN-A-0101,2026-06-11T19:18:12+08:00,shipped_from_warehouse,shipped_from_warehouse,WH-SYN-WEST,2,piece,synthetic_case_generator
WHE-SYN-A-0102-01,ORD-SYN-A-0102,2026-06-11T18:33:16+08:00,order_received,order_received,WH-SYN-EAST,5,piece,synthetic_case_generator
WHE-SYN-A-0102-02,ORD-SYN-A-0102,2026-06-11T19:14:59+08:00,picking_started,picking_started,WH-SYN-EAST,5,piece,synthetic_case_generator
WHE-SYN-A-0102-03,ORD-SYN-A-0102,2026-06-11T20:11:05+08:00,picking_completed,picking_completed,WH-SYN-EAST,5,piece,synthetic_case_generator
WHE-SYN-A-0102-04,ORD-SYN-A-0102,2026-06-11T20:33:17+08:00,quality_check_started,quality_check_started,WH-SYN-EAST,5,piece,synthetic_case_generator
WHE-SYN-A-0102-05,ORD-SYN-A-0102,2026-06-11T21:00:30+08:00,quality_check_completed,quality_check_completed,WH-SYN-EAST,5,piece,synthetic_case_generator
WHE-SYN-A-0102-06,ORD-SYN-A-0102,2026-06-11T21:09:29+08:00,packing_started,packing_started,WH-SYN-EAST,5,piece,synthetic_case_generator
WHE-SYN-A-0102-07,ORD-SYN-A-0102,2026-06-11T21:45:44+08:00,packing_completed,packing_completed,WH-SYN-EAST,5,piece,synthetic_case_generator
WHE-SYN-A-0102-08,ORD-SYN-A-0102,2026-06-11T22:09:50+08:00,ready_to_ship,ready_to_ship,WH-SYN-EAST,5,piece,synthetic_case_generator
WHE-SYN-A-0102-09,ORD-SYN-A-0102,2026-06-11T22:13:48+08:00,shipped_from_warehouse,shipped_from_warehouse,WH-SYN-EAST,5,piece,synthetic_case_generator
WHE-SYN-A-0103-01,ORD-SYN-A-0103,2026-06-11T10:45:19+08:00,order_received,order_received,WH-SYN-EAST,2,piece,synthetic_case_generator
WHE-SYN-A-0103-02,ORD-SYN-A-0103,2026-06-11T11:30:23+08:00,picking_started,picking_started,WH-SYN-EAST,2,piece,synthetic_case_generator
WHE-SYN-A-0103-03,ORD-SYN-A-0103,2026-06-11T12:24:47+08:00,picking_completed,picking_completed,WH-SYN-EAST,2,piece,synthetic_case_generator
WHE-SYN-A-0103-04,ORD-SYN-A-0103,2026-06-11T12:56:28+08:00,quality_check_started,quality_check_started,WH-SYN-EAST,2,piece,synthetic_case_generator
WHE-SYN-A-0103-05,ORD-SYN-A-0103,2026-06-11T13:18:09+08:00,quality_check_completed,quality_check_completed,WH-SYN-EAST,2,piece,synthetic_case_generator
WHE-SYN-A-0103-06,ORD-SYN-A-0103,2026-06-11T13:28:15+08:00,packing_started,packing_started,WH-SYN-EAST,2,piece,synthetic_case_generator
WHE-SYN-A-0103-07,ORD-SYN-A-0103,2026-06-11T14:06:26+08:00,packing_completed,packing_completed,WH-SYN-EAST,2,piece,synthetic_case_generator
WHE-SYN-A-0103-08,ORD-SYN-A-0103,2026-06-11T14:17:47+08:00,ready_to_ship,ready_to_ship,WH-SYN-EAST,2,piece,synthetic_case_generator
WHE-SYN-A-0103-09,ORD-SYN-A-0103,2026-06-11T14:28:46+08:00,shipped_from_warehouse,shipped_from_warehouse,WH-SYN-EAST,2,piece,synthetic_case_generator
WHE-SYN-A-0104-01,ORD-SYN-A-0104,2026-06-11T14:11:20+08:00,order_received,order_received,WH-SYN-EAST,2,piece,synthetic_case_generator
WHE-SYN-A-0104-02,ORD-SYN-A-0104,2026-06-11T14:54:06+08:00,picking_started,picking_started,WH-SYN-EAST,2,piece,synthetic_case_generator
WHE-SYN-A-0104-03,ORD-SYN-A-0104,2026-06-11T15:49:39+08:00,picking_completed,picking_completed,WH-SYN-EAST,2,piece,synthetic_case_generator
WHE-SYN-A-0104-04,ORD-SYN-A-0104,2026-06-11T16:11:52+08:00,quality_check_started,quality_check_started,WH-SYN-EAST,2,piece,synthetic_case_generator
WHE-SYN-A-0104-05,ORD-SYN-A-0104,2026-06-11T16:33:15+08:00,quality_check_completed,quality_check_completed,WH-SYN-EAST,2,piece,synthetic_case_generator
WHE-SYN-A-0104-06,ORD-SYN-A-0104,2026-06-11T16:42:33+08:00,packing_started,packing_started,WH-SYN-EAST,2,piece,synthetic_case_generator
WHE-SYN-A-0104-07,ORD-SYN-A-0104,2026-06-11T17:26:05+08:00,packing_completed,packing_completed,WH-SYN-EAST,2,piece,synthetic_case_generator
WHE-SYN-A-0104-08,ORD-SYN-A-0104,2026-06-11T17:51:17+08:00,ready_to_ship,ready_to_ship,WH-SYN-EAST,2,piece,synthetic_case_generator
WHE-SYN-A-0104-09,ORD-SYN-A-0104,2026-06-11T18:03:06+08:00,shipped_from_warehouse,shipped_from_warehouse,WH-SYN-EAST,2,piece,synthetic_case_generator
WHE-SYN-A-0105-01,ORD-SYN-A-0105,2026-06-11T16:35:25+08:00,order_received,order_received,WH-SYN-WEST,3,piece,synthetic_case_generator
WHE-SYN-A-0105-02,ORD-SYN-A-0105,2026-06-11T17:29:01+08:00,picking_started,picking_started,WH-SYN-WEST,3,piece,synthetic_case_generator
WHE-SYN-A-0105-03,ORD-SYN-A-0105,2026-06-11T18:23:14+08:00,picking_completed,picking_completed,WH-SYN-WEST,3,piece,synthetic_case_generator
WHE-SYN-A-0105-04,ORD-SYN-A-0105,2026-06-11T18:55:51+08:00,quality_check_started,quality_check_started,WH-SYN-WEST,3,piece,synthetic_case_generator
WHE-SYN-A-0105-05,ORD-SYN-A-0105,2026-06-11T19:26:25+08:00,quality_check_completed,quality_check_completed,WH-SYN-WEST,3,piece,synthetic_case_generator
WHE-SYN-A-0105-06,ORD-SYN-A-0105,2026-06-11T19:33:20+08:00,packing_started,packing_started,WH-SYN-WEST,3,piece,synthetic_case_generator
WHE-SYN-A-0105-07,ORD-SYN-A-0105,2026-06-11T20:07:36+08:00,packing_completed,packing_completed,WH-SYN-WEST,3,piece,synthetic_case_generator
WHE-SYN-A-0105-08,ORD-SYN-A-0105,2026-06-11T20:24:51+08:00,ready_to_ship,ready_to_ship,WH-SYN-WEST,3,piece,synthetic_case_generator
WHE-SYN-A-0105-09,ORD-SYN-A-0105,2026-06-11T20:33:04+08:00,shipped_from_warehouse,shipped_from_warehouse,WH-SYN-WEST,3,piece,synthetic_case_generator
WHE-SYN-A-0106-01,ORD-SYN-A-0106,2026-06-11T20:03:20+08:00,order_received,order_received,WH-SYN-WEST,1,piece,synthetic_case_generator
WHE-SYN-A-0106-02,ORD-SYN-A-0106,2026-06-11T20:40:47+08:00,picking_started,picking_started,WH-SYN-WEST,1,piece,synthetic_case_generator
WHE-SYN-A-0106-03,ORD-SYN-A-0106,2026-06-11T21:26:49+08:00,picking_completed,picking_completed,WH-SYN-WEST,1,piece,synthetic_case_generator
WHE-SYN-A-0106-04,ORD-SYN-A-0106,2026-06-11T21:56:34+08:00,quality_check_started,quality_check_started,WH-SYN-WEST,1,piece,synthetic_case_generator
WHE-SYN-A-0106-05,ORD-SYN-A-0106,2026-06-11T22:23:36+08:00,quality_check_completed,quality_check_completed,WH-SYN-WEST,1,piece,synthetic_case_generator
WHE-SYN-A-0106-06,ORD-SYN-A-0106,2026-06-11T22:31:07+08:00,packing_started,packing_started,WH-SYN-WEST,1,piece,synthetic_case_generator
WHE-SYN-A-0106-07,ORD-SYN-A-0106,2026-06-11T23:09:47+08:00,packing_completed,packing_completed,WH-SYN-WEST,1,piece,synthetic_case_generator
WHE-SYN-A-0106-08,ORD-SYN-A-0106,2026-06-11T23:32:05+08:00,ready_to_ship,ready_to_ship,WH-SYN-WEST,1,piece,synthetic_case_generator
WHE-SYN-A-0106-09,ORD-SYN-A-0106,2026-06-11T23:36:02+08:00,shipped_from_warehouse,shipped_from_warehouse,WH-SYN-WEST,1,piece,synthetic_case_generator
WHE-SYN-A-0107-01,ORD-SYN-A-0107,2026-06-11T11:33:17+08:00,order_received,order_received,WH-SYN-WEST,2,piece,synthetic_case_generator
WHE-SYN-A-0107-02,ORD-SYN-A-0107,2026-06-11T12:25:44+08:00,picking_started,picking_started,WH-SYN-WEST,2,piece,synthetic_case_generator
WHE-SYN-A-0107-03,ORD-SYN-A-0107,2026-06-11T13:13:03+08:00,picking_completed,picking_completed,WH-SYN-WEST,2,piece,synthetic_case_generator
WHE-SYN-A-0107-04,ORD-SYN-A-0107,2026-06-11T13:38:54+08:00,quality_check_started,quality_check_started,WH-SYN-WEST,2,piece,synthetic_case_generator
WHE-SYN-A-0107-05,ORD-SYN-A-0107,2026-06-11T14:06:13+08:00,quality_check_completed,quality_check_completed,WH-SYN-WEST,2,piece,synthetic_case_generator
WHE-SYN-A-0107-06,ORD-SYN-A-0107,2026-06-11T14:11:40+08:00,packing_started,packing_started,WH-SYN-WEST,2,piece,synthetic_case_generator
WHE-SYN-A-0107-07,ORD-SYN-A-0107,2026-06-11T14:44:18+08:00,packing_completed,packing_completed,WH-SYN-WEST,2,piece,synthetic_case_generator
WHE-SYN-A-0107-08,ORD-SYN-A-0107,2026-06-11T14:57:24+08:00,ready_to_ship,ready_to_ship,WH-SYN-WEST,2,piece,synthetic_case_generator
WHE-SYN-A-0107-09,ORD-SYN-A-0107,2026-06-11T15:05:01+08:00,shipped_from_warehouse,shipped_from_warehouse,WH-SYN-WEST,2,piece,synthetic_case_generator
WHE-SYN-A-0108-01,ORD-SYN-A-0108,2026-06-11T14:43:11+08:00,order_received,order_received,WH-SYN-WEST,2,piece,synthetic_case_generator
WHE-SYN-A-0108-02,ORD-SYN-A-0108,2026-06-11T15:16:11+08:00,picking_started,picking_started,WH-SYN-WEST,2,piece,synthetic_case_generator
WHE-SYN-A-0108-03,ORD-SYN-A-0108,2026-06-11T15:59:38+08:00,picking_completed,picking_completed,WH-SYN-WEST,2,piece,synthetic_case_generator
WHE-SYN-A-0108-04,ORD-SYN-A-0108,2026-06-11T16:23:50+08:00,quality_check_started,quality_check_started,WH-SYN-WEST,2,piece,synthetic_case_generator
WHE-SYN-A-0108-05,ORD-SYN-A-0108,2026-06-11T16:54:04+08:00,quality_check_completed,quality_check_completed,WH-SYN-WEST,2,piece,synthetic_case_generator
WHE-SYN-A-0108-06,ORD-SYN-A-0108,2026-06-11T17:01:16+08:00,packing_started,packing_started,WH-SYN-WEST,2,piece,synthetic_case_generator
WHE-SYN-A-0108-07,ORD-SYN-A-0108,2026-06-11T17:36:36+08:00,packing_completed,packing_completed,WH-SYN-WEST,2,piece,synthetic_case_generator
WHE-SYN-A-0108-08,ORD-SYN-A-0108,2026-06-11T17:54:34+08:00,ready_to_ship,ready_to_ship,WH-SYN-WEST,2,piece,synthetic_case_generator
WHE-SYN-A-0108-09,ORD-SYN-A-0108,2026-06-11T18:03:45+08:00,shipped_from_warehouse,shipped_from_warehouse,WH-SYN-WEST,2,piece,synthetic_case_generator
WHE-SYN-A-0109-01,ORD-SYN-A-0109,2026-06-11T18:22:56+08:00,order_received,order_received,WH-SYN-WEST,3,piece,synthetic_case_generator
WHE-SYN-A-0109-02,ORD-SYN-A-0109,2026-06-11T19:02:15+08:00,picking_started,picking_started,WH-SYN-WEST,3,piece,synthetic_case_generator
WHE-SYN-A-0109-03,ORD-SYN-A-0109,2026-06-11T19:59:04+08:00,picking_completed,picking_completed,WH-SYN-WEST,3,piece,synthetic_case_generator
WHE-SYN-A-0109-04,ORD-SYN-A-0109,2026-06-11T20:25:51+08:00,quality_check_started,quality_check_started,WH-SYN-WEST,3,piece,synthetic_case_generator
WHE-SYN-A-0109-05,ORD-SYN-A-0109,2026-06-11T20:49:26+08:00,quality_check_completed,quality_check_completed,WH-SYN-WEST,3,piece,synthetic_case_generator
WHE-SYN-A-0109-06,ORD-SYN-A-0109,2026-06-11T20:56:02+08:00,packing_started,packing_started,WH-SYN-WEST,3,piece,synthetic_case_generator
WHE-SYN-A-0109-07,ORD-SYN-A-0109,2026-06-11T21:33:12+08:00,packing_completed,packing_completed,WH-SYN-WEST,3,piece,synthetic_case_generator
WHE-SYN-A-0109-08,ORD-SYN-A-0109,2026-06-11T21:58:39+08:00,ready_to_ship,ready_to_ship,WH-SYN-WEST,3,piece,synthetic_case_generator
WHE-SYN-A-0109-09,ORD-SYN-A-0109,2026-06-11T22:07:06+08:00,shipped_from_warehouse,shipped_from_warehouse,WH-SYN-WEST,3,piece,synthetic_case_generator
WHE-SYN-A-0110-01,ORD-SYN-A-0110,2026-06-11T09:34:55+08:00,order_received,order_received,WH-SYN-WEST,3,piece,synthetic_case_generator
WHE-SYN-A-0110-02,ORD-SYN-A-0110,2026-06-11T10:26:18+08:00,picking_started,picking_started,WH-SYN-WEST,3,piece,synthetic_case_generator
WHE-SYN-A-0110-03,ORD-SYN-A-0110,2026-06-11T11:08:30+08:00,picking_completed,picking_completed,WH-SYN-WEST,3,piece,synthetic_case_generator
WHE-SYN-A-0110-04,ORD-SYN-A-0110,2026-06-11T11:39:56+08:00,quality_check_started,quality_check_started,WH-SYN-WEST,3,piece,synthetic_case_generator
WHE-SYN-A-0110-05,ORD-SYN-A-0110,2026-06-11T12:08:29+08:00,quality_check_completed,quality_check_completed,WH-SYN-WEST,3,piece,synthetic_case_generator
WHE-SYN-A-0110-06,ORD-SYN-A-0110,2026-06-11T12:17:15+08:00,packing_started,packing_started,WH-SYN-WEST,3,piece,synthetic_case_generator
WHE-SYN-A-0110-07,ORD-SYN-A-0110,2026-06-11T12:52:59+08:00,packing_completed,packing_completed,WH-SYN-WEST,3,piece,synthetic_case_generator
WHE-SYN-A-0110-08,ORD-SYN-A-0110,2026-06-11T13:20:22+08:00,ready_to_ship,ready_to_ship,WH-SYN-WEST,3,piece,synthetic_case_generator
WHE-SYN-A-0110-09,ORD-SYN-A-0110,2026-06-11T13:26:30+08:00,shipped_from_warehouse,shipped_from_warehouse,WH-SYN-WEST,3,piece,synthetic_case_generator
WHE-SYN-A-0111-01,ORD-SYN-A-0111,2026-06-12T13:03:43+08:00,order_received,order_received,WH-SYN-EAST,5,piece,synthetic_case_generator
WHE-SYN-A-0111-02,ORD-SYN-A-0111,2026-06-12T13:49:41+08:00,picking_started,picking_started,WH-SYN-EAST,5,piece,synthetic_case_generator
WHE-SYN-A-0111-03,ORD-SYN-A-0111,2026-06-12T14:46:24+08:00,picking_completed,picking_completed,WH-SYN-EAST,5,piece,synthetic_case_generator
WHE-SYN-A-0111-04,ORD-SYN-A-0111,2026-06-12T15:19:17+08:00,quality_check_started,quality_check_started,WH-SYN-EAST,5,piece,synthetic_case_generator
WHE-SYN-A-0111-05,ORD-SYN-A-0111,2026-06-12T15:46:20+08:00,quality_check_completed,quality_check_completed,WH-SYN-EAST,5,piece,synthetic_case_generator
WHE-SYN-A-0111-06,ORD-SYN-A-0111,2026-06-12T15:52:35+08:00,packing_started,packing_started,WH-SYN-EAST,5,piece,synthetic_case_generator
WHE-SYN-A-0111-07,ORD-SYN-A-0111,2026-06-12T16:26:41+08:00,packing_completed,packing_completed,WH-SYN-EAST,5,piece,synthetic_case_generator
WHE-SYN-A-0111-08,ORD-SYN-A-0111,2026-06-12T16:36:57+08:00,ready_to_ship,ready_to_ship,WH-SYN-EAST,5,piece,synthetic_case_generator
WHE-SYN-A-0111-09,ORD-SYN-A-0111,2026-06-12T16:46:56+08:00,shipped_from_warehouse,shipped_from_warehouse,WH-SYN-EAST,5,piece,synthetic_case_generator
WHE-SYN-A-0112-01,ORD-SYN-A-0112,2026-06-12T15:37:41+08:00,order_received,order_received,WH-SYN-EAST,1,piece,synthetic_case_generator
WHE-SYN-A-0112-02,ORD-SYN-A-0112,2026-06-12T16:29:03+08:00,picking_started,picking_started,WH-SYN-EAST,1,piece,synthetic_case_generator
WHE-SYN-A-0112-03,ORD-SYN-A-0112,2026-06-12T17:13:51+08:00,picking_completed,picking_completed,WH-SYN-EAST,1,piece,synthetic_case_generator
WHE-SYN-A-0112-04,ORD-SYN-A-0112,2026-06-12T17:37:36+08:00,quality_check_started,quality_check_started,WH-SYN-EAST,1,piece,synthetic_case_generator
WHE-SYN-A-0112-05,ORD-SYN-A-0112,2026-06-12T18:10:12+08:00,quality_check_completed,quality_check_completed,WH-SYN-EAST,1,piece,synthetic_case_generator
WHE-SYN-A-0112-06,ORD-SYN-A-0112,2026-06-12T18:13:16+08:00,packing_started,packing_started,WH-SYN-EAST,1,piece,synthetic_case_generator
WHE-SYN-A-0112-07,ORD-SYN-A-0112,2026-06-12T18:51:09+08:00,packing_completed,packing_completed,WH-SYN-EAST,1,piece,synthetic_case_generator
WHE-SYN-A-0112-08,ORD-SYN-A-0112,2026-06-12T19:11:38+08:00,ready_to_ship,ready_to_ship,WH-SYN-EAST,1,piece,synthetic_case_generator
WHE-SYN-A-0112-09,ORD-SYN-A-0112,2026-06-12T19:21:32+08:00,shipped_from_warehouse,shipped_from_warehouse,WH-SYN-EAST,1,piece,synthetic_case_generator
WHE-SYN-A-0113-01,ORD-SYN-A-0113,2026-06-12T18:57:10+08:00,order_received,order_received,WH-SYN-EAST,5,piece,synthetic_case_generator
WHE-SYN-A-0113-02,ORD-SYN-A-0113,2026-06-12T19:44:24+08:00,picking_started,picking_started,WH-SYN-EAST,5,piece,synthetic_case_generator
WHE-SYN-A-0113-03,ORD-SYN-A-0113,2026-06-12T20:37:40+08:00,picking_completed,picking_completed,WH-SYN-EAST,5,piece,synthetic_case_generator
WHE-SYN-A-0113-04,ORD-SYN-A-0113,2026-06-12T21:08:57+08:00,quality_check_started,quality_check_started,WH-SYN-EAST,5,piece,synthetic_case_generator
WHE-SYN-A-0113-05,ORD-SYN-A-0113,2026-06-12T21:30:09+08:00,quality_check_completed,quality_check_completed,WH-SYN-EAST,5,piece,synthetic_case_generator
WHE-SYN-A-0113-06,ORD-SYN-A-0113,2026-06-12T21:34:29+08:00,packing_started,packing_started,WH-SYN-EAST,5,piece,synthetic_case_generator
WHE-SYN-A-0113-07,ORD-SYN-A-0113,2026-06-12T22:08:00+08:00,packing_completed,packing_completed,WH-SYN-EAST,5,piece,synthetic_case_generator
WHE-SYN-A-0113-08,ORD-SYN-A-0113,2026-06-12T22:25:47+08:00,ready_to_ship,ready_to_ship,WH-SYN-EAST,5,piece,synthetic_case_generator
WHE-SYN-A-0113-09,ORD-SYN-A-0113,2026-06-12T22:32:40+08:00,shipped_from_warehouse,shipped_from_warehouse,WH-SYN-EAST,5,piece,synthetic_case_generator
WHE-SYN-A-0114-01,ORD-SYN-A-0114,2026-06-12T10:26:03+08:00,order_received,order_received,WH-SYN-EAST,1,piece,synthetic_case_generator
WHE-SYN-A-0114-02,ORD-SYN-A-0114,2026-06-12T11:02:29+08:00,picking_started,picking_started,WH-SYN-EAST,1,piece,synthetic_case_generator
WHE-SYN-A-0114-03,ORD-SYN-A-0114,2026-06-12T11:47:07+08:00,picking_completed,picking_completed,WH-SYN-EAST,1,piece,synthetic_case_generator
WHE-SYN-A-0114-04,ORD-SYN-A-0114,2026-06-12T12:18:04+08:00,quality_check_started,quality_check_started,WH-SYN-EAST,1,piece,synthetic_case_generator
WHE-SYN-A-0114-05,ORD-SYN-A-0114,2026-06-12T12:47:23+08:00,quality_check_completed,quality_check_completed,WH-SYN-EAST,1,piece,synthetic_case_generator
WHE-SYN-A-0114-06,ORD-SYN-A-0114,2026-06-12T12:54:54+08:00,packing_started,packing_started,WH-SYN-EAST,1,piece,synthetic_case_generator
WHE-SYN-A-0114-07,ORD-SYN-A-0114,2026-06-12T13:38:24+08:00,packing_completed,packing_completed,WH-SYN-EAST,1,piece,synthetic_case_generator
WHE-SYN-A-0114-08,ORD-SYN-A-0114,2026-06-12T14:06:51+08:00,ready_to_ship,ready_to_ship,WH-SYN-EAST,1,piece,synthetic_case_generator
WHE-SYN-A-0114-09,ORD-SYN-A-0114,2026-06-12T14:10:50+08:00,shipped_from_warehouse,shipped_from_warehouse,WH-SYN-EAST,1,piece,synthetic_case_generator
WHE-SYN-A-0115-01,ORD-SYN-A-0115,2026-06-12T13:40:59+08:00,order_received,order_received,WH-SYN-WEST,3,piece,synthetic_case_generator
WHE-SYN-A-0115-02,ORD-SYN-A-0115,2026-06-12T14:31:38+08:00,picking_started,picking_started,WH-SYN-WEST,3,piece,synthetic_case_generator
WHE-SYN-A-0115-03,ORD-SYN-A-0115,2026-06-12T15:22:31+08:00,picking_completed,picking_completed,WH-SYN-WEST,3,piece,synthetic_case_generator
WHE-SYN-A-0115-04,ORD-SYN-A-0115,2026-06-12T15:49:26+08:00,quality_check_started,quality_check_started,WH-SYN-WEST,3,piece,synthetic_case_generator
WHE-SYN-A-0115-05,ORD-SYN-A-0115,2026-06-12T16:16:51+08:00,quality_check_completed,quality_check_completed,WH-SYN-WEST,3,piece,synthetic_case_generator
WHE-SYN-A-0115-06,ORD-SYN-A-0115,2026-06-12T16:22:18+08:00,packing_started,packing_started,WH-SYN-WEST,3,piece,synthetic_case_generator
WHE-SYN-A-0115-07,ORD-SYN-A-0115,2026-06-12T16:56:12+08:00,packing_completed,packing_completed,WH-SYN-WEST,3,piece,synthetic_case_generator
WHE-SYN-A-0115-08,ORD-SYN-A-0115,2026-06-12T17:16:08+08:00,ready_to_ship,ready_to_ship,WH-SYN-WEST,3,piece,synthetic_case_generator
WHE-SYN-A-0115-09,ORD-SYN-A-0115,2026-06-12T17:21:25+08:00,shipped_from_warehouse,shipped_from_warehouse,WH-SYN-WEST,3,piece,synthetic_case_generator
WHE-SYN-A-0116-01,ORD-SYN-A-0116,2026-06-12T17:18:56+08:00,order_received,order_received,WH-SYN-WEST,2,piece,synthetic_case_generator
WHE-SYN-A-0116-02,ORD-SYN-A-0116,2026-06-12T17:54:38+08:00,picking_started,picking_started,WH-SYN-WEST,2,piece,synthetic_case_generator
WHE-SYN-A-0116-03,ORD-SYN-A-0116,2026-06-12T18:50:14+08:00,picking_completed,picking_completed,WH-SYN-WEST,2,piece,synthetic_case_generator
WHE-SYN-A-0116-04,ORD-SYN-A-0116,2026-06-12T19:19:25+08:00,quality_check_started,quality_check_started,WH-SYN-WEST,2,piece,synthetic_case_generator
WHE-SYN-A-0116-05,ORD-SYN-A-0116,2026-06-12T19:51:28+08:00,quality_check_completed,quality_check_completed,WH-SYN-WEST,2,piece,synthetic_case_generator
WHE-SYN-A-0116-06,ORD-SYN-A-0116,2026-06-12T19:54:37+08:00,packing_started,packing_started,WH-SYN-WEST,2,piece,synthetic_case_generator
WHE-SYN-A-0116-07,ORD-SYN-A-0116,2026-06-12T20:32:16+08:00,packing_completed,packing_completed,WH-SYN-WEST,2,piece,synthetic_case_generator
WHE-SYN-A-0116-08,ORD-SYN-A-0116,2026-06-12T20:41:43+08:00,ready_to_ship,ready_to_ship,WH-SYN-WEST,2,piece,synthetic_case_generator
WHE-SYN-A-0116-09,ORD-SYN-A-0116,2026-06-12T20:48:53+08:00,shipped_from_warehouse,shipped_from_warehouse,WH-SYN-WEST,2,piece,synthetic_case_generator
WHE-SYN-A-0117-01,ORD-SYN-A-0117,2026-06-12T19:38:54+08:00,order_received,order_received,WH-SYN-EAST,4,piece,synthetic_case_generator
WHE-SYN-A-0117-02,ORD-SYN-A-0117,2026-06-12T20:15:18+08:00,picking_started,picking_started,WH-SYN-EAST,4,piece,synthetic_case_generator
WHE-SYN-A-0117-03,ORD-SYN-A-0117,2026-06-12T21:03:49+08:00,picking_completed,picking_completed,WH-SYN-EAST,4,piece,synthetic_case_generator
WHE-SYN-A-0117-04,ORD-SYN-A-0117,2026-06-12T21:29:55+08:00,quality_check_started,quality_check_started,WH-SYN-EAST,4,piece,synthetic_case_generator
WHE-SYN-A-0117-05,ORD-SYN-A-0117,2026-06-12T21:58:12+08:00,quality_check_completed,quality_check_completed,WH-SYN-EAST,4,piece,synthetic_case_generator
WHE-SYN-A-0117-06,ORD-SYN-A-0117,2026-06-12T22:01:29+08:00,packing_started,packing_started,WH-SYN-EAST,4,piece,synthetic_case_generator
WHE-SYN-A-0117-07,ORD-SYN-A-0117,2026-06-12T22:44:57+08:00,packing_completed,packing_completed,WH-SYN-EAST,4,piece,synthetic_case_generator
WHE-SYN-A-0117-08,ORD-SYN-A-0117,2026-06-12T22:57:33+08:00,ready_to_ship,ready_to_ship,WH-SYN-EAST,4,piece,synthetic_case_generator
WHE-SYN-A-0117-09,ORD-SYN-A-0117,2026-06-12T23:09:12+08:00,shipped_from_warehouse,shipped_from_warehouse,WH-SYN-EAST,4,piece,synthetic_case_generator
WHE-SYN-A-0118-01,ORD-SYN-A-0118,2026-06-12T11:58:14+08:00,order_received,order_received,WH-SYN-WEST,4,piece,synthetic_case_generator
WHE-SYN-A-0118-02,ORD-SYN-A-0118,2026-06-12T12:44:32+08:00,picking_started,picking_started,WH-SYN-WEST,4,piece,synthetic_case_generator
WHE-SYN-A-0118-03,ORD-SYN-A-0118,2026-06-12T13:36:11+08:00,picking_completed,picking_completed,WH-SYN-WEST,4,piece,synthetic_case_generator
WHE-SYN-A-0118-04,ORD-SYN-A-0118,2026-06-12T14:04:55+08:00,quality_check_started,quality_check_started,WH-SYN-WEST,4,piece,synthetic_case_generator
WHE-SYN-A-0118-05,ORD-SYN-A-0118,2026-06-12T14:29:06+08:00,quality_check_completed,quality_check_completed,WH-SYN-WEST,4,piece,synthetic_case_generator
WHE-SYN-A-0118-06,ORD-SYN-A-0118,2026-06-12T14:39:43+08:00,packing_started,packing_started,WH-SYN-WEST,4,piece,synthetic_case_generator
WHE-SYN-A-0118-07,ORD-SYN-A-0118,2026-06-12T15:18:30+08:00,packing_completed,packing_completed,WH-SYN-WEST,4,piece,synthetic_case_generator
WHE-SYN-A-0118-08,ORD-SYN-A-0118,2026-06-12T15:29:32+08:00,ready_to_ship,ready_to_ship,WH-SYN-WEST,4,piece,synthetic_case_generator
WHE-SYN-A-0118-09,ORD-SYN-A-0118,2026-06-12T15:38:18+08:00,shipped_from_warehouse,shipped_from_warehouse,WH-SYN-WEST,4,piece,synthetic_case_generator
WHE-SYN-A-0119-01,ORD-SYN-A-0119,2026-06-12T14:20:45+08:00,order_received,order_received,WH-SYN-EAST,5,piece,synthetic_case_generator
WHE-SYN-A-0119-02,ORD-SYN-A-0119,2026-06-12T14:54:33+08:00,picking_started,picking_started,WH-SYN-EAST,5,piece,synthetic_case_generator
WHE-SYN-A-0119-03,ORD-SYN-A-0119,2026-06-12T15:46:33+08:00,picking_completed,picking_completed,WH-SYN-EAST,5,piece,synthetic_case_generator
WHE-SYN-A-0119-04,ORD-SYN-A-0119,2026-06-12T16:18:38+08:00,quality_check_started,quality_check_started,WH-SYN-EAST,5,piece,synthetic_case_generator
WHE-SYN-A-0119-05,ORD-SYN-A-0119,2026-06-12T16:49:48+08:00,quality_check_completed,quality_check_completed,WH-SYN-EAST,5,piece,synthetic_case_generator
WHE-SYN-A-0119-06,ORD-SYN-A-0119,2026-06-12T16:59:18+08:00,packing_started,packing_started,WH-SYN-EAST,5,piece,synthetic_case_generator
WHE-SYN-A-0119-07,ORD-SYN-A-0119,2026-06-12T17:33:28+08:00,packing_completed,packing_completed,WH-SYN-EAST,5,piece,synthetic_case_generator
WHE-SYN-A-0119-08,ORD-SYN-A-0119,2026-06-12T18:02:30+08:00,ready_to_ship,ready_to_ship,WH-SYN-EAST,5,piece,synthetic_case_generator
WHE-SYN-A-0119-09,ORD-SYN-A-0119,2026-06-12T18:13:55+08:00,shipped_from_warehouse,shipped_from_warehouse,WH-SYN-EAST,5,piece,synthetic_case_generator
WHE-SYN-A-0120-01,ORD-SYN-A-0120,2026-06-12T17:54:28+08:00,order_received,order_received,WH-SYN-WEST,1,piece,synthetic_case_generator
WHE-SYN-A-0120-02,ORD-SYN-A-0120,2026-06-12T18:31:58+08:00,picking_started,picking_started,WH-SYN-WEST,1,piece,synthetic_case_generator
WHE-SYN-A-0120-03,ORD-SYN-A-0120,2026-06-12T19:23:04+08:00,picking_completed,picking_completed,WH-SYN-WEST,1,piece,synthetic_case_generator
WHE-SYN-A-0120-04,ORD-SYN-A-0120,2026-06-12T19:44:59+08:00,quality_check_started,quality_check_started,WH-SYN-WEST,1,piece,synthetic_case_generator
WHE-SYN-A-0120-05,ORD-SYN-A-0120,2026-06-12T20:06:48+08:00,quality_check_completed,quality_check_completed,WH-SYN-WEST,1,piece,synthetic_case_generator
WHE-SYN-A-0120-06,ORD-SYN-A-0120,2026-06-12T20:10:52+08:00,packing_started,packing_started,WH-SYN-WEST,1,piece,synthetic_case_generator
WHE-SYN-A-0120-07,ORD-SYN-A-0120,2026-06-12T20:43:16+08:00,packing_completed,packing_completed,WH-SYN-WEST,1,piece,synthetic_case_generator
WHE-SYN-A-0120-08,ORD-SYN-A-0120,2026-06-12T21:11:19+08:00,ready_to_ship,ready_to_ship,WH-SYN-WEST,1,piece,synthetic_case_generator
WHE-SYN-A-0120-09,ORD-SYN-A-0120,2026-06-12T21:14:49+08:00,shipped_from_warehouse,shipped_from_warehouse,WH-SYN-WEST,1,piece,synthetic_case_generator
WHE-SYN-A-0121-01,ORD-SYN-A-0121,2026-06-13T09:18:31+08:00,order_received,order_received,WH-SYN-EAST,3,piece,synthetic_case_generator
WHE-SYN-A-0121-02,ORD-SYN-A-0121,2026-06-13T09:52:01+08:00,picking_started,picking_started,WH-SYN-EAST,3,piece,synthetic_case_generator
WHE-SYN-A-0121-03,ORD-SYN-A-0121,2026-06-13T10:36:36+08:00,picking_completed,picking_completed,WH-SYN-EAST,3,piece,synthetic_case_generator
WHE-SYN-A-0121-04,ORD-SYN-A-0121,2026-06-13T11:04:54+08:00,quality_check_started,quality_check_started,WH-SYN-EAST,3,piece,synthetic_case_generator
WHE-SYN-A-0121-05,ORD-SYN-A-0121,2026-06-13T11:29:36+08:00,quality_check_completed,quality_check_completed,WH-SYN-EAST,3,piece,synthetic_case_generator
WHE-SYN-A-0121-06,ORD-SYN-A-0121,2026-06-13T11:38:51+08:00,packing_started,packing_started,WH-SYN-EAST,3,piece,synthetic_case_generator
WHE-SYN-A-0121-07,ORD-SYN-A-0121,2026-06-13T12:23:11+08:00,packing_completed,packing_completed,WH-SYN-EAST,3,piece,synthetic_case_generator
WHE-SYN-A-0121-08,ORD-SYN-A-0121,2026-06-13T12:51:15+08:00,ready_to_ship,ready_to_ship,WH-SYN-EAST,3,piece,synthetic_case_generator
WHE-SYN-A-0121-09,ORD-SYN-A-0121,2026-06-13T13:02:23+08:00,shipped_from_warehouse,shipped_from_warehouse,WH-SYN-EAST,3,piece,synthetic_case_generator
WHE-SYN-A-0122-01,ORD-SYN-A-0122,2026-06-13T12:45:14+08:00,order_received,order_received,WH-SYN-WEST,2,piece,synthetic_case_generator
WHE-SYN-A-0122-02,ORD-SYN-A-0122,2026-06-13T13:20:42+08:00,picking_started,picking_started,WH-SYN-WEST,2,piece,synthetic_case_generator
WHE-SYN-A-0122-03,ORD-SYN-A-0122,2026-06-13T14:07:59+08:00,picking_completed,picking_completed,WH-SYN-WEST,2,piece,synthetic_case_generator
WHE-SYN-A-0122-04,ORD-SYN-A-0122,2026-06-13T14:37:47+08:00,quality_check_started,quality_check_started,WH-SYN-WEST,2,piece,synthetic_case_generator
WHE-SYN-A-0122-05,ORD-SYN-A-0122,2026-06-13T15:06:53+08:00,quality_check_completed,quality_check_completed,WH-SYN-WEST,2,piece,synthetic_case_generator
WHE-SYN-A-0122-06,ORD-SYN-A-0122,2026-06-13T15:17:26+08:00,packing_started,packing_started,WH-SYN-WEST,2,piece,synthetic_case_generator
WHE-SYN-A-0122-07,ORD-SYN-A-0122,2026-06-13T15:48:02+08:00,packing_completed,packing_completed,WH-SYN-WEST,2,piece,synthetic_case_generator
WHE-SYN-A-0122-08,ORD-SYN-A-0122,2026-06-13T16:11:12+08:00,ready_to_ship,ready_to_ship,WH-SYN-WEST,2,piece,synthetic_case_generator
WHE-SYN-A-0122-09,ORD-SYN-A-0122,2026-06-13T16:14:36+08:00,shipped_from_warehouse,shipped_from_warehouse,WH-SYN-WEST,2,piece,synthetic_case_generator
WHE-SYN-A-0123-01,ORD-SYN-A-0123,2026-06-13T16:07:18+08:00,order_received,order_received,WH-SYN-EAST,3,piece,synthetic_case_generator
WHE-SYN-A-0123-02,ORD-SYN-A-0123,2026-06-13T16:39:39+08:00,picking_started,picking_started,WH-SYN-EAST,3,piece,synthetic_case_generator
WHE-SYN-A-0123-03,ORD-SYN-A-0123,2026-06-13T17:22:23+08:00,picking_completed,picking_completed,WH-SYN-EAST,3,piece,synthetic_case_generator
WHE-SYN-A-0123-04,ORD-SYN-A-0123,2026-06-13T17:43:36+08:00,quality_check_started,quality_check_started,WH-SYN-EAST,3,piece,synthetic_case_generator
WHE-SYN-A-0123-05,ORD-SYN-A-0123,2026-06-13T18:07:36+08:00,quality_check_completed,quality_check_completed,WH-SYN-EAST,3,piece,synthetic_case_generator
WHE-SYN-A-0123-06,ORD-SYN-A-0123,2026-06-13T18:11:03+08:00,packing_started,packing_started,WH-SYN-EAST,3,piece,synthetic_case_generator
WHE-SYN-A-0123-07,ORD-SYN-A-0123,2026-06-13T18:44:30+08:00,packing_completed,packing_completed,WH-SYN-EAST,3,piece,synthetic_case_generator
WHE-SYN-A-0123-08,ORD-SYN-A-0123,2026-06-13T19:14:21+08:00,ready_to_ship,ready_to_ship,WH-SYN-EAST,3,piece,synthetic_case_generator
WHE-SYN-A-0123-09,ORD-SYN-A-0123,2026-06-13T19:24:35+08:00,shipped_from_warehouse,shipped_from_warehouse,WH-SYN-EAST,3,piece,synthetic_case_generator
WHE-SYN-A-0124-01,ORD-SYN-A-0124,2026-06-13T18:32:09+08:00,order_received,order_received,WH-SYN-EAST,1,piece,synthetic_case_generator
WHE-SYN-A-0124-02,ORD-SYN-A-0124,2026-06-13T19:21:15+08:00,picking_started,picking_started,WH-SYN-EAST,1,piece,synthetic_case_generator
WHE-SYN-A-0124-03,ORD-SYN-A-0124,2026-06-13T20:14:03+08:00,picking_completed,picking_completed,WH-SYN-EAST,1,piece,synthetic_case_generator
WHE-SYN-A-0124-04,ORD-SYN-A-0124,2026-06-13T20:46:23+08:00,quality_check_started,quality_check_started,WH-SYN-EAST,1,piece,synthetic_case_generator
WHE-SYN-A-0124-05,ORD-SYN-A-0124,2026-06-13T21:19:11+08:00,quality_check_completed,quality_check_completed,WH-SYN-EAST,1,piece,synthetic_case_generator
WHE-SYN-A-0124-06,ORD-SYN-A-0124,2026-06-13T21:22:50+08:00,packing_started,packing_started,WH-SYN-EAST,1,piece,synthetic_case_generator
WHE-SYN-A-0124-07,ORD-SYN-A-0124,2026-06-13T22:05:09+08:00,packing_completed,packing_completed,WH-SYN-EAST,1,piece,synthetic_case_generator
WHE-SYN-A-0124-08,ORD-SYN-A-0124,2026-06-13T22:34:41+08:00,ready_to_ship,ready_to_ship,WH-SYN-EAST,1,piece,synthetic_case_generator
WHE-SYN-A-0124-09,ORD-SYN-A-0124,2026-06-13T22:41:07+08:00,shipped_from_warehouse,shipped_from_warehouse,WH-SYN-EAST,1,piece,synthetic_case_generator
WHE-SYN-A-0125-01,ORD-SYN-A-0125,2026-06-13T10:53:53+08:00,order_received,order_received,WH-SYN-WEST,4,piece,synthetic_case_generator
WHE-SYN-A-0125-02,ORD-SYN-A-0125,2026-06-13T11:42:44+08:00,picking_started,picking_started,WH-SYN-WEST,4,piece,synthetic_case_generator
WHE-SYN-A-0125-03,ORD-SYN-A-0125,2026-06-13T12:32:14+08:00,picking_completed,picking_completed,WH-SYN-WEST,4,piece,synthetic_case_generator
WHE-SYN-A-0125-04,ORD-SYN-A-0125,2026-06-13T12:53:30+08:00,quality_check_started,quality_check_started,WH-SYN-WEST,4,piece,synthetic_case_generator
WHE-SYN-A-0125-05,ORD-SYN-A-0125,2026-06-13T13:17:20+08:00,quality_check_completed,quality_check_completed,WH-SYN-WEST,4,piece,synthetic_case_generator
WHE-SYN-A-0125-06,ORD-SYN-A-0125,2026-06-13T13:21:39+08:00,packing_started,packing_started,WH-SYN-WEST,4,piece,synthetic_case_generator
WHE-SYN-A-0125-07,ORD-SYN-A-0125,2026-06-13T13:51:59+08:00,packing_completed,packing_completed,WH-SYN-WEST,4,piece,synthetic_case_generator
WHE-SYN-A-0125-08,ORD-SYN-A-0125,2026-06-13T14:11:23+08:00,ready_to_ship,ready_to_ship,WH-SYN-WEST,4,piece,synthetic_case_generator
WHE-SYN-A-0125-09,ORD-SYN-A-0125,2026-06-13T14:23:06+08:00,shipped_from_warehouse,shipped_from_warehouse,WH-SYN-WEST,4,piece,synthetic_case_generator
WHE-SYN-A-0126-01,ORD-SYN-A-0126,2026-06-13T13:23:51+08:00,order_received,order_received,WH-SYN-WEST,1,piece,synthetic_case_generator
WHE-SYN-A-0126-02,ORD-SYN-A-0126,2026-06-13T14:15:52+08:00,picking_started,picking_started,WH-SYN-WEST,1,piece,synthetic_case_generator
WHE-SYN-A-0126-03,ORD-SYN-A-0126,2026-06-13T15:11:57+08:00,picking_completed,picking_completed,WH-SYN-WEST,1,piece,synthetic_case_generator
WHE-SYN-A-0126-04,ORD-SYN-A-0126,2026-06-13T15:35:27+08:00,quality_check_started,quality_check_started,WH-SYN-WEST,1,piece,synthetic_case_generator
WHE-SYN-A-0126-05,ORD-SYN-A-0126,2026-06-13T16:08:23+08:00,quality_check_completed,quality_check_completed,WH-SYN-WEST,1,piece,synthetic_case_generator
WHE-SYN-A-0126-06,ORD-SYN-A-0126,2026-06-13T16:14:58+08:00,packing_started,packing_started,WH-SYN-WEST,1,piece,synthetic_case_generator
WHE-SYN-A-0126-07,ORD-SYN-A-0126,2026-06-13T16:48:31+08:00,packing_completed,packing_completed,WH-SYN-WEST,1,piece,synthetic_case_generator
WHE-SYN-A-0126-08,ORD-SYN-A-0126,2026-06-13T17:04:36+08:00,ready_to_ship,ready_to_ship,WH-SYN-WEST,1,piece,synthetic_case_generator
WHE-SYN-A-0126-09,ORD-SYN-A-0126,2026-06-13T17:10:32+08:00,shipped_from_warehouse,shipped_from_warehouse,WH-SYN-WEST,1,piece,synthetic_case_generator
WHE-SYN-A-0127-01,ORD-SYN-A-0127,2026-06-13T16:44:45+08:00,order_received,order_received,WH-SYN-WEST,5,piece,synthetic_case_generator
WHE-SYN-A-0127-02,ORD-SYN-A-0127,2026-06-13T17:31:21+08:00,picking_started,picking_started,WH-SYN-WEST,5,piece,synthetic_case_generator
WHE-SYN-A-0127-03,ORD-SYN-A-0127,2026-06-13T18:19:05+08:00,picking_completed,picking_completed,WH-SYN-WEST,5,piece,synthetic_case_generator
WHE-SYN-A-0127-04,ORD-SYN-A-0127,2026-06-13T18:50:45+08:00,quality_check_started,quality_check_started,WH-SYN-WEST,5,piece,synthetic_case_generator
WHE-SYN-A-0127-05,ORD-SYN-A-0127,2026-06-13T19:22:35+08:00,quality_check_completed,quality_check_completed,WH-SYN-WEST,5,piece,synthetic_case_generator
WHE-SYN-A-0127-06,ORD-SYN-A-0127,2026-06-13T19:34:26+08:00,packing_started,packing_started,WH-SYN-WEST,5,piece,synthetic_case_generator
WHE-SYN-A-0127-07,ORD-SYN-A-0127,2026-06-13T20:12:50+08:00,packing_completed,packing_completed,WH-SYN-WEST,5,piece,synthetic_case_generator
WHE-SYN-A-0127-08,ORD-SYN-A-0127,2026-06-13T20:30:16+08:00,ready_to_ship,ready_to_ship,WH-SYN-WEST,5,piece,synthetic_case_generator
WHE-SYN-A-0127-09,ORD-SYN-A-0127,2026-06-13T20:40:29+08:00,shipped_from_warehouse,shipped_from_warehouse,WH-SYN-WEST,5,piece,synthetic_case_generator
WHE-SYN-A-0128-01,ORD-SYN-A-0128,2026-06-13T20:09:09+08:00,order_received,order_received,WH-SYN-WEST,4,piece,synthetic_case_generator
WHE-SYN-A-0128-02,ORD-SYN-A-0128,2026-06-13T20:55:00+08:00,picking_started,picking_started,WH-SYN-WEST,4,piece,synthetic_case_generator
WHE-SYN-A-0128-03,ORD-SYN-A-0128,2026-06-13T21:40:34+08:00,picking_completed,picking_completed,WH-SYN-WEST,4,piece,synthetic_case_generator
WHE-SYN-A-0128-04,ORD-SYN-A-0128,2026-06-13T22:01:38+08:00,quality_check_started,quality_check_started,WH-SYN-WEST,4,piece,synthetic_case_generator
WHE-SYN-A-0128-05,ORD-SYN-A-0128,2026-06-13T22:26:11+08:00,quality_check_completed,quality_check_completed,WH-SYN-WEST,4,piece,synthetic_case_generator
WHE-SYN-A-0128-06,ORD-SYN-A-0128,2026-06-13T22:35:51+08:00,packing_started,packing_started,WH-SYN-WEST,4,piece,synthetic_case_generator
WHE-SYN-A-0128-07,ORD-SYN-A-0128,2026-06-13T23:19:27+08:00,packing_completed,packing_completed,WH-SYN-WEST,4,piece,synthetic_case_generator
WHE-SYN-A-0128-08,ORD-SYN-A-0128,2026-06-13T23:42:58+08:00,ready_to_ship,ready_to_ship,WH-SYN-WEST,4,piece,synthetic_case_generator
WHE-SYN-A-0128-09,ORD-SYN-A-0128,2026-06-13T23:49:01+08:00,shipped_from_warehouse,shipped_from_warehouse,WH-SYN-WEST,4,piece,synthetic_case_generator
WHE-SYN-A-0129-01,ORD-SYN-A-0129,2026-06-13T11:34:40+08:00,order_received,order_received,WH-SYN-EAST,5,piece,synthetic_case_generator
WHE-SYN-A-0129-02,ORD-SYN-A-0129,2026-06-13T12:25:28+08:00,picking_started,picking_started,WH-SYN-EAST,5,piece,synthetic_case_generator
WHE-SYN-A-0129-03,ORD-SYN-A-0129,2026-06-13T13:08:33+08:00,picking_completed,picking_completed,WH-SYN-EAST,5,piece,synthetic_case_generator
WHE-SYN-A-0129-04,ORD-SYN-A-0129,2026-06-13T13:35:17+08:00,quality_check_started,quality_check_started,WH-SYN-EAST,5,piece,synthetic_case_generator
WHE-SYN-A-0129-05,ORD-SYN-A-0129,2026-06-13T14:01:12+08:00,quality_check_completed,quality_check_completed,WH-SYN-EAST,5,piece,synthetic_case_generator
WHE-SYN-A-0129-06,ORD-SYN-A-0129,2026-06-13T14:04:52+08:00,packing_started,packing_started,WH-SYN-EAST,5,piece,synthetic_case_generator
WHE-SYN-A-0129-07,ORD-SYN-A-0129,2026-06-13T14:40:07+08:00,packing_completed,packing_completed,WH-SYN-EAST,5,piece,synthetic_case_generator
WHE-SYN-A-0129-08,ORD-SYN-A-0129,2026-06-13T15:00:21+08:00,ready_to_ship,ready_to_ship,WH-SYN-EAST,5,piece,synthetic_case_generator
WHE-SYN-A-0129-09,ORD-SYN-A-0129,2026-06-13T15:09:46+08:00,shipped_from_warehouse,shipped_from_warehouse,WH-SYN-EAST,5,piece,synthetic_case_generator
WHE-SYN-A-0130-01,ORD-SYN-A-0130,2026-06-13T14:57:42+08:00,order_received,order_received,WH-SYN-EAST,1,piece,synthetic_case_generator
WHE-SYN-A-0130-02,ORD-SYN-A-0130,2026-06-13T15:48:48+08:00,picking_started,picking_started,WH-SYN-EAST,1,piece,synthetic_case_generator
WHE-SYN-A-0130-03,ORD-SYN-A-0130,2026-06-13T16:34:13+08:00,picking_completed,picking_completed,WH-SYN-EAST,1,piece,synthetic_case_generator
WHE-SYN-A-0130-04,ORD-SYN-A-0130,2026-06-13T16:55:42+08:00,quality_check_started,quality_check_started,WH-SYN-EAST,1,piece,synthetic_case_generator
WHE-SYN-A-0130-05,ORD-SYN-A-0130,2026-06-13T17:25:54+08:00,quality_check_completed,quality_check_completed,WH-SYN-EAST,1,piece,synthetic_case_generator
WHE-SYN-A-0130-06,ORD-SYN-A-0130,2026-06-13T17:35:10+08:00,packing_started,packing_started,WH-SYN-EAST,1,piece,synthetic_case_generator
WHE-SYN-A-0130-07,ORD-SYN-A-0130,2026-06-13T18:08:46+08:00,packing_completed,packing_completed,WH-SYN-EAST,1,piece,synthetic_case_generator
WHE-SYN-A-0130-08,ORD-SYN-A-0130,2026-06-13T18:32:37+08:00,ready_to_ship,ready_to_ship,WH-SYN-EAST,1,piece,synthetic_case_generator
WHE-SYN-A-0130-09,ORD-SYN-A-0130,2026-06-13T18:38:51+08:00,shipped_from_warehouse,shipped_from_warehouse,WH-SYN-EAST,1,piece,synthetic_case_generator
WHE-SYN-A-0131-01,ORD-SYN-A-0131,2026-06-14T17:28:06+08:00,order_received,order_received,WH-SYN-WEST,4,piece,synthetic_case_generator
WHE-SYN-A-0131-02,ORD-SYN-A-0131,2026-06-14T18:06:26+08:00,picking_started,picking_started,WH-SYN-WEST,4,piece,synthetic_case_generator
WHE-SYN-A-0131-03,ORD-SYN-A-0131,2026-06-14T18:56:25+08:00,picking_completed,picking_completed,WH-SYN-WEST,4,piece,synthetic_case_generator
WHE-SYN-A-0131-04,ORD-SYN-A-0131,2026-06-14T19:27:23+08:00,quality_check_started,quality_check_started,WH-SYN-WEST,4,piece,synthetic_case_generator
WHE-SYN-A-0131-05,ORD-SYN-A-0131,2026-06-14T19:56:35+08:00,quality_check_completed,quality_check_completed,WH-SYN-WEST,4,piece,synthetic_case_generator
WHE-SYN-A-0131-06,ORD-SYN-A-0131,2026-06-14T20:03:21+08:00,packing_started,packing_started,WH-SYN-WEST,4,piece,synthetic_case_generator
WHE-SYN-A-0131-07,ORD-SYN-A-0131,2026-06-14T20:47:08+08:00,packing_completed,packing_completed,WH-SYN-WEST,4,piece,synthetic_case_generator
WHE-SYN-A-0131-08,ORD-SYN-A-0131,2026-06-14T20:58:06+08:00,ready_to_ship,ready_to_ship,WH-SYN-WEST,4,piece,synthetic_case_generator
WHE-SYN-A-0131-09,ORD-SYN-A-0131,2026-06-14T21:05:30+08:00,shipped_from_warehouse,shipped_from_warehouse,WH-SYN-WEST,4,piece,synthetic_case_generator
WHE-SYN-A-0132-01,ORD-SYN-A-0132,2026-06-14T09:48:06+08:00,order_received,order_received,WH-SYN-EAST,2,piece,synthetic_case_generator
WHE-SYN-A-0132-02,ORD-SYN-A-0132,2026-06-14T10:39:17+08:00,picking_started,picking_started,WH-SYN-EAST,2,piece,synthetic_case_generator
WHE-SYN-A-0132-03,ORD-SYN-A-0132,2026-06-14T11:23:16+08:00,picking_completed,picking_completed,WH-SYN-EAST,2,piece,synthetic_case_generator
WHE-SYN-A-0132-04,ORD-SYN-A-0132,2026-06-14T11:44:41+08:00,quality_check_started,quality_check_started,WH-SYN-EAST,2,piece,synthetic_case_generator
WHE-SYN-A-0132-05,ORD-SYN-A-0132,2026-06-14T12:09:12+08:00,quality_check_completed,quality_check_completed,WH-SYN-EAST,2,piece,synthetic_case_generator
WHE-SYN-A-0132-06,ORD-SYN-A-0132,2026-06-14T12:20:36+08:00,packing_started,packing_started,WH-SYN-EAST,2,piece,synthetic_case_generator
WHE-SYN-A-0132-07,ORD-SYN-A-0132,2026-06-14T12:52:39+08:00,packing_completed,packing_completed,WH-SYN-EAST,2,piece,synthetic_case_generator
WHE-SYN-A-0132-08,ORD-SYN-A-0132,2026-06-14T13:15:26+08:00,ready_to_ship,ready_to_ship,WH-SYN-EAST,2,piece,synthetic_case_generator
WHE-SYN-A-0132-09,ORD-SYN-A-0132,2026-06-14T13:23:06+08:00,shipped_from_warehouse,shipped_from_warehouse,WH-SYN-EAST,2,piece,synthetic_case_generator
WHE-SYN-A-0133-01,ORD-SYN-A-0133,2026-06-14T12:20:32+08:00,order_received,order_received,WH-SYN-WEST,3,piece,synthetic_case_generator
WHE-SYN-A-0133-02,ORD-SYN-A-0133,2026-06-14T13:07:02+08:00,picking_started,picking_started,WH-SYN-WEST,3,piece,synthetic_case_generator
WHE-SYN-A-0133-03,ORD-SYN-A-0133,2026-06-14T13:59:59+08:00,picking_completed,picking_completed,WH-SYN-WEST,3,piece,synthetic_case_generator
WHE-SYN-A-0133-04,ORD-SYN-A-0133,2026-06-14T14:26:41+08:00,quality_check_started,quality_check_started,WH-SYN-WEST,3,piece,synthetic_case_generator
WHE-SYN-A-0133-05,ORD-SYN-A-0133,2026-06-14T14:55:28+08:00,quality_check_completed,quality_check_completed,WH-SYN-WEST,3,piece,synthetic_case_generator
WHE-SYN-A-0133-06,ORD-SYN-A-0133,2026-06-14T15:05:35+08:00,packing_started,packing_started,WH-SYN-WEST,3,piece,synthetic_case_generator
WHE-SYN-A-0133-07,ORD-SYN-A-0133,2026-06-14T15:41:45+08:00,packing_completed,packing_completed,WH-SYN-WEST,3,piece,synthetic_case_generator
WHE-SYN-A-0133-08,ORD-SYN-A-0133,2026-06-14T16:01:03+08:00,ready_to_ship,ready_to_ship,WH-SYN-WEST,3,piece,synthetic_case_generator
WHE-SYN-A-0133-09,ORD-SYN-A-0133,2026-06-14T16:06:52+08:00,shipped_from_warehouse,shipped_from_warehouse,WH-SYN-WEST,3,piece,synthetic_case_generator
WHE-SYN-A-0134-01,ORD-SYN-A-0134,2026-06-14T15:36:36+08:00,order_received,order_received,WH-SYN-EAST,2,piece,synthetic_case_generator
WHE-SYN-A-0134-02,ORD-SYN-A-0134,2026-06-14T16:29:55+08:00,picking_started,picking_started,WH-SYN-EAST,2,piece,synthetic_case_generator
WHE-SYN-A-0134-03,ORD-SYN-A-0134,2026-06-14T17:22:34+08:00,picking_completed,picking_completed,WH-SYN-EAST,2,piece,synthetic_case_generator
WHE-SYN-A-0134-04,ORD-SYN-A-0134,2026-06-14T17:50:33+08:00,quality_check_started,quality_check_started,WH-SYN-EAST,2,piece,synthetic_case_generator
WHE-SYN-A-0134-05,ORD-SYN-A-0134,2026-06-14T18:12:36+08:00,quality_check_completed,quality_check_completed,WH-SYN-EAST,2,piece,synthetic_case_generator
WHE-SYN-A-0134-06,ORD-SYN-A-0134,2026-06-14T18:24:29+08:00,packing_started,packing_started,WH-SYN-EAST,2,piece,synthetic_case_generator
WHE-SYN-A-0134-07,ORD-SYN-A-0134,2026-06-14T19:07:50+08:00,packing_completed,packing_completed,WH-SYN-EAST,2,piece,synthetic_case_generator
WHE-SYN-A-0134-08,ORD-SYN-A-0134,2026-06-14T19:25:41+08:00,ready_to_ship,ready_to_ship,WH-SYN-EAST,2,piece,synthetic_case_generator
WHE-SYN-A-0134-09,ORD-SYN-A-0134,2026-06-14T19:37:39+08:00,shipped_from_warehouse,shipped_from_warehouse,WH-SYN-EAST,2,piece,synthetic_case_generator
WHE-SYN-A-0135-01,ORD-SYN-A-0135,2026-06-14T19:13:19+08:00,order_received,order_received,WH-SYN-WEST,1,piece,synthetic_case_generator
WHE-SYN-A-0135-02,ORD-SYN-A-0135,2026-06-14T19:59:32+08:00,picking_started,picking_started,WH-SYN-WEST,1,piece,synthetic_case_generator
WHE-SYN-A-0135-03,ORD-SYN-A-0135,2026-06-14T20:46:29+08:00,picking_completed,picking_completed,WH-SYN-WEST,1,piece,synthetic_case_generator
WHE-SYN-A-0135-04,ORD-SYN-A-0135,2026-06-14T21:13:30+08:00,quality_check_started,quality_check_started,WH-SYN-WEST,1,piece,synthetic_case_generator
WHE-SYN-A-0135-05,ORD-SYN-A-0135,2026-06-14T21:37:12+08:00,quality_check_completed,quality_check_completed,WH-SYN-WEST,1,piece,synthetic_case_generator
WHE-SYN-A-0135-06,ORD-SYN-A-0135,2026-06-14T21:43:50+08:00,packing_started,packing_started,WH-SYN-WEST,1,piece,synthetic_case_generator
WHE-SYN-A-0135-07,ORD-SYN-A-0135,2026-06-14T22:25:59+08:00,packing_completed,packing_completed,WH-SYN-WEST,1,piece,synthetic_case_generator
WHE-SYN-A-0135-08,ORD-SYN-A-0135,2026-06-14T22:43:55+08:00,ready_to_ship,ready_to_ship,WH-SYN-WEST,1,piece,synthetic_case_generator
WHE-SYN-A-0135-09,ORD-SYN-A-0135,2026-06-14T22:51:39+08:00,shipped_from_warehouse,shipped_from_warehouse,WH-SYN-WEST,1,piece,synthetic_case_generator
WHE-SYN-A-0136-01,ORD-SYN-A-0136,2026-06-14T10:23:15+08:00,order_received,order_received,WH-SYN-EAST,1,piece,synthetic_case_generator
WHE-SYN-A-0136-02,ORD-SYN-A-0136,2026-06-14T11:03:08+08:00,picking_started,picking_started,WH-SYN-EAST,1,piece,synthetic_case_generator
WHE-SYN-A-0136-03,ORD-SYN-A-0136,2026-06-14T11:58:02+08:00,picking_completed,picking_completed,WH-SYN-EAST,1,piece,synthetic_case_generator
WHE-SYN-A-0136-04,ORD-SYN-A-0136,2026-06-14T12:26:23+08:00,quality_check_started,quality_check_started,WH-SYN-EAST,1,piece,synthetic_case_generator
WHE-SYN-A-0136-05,ORD-SYN-A-0136,2026-06-14T12:50:32+08:00,quality_check_completed,quality_check_completed,WH-SYN-EAST,1,piece,synthetic_case_generator
WHE-SYN-A-0136-06,ORD-SYN-A-0136,2026-06-14T13:01:37+08:00,packing_started,packing_started,WH-SYN-EAST,1,piece,synthetic_case_generator
WHE-SYN-A-0136-07,ORD-SYN-A-0136,2026-06-14T13:34:42+08:00,packing_completed,packing_completed,WH-SYN-EAST,1,piece,synthetic_case_generator
WHE-SYN-A-0136-08,ORD-SYN-A-0136,2026-06-14T13:58:00+08:00,ready_to_ship,ready_to_ship,WH-SYN-EAST,1,piece,synthetic_case_generator
WHE-SYN-A-0136-09,ORD-SYN-A-0136,2026-06-14T14:07:44+08:00,shipped_from_warehouse,shipped_from_warehouse,WH-SYN-EAST,1,piece,synthetic_case_generator
WHE-SYN-A-0137-01,ORD-SYN-A-0137,2026-06-14T13:52:38+08:00,order_received,order_received,WH-SYN-WEST,3,piece,synthetic_case_generator
WHE-SYN-A-0137-02,ORD-SYN-A-0137,2026-06-14T14:40:36+08:00,picking_started,picking_started,WH-SYN-WEST,3,piece,synthetic_case_generator
WHE-SYN-A-0137-03,ORD-SYN-A-0137,2026-06-14T15:25:10+08:00,picking_completed,picking_completed,WH-SYN-WEST,3,piece,synthetic_case_generator
WHE-SYN-A-0137-04,ORD-SYN-A-0137,2026-06-14T15:53:50+08:00,quality_check_started,quality_check_started,WH-SYN-WEST,3,piece,synthetic_case_generator
WHE-SYN-A-0137-05,ORD-SYN-A-0137,2026-06-14T16:17:01+08:00,quality_check_completed,quality_check_completed,WH-SYN-WEST,3,piece,synthetic_case_generator
WHE-SYN-A-0137-06,ORD-SYN-A-0137,2026-06-14T16:23:08+08:00,packing_started,packing_started,WH-SYN-WEST,3,piece,synthetic_case_generator
WHE-SYN-A-0137-07,ORD-SYN-A-0137,2026-06-14T17:02:46+08:00,packing_completed,packing_completed,WH-SYN-WEST,3,piece,synthetic_case_generator
WHE-SYN-A-0137-08,ORD-SYN-A-0137,2026-06-14T17:19:22+08:00,ready_to_ship,ready_to_ship,WH-SYN-WEST,3,piece,synthetic_case_generator
WHE-SYN-A-0137-09,ORD-SYN-A-0137,2026-06-14T17:23:29+08:00,shipped_from_warehouse,shipped_from_warehouse,WH-SYN-WEST,3,piece,synthetic_case_generator
WHE-SYN-A-0138-01,ORD-SYN-A-0138,2026-06-14T16:11:51+08:00,order_received,order_received,WH-SYN-EAST,4,piece,synthetic_case_generator
WHE-SYN-A-0138-02,ORD-SYN-A-0138,2026-06-14T16:56:58+08:00,picking_started,picking_started,WH-SYN-EAST,4,piece,synthetic_case_generator
WHE-SYN-A-0138-03,ORD-SYN-A-0138,2026-06-14T17:51:05+08:00,picking_completed,picking_completed,WH-SYN-EAST,4,piece,synthetic_case_generator
WHE-SYN-A-0138-04,ORD-SYN-A-0138,2026-06-14T18:17:53+08:00,quality_check_started,quality_check_started,WH-SYN-EAST,4,piece,synthetic_case_generator
WHE-SYN-A-0138-05,ORD-SYN-A-0138,2026-06-14T18:48:05+08:00,quality_check_completed,quality_check_completed,WH-SYN-EAST,4,piece,synthetic_case_generator
WHE-SYN-A-0138-06,ORD-SYN-A-0138,2026-06-14T18:51:28+08:00,packing_started,packing_started,WH-SYN-EAST,4,piece,synthetic_case_generator
WHE-SYN-A-0138-07,ORD-SYN-A-0138,2026-06-14T19:30:24+08:00,packing_completed,packing_completed,WH-SYN-EAST,4,piece,synthetic_case_generator
WHE-SYN-A-0138-08,ORD-SYN-A-0138,2026-06-14T19:52:12+08:00,ready_to_ship,ready_to_ship,WH-SYN-EAST,4,piece,synthetic_case_generator
WHE-SYN-A-0138-09,ORD-SYN-A-0138,2026-06-14T19:58:33+08:00,shipped_from_warehouse,shipped_from_warehouse,WH-SYN-EAST,4,piece,synthetic_case_generator
WHE-SYN-A-0139-01,ORD-SYN-A-0139,2026-06-14T19:52:55+08:00,order_received,order_received,WH-SYN-EAST,5,piece,synthetic_case_generator
WHE-SYN-A-0139-02,ORD-SYN-A-0139,2026-06-14T20:29:02+08:00,picking_started,picking_started,WH-SYN-EAST,5,piece,synthetic_case_generator
WHE-SYN-A-0139-03,ORD-SYN-A-0139,2026-06-14T21:19:47+08:00,picking_completed,picking_completed,WH-SYN-EAST,5,piece,synthetic_case_generator
WHE-SYN-A-0139-04,ORD-SYN-A-0139,2026-06-14T21:42:49+08:00,quality_check_started,quality_check_started,WH-SYN-EAST,5,piece,synthetic_case_generator
WHE-SYN-A-0139-05,ORD-SYN-A-0139,2026-06-14T22:07:54+08:00,quality_check_completed,quality_check_completed,WH-SYN-EAST,5,piece,synthetic_case_generator
WHE-SYN-A-0139-06,ORD-SYN-A-0139,2026-06-14T22:14:54+08:00,packing_started,packing_started,WH-SYN-EAST,5,piece,synthetic_case_generator
WHE-SYN-A-0139-07,ORD-SYN-A-0139,2026-06-14T22:50:41+08:00,packing_completed,packing_completed,WH-SYN-EAST,5,piece,synthetic_case_generator
WHE-SYN-A-0139-08,ORD-SYN-A-0139,2026-06-14T23:02:00+08:00,ready_to_ship,ready_to_ship,WH-SYN-EAST,5,piece,synthetic_case_generator
WHE-SYN-A-0139-09,ORD-SYN-A-0139,2026-06-14T23:13:11+08:00,shipped_from_warehouse,shipped_from_warehouse,WH-SYN-EAST,5,piece,synthetic_case_generator
WHE-SYN-A-0140-01,ORD-SYN-A-0140,2026-06-14T12:00:07+08:00,order_received,order_received,WH-SYN-EAST,2,piece,synthetic_case_generator
WHE-SYN-A-0140-02,ORD-SYN-A-0140,2026-06-14T12:39:49+08:00,picking_started,picking_started,WH-SYN-EAST,2,piece,synthetic_case_generator
WHE-SYN-A-0140-03,ORD-SYN-A-0140,2026-06-14T13:25:36+08:00,picking_completed,picking_completed,WH-SYN-EAST,2,piece,synthetic_case_generator
WHE-SYN-A-0140-04,ORD-SYN-A-0140,2026-06-14T13:51:40+08:00,quality_check_started,quality_check_started,WH-SYN-EAST,2,piece,synthetic_case_generator
WHE-SYN-A-0140-05,ORD-SYN-A-0140,2026-06-14T14:13:44+08:00,quality_check_completed,quality_check_completed,WH-SYN-EAST,2,piece,synthetic_case_generator
WHE-SYN-A-0140-06,ORD-SYN-A-0140,2026-06-14T14:22:03+08:00,packing_started,packing_started,WH-SYN-EAST,2,piece,synthetic_case_generator
WHE-SYN-A-0140-07,ORD-SYN-A-0140,2026-06-14T14:55:47+08:00,packing_completed,packing_completed,WH-SYN-EAST,2,piece,synthetic_case_generator
WHE-SYN-A-0140-08,ORD-SYN-A-0140,2026-06-14T15:14:00+08:00,ready_to_ship,ready_to_ship,WH-SYN-EAST,2,piece,synthetic_case_generator
WHE-SYN-A-0140-09,ORD-SYN-A-0140,2026-06-14T15:17:33+08:00,shipped_from_warehouse,shipped_from_warehouse,WH-SYN-EAST,2,piece,synthetic_case_generator
WHE-SYN-A-0141-01,ORD-SYN-A-0141,2026-06-15T14:45:14+08:00,order_received,order_received,WH-SYN-EAST,1,piece,synthetic_case_generator
WHE-SYN-A-0141-02,ORD-SYN-A-0141,2026-06-15T15:21:20+08:00,picking_started,picking_started,WH-SYN-EAST,1,piece,synthetic_case_generator
WHE-SYN-A-0141-03,ORD-SYN-A-0141,2026-06-15T16:11:43+08:00,picking_completed,picking_completed,WH-SYN-EAST,1,piece,synthetic_case_generator
WHE-SYN-A-0141-04,ORD-SYN-A-0141,2026-06-15T16:43:37+08:00,quality_check_started,quality_check_started,WH-SYN-EAST,1,piece,synthetic_case_generator
WHE-SYN-A-0141-05,ORD-SYN-A-0141,2026-06-15T17:09:13+08:00,quality_check_completed,quality_check_completed,WH-SYN-EAST,1,piece,synthetic_case_generator
WHE-SYN-A-0141-06,ORD-SYN-A-0141,2026-06-15T17:19:36+08:00,packing_started,packing_started,WH-SYN-EAST,1,piece,synthetic_case_generator
WHE-SYN-A-0141-07,ORD-SYN-A-0141,2026-06-15T17:55:16+08:00,packing_completed,packing_completed,WH-SYN-EAST,1,piece,synthetic_case_generator
WHE-SYN-A-0141-08,ORD-SYN-A-0141,2026-06-15T18:10:43+08:00,ready_to_ship,ready_to_ship,WH-SYN-EAST,1,piece,synthetic_case_generator
WHE-SYN-A-0141-09,ORD-SYN-A-0141,2026-06-15T18:19:53+08:00,shipped_from_warehouse,shipped_from_warehouse,WH-SYN-EAST,1,piece,synthetic_case_generator
WHE-SYN-A-0142-01,ORD-SYN-A-0142,2026-06-15T18:07:23+08:00,order_received,order_received,WH-SYN-WEST,1,piece,synthetic_case_generator
WHE-SYN-A-0142-02,ORD-SYN-A-0142,2026-06-15T18:48:04+08:00,picking_started,picking_started,WH-SYN-WEST,1,piece,synthetic_case_generator
WHE-SYN-A-0142-03,ORD-SYN-A-0142,2026-06-15T19:36:19+08:00,picking_completed,picking_completed,WH-SYN-WEST,1,piece,synthetic_case_generator
WHE-SYN-A-0142-04,ORD-SYN-A-0142,2026-06-15T19:58:33+08:00,quality_check_started,quality_check_started,WH-SYN-WEST,1,piece,synthetic_case_generator
WHE-SYN-A-0142-05,ORD-SYN-A-0142,2026-06-15T20:20:20+08:00,quality_check_completed,quality_check_completed,WH-SYN-WEST,1,piece,synthetic_case_generator
WHE-SYN-A-0142-06,ORD-SYN-A-0142,2026-06-15T20:31:18+08:00,packing_started,packing_started,WH-SYN-WEST,1,piece,synthetic_case_generator
WHE-SYN-A-0142-07,ORD-SYN-A-0142,2026-06-15T21:08:09+08:00,packing_completed,packing_completed,WH-SYN-WEST,1,piece,synthetic_case_generator
WHE-SYN-A-0142-08,ORD-SYN-A-0142,2026-06-15T21:21:09+08:00,ready_to_ship,ready_to_ship,WH-SYN-WEST,1,piece,synthetic_case_generator
WHE-SYN-A-0142-09,ORD-SYN-A-0142,2026-06-15T21:27:59+08:00,shipped_from_warehouse,shipped_from_warehouse,WH-SYN-WEST,1,piece,synthetic_case_generator
WHE-SYN-A-0143-01,ORD-SYN-A-0143,2026-06-15T09:37:00+08:00,order_received,order_received,WH-SYN-EAST,1,piece,synthetic_case_generator
WHE-SYN-A-0143-02,ORD-SYN-A-0143,2026-06-15T10:14:07+08:00,picking_started,picking_started,WH-SYN-EAST,1,piece,synthetic_case_generator
WHE-SYN-A-0143-03,ORD-SYN-A-0143,2026-06-15T11:00:06+08:00,picking_completed,picking_completed,WH-SYN-EAST,1,piece,synthetic_case_generator
WHE-SYN-A-0143-04,ORD-SYN-A-0143,2026-06-15T11:30:46+08:00,quality_check_started,quality_check_started,WH-SYN-EAST,1,piece,synthetic_case_generator
WHE-SYN-A-0143-05,ORD-SYN-A-0143,2026-06-15T11:52:14+08:00,quality_check_completed,quality_check_completed,WH-SYN-EAST,1,piece,synthetic_case_generator
WHE-SYN-A-0143-06,ORD-SYN-A-0143,2026-06-15T12:02:35+08:00,packing_started,packing_started,WH-SYN-EAST,1,piece,synthetic_case_generator
WHE-SYN-A-0143-07,ORD-SYN-A-0143,2026-06-15T12:44:48+08:00,packing_completed,packing_completed,WH-SYN-EAST,1,piece,synthetic_case_generator
WHE-SYN-A-0143-08,ORD-SYN-A-0143,2026-06-15T12:56:13+08:00,ready_to_ship,ready_to_ship,WH-SYN-EAST,1,piece,synthetic_case_generator
WHE-SYN-A-0143-09,ORD-SYN-A-0143,2026-06-15T13:00:27+08:00,shipped_from_warehouse,shipped_from_warehouse,WH-SYN-EAST,1,piece,synthetic_case_generator
WHE-SYN-A-0144-01,ORD-SYN-A-0144,2026-06-15T12:55:46+08:00,order_received,order_received,WH-SYN-EAST,3,piece,synthetic_case_generator
WHE-SYN-A-0144-02,ORD-SYN-A-0144,2026-06-15T13:42:22+08:00,picking_started,picking_started,WH-SYN-EAST,3,piece,synthetic_case_generator
WHE-SYN-A-0144-03,ORD-SYN-A-0144,2026-06-15T14:32:42+08:00,picking_completed,picking_completed,WH-SYN-EAST,3,piece,synthetic_case_generator
WHE-SYN-A-0144-04,ORD-SYN-A-0144,2026-06-15T15:03:34+08:00,quality_check_started,quality_check_started,WH-SYN-EAST,3,piece,synthetic_case_generator
WHE-SYN-A-0144-05,ORD-SYN-A-0144,2026-06-15T15:29:52+08:00,quality_check_completed,quality_check_completed,WH-SYN-EAST,3,piece,synthetic_case_generator
WHE-SYN-A-0144-06,ORD-SYN-A-0144,2026-06-15T15:40:38+08:00,packing_started,packing_started,WH-SYN-EAST,3,piece,synthetic_case_generator
WHE-SYN-A-0144-07,ORD-SYN-A-0144,2026-06-15T16:13:27+08:00,packing_completed,packing_completed,WH-SYN-EAST,3,piece,synthetic_case_generator
WHE-SYN-A-0144-08,ORD-SYN-A-0144,2026-06-15T16:27:42+08:00,ready_to_ship,ready_to_ship,WH-SYN-EAST,3,piece,synthetic_case_generator
WHE-SYN-A-0144-09,ORD-SYN-A-0144,2026-06-15T16:32:57+08:00,shipped_from_warehouse,shipped_from_warehouse,WH-SYN-EAST,3,piece,synthetic_case_generator
WHE-SYN-A-0145-01,ORD-SYN-A-0145,2026-06-15T15:16:25+08:00,order_received,order_received,WH-SYN-EAST,5,piece,synthetic_case_generator
WHE-SYN-A-0145-02,ORD-SYN-A-0145,2026-06-15T15:50:39+08:00,picking_started,picking_started,WH-SYN-EAST,5,piece,synthetic_case_generator
WHE-SYN-A-0145-03,ORD-SYN-A-0145,2026-06-15T16:37:31+08:00,picking_completed,picking_completed,WH-SYN-EAST,5,piece,synthetic_case_generator
WHE-SYN-A-0145-04,ORD-SYN-A-0145,2026-06-15T17:01:09+08:00,quality_check_started,quality_check_started,WH-SYN-EAST,5,piece,synthetic_case_generator
WHE-SYN-A-0145-05,ORD-SYN-A-0145,2026-06-15T17:29:13+08:00,quality_check_completed,quality_check_completed,WH-SYN-EAST,5,piece,synthetic_case_generator
WHE-SYN-A-0145-06,ORD-SYN-A-0145,2026-06-15T17:36:25+08:00,packing_started,packing_started,WH-SYN-EAST,5,piece,synthetic_case_generator
WHE-SYN-A-0145-07,ORD-SYN-A-0145,2026-06-15T18:07:26+08:00,packing_completed,packing_completed,WH-SYN-EAST,5,piece,synthetic_case_generator
WHE-SYN-A-0145-08,ORD-SYN-A-0145,2026-06-15T18:30:00+08:00,ready_to_ship,ready_to_ship,WH-SYN-EAST,5,piece,synthetic_case_generator
WHE-SYN-A-0145-09,ORD-SYN-A-0145,2026-06-15T18:36:39+08:00,shipped_from_warehouse,shipped_from_warehouse,WH-SYN-EAST,5,piece,synthetic_case_generator
WHE-SYN-A-0146-01,ORD-SYN-A-0146,2026-06-15T18:46:48+08:00,order_received,order_received,WH-SYN-EAST,4,piece,synthetic_case_generator
WHE-SYN-A-0146-02,ORD-SYN-A-0146,2026-06-15T19:18:15+08:00,picking_started,picking_started,WH-SYN-EAST,4,piece,synthetic_case_generator
WHE-SYN-A-0146-03,ORD-SYN-A-0146,2026-06-15T20:14:48+08:00,picking_completed,picking_completed,WH-SYN-EAST,4,piece,synthetic_case_generator
WHE-SYN-A-0146-04,ORD-SYN-A-0146,2026-06-15T20:40:46+08:00,quality_check_started,quality_check_started,WH-SYN-EAST,4,piece,synthetic_case_generator
WHE-SYN-A-0146-05,ORD-SYN-A-0146,2026-06-15T21:06:15+08:00,quality_check_completed,quality_check_completed,WH-SYN-EAST,4,piece,synthetic_case_generator
WHE-SYN-A-0146-06,ORD-SYN-A-0146,2026-06-15T21:17:26+08:00,packing_started,packing_started,WH-SYN-EAST,4,piece,synthetic_case_generator
WHE-SYN-A-0146-07,ORD-SYN-A-0146,2026-06-15T21:57:14+08:00,packing_completed,packing_completed,WH-SYN-EAST,4,piece,synthetic_case_generator
WHE-SYN-A-0146-08,ORD-SYN-A-0146,2026-06-15T22:08:36+08:00,ready_to_ship,ready_to_ship,WH-SYN-EAST,4,piece,synthetic_case_generator
WHE-SYN-A-0146-09,ORD-SYN-A-0146,2026-06-15T22:17:47+08:00,shipped_from_warehouse,shipped_from_warehouse,WH-SYN-EAST,4,piece,synthetic_case_generator
WHE-SYN-A-0147-01,ORD-SYN-A-0147,2026-06-15T10:59:05+08:00,order_received,order_received,WH-SYN-EAST,4,piece,synthetic_case_generator
WHE-SYN-A-0147-02,ORD-SYN-A-0147,2026-06-15T11:33:52+08:00,picking_started,picking_started,WH-SYN-EAST,4,piece,synthetic_case_generator
WHE-SYN-A-0147-03,ORD-SYN-A-0147,2026-06-15T12:26:58+08:00,picking_completed,picking_completed,WH-SYN-EAST,4,piece,synthetic_case_generator
WHE-SYN-A-0147-04,ORD-SYN-A-0147,2026-06-15T12:49:34+08:00,quality_check_started,quality_check_started,WH-SYN-EAST,4,piece,synthetic_case_generator
WHE-SYN-A-0147-05,ORD-SYN-A-0147,2026-06-15T13:12:46+08:00,quality_check_completed,quality_check_completed,WH-SYN-EAST,4,piece,synthetic_case_generator
WHE-SYN-A-0147-06,ORD-SYN-A-0147,2026-06-15T13:17:37+08:00,packing_started,packing_started,WH-SYN-EAST,4,piece,synthetic_case_generator
WHE-SYN-A-0147-07,ORD-SYN-A-0147,2026-06-15T14:01:45+08:00,packing_completed,packing_completed,WH-SYN-EAST,4,piece,synthetic_case_generator
WHE-SYN-A-0147-08,ORD-SYN-A-0147,2026-06-15T14:22:54+08:00,ready_to_ship,ready_to_ship,WH-SYN-EAST,4,piece,synthetic_case_generator
WHE-SYN-A-0147-09,ORD-SYN-A-0147,2026-06-15T14:34:34+08:00,shipped_from_warehouse,shipped_from_warehouse,WH-SYN-EAST,4,piece,synthetic_case_generator
WHE-SYN-A-0148-01,ORD-SYN-A-0148,2026-06-15T13:27:11+08:00,order_received,order_received,WH-SYN-WEST,4,piece,synthetic_case_generator
WHE-SYN-A-0148-02,ORD-SYN-A-0148,2026-06-15T14:18:31+08:00,picking_started,picking_started,WH-SYN-WEST,4,piece,synthetic_case_generator
WHE-SYN-A-0148-03,ORD-SYN-A-0148,2026-06-15T15:06:55+08:00,picking_completed,picking_completed,WH-SYN-WEST,4,piece,synthetic_case_generator
WHE-SYN-A-0148-04,ORD-SYN-A-0148,2026-06-15T15:37:55+08:00,quality_check_started,quality_check_started,WH-SYN-WEST,4,piece,synthetic_case_generator
WHE-SYN-A-0148-05,ORD-SYN-A-0148,2026-06-15T16:06:36+08:00,quality_check_completed,quality_check_completed,WH-SYN-WEST,4,piece,synthetic_case_generator
WHE-SYN-A-0148-06,ORD-SYN-A-0148,2026-06-15T16:12:56+08:00,packing_started,packing_started,WH-SYN-WEST,4,piece,synthetic_case_generator
WHE-SYN-A-0148-07,ORD-SYN-A-0148,2026-06-15T16:55:06+08:00,packing_completed,packing_completed,WH-SYN-WEST,4,piece,synthetic_case_generator
WHE-SYN-A-0148-08,ORD-SYN-A-0148,2026-06-15T17:18:06+08:00,ready_to_ship,ready_to_ship,WH-SYN-WEST,4,piece,synthetic_case_generator
WHE-SYN-A-0148-09,ORD-SYN-A-0148,2026-06-15T17:27:13+08:00,shipped_from_warehouse,shipped_from_warehouse,WH-SYN-WEST,4,piece,synthetic_case_generator
WHE-SYN-A-0149-01,ORD-SYN-A-0149,2026-06-15T16:47:17+08:00,order_received,order_received,WH-SYN-EAST,1,piece,synthetic_case_generator
WHE-SYN-A-0149-02,ORD-SYN-A-0149,2026-06-15T17:20:20+08:00,picking_started,picking_started,WH-SYN-EAST,1,piece,synthetic_case_generator
WHE-SYN-A-0149-03,ORD-SYN-A-0149,2026-06-15T18:15:16+08:00,picking_completed,picking_completed,WH-SYN-EAST,1,piece,synthetic_case_generator
WHE-SYN-A-0149-04,ORD-SYN-A-0149,2026-06-15T18:44:25+08:00,quality_check_started,quality_check_started,WH-SYN-EAST,1,piece,synthetic_case_generator
WHE-SYN-A-0149-05,ORD-SYN-A-0149,2026-06-15T19:12:20+08:00,quality_check_completed,quality_check_completed,WH-SYN-EAST,1,piece,synthetic_case_generator
WHE-SYN-A-0149-06,ORD-SYN-A-0149,2026-06-15T19:23:23+08:00,packing_started,packing_started,WH-SYN-EAST,1,piece,synthetic_case_generator
WHE-SYN-A-0149-07,ORD-SYN-A-0149,2026-06-15T19:59:41+08:00,packing_completed,packing_completed,WH-SYN-EAST,1,piece,synthetic_case_generator
WHE-SYN-A-0149-08,ORD-SYN-A-0149,2026-06-15T20:27:00+08:00,ready_to_ship,ready_to_ship,WH-SYN-EAST,1,piece,synthetic_case_generator
WHE-SYN-A-0149-09,ORD-SYN-A-0149,2026-06-15T20:38:17+08:00,shipped_from_warehouse,shipped_from_warehouse,WH-SYN-EAST,1,piece,synthetic_case_generator
WHE-SYN-A-0150-01,ORD-SYN-A-0150,2026-06-15T19:25:41+08:00,order_received,order_received,WH-SYN-EAST,3,piece,synthetic_case_generator
WHE-SYN-A-0150-02,ORD-SYN-A-0150,2026-06-15T20:10:32+08:00,picking_started,picking_started,WH-SYN-EAST,3,piece,synthetic_case_generator
WHE-SYN-A-0150-03,ORD-SYN-A-0150,2026-06-15T21:02:53+08:00,picking_completed,picking_completed,WH-SYN-EAST,3,piece,synthetic_case_generator
WHE-SYN-A-0150-04,ORD-SYN-A-0150,2026-06-15T21:34:38+08:00,quality_check_started,quality_check_started,WH-SYN-EAST,3,piece,synthetic_case_generator
WHE-SYN-A-0150-05,ORD-SYN-A-0150,2026-06-15T22:03:21+08:00,quality_check_completed,quality_check_completed,WH-SYN-EAST,3,piece,synthetic_case_generator
WHE-SYN-A-0150-06,ORD-SYN-A-0150,2026-06-15T22:08:47+08:00,packing_started,packing_started,WH-SYN-EAST,3,piece,synthetic_case_generator
WHE-SYN-A-0150-07,ORD-SYN-A-0150,2026-06-15T22:39:10+08:00,packing_completed,packing_completed,WH-SYN-EAST,3,piece,synthetic_case_generator
WHE-SYN-A-0150-08,ORD-SYN-A-0150,2026-06-15T22:53:01+08:00,ready_to_ship,ready_to_ship,WH-SYN-EAST,3,piece,synthetic_case_generator
WHE-SYN-A-0150-09,ORD-SYN-A-0150,2026-06-15T23:01:56+08:00,shipped_from_warehouse,shipped_from_warehouse,WH-SYN-EAST,3,piece,synthetic_case_generator
WHE-SYN-A-0151-01,ORD-SYN-A-0151,2026-06-16T11:55:29+08:00,order_received,order_received,WH-SYN-EAST,3,piece,synthetic_case_generator
WHE-SYN-A-0151-02,ORD-SYN-A-0151,2026-06-16T12:31:07+08:00,picking_started,picking_started,WH-SYN-EAST,3,piece,synthetic_case_generator
WHE-SYN-A-0151-03,ORD-SYN-A-0151,2026-06-16T13:22:33+08:00,picking_completed,picking_completed,WH-SYN-EAST,3,piece,synthetic_case_generator
WHE-SYN-A-0151-04,ORD-SYN-A-0151,2026-06-16T13:52:28+08:00,quality_check_started,quality_check_started,WH-SYN-EAST,3,piece,synthetic_case_generator
WHE-SYN-A-0151-05,ORD-SYN-A-0151,2026-06-16T14:24:17+08:00,quality_check_completed,quality_check_completed,WH-SYN-EAST,3,piece,synthetic_case_generator
WHE-SYN-A-0151-06,ORD-SYN-A-0151,2026-06-16T14:34:55+08:00,packing_started,packing_started,WH-SYN-EAST,3,piece,synthetic_case_generator
WHE-SYN-A-0151-07,ORD-SYN-A-0151,2026-06-16T15:13:42+08:00,packing_completed,packing_completed,WH-SYN-EAST,3,piece,synthetic_case_generator
WHE-SYN-A-0151-08,ORD-SYN-A-0151,2026-06-16T15:36:51+08:00,ready_to_ship,ready_to_ship,WH-SYN-EAST,3,piece,synthetic_case_generator
WHE-SYN-A-0151-09,ORD-SYN-A-0151,2026-06-16T15:48:07+08:00,shipped_from_warehouse,shipped_from_warehouse,WH-SYN-EAST,3,piece,synthetic_case_generator
WHE-SYN-A-0152-01,ORD-SYN-A-0152,2026-06-16T14:12:55+08:00,order_received,order_received,WH-SYN-EAST,5,piece,synthetic_case_generator
WHE-SYN-A-0152-02,ORD-SYN-A-0152,2026-06-16T14:55:04+08:00,picking_started,picking_started,WH-SYN-EAST,5,piece,synthetic_case_generator
WHE-SYN-A-0152-03,ORD-SYN-A-0152,2026-06-16T15:47:48+08:00,picking_completed,picking_completed,WH-SYN-EAST,5,piece,synthetic_case_generator
WHE-SYN-A-0152-04,ORD-SYN-A-0152,2026-06-16T16:13:15+08:00,quality_check_started,quality_check_started,WH-SYN-EAST,5,piece,synthetic_case_generator
WHE-SYN-A-0152-05,ORD-SYN-A-0152,2026-06-16T16:42:51+08:00,quality_check_completed,quality_check_completed,WH-SYN-EAST,5,piece,synthetic_case_generator
WHE-SYN-A-0152-06,ORD-SYN-A-0152,2026-06-16T16:51:29+08:00,packing_started,packing_started,WH-SYN-EAST,5,piece,synthetic_case_generator
WHE-SYN-A-0152-07,ORD-SYN-A-0152,2026-06-16T17:30:35+08:00,packing_completed,packing_completed,WH-SYN-EAST,5,piece,synthetic_case_generator
WHE-SYN-A-0152-08,ORD-SYN-A-0152,2026-06-16T17:58:46+08:00,ready_to_ship,ready_to_ship,WH-SYN-EAST,5,piece,synthetic_case_generator
WHE-SYN-A-0152-09,ORD-SYN-A-0152,2026-06-16T18:09:31+08:00,shipped_from_warehouse,shipped_from_warehouse,WH-SYN-EAST,5,piece,synthetic_case_generator
WHE-SYN-A-0153-01,ORD-SYN-A-0153,2026-06-16T17:46:00+08:00,order_received,order_received,WH-SYN-EAST,3,piece,synthetic_case_generator
WHE-SYN-A-0153-02,ORD-SYN-A-0153,2026-06-16T18:36:28+08:00,picking_started,picking_started,WH-SYN-EAST,3,piece,synthetic_case_generator
WHE-SYN-A-0153-03,ORD-SYN-A-0153,2026-06-16T19:19:46+08:00,picking_completed,picking_completed,WH-SYN-EAST,3,piece,synthetic_case_generator
WHE-SYN-A-0153-04,ORD-SYN-A-0153,2026-06-16T19:40:48+08:00,quality_check_started,quality_check_started,WH-SYN-EAST,3,piece,synthetic_case_generator
WHE-SYN-A-0153-05,ORD-SYN-A-0153,2026-06-16T20:09:27+08:00,quality_check_completed,quality_check_completed,WH-SYN-EAST,3,piece,synthetic_case_generator
WHE-SYN-A-0153-06,ORD-SYN-A-0153,2026-06-16T20:17:31+08:00,packing_started,packing_started,WH-SYN-EAST,3,piece,synthetic_case_generator
WHE-SYN-A-0153-07,ORD-SYN-A-0153,2026-06-16T20:54:37+08:00,packing_completed,packing_completed,WH-SYN-EAST,3,piece,synthetic_case_generator
WHE-SYN-A-0153-08,ORD-SYN-A-0153,2026-06-16T21:16:12+08:00,ready_to_ship,ready_to_ship,WH-SYN-EAST,3,piece,synthetic_case_generator
WHE-SYN-A-0153-09,ORD-SYN-A-0153,2026-06-16T21:19:48+08:00,shipped_from_warehouse,shipped_from_warehouse,WH-SYN-EAST,3,piece,synthetic_case_generator
WHE-SYN-A-0154-01,ORD-SYN-A-0154,2026-06-16T10:01:12+08:00,order_received,order_received,WH-SYN-EAST,1,piece,synthetic_case_generator
WHE-SYN-A-0154-02,ORD-SYN-A-0154,2026-06-16T10:35:56+08:00,picking_started,picking_started,WH-SYN-EAST,1,piece,synthetic_case_generator
WHE-SYN-A-0154-03,ORD-SYN-A-0154,2026-06-16T11:22:44+08:00,picking_completed,picking_completed,WH-SYN-EAST,1,piece,synthetic_case_generator
WHE-SYN-A-0154-04,ORD-SYN-A-0154,2026-06-16T11:55:09+08:00,quality_check_started,quality_check_started,WH-SYN-EAST,1,piece,synthetic_case_generator
WHE-SYN-A-0154-05,ORD-SYN-A-0154,2026-06-16T12:26:36+08:00,quality_check_completed,quality_check_completed,WH-SYN-EAST,1,piece,synthetic_case_generator
WHE-SYN-A-0154-06,ORD-SYN-A-0154,2026-06-16T12:30:28+08:00,packing_started,packing_started,WH-SYN-EAST,1,piece,synthetic_case_generator
WHE-SYN-A-0154-07,ORD-SYN-A-0154,2026-06-16T13:09:30+08:00,packing_completed,packing_completed,WH-SYN-EAST,1,piece,synthetic_case_generator
WHE-SYN-A-0154-08,ORD-SYN-A-0154,2026-06-16T13:38:55+08:00,ready_to_ship,ready_to_ship,WH-SYN-EAST,1,piece,synthetic_case_generator
WHE-SYN-A-0154-09,ORD-SYN-A-0154,2026-06-16T13:44:25+08:00,shipped_from_warehouse,shipped_from_warehouse,WH-SYN-EAST,1,piece,synthetic_case_generator
WHE-SYN-A-0155-01,ORD-SYN-A-0155,2026-06-16T12:31:36+08:00,order_received,order_received,WH-SYN-WEST,2,piece,synthetic_case_generator
WHE-SYN-A-0155-02,ORD-SYN-A-0155,2026-06-16T13:18:14+08:00,picking_started,picking_started,WH-SYN-WEST,2,piece,synthetic_case_generator
WHE-SYN-A-0155-03,ORD-SYN-A-0155,2026-06-16T14:06:27+08:00,picking_completed,picking_completed,WH-SYN-WEST,2,piece,synthetic_case_generator
WHE-SYN-A-0155-04,ORD-SYN-A-0155,2026-06-16T14:39:09+08:00,quality_check_started,quality_check_started,WH-SYN-WEST,2,piece,synthetic_case_generator
WHE-SYN-A-0155-05,ORD-SYN-A-0155,2026-06-16T15:05:19+08:00,quality_check_completed,quality_check_completed,WH-SYN-WEST,2,piece,synthetic_case_generator
WHE-SYN-A-0155-06,ORD-SYN-A-0155,2026-06-16T15:11:21+08:00,packing_started,packing_started,WH-SYN-WEST,2,piece,synthetic_case_generator
WHE-SYN-A-0155-07,ORD-SYN-A-0155,2026-06-16T15:49:40+08:00,packing_completed,packing_completed,WH-SYN-WEST,2,piece,synthetic_case_generator
WHE-SYN-A-0155-08,ORD-SYN-A-0155,2026-06-16T16:10:42+08:00,ready_to_ship,ready_to_ship,WH-SYN-WEST,2,piece,synthetic_case_generator
WHE-SYN-A-0155-09,ORD-SYN-A-0155,2026-06-16T16:13:45+08:00,shipped_from_warehouse,shipped_from_warehouse,WH-SYN-WEST,2,piece,synthetic_case_generator
WHE-SYN-A-0156-01,ORD-SYN-A-0156,2026-06-16T15:57:14+08:00,order_received,order_received,WH-SYN-EAST,3,piece,synthetic_case_generator
WHE-SYN-A-0156-02,ORD-SYN-A-0156,2026-06-16T16:34:20+08:00,picking_started,picking_started,WH-SYN-EAST,3,piece,synthetic_case_generator
WHE-SYN-A-0156-03,ORD-SYN-A-0156,2026-06-16T17:26:26+08:00,picking_completed,picking_completed,WH-SYN-EAST,3,piece,synthetic_case_generator
WHE-SYN-A-0156-04,ORD-SYN-A-0156,2026-06-16T17:55:50+08:00,quality_check_started,quality_check_started,WH-SYN-EAST,3,piece,synthetic_case_generator
WHE-SYN-A-0156-05,ORD-SYN-A-0156,2026-06-16T18:28:47+08:00,quality_check_completed,quality_check_completed,WH-SYN-EAST,3,piece,synthetic_case_generator
WHE-SYN-A-0156-06,ORD-SYN-A-0156,2026-06-16T18:34:35+08:00,packing_started,packing_started,WH-SYN-EAST,3,piece,synthetic_case_generator
WHE-SYN-A-0156-07,ORD-SYN-A-0156,2026-06-16T19:09:44+08:00,packing_completed,packing_completed,WH-SYN-EAST,3,piece,synthetic_case_generator
WHE-SYN-A-0156-08,ORD-SYN-A-0156,2026-06-16T19:28:14+08:00,ready_to_ship,ready_to_ship,WH-SYN-EAST,3,piece,synthetic_case_generator
WHE-SYN-A-0156-09,ORD-SYN-A-0156,2026-06-16T19:32:47+08:00,shipped_from_warehouse,shipped_from_warehouse,WH-SYN-EAST,3,piece,synthetic_case_generator
WHE-SYN-A-0157-01,ORD-SYN-A-0157,2026-06-16T18:09:06+08:00,order_received,order_received,WH-SYN-WEST,4,piece,synthetic_case_generator
WHE-SYN-A-0157-02,ORD-SYN-A-0157,2026-06-16T18:43:09+08:00,picking_started,picking_started,WH-SYN-WEST,4,piece,synthetic_case_generator
WHE-SYN-A-0157-03,ORD-SYN-A-0157,2026-06-16T19:37:06+08:00,picking_completed,picking_completed,WH-SYN-WEST,4,piece,synthetic_case_generator
WHE-SYN-A-0157-04,ORD-SYN-A-0157,2026-06-16T20:02:09+08:00,quality_check_started,quality_check_started,WH-SYN-WEST,4,piece,synthetic_case_generator
WHE-SYN-A-0157-05,ORD-SYN-A-0157,2026-06-16T20:24:52+08:00,quality_check_completed,quality_check_completed,WH-SYN-WEST,4,piece,synthetic_case_generator
WHE-SYN-A-0157-06,ORD-SYN-A-0157,2026-06-16T20:36:00+08:00,packing_started,packing_started,WH-SYN-WEST,4,piece,synthetic_case_generator
WHE-SYN-A-0157-07,ORD-SYN-A-0157,2026-06-16T21:19:27+08:00,packing_completed,packing_completed,WH-SYN-WEST,4,piece,synthetic_case_generator
WHE-SYN-A-0157-08,ORD-SYN-A-0157,2026-06-16T21:37:43+08:00,ready_to_ship,ready_to_ship,WH-SYN-WEST,4,piece,synthetic_case_generator
WHE-SYN-A-0157-09,ORD-SYN-A-0157,2026-06-16T21:44:58+08:00,shipped_from_warehouse,shipped_from_warehouse,WH-SYN-WEST,4,piece,synthetic_case_generator
WHE-SYN-A-0158-01,ORD-SYN-A-0158,2026-06-16T10:47:30+08:00,order_received,order_received,WH-SYN-EAST,4,piece,synthetic_case_generator
WHE-SYN-A-0158-02,ORD-SYN-A-0158,2026-06-16T11:36:11+08:00,picking_started,picking_started,WH-SYN-EAST,4,piece,synthetic_case_generator
WHE-SYN-A-0158-03,ORD-SYN-A-0158,2026-06-16T12:23:54+08:00,picking_completed,picking_completed,WH-SYN-EAST,4,piece,synthetic_case_generator
WHE-SYN-A-0158-04,ORD-SYN-A-0158,2026-06-16T12:51:17+08:00,quality_check_started,quality_check_started,WH-SYN-EAST,4,piece,synthetic_case_generator
WHE-SYN-A-0158-05,ORD-SYN-A-0158,2026-06-16T13:17:15+08:00,quality_check_completed,quality_check_completed,WH-SYN-EAST,4,piece,synthetic_case_generator
WHE-SYN-A-0158-06,ORD-SYN-A-0158,2026-06-16T13:24:05+08:00,packing_started,packing_started,WH-SYN-EAST,4,piece,synthetic_case_generator
WHE-SYN-A-0158-07,ORD-SYN-A-0158,2026-06-16T14:08:04+08:00,packing_completed,packing_completed,WH-SYN-EAST,4,piece,synthetic_case_generator
WHE-SYN-A-0158-08,ORD-SYN-A-0158,2026-06-16T14:29:47+08:00,ready_to_ship,ready_to_ship,WH-SYN-EAST,4,piece,synthetic_case_generator
WHE-SYN-A-0158-09,ORD-SYN-A-0158,2026-06-16T14:34:49+08:00,shipped_from_warehouse,shipped_from_warehouse,WH-SYN-EAST,4,piece,synthetic_case_generator
WHE-SYN-A-0159-01,ORD-SYN-A-0159,2026-06-16T14:08:38+08:00,order_received,order_received,WH-SYN-EAST,2,piece,synthetic_case_generator
WHE-SYN-A-0159-02,ORD-SYN-A-0159,2026-06-16T14:51:21+08:00,picking_started,picking_started,WH-SYN-EAST,2,piece,synthetic_case_generator
WHE-SYN-A-0159-03,ORD-SYN-A-0159,2026-06-16T15:39:20+08:00,picking_completed,picking_completed,WH-SYN-EAST,2,piece,synthetic_case_generator
WHE-SYN-A-0159-04,ORD-SYN-A-0159,2026-06-16T16:06:30+08:00,quality_check_started,quality_check_started,WH-SYN-EAST,2,piece,synthetic_case_generator
WHE-SYN-A-0159-05,ORD-SYN-A-0159,2026-06-16T16:37:37+08:00,quality_check_completed,quality_check_completed,WH-SYN-EAST,2,piece,synthetic_case_generator
WHE-SYN-A-0159-06,ORD-SYN-A-0159,2026-06-16T16:45:48+08:00,packing_started,packing_started,WH-SYN-EAST,2,piece,synthetic_case_generator
WHE-SYN-A-0159-07,ORD-SYN-A-0159,2026-06-16T17:24:46+08:00,packing_completed,packing_completed,WH-SYN-EAST,2,piece,synthetic_case_generator
WHE-SYN-A-0159-08,ORD-SYN-A-0159,2026-06-16T17:35:10+08:00,ready_to_ship,ready_to_ship,WH-SYN-EAST,2,piece,synthetic_case_generator
WHE-SYN-A-0159-09,ORD-SYN-A-0159,2026-06-16T17:45:09+08:00,shipped_from_warehouse,shipped_from_warehouse,WH-SYN-EAST,2,piece,synthetic_case_generator
WHE-SYN-A-0160-01,ORD-SYN-A-0160,2026-06-16T16:21:46+08:00,order_received,order_received,WH-SYN-EAST,5,piece,synthetic_case_generator
WHE-SYN-A-0160-02,ORD-SYN-A-0160,2026-06-16T17:02:17+08:00,picking_started,picking_started,WH-SYN-EAST,5,piece,synthetic_case_generator
WHE-SYN-A-0160-03,ORD-SYN-A-0160,2026-06-16T17:50:10+08:00,picking_completed,picking_completed,WH-SYN-EAST,5,piece,synthetic_case_generator
WHE-SYN-A-0160-04,ORD-SYN-A-0160,2026-06-16T18:18:45+08:00,quality_check_started,quality_check_started,WH-SYN-EAST,5,piece,synthetic_case_generator
WHE-SYN-A-0160-05,ORD-SYN-A-0160,2026-06-16T18:49:32+08:00,quality_check_completed,quality_check_completed,WH-SYN-EAST,5,piece,synthetic_case_generator
WHE-SYN-A-0160-06,ORD-SYN-A-0160,2026-06-16T18:52:50+08:00,packing_started,packing_started,WH-SYN-EAST,5,piece,synthetic_case_generator
WHE-SYN-A-0160-07,ORD-SYN-A-0160,2026-06-16T19:24:13+08:00,packing_completed,packing_completed,WH-SYN-EAST,5,piece,synthetic_case_generator
WHE-SYN-A-0160-08,ORD-SYN-A-0160,2026-06-16T19:52:28+08:00,ready_to_ship,ready_to_ship,WH-SYN-EAST,5,piece,synthetic_case_generator
WHE-SYN-A-0160-09,ORD-SYN-A-0160,2026-06-16T19:56:19+08:00,shipped_from_warehouse,shipped_from_warehouse,WH-SYN-EAST,5,piece,synthetic_case_generator
WHE-SYN-A-0161-01,ORD-SYN-A-0161,2026-06-17T20:04:53+08:00,order_received,order_received,WH-SYN-EAST,4,piece,synthetic_case_generator
WHE-SYN-A-0161-02,ORD-SYN-A-0161,2026-06-17T20:51:00+08:00,picking_started,picking_started,WH-SYN-EAST,4,piece,synthetic_case_generator
WHE-SYN-A-0161-03,ORD-SYN-A-0161,2026-06-17T21:40:39+08:00,picking_completed,picking_completed,WH-SYN-EAST,4,piece,synthetic_case_generator
WHE-SYN-A-0161-04,ORD-SYN-A-0161,2026-06-17T22:04:47+08:00,quality_check_started,quality_check_started,WH-SYN-EAST,4,piece,synthetic_case_generator
WHE-SYN-A-0161-05,ORD-SYN-A-0161,2026-06-17T22:32:47+08:00,quality_check_completed,quality_check_completed,WH-SYN-EAST,4,piece,synthetic_case_generator
WHE-SYN-A-0161-06,ORD-SYN-A-0161,2026-06-17T22:42:23+08:00,packing_started,packing_started,WH-SYN-EAST,4,piece,synthetic_case_generator
WHE-SYN-A-0161-07,ORD-SYN-A-0161,2026-06-17T23:24:43+08:00,packing_completed,packing_completed,WH-SYN-EAST,4,piece,synthetic_case_generator
WHE-SYN-A-0161-08,ORD-SYN-A-0161,2026-06-17T23:43:43+08:00,ready_to_ship,ready_to_ship,WH-SYN-EAST,4,piece,synthetic_case_generator
WHE-SYN-A-0161-09,ORD-SYN-A-0161,2026-06-17T23:54:19+08:00,shipped_from_warehouse,shipped_from_warehouse,WH-SYN-EAST,4,piece,synthetic_case_generator
WHE-SYN-A-0162-01,ORD-SYN-A-0162,2026-06-17T11:25:27+08:00,order_received,order_received,WH-SYN-EAST,1,piece,synthetic_case_generator
WHE-SYN-A-0162-02,ORD-SYN-A-0162,2026-06-17T12:14:51+08:00,picking_started,picking_started,WH-SYN-EAST,1,piece,synthetic_case_generator
WHE-SYN-A-0162-03,ORD-SYN-A-0162,2026-06-17T13:03:30+08:00,picking_completed,picking_completed,WH-SYN-EAST,1,piece,synthetic_case_generator
WHE-SYN-A-0162-04,ORD-SYN-A-0162,2026-06-17T13:31:23+08:00,quality_check_started,quality_check_started,WH-SYN-EAST,1,piece,synthetic_case_generator
WHE-SYN-A-0162-05,ORD-SYN-A-0162,2026-06-17T14:03:12+08:00,quality_check_completed,quality_check_completed,WH-SYN-EAST,1,piece,synthetic_case_generator
WHE-SYN-A-0162-06,ORD-SYN-A-0162,2026-06-17T14:11:26+08:00,packing_started,packing_started,WH-SYN-EAST,1,piece,synthetic_case_generator
WHE-SYN-A-0162-07,ORD-SYN-A-0162,2026-06-17T14:53:06+08:00,packing_completed,packing_completed,WH-SYN-EAST,1,piece,synthetic_case_generator
WHE-SYN-A-0162-08,ORD-SYN-A-0162,2026-06-17T15:14:48+08:00,ready_to_ship,ready_to_ship,WH-SYN-EAST,1,piece,synthetic_case_generator
WHE-SYN-A-0162-09,ORD-SYN-A-0162,2026-06-17T15:21:51+08:00,shipped_from_warehouse,shipped_from_warehouse,WH-SYN-EAST,1,piece,synthetic_case_generator
WHE-SYN-A-0163-01,ORD-SYN-A-0163,2026-06-17T14:54:02+08:00,order_received,order_received,WH-SYN-EAST,2,piece,synthetic_case_generator
WHE-SYN-A-0163-02,ORD-SYN-A-0163,2026-06-17T15:24:41+08:00,picking_started,picking_started,WH-SYN-EAST,2,piece,synthetic_case_generator
WHE-SYN-A-0163-03,ORD-SYN-A-0163,2026-06-17T16:07:01+08:00,picking_completed,picking_completed,WH-SYN-EAST,2,piece,synthetic_case_generator
WHE-SYN-A-0163-04,ORD-SYN-A-0163,2026-06-17T16:39:59+08:00,quality_check_started,quality_check_started,WH-SYN-EAST,2,piece,synthetic_case_generator
WHE-SYN-A-0163-05,ORD-SYN-A-0163,2026-06-17T17:10:14+08:00,quality_check_completed,quality_check_completed,WH-SYN-EAST,2,piece,synthetic_case_generator
WHE-SYN-A-0163-06,ORD-SYN-A-0163,2026-06-17T17:18:30+08:00,packing_started,packing_started,WH-SYN-EAST,2,piece,synthetic_case_generator
WHE-SYN-A-0163-07,ORD-SYN-A-0163,2026-06-17T18:01:48+08:00,packing_completed,packing_completed,WH-SYN-EAST,2,piece,synthetic_case_generator
WHE-SYN-A-0163-08,ORD-SYN-A-0163,2026-06-17T18:23:45+08:00,ready_to_ship,ready_to_ship,WH-SYN-EAST,2,piece,synthetic_case_generator
WHE-SYN-A-0163-09,ORD-SYN-A-0163,2026-06-17T18:35:37+08:00,shipped_from_warehouse,shipped_from_warehouse,WH-SYN-EAST,2,piece,synthetic_case_generator
WHE-SYN-A-0164-01,ORD-SYN-A-0164,2026-06-17T18:06:35+08:00,order_received,order_received,WH-SYN-EAST,1,piece,synthetic_case_generator
WHE-SYN-A-0164-02,ORD-SYN-A-0164,2026-06-17T18:40:39+08:00,picking_started,picking_started,WH-SYN-EAST,1,piece,synthetic_case_generator
WHE-SYN-A-0164-03,ORD-SYN-A-0164,2026-06-17T19:24:51+08:00,picking_completed,picking_completed,WH-SYN-EAST,1,piece,synthetic_case_generator
WHE-SYN-A-0164-04,ORD-SYN-A-0164,2026-06-17T19:48:36+08:00,quality_check_started,quality_check_started,WH-SYN-EAST,1,piece,synthetic_case_generator
WHE-SYN-A-0164-05,ORD-SYN-A-0164,2026-06-17T20:11:19+08:00,quality_check_completed,quality_check_completed,WH-SYN-EAST,1,piece,synthetic_case_generator
WHE-SYN-A-0164-06,ORD-SYN-A-0164,2026-06-17T20:19:42+08:00,packing_started,packing_started,WH-SYN-EAST,1,piece,synthetic_case_generator
WHE-SYN-A-0164-07,ORD-SYN-A-0164,2026-06-17T20:57:33+08:00,packing_completed,packing_completed,WH-SYN-EAST,1,piece,synthetic_case_generator
WHE-SYN-A-0164-08,ORD-SYN-A-0164,2026-06-17T21:09:09+08:00,ready_to_ship,ready_to_ship,WH-SYN-EAST,1,piece,synthetic_case_generator
WHE-SYN-A-0164-09,ORD-SYN-A-0164,2026-06-17T21:14:57+08:00,shipped_from_warehouse,shipped_from_warehouse,WH-SYN-EAST,1,piece,synthetic_case_generator
WHE-SYN-A-0165-01,ORD-SYN-A-0165,2026-06-17T09:41:33+08:00,order_received,order_received,WH-SYN-EAST,4,piece,synthetic_case_generator
WHE-SYN-A-0165-02,ORD-SYN-A-0165,2026-06-17T10:25:49+08:00,picking_started,picking_started,WH-SYN-EAST,4,piece,synthetic_case_generator
WHE-SYN-A-0165-03,ORD-SYN-A-0165,2026-06-17T11:14:01+08:00,picking_completed,picking_completed,WH-SYN-EAST,4,piece,synthetic_case_generator
WHE-SYN-A-0165-04,ORD-SYN-A-0165,2026-06-17T11:40:48+08:00,quality_check_started,quality_check_started,WH-SYN-EAST,4,piece,synthetic_case_generator
WHE-SYN-A-0165-05,ORD-SYN-A-0165,2026-06-17T12:12:42+08:00,quality_check_completed,quality_check_completed,WH-SYN-EAST,4,piece,synthetic_case_generator
WHE-SYN-A-0165-06,ORD-SYN-A-0165,2026-06-17T12:19:10+08:00,packing_started,packing_started,WH-SYN-EAST,4,piece,synthetic_case_generator
WHE-SYN-A-0165-07,ORD-SYN-A-0165,2026-06-17T12:52:05+08:00,packing_completed,packing_completed,WH-SYN-EAST,4,piece,synthetic_case_generator
WHE-SYN-A-0165-08,ORD-SYN-A-0165,2026-06-17T13:20:02+08:00,ready_to_ship,ready_to_ship,WH-SYN-EAST,4,piece,synthetic_case_generator
WHE-SYN-A-0165-09,ORD-SYN-A-0165,2026-06-17T13:30:31+08:00,shipped_from_warehouse,shipped_from_warehouse,WH-SYN-EAST,4,piece,synthetic_case_generator
WHE-SYN-A-0166-01,ORD-SYN-A-0166,2026-06-17T13:05:27+08:00,order_received,order_received,WH-SYN-WEST,2,piece,synthetic_case_generator
WHE-SYN-A-0166-02,ORD-SYN-A-0166,2026-06-17T13:39:10+08:00,picking_started,picking_started,WH-SYN-WEST,2,piece,synthetic_case_generator
WHE-SYN-A-0166-03,ORD-SYN-A-0166,2026-06-17T14:25:41+08:00,picking_completed,picking_completed,WH-SYN-WEST,2,piece,synthetic_case_generator
WHE-SYN-A-0166-04,ORD-SYN-A-0166,2026-06-17T14:57:21+08:00,quality_check_started,quality_check_started,WH-SYN-WEST,2,piece,synthetic_case_generator
WHE-SYN-A-0166-05,ORD-SYN-A-0166,2026-06-17T15:27:15+08:00,quality_check_completed,quality_check_completed,WH-SYN-WEST,2,piece,synthetic_case_generator
WHE-SYN-A-0166-06,ORD-SYN-A-0166,2026-06-17T15:38:51+08:00,packing_started,packing_started,WH-SYN-WEST,2,piece,synthetic_case_generator
WHE-SYN-A-0166-07,ORD-SYN-A-0166,2026-06-17T16:09:36+08:00,packing_completed,packing_completed,WH-SYN-WEST,2,piece,synthetic_case_generator
WHE-SYN-A-0166-08,ORD-SYN-A-0166,2026-06-17T16:29:27+08:00,ready_to_ship,ready_to_ship,WH-SYN-WEST,2,piece,synthetic_case_generator
WHE-SYN-A-0166-09,ORD-SYN-A-0166,2026-06-17T16:32:46+08:00,shipped_from_warehouse,shipped_from_warehouse,WH-SYN-WEST,2,piece,synthetic_case_generator
WHE-SYN-A-0167-01,ORD-SYN-A-0167,2026-06-17T15:23:22+08:00,order_received,order_received,WH-SYN-EAST,1,piece,synthetic_case_generator
WHE-SYN-A-0167-02,ORD-SYN-A-0167,2026-06-17T16:03:49+08:00,picking_started,picking_started,WH-SYN-EAST,1,piece,synthetic_case_generator
WHE-SYN-A-0167-03,ORD-SYN-A-0167,2026-06-17T16:54:59+08:00,picking_completed,picking_completed,WH-SYN-EAST,1,piece,synthetic_case_generator
WHE-SYN-A-0167-04,ORD-SYN-A-0167,2026-06-17T17:17:33+08:00,quality_check_started,quality_check_started,WH-SYN-EAST,1,piece,synthetic_case_generator
WHE-SYN-A-0167-05,ORD-SYN-A-0167,2026-06-17T17:39:49+08:00,quality_check_completed,quality_check_completed,WH-SYN-EAST,1,piece,synthetic_case_generator
WHE-SYN-A-0167-06,ORD-SYN-A-0167,2026-06-17T17:47:22+08:00,packing_started,packing_started,WH-SYN-EAST,1,piece,synthetic_case_generator
WHE-SYN-A-0167-07,ORD-SYN-A-0167,2026-06-17T18:29:11+08:00,packing_completed,packing_completed,WH-SYN-EAST,1,piece,synthetic_case_generator
WHE-SYN-A-0167-08,ORD-SYN-A-0167,2026-06-17T18:46:55+08:00,ready_to_ship,ready_to_ship,WH-SYN-EAST,1,piece,synthetic_case_generator
WHE-SYN-A-0167-09,ORD-SYN-A-0167,2026-06-17T18:55:34+08:00,shipped_from_warehouse,shipped_from_warehouse,WH-SYN-EAST,1,piece,synthetic_case_generator
WHE-SYN-A-0168-01,ORD-SYN-A-0168,2026-06-17T18:41:38+08:00,order_received,order_received,WH-SYN-WEST,1,piece,synthetic_case_generator
WHE-SYN-A-0168-02,ORD-SYN-A-0168,2026-06-17T19:23:10+08:00,picking_started,picking_started,WH-SYN-WEST,1,piece,synthetic_case_generator
WHE-SYN-A-0168-03,ORD-SYN-A-0168,2026-06-17T20:06:10+08:00,picking_completed,picking_completed,WH-SYN-WEST,1,piece,synthetic_case_generator
WHE-SYN-A-0168-04,ORD-SYN-A-0168,2026-06-17T20:31:39+08:00,quality_check_started,quality_check_started,WH-SYN-WEST,1,piece,synthetic_case_generator
WHE-SYN-A-0168-05,ORD-SYN-A-0168,2026-06-17T21:04:33+08:00,quality_check_completed,quality_check_completed,WH-SYN-WEST,1,piece,synthetic_case_generator
WHE-SYN-A-0168-06,ORD-SYN-A-0168,2026-06-17T21:09:41+08:00,packing_started,packing_started,WH-SYN-WEST,1,piece,synthetic_case_generator
WHE-SYN-A-0168-07,ORD-SYN-A-0168,2026-06-17T21:44:58+08:00,packing_completed,packing_completed,WH-SYN-WEST,1,piece,synthetic_case_generator
WHE-SYN-A-0168-08,ORD-SYN-A-0168,2026-06-17T22:05:07+08:00,ready_to_ship,ready_to_ship,WH-SYN-WEST,1,piece,synthetic_case_generator
WHE-SYN-A-0168-09,ORD-SYN-A-0168,2026-06-17T22:09:26+08:00,shipped_from_warehouse,shipped_from_warehouse,WH-SYN-WEST,1,piece,synthetic_case_generator
WHE-SYN-A-0169-01,ORD-SYN-A-0169,2026-06-17T11:07:52+08:00,order_received,order_received,WH-SYN-EAST,2,piece,synthetic_case_generator
WHE-SYN-A-0169-02,ORD-SYN-A-0169,2026-06-17T11:54:19+08:00,picking_started,picking_started,WH-SYN-EAST,2,piece,synthetic_case_generator
WHE-SYN-A-0169-03,ORD-SYN-A-0169,2026-06-17T12:41:11+08:00,picking_completed,picking_completed,WH-SYN-EAST,2,piece,synthetic_case_generator
WHE-SYN-A-0169-04,ORD-SYN-A-0169,2026-06-17T13:08:30+08:00,quality_check_started,quality_check_started,WH-SYN-EAST,2,piece,synthetic_case_generator
WHE-SYN-A-0169-05,ORD-SYN-A-0169,2026-06-17T13:35:03+08:00,quality_check_completed,quality_check_completed,WH-SYN-EAST,2,piece,synthetic_case_generator
WHE-SYN-A-0169-06,ORD-SYN-A-0169,2026-06-17T13:42:04+08:00,packing_started,packing_started,WH-SYN-EAST,2,piece,synthetic_case_generator
WHE-SYN-A-0169-07,ORD-SYN-A-0169,2026-06-17T14:26:25+08:00,packing_completed,packing_completed,WH-SYN-EAST,2,piece,synthetic_case_generator
WHE-SYN-A-0169-08,ORD-SYN-A-0169,2026-06-17T14:53:51+08:00,ready_to_ship,ready_to_ship,WH-SYN-EAST,2,piece,synthetic_case_generator
WHE-SYN-A-0169-09,ORD-SYN-A-0169,2026-06-17T15:03:23+08:00,shipped_from_warehouse,shipped_from_warehouse,WH-SYN-EAST,2,piece,synthetic_case_generator
WHE-SYN-A-0170-01,ORD-SYN-A-0170,2026-06-17T13:38:29+08:00,order_received,order_received,WH-SYN-EAST,2,piece,synthetic_case_generator
WHE-SYN-A-0170-02,ORD-SYN-A-0170,2026-06-17T14:31:47+08:00,picking_started,picking_started,WH-SYN-EAST,2,piece,synthetic_case_generator
WHE-SYN-A-0170-03,ORD-SYN-A-0170,2026-06-17T15:28:07+08:00,picking_completed,picking_completed,WH-SYN-EAST,2,piece,synthetic_case_generator
WHE-SYN-A-0170-04,ORD-SYN-A-0170,2026-06-17T15:55:53+08:00,quality_check_started,quality_check_started,WH-SYN-EAST,2,piece,synthetic_case_generator
WHE-SYN-A-0170-05,ORD-SYN-A-0170,2026-06-17T16:27:40+08:00,quality_check_completed,quality_check_completed,WH-SYN-EAST,2,piece,synthetic_case_generator
WHE-SYN-A-0170-06,ORD-SYN-A-0170,2026-06-17T16:32:32+08:00,packing_started,packing_started,WH-SYN-EAST,2,piece,synthetic_case_generator
WHE-SYN-A-0170-07,ORD-SYN-A-0170,2026-06-17T17:15:34+08:00,packing_completed,packing_completed,WH-SYN-EAST,2,piece,synthetic_case_generator
WHE-SYN-A-0170-08,ORD-SYN-A-0170,2026-06-17T17:27:58+08:00,ready_to_ship,ready_to_ship,WH-SYN-EAST,2,piece,synthetic_case_generator
WHE-SYN-A-0170-09,ORD-SYN-A-0170,2026-06-17T17:37:30+08:00,shipped_from_warehouse,shipped_from_warehouse,WH-SYN-EAST,2,piece,synthetic_case_generator
WHE-SYN-A-0171-01,ORD-SYN-A-0171,2026-06-18T17:20:33+08:00,order_received,order_received,WH-SYN-EAST,5,piece,synthetic_case_generator
WHE-SYN-A-0171-02,ORD-SYN-A-0171,2026-06-18T17:56:53+08:00,picking_started,picking_started,WH-SYN-EAST,5,piece,synthetic_case_generator
WHE-SYN-A-0171-03,ORD-SYN-A-0171,2026-06-18T18:47:47+08:00,picking_completed,picking_completed,WH-SYN-EAST,5,piece,synthetic_case_generator
WHE-SYN-A-0171-04,ORD-SYN-A-0171,2026-06-18T19:17:58+08:00,quality_check_started,quality_check_started,WH-SYN-EAST,5,piece,synthetic_case_generator
WHE-SYN-A-0171-05,ORD-SYN-A-0171,2026-06-18T19:47:38+08:00,quality_check_completed,quality_check_completed,WH-SYN-EAST,5,piece,synthetic_case_generator
WHE-SYN-A-0171-06,ORD-SYN-A-0171,2026-06-18T19:57:31+08:00,packing_started,packing_started,WH-SYN-EAST,5,piece,synthetic_case_generator
WHE-SYN-A-0171-07,ORD-SYN-A-0171,2026-06-18T20:37:16+08:00,packing_completed,packing_completed,WH-SYN-EAST,5,piece,synthetic_case_generator
WHE-SYN-A-0171-08,ORD-SYN-A-0171,2026-06-18T20:58:41+08:00,ready_to_ship,ready_to_ship,WH-SYN-EAST,5,piece,synthetic_case_generator
WHE-SYN-A-0171-09,ORD-SYN-A-0171,2026-06-18T21:03:29+08:00,shipped_from_warehouse,shipped_from_warehouse,WH-SYN-EAST,5,piece,synthetic_case_generator
WHE-SYN-A-0172-01,ORD-SYN-A-0172,2026-06-18T19:32:38+08:00,order_received,order_received,WH-SYN-WEST,4,piece,synthetic_case_generator
WHE-SYN-A-0172-02,ORD-SYN-A-0172,2026-06-18T20:23:58+08:00,picking_started,picking_started,WH-SYN-WEST,4,piece,synthetic_case_generator
WHE-SYN-A-0172-03,ORD-SYN-A-0172,2026-06-18T21:17:32+08:00,picking_completed,picking_completed,WH-SYN-WEST,4,piece,synthetic_case_generator
WHE-SYN-A-0172-04,ORD-SYN-A-0172,2026-06-18T21:44:13+08:00,quality_check_started,quality_check_started,WH-SYN-WEST,4,piece,synthetic_case_generator
WHE-SYN-A-0172-05,ORD-SYN-A-0172,2026-06-18T22:16:34+08:00,quality_check_completed,quality_check_completed,WH-SYN-WEST,4,piece,synthetic_case_generator
WHE-SYN-A-0172-06,ORD-SYN-A-0172,2026-06-18T22:26:13+08:00,packing_started,packing_started,WH-SYN-WEST,4,piece,synthetic_case_generator
WHE-SYN-A-0172-07,ORD-SYN-A-0172,2026-06-18T23:07:10+08:00,packing_completed,packing_completed,WH-SYN-WEST,4,piece,synthetic_case_generator
WHE-SYN-A-0172-08,ORD-SYN-A-0172,2026-06-18T23:32:01+08:00,ready_to_ship,ready_to_ship,WH-SYN-WEST,4,piece,synthetic_case_generator
WHE-SYN-A-0172-09,ORD-SYN-A-0172,2026-06-18T23:37:19+08:00,shipped_from_warehouse,shipped_from_warehouse,WH-SYN-WEST,4,piece,synthetic_case_generator
WHE-SYN-A-0173-01,ORD-SYN-A-0173,2026-06-18T12:06:57+08:00,order_received,order_received,WH-SYN-EAST,5,piece,synthetic_case_generator
WHE-SYN-A-0173-02,ORD-SYN-A-0173,2026-06-18T12:51:11+08:00,picking_started,picking_started,WH-SYN-EAST,5,piece,synthetic_case_generator
WHE-SYN-A-0173-03,ORD-SYN-A-0173,2026-06-18T13:34:34+08:00,picking_completed,picking_completed,WH-SYN-EAST,5,piece,synthetic_case_generator
WHE-SYN-A-0173-04,ORD-SYN-A-0173,2026-06-18T14:02:39+08:00,quality_check_started,quality_check_started,WH-SYN-EAST,5,piece,synthetic_case_generator
WHE-SYN-A-0173-05,ORD-SYN-A-0173,2026-06-18T14:27:22+08:00,quality_check_completed,quality_check_completed,WH-SYN-EAST,5,piece,synthetic_case_generator
WHE-SYN-A-0173-06,ORD-SYN-A-0173,2026-06-18T14:33:48+08:00,packing_started,packing_started,WH-SYN-EAST,5,piece,synthetic_case_generator
WHE-SYN-A-0173-07,ORD-SYN-A-0173,2026-06-18T15:06:06+08:00,packing_completed,packing_completed,WH-SYN-EAST,5,piece,synthetic_case_generator
WHE-SYN-A-0173-08,ORD-SYN-A-0173,2026-06-18T15:20:26+08:00,ready_to_ship,ready_to_ship,WH-SYN-EAST,5,piece,synthetic_case_generator
WHE-SYN-A-0173-09,ORD-SYN-A-0173,2026-06-18T15:31:28+08:00,shipped_from_warehouse,shipped_from_warehouse,WH-SYN-EAST,5,piece,synthetic_case_generator
WHE-SYN-A-0174-01,ORD-SYN-A-0174,2026-06-18T14:22:17+08:00,order_received,order_received,WH-SYN-EAST,4,piece,synthetic_case_generator
WHE-SYN-A-0174-02,ORD-SYN-A-0174,2026-06-18T15:06:21+08:00,picking_started,picking_started,WH-SYN-EAST,4,piece,synthetic_case_generator
WHE-SYN-A-0174-03,ORD-SYN-A-0174,2026-06-18T15:49:14+08:00,picking_completed,picking_completed,WH-SYN-EAST,4,piece,synthetic_case_generator
WHE-SYN-A-0174-04,ORD-SYN-A-0174,2026-06-18T16:14:07+08:00,quality_check_started,quality_check_started,WH-SYN-EAST,4,piece,synthetic_case_generator
WHE-SYN-A-0174-05,ORD-SYN-A-0174,2026-06-18T16:37:22+08:00,quality_check_completed,quality_check_completed,WH-SYN-EAST,4,piece,synthetic_case_generator
WHE-SYN-A-0174-06,ORD-SYN-A-0174,2026-06-18T16:41:06+08:00,packing_started,packing_started,WH-SYN-EAST,4,piece,synthetic_case_generator
WHE-SYN-A-0174-07,ORD-SYN-A-0174,2026-06-18T17:23:38+08:00,packing_completed,packing_completed,WH-SYN-EAST,4,piece,synthetic_case_generator
WHE-SYN-A-0174-08,ORD-SYN-A-0174,2026-06-18T17:37:27+08:00,ready_to_ship,ready_to_ship,WH-SYN-EAST,4,piece,synthetic_case_generator
WHE-SYN-A-0174-09,ORD-SYN-A-0174,2026-06-18T17:45:12+08:00,shipped_from_warehouse,shipped_from_warehouse,WH-SYN-EAST,4,piece,synthetic_case_generator
WHE-SYN-A-0175-01,ORD-SYN-A-0175,2026-06-18T17:40:15+08:00,order_received,order_received,WH-SYN-EAST,2,piece,synthetic_case_generator
WHE-SYN-A-0175-02,ORD-SYN-A-0175,2026-06-18T18:28:33+08:00,picking_started,picking_started,WH-SYN-EAST,2,piece,synthetic_case_generator
WHE-SYN-A-0175-03,ORD-SYN-A-0175,2026-06-18T19:21:23+08:00,picking_completed,picking_completed,WH-SYN-EAST,2,piece,synthetic_case_generator
WHE-SYN-A-0175-04,ORD-SYN-A-0175,2026-06-18T19:49:02+08:00,quality_check_started,quality_check_started,WH-SYN-EAST,2,piece,synthetic_case_generator
WHE-SYN-A-0175-05,ORD-SYN-A-0175,2026-06-18T20:13:53+08:00,quality_check_completed,quality_check_completed,WH-SYN-EAST,2,piece,synthetic_case_generator
WHE-SYN-A-0175-06,ORD-SYN-A-0175,2026-06-18T20:19:57+08:00,packing_started,packing_started,WH-SYN-EAST,2,piece,synthetic_case_generator
WHE-SYN-A-0175-07,ORD-SYN-A-0175,2026-06-18T20:51:13+08:00,packing_completed,packing_completed,WH-SYN-EAST,2,piece,synthetic_case_generator
WHE-SYN-A-0175-08,ORD-SYN-A-0175,2026-06-18T21:05:00+08:00,ready_to_ship,ready_to_ship,WH-SYN-EAST,2,piece,synthetic_case_generator
WHE-SYN-A-0175-09,ORD-SYN-A-0175,2026-06-18T21:12:49+08:00,shipped_from_warehouse,shipped_from_warehouse,WH-SYN-EAST,2,piece,synthetic_case_generator
WHE-SYN-A-0176-01,ORD-SYN-A-0176,2026-06-18T10:03:23+08:00,order_received,order_received,WH-SYN-EAST,1,piece,synthetic_case_generator
WHE-SYN-A-0176-02,ORD-SYN-A-0176,2026-06-18T10:35:40+08:00,picking_started,picking_started,WH-SYN-EAST,1,piece,synthetic_case_generator
WHE-SYN-A-0176-03,ORD-SYN-A-0176,2026-06-18T11:27:20+08:00,picking_completed,picking_completed,WH-SYN-EAST,1,piece,synthetic_case_generator
WHE-SYN-A-0176-04,ORD-SYN-A-0176,2026-06-18T11:48:30+08:00,quality_check_started,quality_check_started,WH-SYN-EAST,1,piece,synthetic_case_generator
WHE-SYN-A-0176-05,ORD-SYN-A-0176,2026-06-18T12:13:19+08:00,quality_check_completed,quality_check_completed,WH-SYN-EAST,1,piece,synthetic_case_generator
WHE-SYN-A-0176-06,ORD-SYN-A-0176,2026-06-18T12:25:06+08:00,packing_started,packing_started,WH-SYN-EAST,1,piece,synthetic_case_generator
WHE-SYN-A-0176-07,ORD-SYN-A-0176,2026-06-18T13:05:09+08:00,packing_completed,packing_completed,WH-SYN-EAST,1,piece,synthetic_case_generator
WHE-SYN-A-0176-08,ORD-SYN-A-0176,2026-06-18T13:21:05+08:00,ready_to_ship,ready_to_ship,WH-SYN-EAST,1,piece,synthetic_case_generator
WHE-SYN-A-0176-09,ORD-SYN-A-0176,2026-06-18T13:26:44+08:00,shipped_from_warehouse,shipped_from_warehouse,WH-SYN-EAST,1,piece,synthetic_case_generator
WHE-SYN-A-0177-01,ORD-SYN-A-0177,2026-06-18T12:28:44+08:00,order_received,order_received,WH-SYN-EAST,3,piece,synthetic_case_generator
WHE-SYN-A-0177-02,ORD-SYN-A-0177,2026-06-18T13:05:21+08:00,picking_started,picking_started,WH-SYN-EAST,3,piece,synthetic_case_generator
WHE-SYN-A-0177-03,ORD-SYN-A-0177,2026-06-18T13:57:55+08:00,picking_completed,picking_completed,WH-SYN-EAST,3,piece,synthetic_case_generator
WHE-SYN-A-0177-04,ORD-SYN-A-0177,2026-06-18T14:27:40+08:00,quality_check_started,quality_check_started,WH-SYN-EAST,3,piece,synthetic_case_generator
WHE-SYN-A-0177-05,ORD-SYN-A-0177,2026-06-18T14:59:11+08:00,quality_check_completed,quality_check_completed,WH-SYN-EAST,3,piece,synthetic_case_generator
WHE-SYN-A-0177-06,ORD-SYN-A-0177,2026-06-18T15:08:14+08:00,packing_started,packing_started,WH-SYN-EAST,3,piece,synthetic_case_generator
WHE-SYN-A-0177-07,ORD-SYN-A-0177,2026-06-18T15:50:39+08:00,packing_completed,packing_completed,WH-SYN-EAST,3,piece,synthetic_case_generator
WHE-SYN-A-0177-08,ORD-SYN-A-0177,2026-06-18T16:14:54+08:00,ready_to_ship,ready_to_ship,WH-SYN-EAST,3,piece,synthetic_case_generator
WHE-SYN-A-0177-09,ORD-SYN-A-0177,2026-06-18T16:19:13+08:00,shipped_from_warehouse,shipped_from_warehouse,WH-SYN-EAST,3,piece,synthetic_case_generator
WHE-SYN-A-0178-01,ORD-SYN-A-0178,2026-06-18T16:01:16+08:00,order_received,order_received,WH-SYN-EAST,4,piece,synthetic_case_generator
WHE-SYN-A-0178-02,ORD-SYN-A-0178,2026-06-18T16:53:56+08:00,picking_started,picking_started,WH-SYN-EAST,4,piece,synthetic_case_generator
WHE-SYN-A-0178-03,ORD-SYN-A-0178,2026-06-18T17:42:11+08:00,picking_completed,picking_completed,WH-SYN-EAST,4,piece,synthetic_case_generator
WHE-SYN-A-0178-04,ORD-SYN-A-0178,2026-06-18T18:08:10+08:00,quality_check_started,quality_check_started,WH-SYN-EAST,4,piece,synthetic_case_generator
WHE-SYN-A-0178-05,ORD-SYN-A-0178,2026-06-18T18:29:39+08:00,quality_check_completed,quality_check_completed,WH-SYN-EAST,4,piece,synthetic_case_generator
WHE-SYN-A-0178-06,ORD-SYN-A-0178,2026-06-18T18:35:08+08:00,packing_started,packing_started,WH-SYN-EAST,4,piece,synthetic_case_generator
WHE-SYN-A-0178-07,ORD-SYN-A-0178,2026-06-18T19:13:39+08:00,packing_completed,packing_completed,WH-SYN-EAST,4,piece,synthetic_case_generator
WHE-SYN-A-0178-08,ORD-SYN-A-0178,2026-06-18T19:30:37+08:00,ready_to_ship,ready_to_ship,WH-SYN-EAST,4,piece,synthetic_case_generator
WHE-SYN-A-0178-09,ORD-SYN-A-0178,2026-06-18T19:38:11+08:00,shipped_from_warehouse,shipped_from_warehouse,WH-SYN-EAST,4,piece,synthetic_case_generator
WHE-SYN-A-0179-01,ORD-SYN-A-0179,2026-06-18T18:20:18+08:00,order_received,order_received,WH-SYN-EAST,1,piece,synthetic_case_generator
WHE-SYN-A-0179-02,ORD-SYN-A-0179,2026-06-18T19:14:03+08:00,picking_started,picking_started,WH-SYN-EAST,1,piece,synthetic_case_generator
WHE-SYN-A-0179-03,ORD-SYN-A-0179,2026-06-18T20:03:46+08:00,picking_completed,picking_completed,WH-SYN-EAST,1,piece,synthetic_case_generator
WHE-SYN-A-0179-04,ORD-SYN-A-0179,2026-06-18T20:30:31+08:00,quality_check_started,quality_check_started,WH-SYN-EAST,1,piece,synthetic_case_generator
WHE-SYN-A-0179-05,ORD-SYN-A-0179,2026-06-18T20:54:11+08:00,quality_check_completed,quality_check_completed,WH-SYN-EAST,1,piece,synthetic_case_generator
WHE-SYN-A-0179-06,ORD-SYN-A-0179,2026-06-18T21:00:30+08:00,packing_started,packing_started,WH-SYN-EAST,1,piece,synthetic_case_generator
WHE-SYN-A-0179-07,ORD-SYN-A-0179,2026-06-18T21:37:00+08:00,packing_completed,packing_completed,WH-SYN-EAST,1,piece,synthetic_case_generator
WHE-SYN-A-0179-08,ORD-SYN-A-0179,2026-06-18T21:54:54+08:00,ready_to_ship,ready_to_ship,WH-SYN-EAST,1,piece,synthetic_case_generator
WHE-SYN-A-0179-09,ORD-SYN-A-0179,2026-06-18T22:05:23+08:00,shipped_from_warehouse,shipped_from_warehouse,WH-SYN-EAST,1,piece,synthetic_case_generator
WHE-SYN-A-0180-01,ORD-SYN-A-0180,2026-06-18T10:41:05+08:00,order_received,order_received,WH-SYN-EAST,1,piece,synthetic_case_generator
WHE-SYN-A-0180-02,ORD-SYN-A-0180,2026-06-18T11:29:48+08:00,picking_started,picking_started,WH-SYN-EAST,1,piece,synthetic_case_generator
WHE-SYN-A-0180-03,ORD-SYN-A-0180,2026-06-18T12:25:00+08:00,picking_completed,picking_completed,WH-SYN-EAST,1,piece,synthetic_case_generator
WHE-SYN-A-0180-04,ORD-SYN-A-0180,2026-06-18T12:56:34+08:00,quality_check_started,quality_check_started,WH-SYN-EAST,1,piece,synthetic_case_generator
WHE-SYN-A-0180-05,ORD-SYN-A-0180,2026-06-18T13:18:56+08:00,quality_check_completed,quality_check_completed,WH-SYN-EAST,1,piece,synthetic_case_generator
WHE-SYN-A-0180-06,ORD-SYN-A-0180,2026-06-18T13:28:48+08:00,packing_started,packing_started,WH-SYN-EAST,1,piece,synthetic_case_generator
WHE-SYN-A-0180-07,ORD-SYN-A-0180,2026-06-18T13:59:58+08:00,packing_completed,packing_completed,WH-SYN-EAST,1,piece,synthetic_case_generator
WHE-SYN-A-0180-08,ORD-SYN-A-0180,2026-06-18T14:17:18+08:00,ready_to_ship,ready_to_ship,WH-SYN-EAST,1,piece,synthetic_case_generator
WHE-SYN-A-0180-09,ORD-SYN-A-0180,2026-06-18T14:27:08+08:00,shipped_from_warehouse,shipped_from_warehouse,WH-SYN-EAST,1,piece,synthetic_case_generator
