tracking_event_id,order_id,shipment_id,event_time,event_code,raw_status,carrier_id,location_code,region_code,exception_code,sequence_number
TRE-SYN-C-0001-01,ORD-SYN-C-0001,SHP-SYN-C-0001,2026-06-01T15:48:19+08:00,shipment_created,shipment_created,CAR-SYN-SLOW,ORIGIN-WH-SYN-WEST,CN-ZJ-HZ,,1
TRE-SYN-C-0001-02,ORD-SYN-C-0001,SHP-SYN-C-0001,2026-06-02T14:16:19+08:00,carrier_picked_up,carrier_picked_up,CAR-SYN-SLOW,ORIGIN-WH-SYN-WEST,CN-ZJ-HZ,,2
TRE-SYN-C-0001-03,ORD-SYN-C-0001,SHP-SYN-C-0001,2026-06-02T15:22:46+08:00,origin_departed,origin_departed,CAR-SYN-SLOW,ORIGIN-WH-SYN-WEST,CN-ZJ-HZ,,3
TRE-SYN-C-0001-04,ORD-SYN-C-0001,SHP-SYN-C-0001,2026-06-02T16:32:23+08:00,in_transit,in_transit,CAR-SYN-SLOW,LINEHAUL-SYN-01,CN-ZJ-HZ,,4
TRE-SYN-C-0001-05,ORD-SYN-C-0001,SHP-SYN-C-0001,2026-06-04T12:48:33+08:00,arrived_at_hub,arrived_at_hub,CAR-SYN-SLOW,HUB-SYN-01,CN-ZJ-HZ,,5
TRE-SYN-C-0001-06,ORD-SYN-C-0001,SHP-SYN-C-0001,2026-06-04T22:00:33+08:00,departed_hub,departed_hub,CAR-SYN-SLOW,HUB-SYN-01,CN-ZJ-HZ,,6
TRE-SYN-C-0001-07,ORD-SYN-C-0001,SHP-SYN-C-0001,2026-06-06T12:19:04+08:00,arrived_at_destination_city,arrived_at_destination_city,CAR-SYN-SLOW,DEST-CN-ZJ-HZ,CN-ZJ-HZ,,7
TRE-SYN-C-0001-08,ORD-SYN-C-0001,SHP-SYN-C-0001,2026-06-08T00:10:43+08:00,out_for_delivery,out_for_delivery,CAR-SYN-SLOW,SITE-CN-ZJ-HZ,CN-ZJ-HZ,,8
TRE-SYN-C-0001-09,ORD-SYN-C-0001,SHP-SYN-C-0001,2026-06-08T19:08:21+08:00,delivered,delivered,CAR-SYN-SLOW,SITE-CN-ZJ-HZ,CN-ZJ-HZ,,9
TRE-SYN-C-0002-01,ORD-SYN-C-0002,SHP-SYN-C-0002,2026-06-01T19:15:35+08:00,shipment_created,shipment_created,CAR-SYN-SLOW,ORIGIN-WH-SYN-EAST,CN-SD-QD,,1
TRE-SYN-C-0002-02,ORD-SYN-C-0002,SHP-SYN-C-0002,2026-06-03T00:04:39+08:00,carrier_picked_up,carrier_picked_up,CAR-SYN-SLOW,ORIGIN-WH-SYN-EAST,CN-SD-QD,,2
TRE-SYN-C-0002-03,ORD-SYN-C-0002,SHP-SYN-C-0002,2026-06-03T01:21:23+08:00,origin_departed,origin_departed,CAR-SYN-SLOW,ORIGIN-WH-SYN-EAST,CN-SD-QD,,3
TRE-SYN-C-0002-04,ORD-SYN-C-0002,SHP-SYN-C-0002,2026-06-03T02:14:34+08:00,in_transit,in_transit,CAR-SYN-SLOW,LINEHAUL-SYN-01,CN-SD-QD,,4
TRE-SYN-C-0002-05,ORD-SYN-C-0002,SHP-SYN-C-0002,2026-06-03T21:54:43+08:00,exception,exception,CAR-SYN-SLOW,LINEHAUL-SYN-01,CN-SD-QD,SYNTHETIC_DELAY,5
TRE-SYN-C-0002-06,ORD-SYN-C-0002,SHP-SYN-C-0002,2026-06-04T17:34:53+08:00,arrived_at_hub,arrived_at_hub,CAR-SYN-SLOW,HUB-SYN-01,CN-SD-QD,,6
TRE-SYN-C-0002-07,ORD-SYN-C-0002,SHP-SYN-C-0002,2026-06-04T22:57:01+08:00,departed_hub,departed_hub,CAR-SYN-SLOW,HUB-SYN-01,CN-SD-QD,,7
TRE-SYN-C-0002-08,ORD-SYN-C-0002,SHP-SYN-C-0002,2026-06-06T15:17:56+08:00,arrived_at_destination_city,arrived_at_destination_city,CAR-SYN-SLOW,DEST-CN-SD-QD,CN-SD-QD,,8
TRE-SYN-C-0002-09,ORD-SYN-C-0002,SHP-SYN-C-0002,2026-06-08T02:12:53+08:00,out_for_delivery,out_for_delivery,CAR-SYN-SLOW,SITE-CN-SD-QD,CN-SD-QD,,9
TRE-SYN-C-0002-10,ORD-SYN-C-0002,SHP-SYN-C-0002,2026-06-08T19:27:25+08:00,delivered,delivered,CAR-SYN-SLOW,SITE-CN-SD-QD,CN-SD-QD,,10
TRE-SYN-C-0003-01,ORD-SYN-C-0003,SHP-SYN-C-0003,2026-06-01T22:46:10+08:00,shipment_created,shipment_created,CAR-SYN-STD,ORIGIN-WH-SYN-WEST,CN-HB-WH,,1
TRE-SYN-C-0003-02,ORD-SYN-C-0003,SHP-SYN-C-0003,2026-06-02T04:52:13+08:00,carrier_picked_up,carrier_picked_up,CAR-SYN-STD,ORIGIN-WH-SYN-WEST,CN-HB-WH,,2
TRE-SYN-C-0003-03,ORD-SYN-C-0003,SHP-SYN-C-0003,2026-06-02T05:31:18+08:00,origin_departed,origin_departed,CAR-SYN-STD,ORIGIN-WH-SYN-WEST,CN-HB-WH,,3
TRE-SYN-C-0003-04,ORD-SYN-C-0003,SHP-SYN-C-0003,2026-06-02T06:05:35+08:00,in_transit,in_transit,CAR-SYN-STD,LINEHAUL-SYN-01,CN-HB-WH,,4
TRE-SYN-C-0003-05,ORD-SYN-C-0003,SHP-SYN-C-0003,2026-06-02T16:12:14+08:00,arrived_at_hub,arrived_at_hub,CAR-SYN-STD,HUB-SYN-01,CN-HB-WH,,5
TRE-SYN-C-0003-06,ORD-SYN-C-0003,SHP-SYN-C-0003,2026-06-02T18:31:07+08:00,departed_hub,departed_hub,CAR-SYN-STD,HUB-SYN-01,CN-HB-WH,,6
TRE-SYN-C-0003-07,ORD-SYN-C-0003,SHP-SYN-C-0003,2026-06-03T09:23:08+08:00,arrived_at_destination_city,arrived_at_destination_city,CAR-SYN-STD,DEST-CN-HB-WH,CN-HB-WH,,7
TRE-SYN-C-0003-08,ORD-SYN-C-0003,SHP-SYN-C-0003,2026-06-03T18:08:29+08:00,out_for_delivery,out_for_delivery,CAR-SYN-STD,SITE-CN-HB-WH,CN-HB-WH,,8
TRE-SYN-C-0003-09,ORD-SYN-C-0003,SHP-SYN-C-0003,2026-06-03T21:36:04+08:00,delivered,delivered,CAR-SYN-STD,SITE-CN-HB-WH,CN-HB-WH,,9
TRE-SYN-C-0004-01,ORD-SYN-C-0004,SHP-SYN-C-0004,2026-06-01T13:47:43+08:00,shipment_created,shipment_created,CAR-SYN-FAST,ORIGIN-WH-SYN-EAST,CN-SD-QD,,1
TRE-SYN-C-0004-02,ORD-SYN-C-0004,SHP-SYN-C-0004,2026-06-01T20:58:55+08:00,carrier_picked_up,carrier_picked_up,CAR-SYN-FAST,ORIGIN-WH-SYN-EAST,CN-SD-QD,,2
TRE-SYN-C-0004-03,ORD-SYN-C-0004,SHP-SYN-C-0004,2026-06-01T21:29:14+08:00,origin_departed,origin_departed,CAR-SYN-FAST,ORIGIN-WH-SYN-EAST,CN-SD-QD,,3
TRE-SYN-C-0004-04,ORD-SYN-C-0004,SHP-SYN-C-0004,2026-06-01T22:34:56+08:00,in_transit,in_transit,CAR-SYN-FAST,LINEHAUL-SYN-01,CN-SD-QD,,4
TRE-SYN-C-0004-05,ORD-SYN-C-0004,SHP-SYN-C-0004,2026-06-02T10:03:40+08:00,arrived_at_hub,arrived_at_hub,CAR-SYN-FAST,HUB-SYN-01,CN-SD-QD,,5
TRE-SYN-C-0004-06,ORD-SYN-C-0004,SHP-SYN-C-0004,2026-06-02T12:36:02+08:00,departed_hub,departed_hub,CAR-SYN-FAST,HUB-SYN-01,CN-SD-QD,,6
TRE-SYN-C-0004-07,ORD-SYN-C-0004,SHP-SYN-C-0004,2026-06-02T23:18:48+08:00,arrived_at_destination_city,arrived_at_destination_city,CAR-SYN-FAST,DEST-CN-SD-QD,CN-SD-QD,,7
TRE-SYN-C-0004-08,ORD-SYN-C-0004,SHP-SYN-C-0004,2026-06-03T04:26:30+08:00,out_for_delivery,out_for_delivery,CAR-SYN-FAST,SITE-CN-SD-QD,CN-SD-QD,,8
TRE-SYN-C-0004-09,ORD-SYN-C-0004,SHP-SYN-C-0004,2026-06-03T09:37:01+08:00,delivered,delivered,CAR-SYN-FAST,SITE-CN-SD-QD,CN-SD-QD,,9
TRE-SYN-C-0005-01,ORD-SYN-C-0005,SHP-SYN-C-0005,2026-06-01T17:20:58+08:00,shipment_created,shipment_created,CAR-SYN-FAST,ORIGIN-WH-SYN-WEST,CN-SD-QD,,1
TRE-SYN-C-0005-02,ORD-SYN-C-0005,SHP-SYN-C-0005,2026-06-01T23:16:16+08:00,carrier_picked_up,carrier_picked_up,CAR-SYN-FAST,ORIGIN-WH-SYN-WEST,CN-SD-QD,,2
TRE-SYN-C-0005-03,ORD-SYN-C-0005,SHP-SYN-C-0005,2026-06-01T23:58:40+08:00,origin_departed,origin_departed,CAR-SYN-FAST,ORIGIN-WH-SYN-WEST,CN-SD-QD,,3
TRE-SYN-C-0005-04,ORD-SYN-C-0005,SHP-SYN-C-0005,2026-06-02T01:07:34+08:00,in_transit,in_transit,CAR-SYN-FAST,LINEHAUL-SYN-01,CN-SD-QD,,4
TRE-SYN-C-0005-05,ORD-SYN-C-0005,SHP-SYN-C-0005,2026-06-02T10:40:28+08:00,arrived_at_hub,arrived_at_hub,CAR-SYN-FAST,HUB-SYN-01,CN-SD-QD,,5
TRE-SYN-C-0005-06,ORD-SYN-C-0005,SHP-SYN-C-0005,2026-06-02T13:26:10+08:00,departed_hub,departed_hub,CAR-SYN-FAST,HUB-SYN-01,CN-SD-QD,,6
TRE-SYN-C-0005-07,ORD-SYN-C-0005,SHP-SYN-C-0005,2026-06-02T23:29:29+08:00,arrived_at_destination_city,arrived_at_destination_city,CAR-SYN-FAST,DEST-CN-SD-QD,CN-SD-QD,,7
TRE-SYN-C-0005-08,ORD-SYN-C-0005,SHP-SYN-C-0005,2026-06-03T08:08:40+08:00,out_for_delivery,out_for_delivery,CAR-SYN-FAST,SITE-CN-SD-QD,CN-SD-QD,,8
TRE-SYN-C-0005-09,ORD-SYN-C-0005,SHP-SYN-C-0005,2026-06-03T13:43:02+08:00,delivered,delivered,CAR-SYN-FAST,SITE-CN-SD-QD,CN-SD-QD,,9
TRE-SYN-C-0006-01,ORD-SYN-C-0006,SHP-SYN-C-0006,2026-06-01T20:11:10+08:00,shipment_created,shipment_created,CAR-SYN-SLOW,ORIGIN-WH-SYN-EAST,CN-JS-NJ,,1
TRE-SYN-C-0006-02,ORD-SYN-C-0006,SHP-SYN-C-0006,2026-06-02T21:50:45+08:00,carrier_picked_up,carrier_picked_up,CAR-SYN-SLOW,ORIGIN-WH-SYN-EAST,CN-JS-NJ,,2
TRE-SYN-C-0006-03,ORD-SYN-C-0006,SHP-SYN-C-0006,2026-06-02T23:00:51+08:00,origin_departed,origin_departed,CAR-SYN-SLOW,ORIGIN-WH-SYN-EAST,CN-JS-NJ,,3
TRE-SYN-C-0006-04,ORD-SYN-C-0006,SHP-SYN-C-0006,2026-06-03T00:03:21+08:00,in_transit,in_transit,CAR-SYN-SLOW,LINEHAUL-SYN-01,CN-JS-NJ,,4
TRE-SYN-C-0006-05,ORD-SYN-C-0006,SHP-SYN-C-0006,2026-06-03T21:21:00+08:00,exception,exception,CAR-SYN-SLOW,LINEHAUL-SYN-01,CN-JS-NJ,SYNTHETIC_DELAY,5
TRE-SYN-C-0006-06,ORD-SYN-C-0006,SHP-SYN-C-0006,2026-06-04T18:38:39+08:00,arrived_at_hub,arrived_at_hub,CAR-SYN-SLOW,HUB-SYN-01,CN-JS-NJ,,6
TRE-SYN-C-0006-07,ORD-SYN-C-0006,SHP-SYN-C-0006,2026-06-05T01:04:14+08:00,departed_hub,departed_hub,CAR-SYN-SLOW,HUB-SYN-01,CN-JS-NJ,,7
TRE-SYN-C-0006-08,ORD-SYN-C-0006,SHP-SYN-C-0006,2026-06-07T07:53:49+08:00,arrived_at_destination_city,arrived_at_destination_city,CAR-SYN-SLOW,DEST-CN-JS-NJ,CN-JS-NJ,,8
TRE-SYN-C-0006-09,ORD-SYN-C-0006,SHP-SYN-C-0006,2026-06-08T21:39:14+08:00,out_for_delivery,out_for_delivery,CAR-SYN-SLOW,SITE-CN-JS-NJ,CN-JS-NJ,,9
TRE-SYN-C-0006-10,ORD-SYN-C-0006,SHP-SYN-C-0006,2026-06-09T16:22:52+08:00,delivered,delivered,CAR-SYN-SLOW,SITE-CN-JS-NJ,CN-JS-NJ,,10
TRE-SYN-C-0007-01,ORD-SYN-C-0007,SHP-SYN-C-0007,2026-06-01T23:02:13+08:00,shipment_created,shipment_created,CAR-SYN-STD,ORIGIN-WH-SYN-WEST,CN-JS-NJ,,1
TRE-SYN-C-0007-02,ORD-SYN-C-0007,SHP-SYN-C-0007,2026-06-02T06:02:48+08:00,carrier_picked_up,carrier_picked_up,CAR-SYN-STD,ORIGIN-WH-SYN-WEST,CN-JS-NJ,,2
TRE-SYN-C-0007-03,ORD-SYN-C-0007,SHP-SYN-C-0007,2026-06-02T07:08:25+08:00,origin_departed,origin_departed,CAR-SYN-STD,ORIGIN-WH-SYN-WEST,CN-JS-NJ,,3
TRE-SYN-C-0007-04,ORD-SYN-C-0007,SHP-SYN-C-0007,2026-06-02T08:34:48+08:00,in_transit,in_transit,CAR-SYN-STD,LINEHAUL-SYN-01,CN-JS-NJ,,4
TRE-SYN-C-0007-05,ORD-SYN-C-0007,SHP-SYN-C-0007,2026-06-02T14:13:13+08:00,arrived_at_hub,arrived_at_hub,CAR-SYN-STD,HUB-SYN-01,CN-JS-NJ,,5
TRE-SYN-C-0007-06,ORD-SYN-C-0007,SHP-SYN-C-0007,2026-06-02T16:57:28+08:00,departed_hub,departed_hub,CAR-SYN-STD,HUB-SYN-01,CN-JS-NJ,,6
TRE-SYN-C-0007-07,ORD-SYN-C-0007,SHP-SYN-C-0007,2026-06-03T03:27:12+08:00,arrived_at_destination_city,arrived_at_destination_city,CAR-SYN-STD,DEST-CN-JS-NJ,CN-JS-NJ,,7
TRE-SYN-C-0007-08,ORD-SYN-C-0007,SHP-SYN-C-0007,2026-06-03T08:51:38+08:00,out_for_delivery,out_for_delivery,CAR-SYN-STD,SITE-CN-JS-NJ,CN-JS-NJ,,8
TRE-SYN-C-0007-09,ORD-SYN-C-0007,SHP-SYN-C-0007,2026-06-03T10:59:53+08:00,delivered,delivered,CAR-SYN-STD,SITE-CN-JS-NJ,CN-JS-NJ,,9
TRE-SYN-C-0008-01,ORD-SYN-C-0008,SHP-SYN-C-0008,2026-06-01T15:46:44+08:00,shipment_created,shipment_created,CAR-SYN-STD,ORIGIN-WH-SYN-WEST,CN-SD-QD,,1
TRE-SYN-C-0008-02,ORD-SYN-C-0008,SHP-SYN-C-0008,2026-06-01T21:16:41+08:00,carrier_picked_up,carrier_picked_up,CAR-SYN-STD,ORIGIN-WH-SYN-WEST,CN-SD-QD,,2
TRE-SYN-C-0008-03,ORD-SYN-C-0008,SHP-SYN-C-0008,2026-06-01T22:07:26+08:00,origin_departed,origin_departed,CAR-SYN-STD,ORIGIN-WH-SYN-WEST,CN-SD-QD,,3
TRE-SYN-C-0008-04,ORD-SYN-C-0008,SHP-SYN-C-0008,2026-06-01T23:14:40+08:00,in_transit,in_transit,CAR-SYN-STD,LINEHAUL-SYN-01,CN-SD-QD,,4
TRE-SYN-C-0008-05,ORD-SYN-C-0008,SHP-SYN-C-0008,2026-06-02T07:45:32+08:00,arrived_at_hub,arrived_at_hub,CAR-SYN-STD,HUB-SYN-01,CN-SD-QD,,5
TRE-SYN-C-0008-06,ORD-SYN-C-0008,SHP-SYN-C-0008,2026-06-02T10:25:31+08:00,departed_hub,departed_hub,CAR-SYN-STD,HUB-SYN-01,CN-SD-QD,,6
TRE-SYN-C-0008-07,ORD-SYN-C-0008,SHP-SYN-C-0008,2026-06-02T20:26:07+08:00,arrived_at_destination_city,arrived_at_destination_city,CAR-SYN-STD,DEST-CN-SD-QD,CN-SD-QD,,7
TRE-SYN-C-0008-08,ORD-SYN-C-0008,SHP-SYN-C-0008,2026-06-03T05:16:41+08:00,out_for_delivery,out_for_delivery,CAR-SYN-STD,SITE-CN-SD-QD,CN-SD-QD,,8
TRE-SYN-C-0008-09,ORD-SYN-C-0008,SHP-SYN-C-0008,2026-06-03T09:47:41+08:00,delivered,delivered,CAR-SYN-STD,SITE-CN-SD-QD,CN-SD-QD,,9
TRE-SYN-C-0009-01,ORD-SYN-C-0009,SHP-SYN-C-0009,2026-06-01T17:46:12+08:00,shipment_created,shipment_created,CAR-SYN-STD,ORIGIN-WH-SYN-EAST,CN-SD-QD,,1
TRE-SYN-C-0009-02,ORD-SYN-C-0009,SHP-SYN-C-0009,2026-06-02T01:42:46+08:00,carrier_picked_up,carrier_picked_up,CAR-SYN-STD,ORIGIN-WH-SYN-EAST,CN-SD-QD,,2
TRE-SYN-C-0009-03,ORD-SYN-C-0009,SHP-SYN-C-0009,2026-06-02T02:23:43+08:00,origin_departed,origin_departed,CAR-SYN-STD,ORIGIN-WH-SYN-EAST,CN-SD-QD,,3
TRE-SYN-C-0009-04,ORD-SYN-C-0009,SHP-SYN-C-0009,2026-06-02T03:00:51+08:00,in_transit,in_transit,CAR-SYN-STD,LINEHAUL-SYN-01,CN-SD-QD,,4
TRE-SYN-C-0009-05,ORD-SYN-C-0009,SHP-SYN-C-0009,2026-06-02T14:56:52+08:00,arrived_at_hub,arrived_at_hub,CAR-SYN-STD,HUB-SYN-01,CN-SD-QD,,5
TRE-SYN-C-0009-06,ORD-SYN-C-0009,SHP-SYN-C-0009,2026-06-02T18:18:49+08:00,departed_hub,departed_hub,CAR-SYN-STD,HUB-SYN-01,CN-SD-QD,,6
TRE-SYN-C-0009-07,ORD-SYN-C-0009,SHP-SYN-C-0009,2026-06-03T07:38:00+08:00,arrived_at_destination_city,arrived_at_destination_city,CAR-SYN-STD,DEST-CN-SD-QD,CN-SD-QD,,7
TRE-SYN-C-0009-08,ORD-SYN-C-0009,SHP-SYN-C-0009,2026-06-03T12:53:55+08:00,out_for_delivery,out_for_delivery,CAR-SYN-STD,SITE-CN-SD-QD,CN-SD-QD,,8
TRE-SYN-C-0009-09,ORD-SYN-C-0009,SHP-SYN-C-0009,2026-06-03T17:00:36+08:00,delivered,delivered,CAR-SYN-STD,SITE-CN-SD-QD,CN-SD-QD,,9
TRE-SYN-C-0010-01,ORD-SYN-C-0010,SHP-SYN-C-0010,2026-06-01T21:13:16+08:00,shipment_created,shipment_created,CAR-SYN-SLOW,ORIGIN-WH-SYN-EAST,CN-JS-NJ,,1
TRE-SYN-C-0010-02,ORD-SYN-C-0010,SHP-SYN-C-0010,2026-06-02T23:27:20+08:00,carrier_picked_up,carrier_picked_up,CAR-SYN-SLOW,ORIGIN-WH-SYN-EAST,CN-JS-NJ,,2
TRE-SYN-C-0010-03,ORD-SYN-C-0010,SHP-SYN-C-0010,2026-06-03T00:40:28+08:00,origin_departed,origin_departed,CAR-SYN-SLOW,ORIGIN-WH-SYN-EAST,CN-JS-NJ,,3
TRE-SYN-C-0010-04,ORD-SYN-C-0010,SHP-SYN-C-0010,2026-06-03T01:13:23+08:00,in_transit,in_transit,CAR-SYN-SLOW,LINEHAUL-SYN-01,CN-JS-NJ,,4
TRE-SYN-C-0010-05,ORD-SYN-C-0010,SHP-SYN-C-0010,2026-06-03T22:44:23+08:00,exception,exception,CAR-SYN-SLOW,LINEHAUL-SYN-01,CN-JS-NJ,SYNTHETIC_DELAY,5
TRE-SYN-C-0010-06,ORD-SYN-C-0010,SHP-SYN-C-0010,2026-06-04T20:15:23+08:00,arrived_at_hub,arrived_at_hub,CAR-SYN-SLOW,HUB-SYN-01,CN-JS-NJ,,6
TRE-SYN-C-0010-07,ORD-SYN-C-0010,SHP-SYN-C-0010,2026-06-05T03:21:42+08:00,departed_hub,departed_hub,CAR-SYN-SLOW,HUB-SYN-01,CN-JS-NJ,,7
TRE-SYN-C-0010-08,ORD-SYN-C-0010,SHP-SYN-C-0010,2026-06-06T18:26:52+08:00,arrived_at_destination_city,arrived_at_destination_city,CAR-SYN-SLOW,DEST-CN-JS-NJ,CN-JS-NJ,,8
TRE-SYN-C-0010-09,ORD-SYN-C-0010,SHP-SYN-C-0010,2026-06-08T05:18:15+08:00,out_for_delivery,out_for_delivery,CAR-SYN-SLOW,SITE-CN-JS-NJ,CN-JS-NJ,,9
TRE-SYN-C-0010-10,ORD-SYN-C-0010,SHP-SYN-C-0010,2026-06-09T01:37:19+08:00,delivered,delivered,CAR-SYN-SLOW,SITE-CN-JS-NJ,CN-JS-NJ,,10
TRE-SYN-C-0011-01,ORD-SYN-C-0011,SHP-SYN-C-0011,2026-06-02T13:17:44+08:00,shipment_created,shipment_created,CAR-SYN-STD,ORIGIN-WH-SYN-EAST,CN-HB-WH,,1
TRE-SYN-C-0011-02,ORD-SYN-C-0011,SHP-SYN-C-0011,2026-06-02T18:28:51+08:00,carrier_picked_up,carrier_picked_up,CAR-SYN-STD,ORIGIN-WH-SYN-EAST,CN-HB-WH,,2
TRE-SYN-C-0011-03,ORD-SYN-C-0011,SHP-SYN-C-0011,2026-06-02T19:49:39+08:00,origin_departed,origin_departed,CAR-SYN-STD,ORIGIN-WH-SYN-EAST,CN-HB-WH,,3
TRE-SYN-C-0011-04,ORD-SYN-C-0011,SHP-SYN-C-0011,2026-06-02T20:29:00+08:00,in_transit,in_transit,CAR-SYN-STD,LINEHAUL-SYN-01,CN-HB-WH,,4
TRE-SYN-C-0011-05,ORD-SYN-C-0011,SHP-SYN-C-0011,2026-06-03T05:17:08+08:00,arrived_at_hub,arrived_at_hub,CAR-SYN-STD,HUB-SYN-01,CN-HB-WH,,5
TRE-SYN-C-0011-06,ORD-SYN-C-0011,SHP-SYN-C-0011,2026-06-03T07:01:30+08:00,departed_hub,departed_hub,CAR-SYN-STD,HUB-SYN-01,CN-HB-WH,,6
TRE-SYN-C-0011-07,ORD-SYN-C-0011,SHP-SYN-C-0011,2026-06-03T15:03:13+08:00,arrived_at_destination_city,arrived_at_destination_city,CAR-SYN-STD,DEST-CN-HB-WH,CN-HB-WH,,7
TRE-SYN-C-0011-08,ORD-SYN-C-0011,SHP-SYN-C-0011,2026-06-03T21:50:06+08:00,out_for_delivery,out_for_delivery,CAR-SYN-STD,SITE-CN-HB-WH,CN-HB-WH,,8
TRE-SYN-C-0011-09,ORD-SYN-C-0011,SHP-SYN-C-0011,2026-06-04T01:24:52+08:00,delivered,delivered,CAR-SYN-STD,SITE-CN-HB-WH,CN-HB-WH,,9
TRE-SYN-C-0012-01,ORD-SYN-C-0012,SHP-SYN-C-0012,2026-06-02T16:29:47+08:00,shipment_created,shipment_created,CAR-SYN-FAST,ORIGIN-WH-SYN-EAST,CN-ZJ-HZ,,1
TRE-SYN-C-0012-02,ORD-SYN-C-0012,SHP-SYN-C-0012,2026-06-03T00:06:35+08:00,carrier_picked_up,carrier_picked_up,CAR-SYN-FAST,ORIGIN-WH-SYN-EAST,CN-ZJ-HZ,,2
TRE-SYN-C-0012-03,ORD-SYN-C-0012,SHP-SYN-C-0012,2026-06-03T01:35:48+08:00,origin_departed,origin_departed,CAR-SYN-FAST,ORIGIN-WH-SYN-EAST,CN-ZJ-HZ,,3
TRE-SYN-C-0012-04,ORD-SYN-C-0012,SHP-SYN-C-0012,2026-06-03T02:24:22+08:00,in_transit,in_transit,CAR-SYN-FAST,LINEHAUL-SYN-01,CN-ZJ-HZ,,4
TRE-SYN-C-0012-05,ORD-SYN-C-0012,SHP-SYN-C-0012,2026-06-03T15:06:06+08:00,arrived_at_hub,arrived_at_hub,CAR-SYN-FAST,HUB-SYN-01,CN-ZJ-HZ,,5
TRE-SYN-C-0012-06,ORD-SYN-C-0012,SHP-SYN-C-0012,2026-06-03T17:03:45+08:00,departed_hub,departed_hub,CAR-SYN-FAST,HUB-SYN-01,CN-ZJ-HZ,,6
TRE-SYN-C-0012-07,ORD-SYN-C-0012,SHP-SYN-C-0012,2026-06-04T04:36:57+08:00,arrived_at_destination_city,arrived_at_destination_city,CAR-SYN-FAST,DEST-CN-ZJ-HZ,CN-ZJ-HZ,,7
TRE-SYN-C-0012-08,ORD-SYN-C-0012,SHP-SYN-C-0012,2026-06-04T07:07:11+08:00,out_for_delivery,out_for_delivery,CAR-SYN-FAST,SITE-CN-ZJ-HZ,CN-ZJ-HZ,,8
TRE-SYN-C-0012-09,ORD-SYN-C-0012,SHP-SYN-C-0012,2026-06-04T10:35:20+08:00,delivered,delivered,CAR-SYN-FAST,SITE-CN-ZJ-HZ,CN-ZJ-HZ,,9
TRE-SYN-C-0013-01,ORD-SYN-C-0013,SHP-SYN-C-0013,2026-06-02T18:49:03+08:00,shipment_created,shipment_created,CAR-SYN-SLOW,ORIGIN-WH-SYN-EAST,CN-HB-WH,,1
TRE-SYN-C-0013-02,ORD-SYN-C-0013,SHP-SYN-C-0013,2026-06-03T13:08:40+08:00,carrier_picked_up,carrier_picked_up,CAR-SYN-SLOW,ORIGIN-WH-SYN-EAST,CN-HB-WH,,2
TRE-SYN-C-0013-03,ORD-SYN-C-0013,SHP-SYN-C-0013,2026-06-03T14:31:15+08:00,origin_departed,origin_departed,CAR-SYN-SLOW,ORIGIN-WH-SYN-EAST,CN-HB-WH,,3
TRE-SYN-C-0013-04,ORD-SYN-C-0013,SHP-SYN-C-0013,2026-06-03T15:28:28+08:00,in_transit,in_transit,CAR-SYN-SLOW,LINEHAUL-SYN-01,CN-HB-WH,,4
TRE-SYN-C-0013-05,ORD-SYN-C-0013,SHP-SYN-C-0013,2026-06-05T12:09:37+08:00,arrived_at_hub,arrived_at_hub,CAR-SYN-SLOW,HUB-SYN-01,CN-HB-WH,,5
TRE-SYN-C-0013-06,ORD-SYN-C-0013,SHP-SYN-C-0013,2026-06-05T18:59:31+08:00,departed_hub,departed_hub,CAR-SYN-SLOW,HUB-SYN-01,CN-HB-WH,,6
TRE-SYN-C-0013-07,ORD-SYN-C-0013,SHP-SYN-C-0013,2026-06-07T16:36:04+08:00,arrived_at_destination_city,arrived_at_destination_city,CAR-SYN-SLOW,DEST-CN-HB-WH,CN-HB-WH,,7
TRE-SYN-C-0013-08,ORD-SYN-C-0013,SHP-SYN-C-0013,2026-06-09T00:43:12+08:00,out_for_delivery,out_for_delivery,CAR-SYN-SLOW,SITE-CN-HB-WH,CN-HB-WH,,8
TRE-SYN-C-0013-09,ORD-SYN-C-0013,SHP-SYN-C-0013,2026-06-09T16:28:04+08:00,delivered,delivered,CAR-SYN-SLOW,SITE-CN-HB-WH,CN-HB-WH,,9
TRE-SYN-C-0014-01,ORD-SYN-C-0014,SHP-SYN-C-0014,2026-06-02T22:03:54+08:00,shipment_created,shipment_created,CAR-SYN-SLOW,ORIGIN-WH-SYN-EAST,CN-ZJ-HZ,,1
TRE-SYN-C-0014-02,ORD-SYN-C-0014,SHP-SYN-C-0014,2026-06-04T01:32:18+08:00,carrier_picked_up,carrier_picked_up,CAR-SYN-SLOW,ORIGIN-WH-SYN-EAST,CN-ZJ-HZ,,2
TRE-SYN-C-0014-03,ORD-SYN-C-0014,SHP-SYN-C-0014,2026-06-04T02:27:25+08:00,origin_departed,origin_departed,CAR-SYN-SLOW,ORIGIN-WH-SYN-EAST,CN-ZJ-HZ,,3
TRE-SYN-C-0014-04,ORD-SYN-C-0014,SHP-SYN-C-0014,2026-06-04T03:22:52+08:00,in_transit,in_transit,CAR-SYN-SLOW,LINEHAUL-SYN-01,CN-ZJ-HZ,,4
TRE-SYN-C-0014-05,ORD-SYN-C-0014,SHP-SYN-C-0014,2026-06-04T23:09:49+08:00,exception,exception,CAR-SYN-SLOW,LINEHAUL-SYN-01,CN-ZJ-HZ,SYNTHETIC_DELAY,5
TRE-SYN-C-0014-06,ORD-SYN-C-0014,SHP-SYN-C-0014,2026-06-05T18:56:47+08:00,arrived_at_hub,arrived_at_hub,CAR-SYN-SLOW,HUB-SYN-01,CN-ZJ-HZ,,6
TRE-SYN-C-0014-07,ORD-SYN-C-0014,SHP-SYN-C-0014,2026-06-06T01:51:11+08:00,departed_hub,departed_hub,CAR-SYN-SLOW,HUB-SYN-01,CN-ZJ-HZ,,7
TRE-SYN-C-0014-08,ORD-SYN-C-0014,SHP-SYN-C-0014,2026-06-07T19:31:01+08:00,arrived_at_destination_city,arrived_at_destination_city,CAR-SYN-SLOW,DEST-CN-ZJ-HZ,CN-ZJ-HZ,,8
TRE-SYN-C-0014-09,ORD-SYN-C-0014,SHP-SYN-C-0014,2026-06-09T10:36:12+08:00,out_for_delivery,out_for_delivery,CAR-SYN-SLOW,SITE-CN-ZJ-HZ,CN-ZJ-HZ,,9
TRE-SYN-C-0014-10,ORD-SYN-C-0014,SHP-SYN-C-0014,2026-06-10T00:46:10+08:00,delivered,delivered,CAR-SYN-SLOW,SITE-CN-ZJ-HZ,CN-ZJ-HZ,,10
TRE-SYN-C-0015-01,ORD-SYN-C-0015,SHP-SYN-C-0015,2026-06-02T14:37:30+08:00,shipment_created,shipment_created,CAR-SYN-SLOW,ORIGIN-WH-SYN-WEST,CN-ZJ-HZ,,1
TRE-SYN-C-0015-02,ORD-SYN-C-0015,SHP-SYN-C-0015,2026-06-03T15:10:46+08:00,carrier_picked_up,carrier_picked_up,CAR-SYN-SLOW,ORIGIN-WH-SYN-WEST,CN-ZJ-HZ,,2
TRE-SYN-C-0015-03,ORD-SYN-C-0015,SHP-SYN-C-0015,2026-06-03T16:10:29+08:00,origin_departed,origin_departed,CAR-SYN-SLOW,ORIGIN-WH-SYN-WEST,CN-ZJ-HZ,,3
TRE-SYN-C-0015-04,ORD-SYN-C-0015,SHP-SYN-C-0015,2026-06-03T17:17:08+08:00,in_transit,in_transit,CAR-SYN-SLOW,LINEHAUL-SYN-01,CN-ZJ-HZ,,4
TRE-SYN-C-0015-05,ORD-SYN-C-0015,SHP-SYN-C-0015,2026-06-05T13:29:31+08:00,arrived_at_hub,arrived_at_hub,CAR-SYN-SLOW,HUB-SYN-01,CN-ZJ-HZ,,5
TRE-SYN-C-0015-06,ORD-SYN-C-0015,SHP-SYN-C-0015,2026-06-05T19:12:01+08:00,departed_hub,departed_hub,CAR-SYN-SLOW,HUB-SYN-01,CN-ZJ-HZ,,6
TRE-SYN-C-0015-07,ORD-SYN-C-0015,SHP-SYN-C-0015,2026-06-07T10:20:45+08:00,arrived_at_destination_city,arrived_at_destination_city,CAR-SYN-SLOW,DEST-CN-ZJ-HZ,CN-ZJ-HZ,,7
TRE-SYN-C-0015-08,ORD-SYN-C-0015,SHP-SYN-C-0015,2026-06-09T00:37:35+08:00,out_for_delivery,out_for_delivery,CAR-SYN-SLOW,SITE-CN-ZJ-HZ,CN-ZJ-HZ,,8
TRE-SYN-C-0015-09,ORD-SYN-C-0015,SHP-SYN-C-0015,2026-06-09T21:49:20+08:00,delivered,delivered,CAR-SYN-SLOW,SITE-CN-ZJ-HZ,CN-ZJ-HZ,,9
TRE-SYN-C-0016-01,ORD-SYN-C-0016,SHP-SYN-C-0016,2026-06-02T17:10:39+08:00,shipment_created,shipment_created,CAR-SYN-STD,ORIGIN-WH-SYN-EAST,CN-SD-QD,,1
TRE-SYN-C-0016-02,ORD-SYN-C-0016,SHP-SYN-C-0016,2026-06-03T00:37:11+08:00,carrier_picked_up,carrier_picked_up,CAR-SYN-STD,ORIGIN-WH-SYN-EAST,CN-SD-QD,,2
TRE-SYN-C-0016-03,ORD-SYN-C-0016,SHP-SYN-C-0016,2026-06-03T02:02:38+08:00,origin_departed,origin_departed,CAR-SYN-STD,ORIGIN-WH-SYN-EAST,CN-SD-QD,,3
TRE-SYN-C-0016-04,ORD-SYN-C-0016,SHP-SYN-C-0016,2026-06-03T03:05:45+08:00,in_transit,in_transit,CAR-SYN-STD,LINEHAUL-SYN-01,CN-SD-QD,,4
TRE-SYN-C-0016-05,ORD-SYN-C-0016,SHP-SYN-C-0016,2026-06-03T10:17:11+08:00,arrived_at_hub,arrived_at_hub,CAR-SYN-STD,HUB-SYN-01,CN-SD-QD,,5
TRE-SYN-C-0016-06,ORD-SYN-C-0016,SHP-SYN-C-0016,2026-06-03T12:56:11+08:00,departed_hub,departed_hub,CAR-SYN-STD,HUB-SYN-01,CN-SD-QD,,6
TRE-SYN-C-0016-07,ORD-SYN-C-0016,SHP-SYN-C-0016,2026-06-04T03:44:21+08:00,arrived_at_destination_city,arrived_at_destination_city,CAR-SYN-STD,DEST-CN-SD-QD,CN-SD-QD,,7
TRE-SYN-C-0016-08,ORD-SYN-C-0016,SHP-SYN-C-0016,2026-06-04T06:08:41+08:00,out_for_delivery,out_for_delivery,CAR-SYN-STD,SITE-CN-SD-QD,CN-SD-QD,,8
TRE-SYN-C-0016-09,ORD-SYN-C-0016,SHP-SYN-C-0016,2026-06-04T10:15:23+08:00,delivered,delivered,CAR-SYN-STD,SITE-CN-SD-QD,CN-SD-QD,,9
TRE-SYN-C-0017-01,ORD-SYN-C-0017,SHP-SYN-C-0017,2026-06-02T19:58:26+08:00,shipment_created,shipment_created,CAR-SYN-STD,ORIGIN-WH-SYN-EAST,CN-HB-WH,,1
TRE-SYN-C-0017-02,ORD-SYN-C-0017,SHP-SYN-C-0017,2026-06-03T03:15:52+08:00,carrier_picked_up,carrier_picked_up,CAR-SYN-STD,ORIGIN-WH-SYN-EAST,CN-HB-WH,,2
TRE-SYN-C-0017-03,ORD-SYN-C-0017,SHP-SYN-C-0017,2026-06-03T04:15:55+08:00,origin_departed,origin_departed,CAR-SYN-STD,ORIGIN-WH-SYN-EAST,CN-HB-WH,,3
TRE-SYN-C-0017-04,ORD-SYN-C-0017,SHP-SYN-C-0017,2026-06-03T05:09:00+08:00,in_transit,in_transit,CAR-SYN-STD,LINEHAUL-SYN-01,CN-HB-WH,,4
TRE-SYN-C-0017-05,ORD-SYN-C-0017,SHP-SYN-C-0017,2026-06-03T18:14:00+08:00,arrived_at_hub,arrived_at_hub,CAR-SYN-STD,HUB-SYN-01,CN-HB-WH,,5
TRE-SYN-C-0017-06,ORD-SYN-C-0017,SHP-SYN-C-0017,2026-06-03T20:28:43+08:00,departed_hub,departed_hub,CAR-SYN-STD,HUB-SYN-01,CN-HB-WH,,6
TRE-SYN-C-0017-07,ORD-SYN-C-0017,SHP-SYN-C-0017,2026-06-04T09:33:58+08:00,arrived_at_destination_city,arrived_at_destination_city,CAR-SYN-STD,DEST-CN-HB-WH,CN-HB-WH,,7
TRE-SYN-C-0017-08,ORD-SYN-C-0017,SHP-SYN-C-0017,2026-06-04T14:00:41+08:00,out_for_delivery,out_for_delivery,CAR-SYN-STD,SITE-CN-HB-WH,CN-HB-WH,,8
TRE-SYN-C-0017-09,ORD-SYN-C-0017,SHP-SYN-C-0017,2026-06-04T16:57:39+08:00,delivered,delivered,CAR-SYN-STD,SITE-CN-HB-WH,CN-HB-WH,,9
TRE-SYN-C-0018-01,ORD-SYN-C-0018,SHP-SYN-C-0018,2026-06-02T22:53:32+08:00,shipment_created,shipment_created,CAR-SYN-FAST,ORIGIN-WH-SYN-WEST,CN-SD-QD,,1
TRE-SYN-C-0018-02,ORD-SYN-C-0018,SHP-SYN-C-0018,2026-06-03T05:09:46+08:00,carrier_picked_up,carrier_picked_up,CAR-SYN-FAST,ORIGIN-WH-SYN-WEST,CN-SD-QD,,2
TRE-SYN-C-0018-03,ORD-SYN-C-0018,SHP-SYN-C-0018,2026-06-03T05:53:39+08:00,origin_departed,origin_departed,CAR-SYN-FAST,ORIGIN-WH-SYN-WEST,CN-SD-QD,,3
TRE-SYN-C-0018-04,ORD-SYN-C-0018,SHP-SYN-C-0018,2026-06-03T06:28:32+08:00,in_transit,in_transit,CAR-SYN-FAST,LINEHAUL-SYN-01,CN-SD-QD,,4
TRE-SYN-C-0018-05,ORD-SYN-C-0018,SHP-SYN-C-0018,2026-06-03T14:58:04+08:00,arrived_at_hub,arrived_at_hub,CAR-SYN-FAST,HUB-SYN-01,CN-SD-QD,,5
TRE-SYN-C-0018-06,ORD-SYN-C-0018,SHP-SYN-C-0018,2026-06-03T16:52:51+08:00,departed_hub,departed_hub,CAR-SYN-FAST,HUB-SYN-01,CN-SD-QD,,6
TRE-SYN-C-0018-07,ORD-SYN-C-0018,SHP-SYN-C-0018,2026-06-04T06:59:48+08:00,arrived_at_destination_city,arrived_at_destination_city,CAR-SYN-FAST,DEST-CN-SD-QD,CN-SD-QD,,7
TRE-SYN-C-0018-08,ORD-SYN-C-0018,SHP-SYN-C-0018,2026-06-04T13:13:35+08:00,out_for_delivery,out_for_delivery,CAR-SYN-FAST,SITE-CN-SD-QD,CN-SD-QD,,8
TRE-SYN-C-0018-09,ORD-SYN-C-0018,SHP-SYN-C-0018,2026-06-04T15:02:58+08:00,delivered,delivered,CAR-SYN-FAST,SITE-CN-SD-QD,CN-SD-QD,,9
TRE-SYN-C-0019-01,ORD-SYN-C-0019,SHP-SYN-C-0019,2026-06-02T14:58:24+08:00,shipment_created,shipment_created,CAR-SYN-STD,ORIGIN-WH-SYN-EAST,CN-SD-QD,,1
TRE-SYN-C-0019-02,ORD-SYN-C-0019,SHP-SYN-C-0019,2026-06-02T18:37:15+08:00,carrier_picked_up,carrier_picked_up,CAR-SYN-STD,ORIGIN-WH-SYN-EAST,CN-SD-QD,,2
TRE-SYN-C-0019-03,ORD-SYN-C-0019,SHP-SYN-C-0019,2026-06-02T19:25:00+08:00,origin_departed,origin_departed,CAR-SYN-STD,ORIGIN-WH-SYN-EAST,CN-SD-QD,,3
TRE-SYN-C-0019-04,ORD-SYN-C-0019,SHP-SYN-C-0019,2026-06-02T20:34:27+08:00,in_transit,in_transit,CAR-SYN-STD,LINEHAUL-SYN-01,CN-SD-QD,,4
TRE-SYN-C-0019-05,ORD-SYN-C-0019,SHP-SYN-C-0019,2026-06-03T08:14:45+08:00,arrived_at_hub,arrived_at_hub,CAR-SYN-STD,HUB-SYN-01,CN-SD-QD,,5
TRE-SYN-C-0019-06,ORD-SYN-C-0019,SHP-SYN-C-0019,2026-06-03T09:23:06+08:00,departed_hub,departed_hub,CAR-SYN-STD,HUB-SYN-01,CN-SD-QD,,6
TRE-SYN-C-0019-07,ORD-SYN-C-0019,SHP-SYN-C-0019,2026-06-03T23:23:17+08:00,arrived_at_destination_city,arrived_at_destination_city,CAR-SYN-STD,DEST-CN-SD-QD,CN-SD-QD,,7
TRE-SYN-C-0019-08,ORD-SYN-C-0019,SHP-SYN-C-0019,2026-06-04T06:26:03+08:00,out_for_delivery,out_for_delivery,CAR-SYN-STD,SITE-CN-SD-QD,CN-SD-QD,,8
TRE-SYN-C-0019-09,ORD-SYN-C-0019,SHP-SYN-C-0019,2026-06-04T10:59:00+08:00,delivered,delivered,CAR-SYN-STD,SITE-CN-SD-QD,CN-SD-QD,,9
TRE-SYN-C-0020-01,ORD-SYN-C-0020,SHP-SYN-C-0020,2026-06-02T18:39:35+08:00,shipment_created,shipment_created,CAR-SYN-SLOW,ORIGIN-WH-SYN-WEST,CN-SD-QD,,1
TRE-SYN-C-0020-02,ORD-SYN-C-0020,SHP-SYN-C-0020,2026-06-03T22:13:31+08:00,carrier_picked_up,carrier_picked_up,CAR-SYN-SLOW,ORIGIN-WH-SYN-WEST,CN-SD-QD,,2
TRE-SYN-C-0020-03,ORD-SYN-C-0020,SHP-SYN-C-0020,2026-06-03T22:52:37+08:00,origin_departed,origin_departed,CAR-SYN-SLOW,ORIGIN-WH-SYN-WEST,CN-SD-QD,,3
TRE-SYN-C-0020-04,ORD-SYN-C-0020,SHP-SYN-C-0020,2026-06-03T23:53:45+08:00,in_transit,in_transit,CAR-SYN-SLOW,LINEHAUL-SYN-01,CN-SD-QD,,4
TRE-SYN-C-0020-05,ORD-SYN-C-0020,SHP-SYN-C-0020,2026-06-04T21:38:39+08:00,exception,exception,CAR-SYN-SLOW,LINEHAUL-SYN-01,CN-SD-QD,SYNTHETIC_DELAY,5
TRE-SYN-C-0020-06,ORD-SYN-C-0020,SHP-SYN-C-0020,2026-06-05T19:23:33+08:00,arrived_at_hub,arrived_at_hub,CAR-SYN-SLOW,HUB-SYN-01,CN-SD-QD,,6
TRE-SYN-C-0020-07,ORD-SYN-C-0020,SHP-SYN-C-0020,2026-06-06T00:35:27+08:00,departed_hub,departed_hub,CAR-SYN-SLOW,HUB-SYN-01,CN-SD-QD,,7
TRE-SYN-C-0020-08,ORD-SYN-C-0020,SHP-SYN-C-0020,2026-06-07T17:12:55+08:00,arrived_at_destination_city,arrived_at_destination_city,CAR-SYN-SLOW,DEST-CN-SD-QD,CN-SD-QD,,8
TRE-SYN-C-0020-09,ORD-SYN-C-0020,SHP-SYN-C-0020,2026-06-09T05:28:54+08:00,out_for_delivery,out_for_delivery,CAR-SYN-SLOW,SITE-CN-SD-QD,CN-SD-QD,,9
TRE-SYN-C-0020-10,ORD-SYN-C-0020,SHP-SYN-C-0020,2026-06-10T00:02:22+08:00,delivered,delivered,CAR-SYN-SLOW,SITE-CN-SD-QD,CN-SD-QD,,10
TRE-SYN-C-0021-01,ORD-SYN-C-0021,SHP-SYN-C-0021,2026-06-03T21:02:47+08:00,shipment_created,shipment_created,CAR-SYN-SLOW,ORIGIN-WH-SYN-WEST,CN-SD-QD,,1
TRE-SYN-C-0021-02,ORD-SYN-C-0021,SHP-SYN-C-0021,2026-06-04T21:14:42+08:00,carrier_picked_up,carrier_picked_up,CAR-SYN-SLOW,ORIGIN-WH-SYN-WEST,CN-SD-QD,,2
TRE-SYN-C-0021-03,ORD-SYN-C-0021,SHP-SYN-C-0021,2026-06-04T22:19:52+08:00,origin_departed,origin_departed,CAR-SYN-SLOW,ORIGIN-WH-SYN-WEST,CN-SD-QD,,3
TRE-SYN-C-0021-04,ORD-SYN-C-0021,SHP-SYN-C-0021,2026-06-04T23:20:25+08:00,in_transit,in_transit,CAR-SYN-SLOW,LINEHAUL-SYN-01,CN-SD-QD,,4
TRE-SYN-C-0021-05,ORD-SYN-C-0021,SHP-SYN-C-0021,2026-06-06T11:26:29+08:00,arrived_at_hub,arrived_at_hub,CAR-SYN-SLOW,HUB-SYN-01,CN-SD-QD,,5
TRE-SYN-C-0021-06,ORD-SYN-C-0021,SHP-SYN-C-0021,2026-06-06T19:52:32+08:00,departed_hub,departed_hub,CAR-SYN-SLOW,HUB-SYN-01,CN-SD-QD,,6
TRE-SYN-C-0021-07,ORD-SYN-C-0021,SHP-SYN-C-0021,2026-06-09T01:45:20+08:00,arrived_at_destination_city,arrived_at_destination_city,CAR-SYN-SLOW,DEST-CN-SD-QD,CN-SD-QD,,7
TRE-SYN-C-0021-08,ORD-SYN-C-0021,SHP-SYN-C-0021,2026-06-10T06:59:12+08:00,out_for_delivery,out_for_delivery,CAR-SYN-SLOW,SITE-CN-SD-QD,CN-SD-QD,,8
TRE-SYN-C-0021-09,ORD-SYN-C-0021,SHP-SYN-C-0021,2026-06-11T04:30:29+08:00,delivered,delivered,CAR-SYN-SLOW,SITE-CN-SD-QD,CN-SD-QD,,9
TRE-SYN-C-0022-01,ORD-SYN-C-0022,SHP-SYN-C-0022,2026-06-03T13:54:07+08:00,shipment_created,shipment_created,CAR-SYN-SLOW,ORIGIN-WH-SYN-WEST,CN-SD-QD,,1
TRE-SYN-C-0022-02,ORD-SYN-C-0022,SHP-SYN-C-0022,2026-06-04T11:52:48+08:00,carrier_picked_up,carrier_picked_up,CAR-SYN-SLOW,ORIGIN-WH-SYN-WEST,CN-SD-QD,,2
TRE-SYN-C-0022-03,ORD-SYN-C-0022,SHP-SYN-C-0022,2026-06-04T13:14:26+08:00,origin_departed,origin_departed,CAR-SYN-SLOW,ORIGIN-WH-SYN-WEST,CN-SD-QD,,3
TRE-SYN-C-0022-04,ORD-SYN-C-0022,SHP-SYN-C-0022,2026-06-04T14:26:19+08:00,in_transit,in_transit,CAR-SYN-SLOW,LINEHAUL-SYN-01,CN-SD-QD,,4
TRE-SYN-C-0022-05,ORD-SYN-C-0022,SHP-SYN-C-0022,2026-06-05T11:09:10+08:00,exception,exception,CAR-SYN-SLOW,LINEHAUL-SYN-01,CN-SD-QD,SYNTHETIC_DELAY,5
TRE-SYN-C-0022-06,ORD-SYN-C-0022,SHP-SYN-C-0022,2026-06-06T07:52:01+08:00,arrived_at_hub,arrived_at_hub,CAR-SYN-SLOW,HUB-SYN-01,CN-SD-QD,,6
TRE-SYN-C-0022-07,ORD-SYN-C-0022,SHP-SYN-C-0022,2026-06-06T14:23:39+08:00,departed_hub,departed_hub,CAR-SYN-SLOW,HUB-SYN-01,CN-SD-QD,,7
TRE-SYN-C-0022-08,ORD-SYN-C-0022,SHP-SYN-C-0022,2026-06-08T12:36:54+08:00,arrived_at_destination_city,arrived_at_destination_city,CAR-SYN-SLOW,DEST-CN-SD-QD,CN-SD-QD,,8
TRE-SYN-C-0022-09,ORD-SYN-C-0022,SHP-SYN-C-0022,2026-06-09T19:28:50+08:00,out_for_delivery,out_for_delivery,CAR-SYN-SLOW,SITE-CN-SD-QD,CN-SD-QD,,9
TRE-SYN-C-0022-10,ORD-SYN-C-0022,SHP-SYN-C-0022,2026-06-10T14:30:16+08:00,delivered,delivered,CAR-SYN-SLOW,SITE-CN-SD-QD,CN-SD-QD,,10
TRE-SYN-C-0023-01,ORD-SYN-C-0023,SHP-SYN-C-0023,2026-06-03T16:03:25+08:00,shipment_created,shipment_created,CAR-SYN-FAST,ORIGIN-WH-SYN-WEST,CN-JS-NJ,,1
TRE-SYN-C-0023-02,ORD-SYN-C-0023,SHP-SYN-C-0023,2026-06-03T20:00:18+08:00,carrier_picked_up,carrier_picked_up,CAR-SYN-FAST,ORIGIN-WH-SYN-WEST,CN-JS-NJ,,2
TRE-SYN-C-0023-03,ORD-SYN-C-0023,SHP-SYN-C-0023,2026-06-03T20:59:28+08:00,origin_departed,origin_departed,CAR-SYN-FAST,ORIGIN-WH-SYN-WEST,CN-JS-NJ,,3
TRE-SYN-C-0023-04,ORD-SYN-C-0023,SHP-SYN-C-0023,2026-06-03T22:00:25+08:00,in_transit,in_transit,CAR-SYN-FAST,LINEHAUL-SYN-01,CN-JS-NJ,,4
TRE-SYN-C-0023-05,ORD-SYN-C-0023,SHP-SYN-C-0023,2026-06-04T07:16:54+08:00,arrived_at_hub,arrived_at_hub,CAR-SYN-FAST,HUB-SYN-01,CN-JS-NJ,,5
TRE-SYN-C-0023-06,ORD-SYN-C-0023,SHP-SYN-C-0023,2026-06-04T09:51:05+08:00,departed_hub,departed_hub,CAR-SYN-FAST,HUB-SYN-01,CN-JS-NJ,,6
TRE-SYN-C-0023-07,ORD-SYN-C-0023,SHP-SYN-C-0023,2026-06-04T23:20:54+08:00,arrived_at_destination_city,arrived_at_destination_city,CAR-SYN-FAST,DEST-CN-JS-NJ,CN-JS-NJ,,7
TRE-SYN-C-0023-08,ORD-SYN-C-0023,SHP-SYN-C-0023,2026-06-05T06:46:14+08:00,out_for_delivery,out_for_delivery,CAR-SYN-FAST,SITE-CN-JS-NJ,CN-JS-NJ,,8
TRE-SYN-C-0023-09,ORD-SYN-C-0023,SHP-SYN-C-0023,2026-06-05T09:05:15+08:00,delivered,delivered,CAR-SYN-FAST,SITE-CN-JS-NJ,CN-JS-NJ,,9
TRE-SYN-C-0024-01,ORD-SYN-C-0024,SHP-SYN-C-0024,2026-06-03T19:26:15+08:00,shipment_created,shipment_created,CAR-SYN-STD,ORIGIN-WH-SYN-EAST,CN-ZJ-HZ,,1
TRE-SYN-C-0024-02,ORD-SYN-C-0024,SHP-SYN-C-0024,2026-06-04T00:23:41+08:00,carrier_picked_up,carrier_picked_up,CAR-SYN-STD,ORIGIN-WH-SYN-EAST,CN-ZJ-HZ,,2
TRE-SYN-C-0024-03,ORD-SYN-C-0024,SHP-SYN-C-0024,2026-06-04T01:09:29+08:00,origin_departed,origin_departed,CAR-SYN-STD,ORIGIN-WH-SYN-EAST,CN-ZJ-HZ,,3
TRE-SYN-C-0024-04,ORD-SYN-C-0024,SHP-SYN-C-0024,2026-06-04T02:38:47+08:00,in_transit,in_transit,CAR-SYN-STD,LINEHAUL-SYN-01,CN-ZJ-HZ,,4
TRE-SYN-C-0024-05,ORD-SYN-C-0024,SHP-SYN-C-0024,2026-06-04T09:17:26+08:00,arrived_at_hub,arrived_at_hub,CAR-SYN-STD,HUB-SYN-01,CN-ZJ-HZ,,5
TRE-SYN-C-0024-06,ORD-SYN-C-0024,SHP-SYN-C-0024,2026-06-04T12:35:46+08:00,departed_hub,departed_hub,CAR-SYN-STD,HUB-SYN-01,CN-ZJ-HZ,,6
TRE-SYN-C-0024-07,ORD-SYN-C-0024,SHP-SYN-C-0024,2026-06-05T02:37:51+08:00,arrived_at_destination_city,arrived_at_destination_city,CAR-SYN-STD,DEST-CN-ZJ-HZ,CN-ZJ-HZ,,7
TRE-SYN-C-0024-08,ORD-SYN-C-0024,SHP-SYN-C-0024,2026-06-05T04:38:44+08:00,out_for_delivery,out_for_delivery,CAR-SYN-STD,SITE-CN-ZJ-HZ,CN-ZJ-HZ,,8
TRE-SYN-C-0024-09,ORD-SYN-C-0024,SHP-SYN-C-0024,2026-06-05T06:34:15+08:00,delivered,delivered,CAR-SYN-STD,SITE-CN-ZJ-HZ,CN-ZJ-HZ,,9
TRE-SYN-C-0025-01,ORD-SYN-C-0025,SHP-SYN-C-0025,2026-06-03T21:53:04+08:00,shipment_created,shipment_created,CAR-SYN-STD,ORIGIN-WH-SYN-EAST,CN-ZJ-HZ,,1
TRE-SYN-C-0025-02,ORD-SYN-C-0025,SHP-SYN-C-0025,2026-06-04T03:45:55+08:00,carrier_picked_up,carrier_picked_up,CAR-SYN-STD,ORIGIN-WH-SYN-EAST,CN-ZJ-HZ,,2
TRE-SYN-C-0025-03,ORD-SYN-C-0025,SHP-SYN-C-0025,2026-06-04T04:48:57+08:00,origin_departed,origin_departed,CAR-SYN-STD,ORIGIN-WH-SYN-EAST,CN-ZJ-HZ,,3
TRE-SYN-C-0025-04,ORD-SYN-C-0025,SHP-SYN-C-0025,2026-06-04T06:18:32+08:00,in_transit,in_transit,CAR-SYN-STD,LINEHAUL-SYN-01,CN-ZJ-HZ,,4
TRE-SYN-C-0025-05,ORD-SYN-C-0025,SHP-SYN-C-0025,2026-06-04T15:18:45+08:00,arrived_at_hub,arrived_at_hub,CAR-SYN-STD,HUB-SYN-01,CN-ZJ-HZ,,5
TRE-SYN-C-0025-06,ORD-SYN-C-0025,SHP-SYN-C-0025,2026-06-04T18:17:33+08:00,departed_hub,departed_hub,CAR-SYN-STD,HUB-SYN-01,CN-ZJ-HZ,,6
TRE-SYN-C-0025-07,ORD-SYN-C-0025,SHP-SYN-C-0025,2026-06-05T07:28:16+08:00,arrived_at_destination_city,arrived_at_destination_city,CAR-SYN-STD,DEST-CN-ZJ-HZ,CN-ZJ-HZ,,7
TRE-SYN-C-0025-08,ORD-SYN-C-0025,SHP-SYN-C-0025,2026-06-05T15:18:20+08:00,out_for_delivery,out_for_delivery,CAR-SYN-STD,SITE-CN-ZJ-HZ,CN-ZJ-HZ,,8
TRE-SYN-C-0025-09,ORD-SYN-C-0025,SHP-SYN-C-0025,2026-06-05T17:43:00+08:00,delivered,delivered,CAR-SYN-STD,SITE-CN-ZJ-HZ,CN-ZJ-HZ,,9
TRE-SYN-C-0026-01,ORD-SYN-C-0026,SHP-SYN-C-0026,2026-06-03T14:08:20+08:00,shipment_created,shipment_created,CAR-SYN-FAST,ORIGIN-WH-SYN-WEST,CN-SD-QD,,1
TRE-SYN-C-0026-02,ORD-SYN-C-0026,SHP-SYN-C-0026,2026-06-03T21:13:48+08:00,carrier_picked_up,carrier_picked_up,CAR-SYN-FAST,ORIGIN-WH-SYN-WEST,CN-SD-QD,,2
TRE-SYN-C-0026-03,ORD-SYN-C-0026,SHP-SYN-C-0026,2026-06-03T22:42:45+08:00,origin_departed,origin_departed,CAR-SYN-FAST,ORIGIN-WH-SYN-WEST,CN-SD-QD,,3
TRE-SYN-C-0026-04,ORD-SYN-C-0026,SHP-SYN-C-0026,2026-06-03T23:47:39+08:00,in_transit,in_transit,CAR-SYN-FAST,LINEHAUL-SYN-01,CN-SD-QD,,4
TRE-SYN-C-0026-05,ORD-SYN-C-0026,SHP-SYN-C-0026,2026-06-04T09:37:03+08:00,arrived_at_hub,arrived_at_hub,CAR-SYN-FAST,HUB-SYN-01,CN-SD-QD,,5
TRE-SYN-C-0026-06,ORD-SYN-C-0026,SHP-SYN-C-0026,2026-06-04T12:16:22+08:00,departed_hub,departed_hub,CAR-SYN-FAST,HUB-SYN-01,CN-SD-QD,,6
TRE-SYN-C-0026-07,ORD-SYN-C-0026,SHP-SYN-C-0026,2026-06-05T01:38:25+08:00,arrived_at_destination_city,arrived_at_destination_city,CAR-SYN-FAST,DEST-CN-SD-QD,CN-SD-QD,,7
TRE-SYN-C-0026-08,ORD-SYN-C-0026,SHP-SYN-C-0026,2026-06-05T07:32:38+08:00,out_for_delivery,out_for_delivery,CAR-SYN-FAST,SITE-CN-SD-QD,CN-SD-QD,,8
TRE-SYN-C-0026-09,ORD-SYN-C-0026,SHP-SYN-C-0026,2026-06-05T10:54:12+08:00,delivered,delivered,CAR-SYN-FAST,SITE-CN-SD-QD,CN-SD-QD,,9
TRE-SYN-C-0027-01,ORD-SYN-C-0027,SHP-SYN-C-0027,2026-06-03T17:19:39+08:00,shipment_created,shipment_created,CAR-SYN-STD,ORIGIN-WH-SYN-EAST,CN-ZJ-HZ,,1
TRE-SYN-C-0027-02,ORD-SYN-C-0027,SHP-SYN-C-0027,2026-06-04T00:43:33+08:00,carrier_picked_up,carrier_picked_up,CAR-SYN-STD,ORIGIN-WH-SYN-EAST,CN-ZJ-HZ,,2
TRE-SYN-C-0027-03,ORD-SYN-C-0027,SHP-SYN-C-0027,2026-06-04T01:29:54+08:00,origin_departed,origin_departed,CAR-SYN-STD,ORIGIN-WH-SYN-EAST,CN-ZJ-HZ,,3
TRE-SYN-C-0027-04,ORD-SYN-C-0027,SHP-SYN-C-0027,2026-06-04T02:00:23+08:00,in_transit,in_transit,CAR-SYN-STD,LINEHAUL-SYN-01,CN-ZJ-HZ,,4
TRE-SYN-C-0027-05,ORD-SYN-C-0027,SHP-SYN-C-0027,2026-06-04T11:08:37+08:00,arrived_at_hub,arrived_at_hub,CAR-SYN-STD,HUB-SYN-01,CN-ZJ-HZ,,5
TRE-SYN-C-0027-06,ORD-SYN-C-0027,SHP-SYN-C-0027,2026-06-04T14:16:40+08:00,departed_hub,departed_hub,CAR-SYN-STD,HUB-SYN-01,CN-ZJ-HZ,,6
TRE-SYN-C-0027-07,ORD-SYN-C-0027,SHP-SYN-C-0027,2026-06-05T05:45:25+08:00,arrived_at_destination_city,arrived_at_destination_city,CAR-SYN-STD,DEST-CN-ZJ-HZ,CN-ZJ-HZ,,7
TRE-SYN-C-0027-08,ORD-SYN-C-0027,SHP-SYN-C-0027,2026-06-05T08:37:16+08:00,out_for_delivery,out_for_delivery,CAR-SYN-STD,SITE-CN-ZJ-HZ,CN-ZJ-HZ,,8
TRE-SYN-C-0027-09,ORD-SYN-C-0027,SHP-SYN-C-0027,2026-06-05T09:43:12+08:00,delivered,delivered,CAR-SYN-STD,SITE-CN-ZJ-HZ,CN-ZJ-HZ,,9
TRE-SYN-C-0028-01,ORD-SYN-C-0028,SHP-SYN-C-0028,2026-06-03T20:17:45+08:00,shipment_created,shipment_created,CAR-SYN-STD,ORIGIN-WH-SYN-EAST,CN-HB-WH,,1
TRE-SYN-C-0028-02,ORD-SYN-C-0028,SHP-SYN-C-0028,2026-06-04T00:16:43+08:00,carrier_picked_up,carrier_picked_up,CAR-SYN-STD,ORIGIN-WH-SYN-EAST,CN-HB-WH,,2
TRE-SYN-C-0028-03,ORD-SYN-C-0028,SHP-SYN-C-0028,2026-06-04T00:52:55+08:00,origin_departed,origin_departed,CAR-SYN-STD,ORIGIN-WH-SYN-EAST,CN-HB-WH,,3
TRE-SYN-C-0028-04,ORD-SYN-C-0028,SHP-SYN-C-0028,2026-06-04T01:49:18+08:00,in_transit,in_transit,CAR-SYN-STD,LINEHAUL-SYN-01,CN-HB-WH,,4
TRE-SYN-C-0028-05,ORD-SYN-C-0028,SHP-SYN-C-0028,2026-06-04T11:03:49+08:00,arrived_at_hub,arrived_at_hub,CAR-SYN-STD,HUB-SYN-01,CN-HB-WH,,5
TRE-SYN-C-0028-06,ORD-SYN-C-0028,SHP-SYN-C-0028,2026-06-04T13:53:14+08:00,departed_hub,departed_hub,CAR-SYN-STD,HUB-SYN-01,CN-HB-WH,,6
TRE-SYN-C-0028-07,ORD-SYN-C-0028,SHP-SYN-C-0028,2026-06-04T21:58:37+08:00,arrived_at_destination_city,arrived_at_destination_city,CAR-SYN-STD,DEST-CN-HB-WH,CN-HB-WH,,7
TRE-SYN-C-0028-08,ORD-SYN-C-0028,SHP-SYN-C-0028,2026-06-05T06:33:01+08:00,out_for_delivery,out_for_delivery,CAR-SYN-STD,SITE-CN-HB-WH,CN-HB-WH,,8
TRE-SYN-C-0028-09,ORD-SYN-C-0028,SHP-SYN-C-0028,2026-06-05T10:06:06+08:00,delivered,delivered,CAR-SYN-STD,SITE-CN-HB-WH,CN-HB-WH,,9
TRE-SYN-C-0029-01,ORD-SYN-C-0029,SHP-SYN-C-0029,2026-06-03T23:07:40+08:00,shipment_created,shipment_created,CAR-SYN-FAST,ORIGIN-WH-SYN-WEST,CN-JS-NJ,,1
TRE-SYN-C-0029-02,ORD-SYN-C-0029,SHP-SYN-C-0029,2026-06-04T03:53:37+08:00,carrier_picked_up,carrier_picked_up,CAR-SYN-FAST,ORIGIN-WH-SYN-WEST,CN-JS-NJ,,2
TRE-SYN-C-0029-03,ORD-SYN-C-0029,SHP-SYN-C-0029,2026-06-04T05:09:44+08:00,origin_departed,origin_departed,CAR-SYN-FAST,ORIGIN-WH-SYN-WEST,CN-JS-NJ,,3
TRE-SYN-C-0029-04,ORD-SYN-C-0029,SHP-SYN-C-0029,2026-06-04T06:34:34+08:00,in_transit,in_transit,CAR-SYN-FAST,LINEHAUL-SYN-01,CN-JS-NJ,,4
TRE-SYN-C-0029-05,ORD-SYN-C-0029,SHP-SYN-C-0029,2026-06-04T18:13:59+08:00,arrived_at_hub,arrived_at_hub,CAR-SYN-FAST,HUB-SYN-01,CN-JS-NJ,,5
TRE-SYN-C-0029-06,ORD-SYN-C-0029,SHP-SYN-C-0029,2026-06-04T20:31:35+08:00,departed_hub,departed_hub,CAR-SYN-FAST,HUB-SYN-01,CN-JS-NJ,,6
TRE-SYN-C-0029-07,ORD-SYN-C-0029,SHP-SYN-C-0029,2026-06-05T07:35:40+08:00,arrived_at_destination_city,arrived_at_destination_city,CAR-SYN-FAST,DEST-CN-JS-NJ,CN-JS-NJ,,7
TRE-SYN-C-0029-08,ORD-SYN-C-0029,SHP-SYN-C-0029,2026-06-05T15:37:28+08:00,out_for_delivery,out_for_delivery,CAR-SYN-FAST,SITE-CN-JS-NJ,CN-JS-NJ,,8
TRE-SYN-C-0029-09,ORD-SYN-C-0029,SHP-SYN-C-0029,2026-06-05T17:56:14+08:00,delivered,delivered,CAR-SYN-FAST,SITE-CN-JS-NJ,CN-JS-NJ,,9
TRE-SYN-C-0030-01,ORD-SYN-C-0030,SHP-SYN-C-0030,2026-06-03T14:40:11+08:00,shipment_created,shipment_created,CAR-SYN-SLOW,ORIGIN-WH-SYN-WEST,CN-SD-QD,,1
TRE-SYN-C-0030-02,ORD-SYN-C-0030,SHP-SYN-C-0030,2026-06-04T09:57:02+08:00,carrier_picked_up,carrier_picked_up,CAR-SYN-SLOW,ORIGIN-WH-SYN-WEST,CN-SD-QD,,2
TRE-SYN-C-0030-03,ORD-SYN-C-0030,SHP-SYN-C-0030,2026-06-04T10:55:17+08:00,origin_departed,origin_departed,CAR-SYN-SLOW,ORIGIN-WH-SYN-WEST,CN-SD-QD,,3
TRE-SYN-C-0030-04,ORD-SYN-C-0030,SHP-SYN-C-0030,2026-06-04T11:26:13+08:00,in_transit,in_transit,CAR-SYN-SLOW,LINEHAUL-SYN-01,CN-SD-QD,,4
TRE-SYN-C-0030-05,ORD-SYN-C-0030,SHP-SYN-C-0030,2026-06-05T07:20:59+08:00,exception,exception,CAR-SYN-SLOW,LINEHAUL-SYN-01,CN-SD-QD,SYNTHETIC_DELAY,5
TRE-SYN-C-0030-06,ORD-SYN-C-0030,SHP-SYN-C-0030,2026-06-06T03:15:46+08:00,arrived_at_hub,arrived_at_hub,CAR-SYN-SLOW,HUB-SYN-01,CN-SD-QD,,6
TRE-SYN-C-0030-07,ORD-SYN-C-0030,SHP-SYN-C-0030,2026-06-06T09:13:09+08:00,departed_hub,departed_hub,CAR-SYN-SLOW,HUB-SYN-01,CN-SD-QD,,7
TRE-SYN-C-0030-08,ORD-SYN-C-0030,SHP-SYN-C-0030,2026-06-08T10:16:32+08:00,arrived_at_destination_city,arrived_at_destination_city,CAR-SYN-SLOW,DEST-CN-SD-QD,CN-SD-QD,,8
TRE-SYN-C-0030-09,ORD-SYN-C-0030,SHP-SYN-C-0030,2026-06-09T15:46:23+08:00,out_for_delivery,out_for_delivery,CAR-SYN-SLOW,SITE-CN-SD-QD,CN-SD-QD,,9
TRE-SYN-C-0030-10,ORD-SYN-C-0030,SHP-SYN-C-0030,2026-06-10T07:48:24+08:00,delivered,delivered,CAR-SYN-SLOW,SITE-CN-SD-QD,CN-SD-QD,,10
TRE-SYN-C-0031-01,ORD-SYN-C-0031,SHP-SYN-C-0031,2026-06-04T18:33:47+08:00,shipment_created,shipment_created,CAR-SYN-STD,ORIGIN-WH-SYN-EAST,CN-SD-QD,,1
TRE-SYN-C-0031-02,ORD-SYN-C-0031,SHP-SYN-C-0031,2026-06-05T01:14:20+08:00,carrier_picked_up,carrier_picked_up,CAR-SYN-STD,ORIGIN-WH-SYN-EAST,CN-SD-QD,,2
TRE-SYN-C-0031-03,ORD-SYN-C-0031,SHP-SYN-C-0031,2026-06-05T02:05:00+08:00,origin_departed,origin_departed,CAR-SYN-STD,ORIGIN-WH-SYN-EAST,CN-SD-QD,,3
TRE-SYN-C-0031-04,ORD-SYN-C-0031,SHP-SYN-C-0031,2026-06-05T03:07:48+08:00,in_transit,in_transit,CAR-SYN-STD,LINEHAUL-SYN-01,CN-SD-QD,,4
TRE-SYN-C-0031-05,ORD-SYN-C-0031,SHP-SYN-C-0031,2026-06-05T09:56:05+08:00,arrived_at_hub,arrived_at_hub,CAR-SYN-STD,HUB-SYN-01,CN-SD-QD,,5
TRE-SYN-C-0031-06,ORD-SYN-C-0031,SHP-SYN-C-0031,2026-06-05T13:50:43+08:00,departed_hub,departed_hub,CAR-SYN-STD,HUB-SYN-01,CN-SD-QD,,6
TRE-SYN-C-0031-07,ORD-SYN-C-0031,SHP-SYN-C-0031,2026-06-05T22:37:20+08:00,arrived_at_destination_city,arrived_at_destination_city,CAR-SYN-STD,DEST-CN-SD-QD,CN-SD-QD,,7
TRE-SYN-C-0031-08,ORD-SYN-C-0031,SHP-SYN-C-0031,2026-06-06T06:13:48+08:00,out_for_delivery,out_for_delivery,CAR-SYN-STD,SITE-CN-SD-QD,CN-SD-QD,,8
TRE-SYN-C-0031-09,ORD-SYN-C-0031,SHP-SYN-C-0031,2026-06-06T11:33:41+08:00,delivered,delivered,CAR-SYN-STD,SITE-CN-SD-QD,CN-SD-QD,,9
TRE-SYN-C-0032-01,ORD-SYN-C-0032,SHP-SYN-C-0032,2026-06-04T20:59:31+08:00,shipment_created,shipment_created,CAR-SYN-FAST,ORIGIN-WH-SYN-WEST,CN-HB-WH,,1
TRE-SYN-C-0032-02,ORD-SYN-C-0032,SHP-SYN-C-0032,2026-06-05T00:12:31+08:00,carrier_picked_up,carrier_picked_up,CAR-SYN-FAST,ORIGIN-WH-SYN-WEST,CN-HB-WH,,2
TRE-SYN-C-0032-03,ORD-SYN-C-0032,SHP-SYN-C-0032,2026-06-05T00:45:32+08:00,origin_departed,origin_departed,CAR-SYN-FAST,ORIGIN-WH-SYN-WEST,CN-HB-WH,,3
TRE-SYN-C-0032-04,ORD-SYN-C-0032,SHP-SYN-C-0032,2026-06-05T02:07:30+08:00,in_transit,in_transit,CAR-SYN-FAST,LINEHAUL-SYN-01,CN-HB-WH,,4
TRE-SYN-C-0032-05,ORD-SYN-C-0032,SHP-SYN-C-0032,2026-06-05T11:37:54+08:00,arrived_at_hub,arrived_at_hub,CAR-SYN-FAST,HUB-SYN-01,CN-HB-WH,,5
TRE-SYN-C-0032-06,ORD-SYN-C-0032,SHP-SYN-C-0032,2026-06-05T13:55:40+08:00,departed_hub,departed_hub,CAR-SYN-FAST,HUB-SYN-01,CN-HB-WH,,6
TRE-SYN-C-0032-07,ORD-SYN-C-0032,SHP-SYN-C-0032,2026-06-05T23:35:26+08:00,arrived_at_destination_city,arrived_at_destination_city,CAR-SYN-FAST,DEST-CN-HB-WH,CN-HB-WH,,7
TRE-SYN-C-0032-08,ORD-SYN-C-0032,SHP-SYN-C-0032,2026-06-06T07:41:31+08:00,out_for_delivery,out_for_delivery,CAR-SYN-FAST,SITE-CN-HB-WH,CN-HB-WH,,8
TRE-SYN-C-0032-09,ORD-SYN-C-0032,SHP-SYN-C-0032,2026-06-06T10:54:05+08:00,delivered,delivered,CAR-SYN-FAST,SITE-CN-HB-WH,CN-HB-WH,,9
TRE-SYN-C-0033-01,ORD-SYN-C-0033,SHP-SYN-C-0033,2026-06-04T13:08:30+08:00,shipment_created,shipment_created,CAR-SYN-STD,ORIGIN-WH-SYN-EAST,CN-SD-QD,,1
TRE-SYN-C-0033-02,ORD-SYN-C-0033,SHP-SYN-C-0033,2026-06-04T20:31:17+08:00,carrier_picked_up,carrier_picked_up,CAR-SYN-STD,ORIGIN-WH-SYN-EAST,CN-SD-QD,,2
TRE-SYN-C-0033-03,ORD-SYN-C-0033,SHP-SYN-C-0033,2026-06-04T21:20:39+08:00,origin_departed,origin_departed,CAR-SYN-STD,ORIGIN-WH-SYN-EAST,CN-SD-QD,,3
TRE-SYN-C-0033-04,ORD-SYN-C-0033,SHP-SYN-C-0033,2026-06-04T22:45:40+08:00,in_transit,in_transit,CAR-SYN-STD,LINEHAUL-SYN-01,CN-SD-QD,,4
TRE-SYN-C-0033-05,ORD-SYN-C-0033,SHP-SYN-C-0033,2026-06-05T08:44:23+08:00,arrived_at_hub,arrived_at_hub,CAR-SYN-STD,HUB-SYN-01,CN-SD-QD,,5
TRE-SYN-C-0033-06,ORD-SYN-C-0033,SHP-SYN-C-0033,2026-06-05T11:32:10+08:00,departed_hub,departed_hub,CAR-SYN-STD,HUB-SYN-01,CN-SD-QD,,6
TRE-SYN-C-0033-07,ORD-SYN-C-0033,SHP-SYN-C-0033,2026-06-05T23:41:38+08:00,arrived_at_destination_city,arrived_at_destination_city,CAR-SYN-STD,DEST-CN-SD-QD,CN-SD-QD,,7
TRE-SYN-C-0033-08,ORD-SYN-C-0033,SHP-SYN-C-0033,2026-06-06T06:20:02+08:00,out_for_delivery,out_for_delivery,CAR-SYN-STD,SITE-CN-SD-QD,CN-SD-QD,,8
TRE-SYN-C-0033-09,ORD-SYN-C-0033,SHP-SYN-C-0033,2026-06-06T11:55:51+08:00,delivered,delivered,CAR-SYN-STD,SITE-CN-SD-QD,CN-SD-QD,,9
TRE-SYN-C-0034-01,ORD-SYN-C-0034,SHP-SYN-C-0034,2026-06-04T16:41:01+08:00,shipment_created,shipment_created,CAR-SYN-FAST,ORIGIN-WH-SYN-WEST,CN-SD-QD,,1
TRE-SYN-C-0034-02,ORD-SYN-C-0034,SHP-SYN-C-0034,2026-06-04T23:50:08+08:00,carrier_picked_up,carrier_picked_up,CAR-SYN-FAST,ORIGIN-WH-SYN-WEST,CN-SD-QD,,2
TRE-SYN-C-0034-03,ORD-SYN-C-0034,SHP-SYN-C-0034,2026-06-05T01:05:42+08:00,origin_departed,origin_departed,CAR-SYN-FAST,ORIGIN-WH-SYN-WEST,CN-SD-QD,,3
TRE-SYN-C-0034-04,ORD-SYN-C-0034,SHP-SYN-C-0034,2026-06-05T02:16:52+08:00,in_transit,in_transit,CAR-SYN-FAST,LINEHAUL-SYN-01,CN-SD-QD,,4
TRE-SYN-C-0034-05,ORD-SYN-C-0034,SHP-SYN-C-0034,2026-06-05T13:34:10+08:00,arrived_at_hub,arrived_at_hub,CAR-SYN-FAST,HUB-SYN-01,CN-SD-QD,,5
TRE-SYN-C-0034-06,ORD-SYN-C-0034,SHP-SYN-C-0034,2026-06-05T15:33:27+08:00,departed_hub,departed_hub,CAR-SYN-FAST,HUB-SYN-01,CN-SD-QD,,6
TRE-SYN-C-0034-07,ORD-SYN-C-0034,SHP-SYN-C-0034,2026-06-06T05:14:16+08:00,arrived_at_destination_city,arrived_at_destination_city,CAR-SYN-FAST,DEST-CN-SD-QD,CN-SD-QD,,7
TRE-SYN-C-0034-08,ORD-SYN-C-0034,SHP-SYN-C-0034,2026-06-06T10:58:12+08:00,out_for_delivery,out_for_delivery,CAR-SYN-FAST,SITE-CN-SD-QD,CN-SD-QD,,8
TRE-SYN-C-0034-09,ORD-SYN-C-0034,SHP-SYN-C-0034,2026-06-06T16:06:53+08:00,delivered,delivered,CAR-SYN-FAST,SITE-CN-SD-QD,CN-SD-QD,,9
TRE-SYN-C-0035-01,ORD-SYN-C-0035,SHP-SYN-C-0035,2026-06-04T19:00:35+08:00,shipment_created,shipment_created,CAR-SYN-STD,ORIGIN-WH-SYN-EAST,CN-ZJ-HZ,,1
TRE-SYN-C-0035-02,ORD-SYN-C-0035,SHP-SYN-C-0035,2026-06-05T02:41:33+08:00,carrier_picked_up,carrier_picked_up,CAR-SYN-STD,ORIGIN-WH-SYN-EAST,CN-ZJ-HZ,,2
TRE-SYN-C-0035-03,ORD-SYN-C-0035,SHP-SYN-C-0035,2026-06-05T03:41:41+08:00,origin_departed,origin_departed,CAR-SYN-STD,ORIGIN-WH-SYN-EAST,CN-ZJ-HZ,,3
TRE-SYN-C-0035-04,ORD-SYN-C-0035,SHP-SYN-C-0035,2026-06-05T04:57:21+08:00,in_transit,in_transit,CAR-SYN-STD,LINEHAUL-SYN-01,CN-ZJ-HZ,,4
TRE-SYN-C-0035-05,ORD-SYN-C-0035,SHP-SYN-C-0035,2026-06-05T15:13:06+08:00,arrived_at_hub,arrived_at_hub,CAR-SYN-STD,HUB-SYN-01,CN-ZJ-HZ,,5
TRE-SYN-C-0035-06,ORD-SYN-C-0035,SHP-SYN-C-0035,2026-06-05T16:43:21+08:00,departed_hub,departed_hub,CAR-SYN-STD,HUB-SYN-01,CN-ZJ-HZ,,6
TRE-SYN-C-0035-07,ORD-SYN-C-0035,SHP-SYN-C-0035,2026-06-06T02:11:42+08:00,arrived_at_destination_city,arrived_at_destination_city,CAR-SYN-STD,DEST-CN-ZJ-HZ,CN-ZJ-HZ,,7
TRE-SYN-C-0035-08,ORD-SYN-C-0035,SHP-SYN-C-0035,2026-06-06T08:18:08+08:00,out_for_delivery,out_for_delivery,CAR-SYN-STD,SITE-CN-ZJ-HZ,CN-ZJ-HZ,,8
TRE-SYN-C-0035-09,ORD-SYN-C-0035,SHP-SYN-C-0035,2026-06-06T09:33:59+08:00,delivered,delivered,CAR-SYN-STD,SITE-CN-ZJ-HZ,CN-ZJ-HZ,,9
TRE-SYN-C-0036-01,ORD-SYN-C-0036,SHP-SYN-C-0036,2026-06-04T22:20:11+08:00,shipment_created,shipment_created,CAR-SYN-STD,ORIGIN-WH-SYN-EAST,CN-HB-WH,,1
TRE-SYN-C-0036-02,ORD-SYN-C-0036,SHP-SYN-C-0036,2026-06-05T01:45:22+08:00,carrier_picked_up,carrier_picked_up,CAR-SYN-STD,ORIGIN-WH-SYN-EAST,CN-HB-WH,,2
TRE-SYN-C-0036-03,ORD-SYN-C-0036,SHP-SYN-C-0036,2026-06-05T02:19:03+08:00,origin_departed,origin_departed,CAR-SYN-STD,ORIGIN-WH-SYN-EAST,CN-HB-WH,,3
TRE-SYN-C-0036-04,ORD-SYN-C-0036,SHP-SYN-C-0036,2026-06-05T03:26:13+08:00,in_transit,in_transit,CAR-SYN-STD,LINEHAUL-SYN-01,CN-HB-WH,,4
TRE-SYN-C-0036-05,ORD-SYN-C-0036,SHP-SYN-C-0036,2026-06-05T12:22:51+08:00,arrived_at_hub,arrived_at_hub,CAR-SYN-STD,HUB-SYN-01,CN-HB-WH,,5
TRE-SYN-C-0036-06,ORD-SYN-C-0036,SHP-SYN-C-0036,2026-06-05T15:59:04+08:00,departed_hub,departed_hub,CAR-SYN-STD,HUB-SYN-01,CN-HB-WH,,6
TRE-SYN-C-0036-07,ORD-SYN-C-0036,SHP-SYN-C-0036,2026-06-06T02:33:22+08:00,arrived_at_destination_city,arrived_at_destination_city,CAR-SYN-STD,DEST-CN-HB-WH,CN-HB-WH,,7
TRE-SYN-C-0036-08,ORD-SYN-C-0036,SHP-SYN-C-0036,2026-06-06T11:32:59+08:00,out_for_delivery,out_for_delivery,CAR-SYN-STD,SITE-CN-HB-WH,CN-HB-WH,,8
TRE-SYN-C-0036-09,ORD-SYN-C-0036,SHP-SYN-C-0036,2026-06-06T15:13:26+08:00,delivered,delivered,CAR-SYN-STD,SITE-CN-HB-WH,CN-HB-WH,,9
TRE-SYN-C-0037-01,ORD-SYN-C-0037,SHP-SYN-C-0037,2026-06-04T13:58:07+08:00,shipment_created,shipment_created,CAR-SYN-FAST,ORIGIN-WH-SYN-EAST,CN-JS-NJ,,1
TRE-SYN-C-0037-02,ORD-SYN-C-0037,SHP-SYN-C-0037,2026-06-04T17:01:24+08:00,carrier_picked_up,carrier_picked_up,CAR-SYN-FAST,ORIGIN-WH-SYN-EAST,CN-JS-NJ,,2
TRE-SYN-C-0037-03,ORD-SYN-C-0037,SHP-SYN-C-0037,2026-06-04T17:41:33+08:00,origin_departed,origin_departed,CAR-SYN-FAST,ORIGIN-WH-SYN-EAST,CN-JS-NJ,,3
TRE-SYN-C-0037-04,ORD-SYN-C-0037,SHP-SYN-C-0037,2026-06-04T19:05:24+08:00,in_transit,in_transit,CAR-SYN-FAST,LINEHAUL-SYN-01,CN-JS-NJ,,4
TRE-SYN-C-0037-05,ORD-SYN-C-0037,SHP-SYN-C-0037,2026-06-05T01:35:25+08:00,arrived_at_hub,arrived_at_hub,CAR-SYN-FAST,HUB-SYN-01,CN-JS-NJ,,5
TRE-SYN-C-0037-06,ORD-SYN-C-0037,SHP-SYN-C-0037,2026-06-05T04:12:12+08:00,departed_hub,departed_hub,CAR-SYN-FAST,HUB-SYN-01,CN-JS-NJ,,6
TRE-SYN-C-0037-07,ORD-SYN-C-0037,SHP-SYN-C-0037,2026-06-05T18:11:48+08:00,arrived_at_destination_city,arrived_at_destination_city,CAR-SYN-FAST,DEST-CN-JS-NJ,CN-JS-NJ,,7
TRE-SYN-C-0037-08,ORD-SYN-C-0037,SHP-SYN-C-0037,2026-06-06T02:38:23+08:00,out_for_delivery,out_for_delivery,CAR-SYN-FAST,SITE-CN-JS-NJ,CN-JS-NJ,,8
TRE-SYN-C-0037-09,ORD-SYN-C-0037,SHP-SYN-C-0037,2026-06-06T05:44:11+08:00,delivered,delivered,CAR-SYN-FAST,SITE-CN-JS-NJ,CN-JS-NJ,,9
TRE-SYN-C-0038-01,ORD-SYN-C-0038,SHP-SYN-C-0038,2026-06-04T17:33:41+08:00,shipment_created,shipment_created,CAR-SYN-FAST,ORIGIN-WH-SYN-EAST,CN-JS-NJ,,1
TRE-SYN-C-0038-02,ORD-SYN-C-0038,SHP-SYN-C-0038,2026-06-04T20:17:49+08:00,carrier_picked_up,carrier_picked_up,CAR-SYN-FAST,ORIGIN-WH-SYN-EAST,CN-JS-NJ,,2
TRE-SYN-C-0038-03,ORD-SYN-C-0038,SHP-SYN-C-0038,2026-06-04T21:34:06+08:00,origin_departed,origin_departed,CAR-SYN-FAST,ORIGIN-WH-SYN-EAST,CN-JS-NJ,,3
TRE-SYN-C-0038-04,ORD-SYN-C-0038,SHP-SYN-C-0038,2026-06-04T22:36:35+08:00,in_transit,in_transit,CAR-SYN-FAST,LINEHAUL-SYN-01,CN-JS-NJ,,4
TRE-SYN-C-0038-05,ORD-SYN-C-0038,SHP-SYN-C-0038,2026-06-05T08:11:59+08:00,arrived_at_hub,arrived_at_hub,CAR-SYN-FAST,HUB-SYN-01,CN-JS-NJ,,5
TRE-SYN-C-0038-06,ORD-SYN-C-0038,SHP-SYN-C-0038,2026-06-05T10:08:33+08:00,departed_hub,departed_hub,CAR-SYN-FAST,HUB-SYN-01,CN-JS-NJ,,6
TRE-SYN-C-0038-07,ORD-SYN-C-0038,SHP-SYN-C-0038,2026-06-05T22:56:17+08:00,arrived_at_destination_city,arrived_at_destination_city,CAR-SYN-FAST,DEST-CN-JS-NJ,CN-JS-NJ,,7
TRE-SYN-C-0038-08,ORD-SYN-C-0038,SHP-SYN-C-0038,2026-06-06T02:06:40+08:00,out_for_delivery,out_for_delivery,CAR-SYN-FAST,SITE-CN-JS-NJ,CN-JS-NJ,,8
TRE-SYN-C-0038-09,ORD-SYN-C-0038,SHP-SYN-C-0038,2026-06-06T03:40:37+08:00,delivered,delivered,CAR-SYN-FAST,SITE-CN-JS-NJ,CN-JS-NJ,,9
TRE-SYN-C-0039-01,ORD-SYN-C-0039,SHP-SYN-C-0039,2026-06-04T20:37:34+08:00,shipment_created,shipment_created,CAR-SYN-SLOW,ORIGIN-WH-SYN-WEST,CN-JS-NJ,,1
TRE-SYN-C-0039-02,ORD-SYN-C-0039,SHP-SYN-C-0039,2026-06-05T21:01:50+08:00,carrier_picked_up,carrier_picked_up,CAR-SYN-SLOW,ORIGIN-WH-SYN-WEST,CN-JS-NJ,,2
TRE-SYN-C-0039-03,ORD-SYN-C-0039,SHP-SYN-C-0039,2026-06-05T22:28:33+08:00,origin_departed,origin_departed,CAR-SYN-SLOW,ORIGIN-WH-SYN-WEST,CN-JS-NJ,,3
TRE-SYN-C-0039-04,ORD-SYN-C-0039,SHP-SYN-C-0039,2026-06-05T23:51:01+08:00,in_transit,in_transit,CAR-SYN-SLOW,LINEHAUL-SYN-01,CN-JS-NJ,,4
TRE-SYN-C-0039-05,ORD-SYN-C-0039,SHP-SYN-C-0039,2026-06-08T00:20:45+08:00,arrived_at_hub,arrived_at_hub,CAR-SYN-SLOW,HUB-SYN-01,CN-JS-NJ,,5
TRE-SYN-C-0039-06,ORD-SYN-C-0039,SHP-SYN-C-0039,2026-06-08T07:13:57+08:00,departed_hub,departed_hub,CAR-SYN-SLOW,HUB-SYN-01,CN-JS-NJ,,6
TRE-SYN-C-0039-07,ORD-SYN-C-0039,SHP-SYN-C-0039,2026-06-10T08:39:03+08:00,arrived_at_destination_city,arrived_at_destination_city,CAR-SYN-SLOW,DEST-CN-JS-NJ,CN-JS-NJ,,7
TRE-SYN-C-0039-08,ORD-SYN-C-0039,SHP-SYN-C-0039,2026-06-12T00:04:12+08:00,out_for_delivery,out_for_delivery,CAR-SYN-SLOW,SITE-CN-JS-NJ,CN-JS-NJ,,8
TRE-SYN-C-0039-09,ORD-SYN-C-0039,SHP-SYN-C-0039,2026-06-12T21:21:03+08:00,delivered,delivered,CAR-SYN-SLOW,SITE-CN-JS-NJ,CN-JS-NJ,,9
TRE-SYN-C-0040-01,ORD-SYN-C-0040,SHP-SYN-C-0040,2026-06-04T23:24:14+08:00,shipment_created,shipment_created,CAR-SYN-SLOW,ORIGIN-WH-SYN-EAST,CN-ZJ-HZ,,1
TRE-SYN-C-0040-02,ORD-SYN-C-0040,SHP-SYN-C-0040,2026-06-06T04:34:37+08:00,carrier_picked_up,carrier_picked_up,CAR-SYN-SLOW,ORIGIN-WH-SYN-EAST,CN-ZJ-HZ,,2
TRE-SYN-C-0040-03,ORD-SYN-C-0040,SHP-SYN-C-0040,2026-06-06T05:06:11+08:00,origin_departed,origin_departed,CAR-SYN-SLOW,ORIGIN-WH-SYN-EAST,CN-ZJ-HZ,,3
TRE-SYN-C-0040-04,ORD-SYN-C-0040,SHP-SYN-C-0040,2026-06-06T05:54:11+08:00,in_transit,in_transit,CAR-SYN-SLOW,LINEHAUL-SYN-01,CN-ZJ-HZ,,4
TRE-SYN-C-0040-05,ORD-SYN-C-0040,SHP-SYN-C-0040,2026-06-07T04:38:15+08:00,exception,exception,CAR-SYN-SLOW,LINEHAUL-SYN-01,CN-ZJ-HZ,SYNTHETIC_DELAY,5
TRE-SYN-C-0040-06,ORD-SYN-C-0040,SHP-SYN-C-0040,2026-06-08T03:22:20+08:00,arrived_at_hub,arrived_at_hub,CAR-SYN-SLOW,HUB-SYN-01,CN-ZJ-HZ,,6
TRE-SYN-C-0040-07,ORD-SYN-C-0040,SHP-SYN-C-0040,2026-06-08T09:59:41+08:00,departed_hub,departed_hub,CAR-SYN-SLOW,HUB-SYN-01,CN-ZJ-HZ,,7
TRE-SYN-C-0040-08,ORD-SYN-C-0040,SHP-SYN-C-0040,2026-06-10T06:10:10+08:00,arrived_at_destination_city,arrived_at_destination_city,CAR-SYN-SLOW,DEST-CN-ZJ-HZ,CN-ZJ-HZ,,8
TRE-SYN-C-0040-09,ORD-SYN-C-0040,SHP-SYN-C-0040,2026-06-11T18:11:16+08:00,out_for_delivery,out_for_delivery,CAR-SYN-SLOW,SITE-CN-ZJ-HZ,CN-ZJ-HZ,,9
TRE-SYN-C-0040-10,ORD-SYN-C-0040,SHP-SYN-C-0040,2026-06-12T12:43:51+08:00,delivered,delivered,CAR-SYN-SLOW,SITE-CN-ZJ-HZ,CN-ZJ-HZ,,10
TRE-SYN-C-0041-01,ORD-SYN-C-0041,SHP-SYN-C-0041,2026-06-05T15:13:28+08:00,shipment_created,shipment_created,CAR-SYN-STD,ORIGIN-WH-SYN-EAST,CN-JS-NJ,,1
TRE-SYN-C-0041-02,ORD-SYN-C-0041,SHP-SYN-C-0041,2026-06-05T21:50:45+08:00,carrier_picked_up,carrier_picked_up,CAR-SYN-STD,ORIGIN-WH-SYN-EAST,CN-JS-NJ,,2
TRE-SYN-C-0041-03,ORD-SYN-C-0041,SHP-SYN-C-0041,2026-06-05T23:17:12+08:00,origin_departed,origin_departed,CAR-SYN-STD,ORIGIN-WH-SYN-EAST,CN-JS-NJ,,3
TRE-SYN-C-0041-04,ORD-SYN-C-0041,SHP-SYN-C-0041,2026-06-06T00:10:51+08:00,in_transit,in_transit,CAR-SYN-STD,LINEHAUL-SYN-01,CN-JS-NJ,,4
TRE-SYN-C-0041-05,ORD-SYN-C-0041,SHP-SYN-C-0041,2026-06-06T07:13:36+08:00,arrived_at_hub,arrived_at_hub,CAR-SYN-STD,HUB-SYN-01,CN-JS-NJ,,5
TRE-SYN-C-0041-06,ORD-SYN-C-0041,SHP-SYN-C-0041,2026-06-06T10:29:13+08:00,departed_hub,departed_hub,CAR-SYN-STD,HUB-SYN-01,CN-JS-NJ,,6
TRE-SYN-C-0041-07,ORD-SYN-C-0041,SHP-SYN-C-0041,2026-06-07T01:54:56+08:00,arrived_at_destination_city,arrived_at_destination_city,CAR-SYN-STD,DEST-CN-JS-NJ,CN-JS-NJ,,7
TRE-SYN-C-0041-08,ORD-SYN-C-0041,SHP-SYN-C-0041,2026-06-07T10:47:00+08:00,out_for_delivery,out_for_delivery,CAR-SYN-STD,SITE-CN-JS-NJ,CN-JS-NJ,,8
TRE-SYN-C-0041-09,ORD-SYN-C-0041,SHP-SYN-C-0041,2026-06-07T15:11:33+08:00,delivered,delivered,CAR-SYN-STD,SITE-CN-JS-NJ,CN-JS-NJ,,9
TRE-SYN-C-0042-01,ORD-SYN-C-0042,SHP-SYN-C-0042,2026-06-05T17:30:29+08:00,shipment_created,shipment_created,CAR-SYN-FAST,ORIGIN-WH-SYN-WEST,CN-SD-QD,,1
TRE-SYN-C-0042-02,ORD-SYN-C-0042,SHP-SYN-C-0042,2026-06-05T21:52:25+08:00,carrier_picked_up,carrier_picked_up,CAR-SYN-FAST,ORIGIN-WH-SYN-WEST,CN-SD-QD,,2
TRE-SYN-C-0042-03,ORD-SYN-C-0042,SHP-SYN-C-0042,2026-06-05T23:06:27+08:00,origin_departed,origin_departed,CAR-SYN-FAST,ORIGIN-WH-SYN-WEST,CN-SD-QD,,3
TRE-SYN-C-0042-04,ORD-SYN-C-0042,SHP-SYN-C-0042,2026-06-05T23:50:38+08:00,in_transit,in_transit,CAR-SYN-FAST,LINEHAUL-SYN-01,CN-SD-QD,,4
TRE-SYN-C-0042-05,ORD-SYN-C-0042,SHP-SYN-C-0042,2026-06-06T09:07:06+08:00,arrived_at_hub,arrived_at_hub,CAR-SYN-FAST,HUB-SYN-01,CN-SD-QD,,5
TRE-SYN-C-0042-06,ORD-SYN-C-0042,SHP-SYN-C-0042,2026-06-06T11:00:13+08:00,departed_hub,departed_hub,CAR-SYN-FAST,HUB-SYN-01,CN-SD-QD,,6
TRE-SYN-C-0042-07,ORD-SYN-C-0042,SHP-SYN-C-0042,2026-06-07T02:13:42+08:00,arrived_at_destination_city,arrived_at_destination_city,CAR-SYN-FAST,DEST-CN-SD-QD,CN-SD-QD,,7
TRE-SYN-C-0042-08,ORD-SYN-C-0042,SHP-SYN-C-0042,2026-06-07T05:48:30+08:00,out_for_delivery,out_for_delivery,CAR-SYN-FAST,SITE-CN-SD-QD,CN-SD-QD,,8
TRE-SYN-C-0042-09,ORD-SYN-C-0042,SHP-SYN-C-0042,2026-06-07T08:21:20+08:00,delivered,delivered,CAR-SYN-FAST,SITE-CN-SD-QD,CN-SD-QD,,9
TRE-SYN-C-0043-01,ORD-SYN-C-0043,SHP-SYN-C-0043,2026-06-05T21:41:29+08:00,shipment_created,shipment_created,CAR-SYN-SLOW,ORIGIN-WH-SYN-WEST,CN-JS-NJ,,1
TRE-SYN-C-0043-02,ORD-SYN-C-0043,SHP-SYN-C-0043,2026-06-07T02:42:58+08:00,carrier_picked_up,carrier_picked_up,CAR-SYN-SLOW,ORIGIN-WH-SYN-WEST,CN-JS-NJ,,2
TRE-SYN-C-0043-03,ORD-SYN-C-0043,SHP-SYN-C-0043,2026-06-07T03:30:08+08:00,origin_departed,origin_departed,CAR-SYN-SLOW,ORIGIN-WH-SYN-WEST,CN-JS-NJ,,3
TRE-SYN-C-0043-04,ORD-SYN-C-0043,SHP-SYN-C-0043,2026-06-07T04:05:20+08:00,in_transit,in_transit,CAR-SYN-SLOW,LINEHAUL-SYN-01,CN-JS-NJ,,4
TRE-SYN-C-0043-05,ORD-SYN-C-0043,SHP-SYN-C-0043,2026-06-08T18:54:52+08:00,arrived_at_hub,arrived_at_hub,CAR-SYN-SLOW,HUB-SYN-01,CN-JS-NJ,,5
TRE-SYN-C-0043-06,ORD-SYN-C-0043,SHP-SYN-C-0043,2026-06-09T01:38:46+08:00,departed_hub,departed_hub,CAR-SYN-SLOW,HUB-SYN-01,CN-JS-NJ,,6
TRE-SYN-C-0043-07,ORD-SYN-C-0043,SHP-SYN-C-0043,2026-06-10T17:32:41+08:00,arrived_at_destination_city,arrived_at_destination_city,CAR-SYN-SLOW,DEST-CN-JS-NJ,CN-JS-NJ,,7
TRE-SYN-C-0043-08,ORD-SYN-C-0043,SHP-SYN-C-0043,2026-06-12T03:10:25+08:00,out_for_delivery,out_for_delivery,CAR-SYN-SLOW,SITE-CN-JS-NJ,CN-JS-NJ,,8
TRE-SYN-C-0043-09,ORD-SYN-C-0043,SHP-SYN-C-0043,2026-06-12T17:39:02+08:00,delivered,delivered,CAR-SYN-SLOW,SITE-CN-JS-NJ,CN-JS-NJ,,9
TRE-SYN-C-0044-01,ORD-SYN-C-0044,SHP-SYN-C-0044,2026-06-05T14:02:20+08:00,shipment_created,shipment_created,CAR-SYN-SLOW,ORIGIN-WH-SYN-WEST,CN-JS-NJ,,1
TRE-SYN-C-0044-02,ORD-SYN-C-0044,SHP-SYN-C-0044,2026-06-06T18:27:44+08:00,carrier_picked_up,carrier_picked_up,CAR-SYN-SLOW,ORIGIN-WH-SYN-WEST,CN-JS-NJ,,2
TRE-SYN-C-0044-03,ORD-SYN-C-0044,SHP-SYN-C-0044,2026-06-06T19:11:45+08:00,origin_departed,origin_departed,CAR-SYN-SLOW,ORIGIN-WH-SYN-WEST,CN-JS-NJ,,3
TRE-SYN-C-0044-04,ORD-SYN-C-0044,SHP-SYN-C-0044,2026-06-06T19:43:51+08:00,in_transit,in_transit,CAR-SYN-SLOW,LINEHAUL-SYN-01,CN-JS-NJ,,4
TRE-SYN-C-0044-05,ORD-SYN-C-0044,SHP-SYN-C-0044,2026-06-07T15:58:22+08:00,exception,exception,CAR-SYN-SLOW,LINEHAUL-SYN-01,CN-JS-NJ,SYNTHETIC_DELAY,5
TRE-SYN-C-0044-06,ORD-SYN-C-0044,SHP-SYN-C-0044,2026-06-08T12:12:52+08:00,arrived_at_hub,arrived_at_hub,CAR-SYN-SLOW,HUB-SYN-01,CN-JS-NJ,,6
TRE-SYN-C-0044-07,ORD-SYN-C-0044,SHP-SYN-C-0044,2026-06-08T20:50:48+08:00,departed_hub,departed_hub,CAR-SYN-SLOW,HUB-SYN-01,CN-JS-NJ,,7
TRE-SYN-C-0044-08,ORD-SYN-C-0044,SHP-SYN-C-0044,2026-06-10T11:21:15+08:00,arrived_at_destination_city,arrived_at_destination_city,CAR-SYN-SLOW,DEST-CN-JS-NJ,CN-JS-NJ,,8
TRE-SYN-C-0044-09,ORD-SYN-C-0044,SHP-SYN-C-0044,2026-06-11T17:24:31+08:00,out_for_delivery,out_for_delivery,CAR-SYN-SLOW,SITE-CN-JS-NJ,CN-JS-NJ,,9
TRE-SYN-C-0044-10,ORD-SYN-C-0044,SHP-SYN-C-0044,2026-06-12T09:39:06+08:00,delivered,delivered,CAR-SYN-SLOW,SITE-CN-JS-NJ,CN-JS-NJ,,10
TRE-SYN-C-0045-01,ORD-SYN-C-0045,SHP-SYN-C-0045,2026-06-05T16:05:03+08:00,shipment_created,shipment_created,CAR-SYN-STD,ORIGIN-WH-SYN-EAST,CN-ZJ-HZ,,1
TRE-SYN-C-0045-02,ORD-SYN-C-0045,SHP-SYN-C-0045,2026-06-05T20:16:20+08:00,carrier_picked_up,carrier_picked_up,CAR-SYN-STD,ORIGIN-WH-SYN-EAST,CN-ZJ-HZ,,2
TRE-SYN-C-0045-03,ORD-SYN-C-0045,SHP-SYN-C-0045,2026-06-05T21:24:02+08:00,origin_departed,origin_departed,CAR-SYN-STD,ORIGIN-WH-SYN-EAST,CN-ZJ-HZ,,3
TRE-SYN-C-0045-04,ORD-SYN-C-0045,SHP-SYN-C-0045,2026-06-05T22:36:07+08:00,in_transit,in_transit,CAR-SYN-STD,LINEHAUL-SYN-01,CN-ZJ-HZ,,4
TRE-SYN-C-0045-05,ORD-SYN-C-0045,SHP-SYN-C-0045,2026-06-06T07:24:35+08:00,arrived_at_hub,arrived_at_hub,CAR-SYN-STD,HUB-SYN-01,CN-ZJ-HZ,,5
TRE-SYN-C-0045-06,ORD-SYN-C-0045,SHP-SYN-C-0045,2026-06-06T09:20:49+08:00,departed_hub,departed_hub,CAR-SYN-STD,HUB-SYN-01,CN-ZJ-HZ,,6
TRE-SYN-C-0045-07,ORD-SYN-C-0045,SHP-SYN-C-0045,2026-06-06T18:27:36+08:00,arrived_at_destination_city,arrived_at_destination_city,CAR-SYN-STD,DEST-CN-ZJ-HZ,CN-ZJ-HZ,,7
TRE-SYN-C-0045-08,ORD-SYN-C-0045,SHP-SYN-C-0045,2026-06-06T20:51:18+08:00,out_for_delivery,out_for_delivery,CAR-SYN-STD,SITE-CN-ZJ-HZ,CN-ZJ-HZ,,8
TRE-SYN-C-0045-09,ORD-SYN-C-0045,SHP-SYN-C-0045,2026-06-07T01:32:37+08:00,delivered,delivered,CAR-SYN-STD,SITE-CN-ZJ-HZ,CN-ZJ-HZ,,9
TRE-SYN-C-0046-01,ORD-SYN-C-0046,SHP-SYN-C-0046,2026-06-05T19:16:45+08:00,shipment_created,shipment_created,CAR-SYN-SLOW,ORIGIN-WH-SYN-EAST,CN-SD-QD,,1
TRE-SYN-C-0046-02,ORD-SYN-C-0046,SHP-SYN-C-0046,2026-06-06T19:50:21+08:00,carrier_picked_up,carrier_picked_up,CAR-SYN-SLOW,ORIGIN-WH-SYN-EAST,CN-SD-QD,,2
TRE-SYN-C-0046-03,ORD-SYN-C-0046,SHP-SYN-C-0046,2026-06-06T20:33:00+08:00,origin_departed,origin_departed,CAR-SYN-SLOW,ORIGIN-WH-SYN-EAST,CN-SD-QD,,3
TRE-SYN-C-0046-04,ORD-SYN-C-0046,SHP-SYN-C-0046,2026-06-06T21:47:23+08:00,in_transit,in_transit,CAR-SYN-SLOW,LINEHAUL-SYN-01,CN-SD-QD,,4
TRE-SYN-C-0046-05,ORD-SYN-C-0046,SHP-SYN-C-0046,2026-06-07T18:36:46+08:00,exception,exception,CAR-SYN-SLOW,LINEHAUL-SYN-01,CN-SD-QD,SYNTHETIC_DELAY,5
TRE-SYN-C-0046-06,ORD-SYN-C-0046,SHP-SYN-C-0046,2026-06-08T15:26:10+08:00,arrived_at_hub,arrived_at_hub,CAR-SYN-SLOW,HUB-SYN-01,CN-SD-QD,,6
TRE-SYN-C-0046-07,ORD-SYN-C-0046,SHP-SYN-C-0046,2026-06-08T23:06:20+08:00,departed_hub,departed_hub,CAR-SYN-SLOW,HUB-SYN-01,CN-SD-QD,,7
TRE-SYN-C-0046-08,ORD-SYN-C-0046,SHP-SYN-C-0046,2026-06-10T16:59:25+08:00,arrived_at_destination_city,arrived_at_destination_city,CAR-SYN-SLOW,DEST-CN-SD-QD,CN-SD-QD,,8
TRE-SYN-C-0046-09,ORD-SYN-C-0046,SHP-SYN-C-0046,2026-06-12T04:43:52+08:00,out_for_delivery,out_for_delivery,CAR-SYN-SLOW,SITE-CN-SD-QD,CN-SD-QD,,9
TRE-SYN-C-0046-10,ORD-SYN-C-0046,SHP-SYN-C-0046,2026-06-12T21:27:02+08:00,delivered,delivered,CAR-SYN-SLOW,SITE-CN-SD-QD,CN-SD-QD,,10
TRE-SYN-C-0047-01,ORD-SYN-C-0047,SHP-SYN-C-0047,2026-06-05T21:50:03+08:00,shipment_created,shipment_created,CAR-SYN-FAST,ORIGIN-WH-SYN-WEST,CN-JS-NJ,,1
TRE-SYN-C-0047-02,ORD-SYN-C-0047,SHP-SYN-C-0047,2026-06-06T00:21:00+08:00,carrier_picked_up,carrier_picked_up,CAR-SYN-FAST,ORIGIN-WH-SYN-WEST,CN-JS-NJ,,2
TRE-SYN-C-0047-03,ORD-SYN-C-0047,SHP-SYN-C-0047,2026-06-06T01:19:59+08:00,origin_departed,origin_departed,CAR-SYN-FAST,ORIGIN-WH-SYN-WEST,CN-JS-NJ,,3
TRE-SYN-C-0047-04,ORD-SYN-C-0047,SHP-SYN-C-0047,2026-06-06T02:22:13+08:00,in_transit,in_transit,CAR-SYN-FAST,LINEHAUL-SYN-01,CN-JS-NJ,,4
TRE-SYN-C-0047-05,ORD-SYN-C-0047,SHP-SYN-C-0047,2026-06-06T10:40:33+08:00,arrived_at_hub,arrived_at_hub,CAR-SYN-FAST,HUB-SYN-01,CN-JS-NJ,,5
TRE-SYN-C-0047-06,ORD-SYN-C-0047,SHP-SYN-C-0047,2026-06-06T13:19:36+08:00,departed_hub,departed_hub,CAR-SYN-FAST,HUB-SYN-01,CN-JS-NJ,,6
TRE-SYN-C-0047-07,ORD-SYN-C-0047,SHP-SYN-C-0047,2026-06-06T23:30:30+08:00,arrived_at_destination_city,arrived_at_destination_city,CAR-SYN-FAST,DEST-CN-JS-NJ,CN-JS-NJ,,7
TRE-SYN-C-0047-08,ORD-SYN-C-0047,SHP-SYN-C-0047,2026-06-07T05:32:09+08:00,out_for_delivery,out_for_delivery,CAR-SYN-FAST,SITE-CN-JS-NJ,CN-JS-NJ,,8
TRE-SYN-C-0047-09,ORD-SYN-C-0047,SHP-SYN-C-0047,2026-06-07T11:05:31+08:00,delivered,delivered,CAR-SYN-FAST,SITE-CN-JS-NJ,CN-JS-NJ,,9
TRE-SYN-C-0048-01,ORD-SYN-C-0048,SHP-SYN-C-0048,2026-06-05T14:29:03+08:00,shipment_created,shipment_created,CAR-SYN-SLOW,ORIGIN-WH-SYN-EAST,CN-ZJ-HZ,,1
TRE-SYN-C-0048-02,ORD-SYN-C-0048,SHP-SYN-C-0048,2026-06-06T11:35:21+08:00,carrier_picked_up,carrier_picked_up,CAR-SYN-SLOW,ORIGIN-WH-SYN-EAST,CN-ZJ-HZ,,2
TRE-SYN-C-0048-03,ORD-SYN-C-0048,SHP-SYN-C-0048,2026-06-06T12:23:00+08:00,origin_departed,origin_departed,CAR-SYN-SLOW,ORIGIN-WH-SYN-EAST,CN-ZJ-HZ,,3
TRE-SYN-C-0048-04,ORD-SYN-C-0048,SHP-SYN-C-0048,2026-06-06T13:31:58+08:00,in_transit,in_transit,CAR-SYN-SLOW,LINEHAUL-SYN-01,CN-ZJ-HZ,,4
TRE-SYN-C-0048-05,ORD-SYN-C-0048,SHP-SYN-C-0048,2026-06-07T08:02:34+08:00,exception,exception,CAR-SYN-SLOW,LINEHAUL-SYN-01,CN-ZJ-HZ,SYNTHETIC_DELAY,5
TRE-SYN-C-0048-06,ORD-SYN-C-0048,SHP-SYN-C-0048,2026-06-08T02:33:10+08:00,arrived_at_hub,arrived_at_hub,CAR-SYN-SLOW,HUB-SYN-01,CN-ZJ-HZ,,6
TRE-SYN-C-0048-07,ORD-SYN-C-0048,SHP-SYN-C-0048,2026-06-08T09:49:12+08:00,departed_hub,departed_hub,CAR-SYN-SLOW,HUB-SYN-01,CN-ZJ-HZ,,7
TRE-SYN-C-0048-08,ORD-SYN-C-0048,SHP-SYN-C-0048,2026-06-10T10:19:16+08:00,arrived_at_destination_city,arrived_at_destination_city,CAR-SYN-SLOW,DEST-CN-ZJ-HZ,CN-ZJ-HZ,,8
TRE-SYN-C-0048-09,ORD-SYN-C-0048,SHP-SYN-C-0048,2026-06-11T15:05:59+08:00,out_for_delivery,out_for_delivery,CAR-SYN-SLOW,SITE-CN-ZJ-HZ,CN-ZJ-HZ,,9
TRE-SYN-C-0048-10,ORD-SYN-C-0048,SHP-SYN-C-0048,2026-06-12T11:15:31+08:00,delivered,delivered,CAR-SYN-SLOW,SITE-CN-ZJ-HZ,CN-ZJ-HZ,,10
TRE-SYN-C-0049-01,ORD-SYN-C-0049,SHP-SYN-C-0049,2026-06-05T17:37:06+08:00,shipment_created,shipment_created,CAR-SYN-FAST,ORIGIN-WH-SYN-EAST,CN-JS-NJ,,1
TRE-SYN-C-0049-02,ORD-SYN-C-0049,SHP-SYN-C-0049,2026-06-05T21:53:05+08:00,carrier_picked_up,carrier_picked_up,CAR-SYN-FAST,ORIGIN-WH-SYN-EAST,CN-JS-NJ,,2
TRE-SYN-C-0049-03,ORD-SYN-C-0049,SHP-SYN-C-0049,2026-06-05T23:09:10+08:00,origin_departed,origin_departed,CAR-SYN-FAST,ORIGIN-WH-SYN-EAST,CN-JS-NJ,,3
TRE-SYN-C-0049-04,ORD-SYN-C-0049,SHP-SYN-C-0049,2026-06-05T23:43:41+08:00,in_transit,in_transit,CAR-SYN-FAST,LINEHAUL-SYN-01,CN-JS-NJ,,4
TRE-SYN-C-0049-05,ORD-SYN-C-0049,SHP-SYN-C-0049,2026-06-06T12:51:42+08:00,arrived_at_hub,arrived_at_hub,CAR-SYN-FAST,HUB-SYN-01,CN-JS-NJ,,5
TRE-SYN-C-0049-06,ORD-SYN-C-0049,SHP-SYN-C-0049,2026-06-06T16:36:01+08:00,departed_hub,departed_hub,CAR-SYN-FAST,HUB-SYN-01,CN-JS-NJ,,6
TRE-SYN-C-0049-07,ORD-SYN-C-0049,SHP-SYN-C-0049,2026-06-07T03:55:17+08:00,arrived_at_destination_city,arrived_at_destination_city,CAR-SYN-FAST,DEST-CN-JS-NJ,CN-JS-NJ,,7
TRE-SYN-C-0049-08,ORD-SYN-C-0049,SHP-SYN-C-0049,2026-06-07T12:18:03+08:00,out_for_delivery,out_for_delivery,CAR-SYN-FAST,SITE-CN-JS-NJ,CN-JS-NJ,,8
TRE-SYN-C-0049-09,ORD-SYN-C-0049,SHP-SYN-C-0049,2026-06-07T17:20:07+08:00,delivered,delivered,CAR-SYN-FAST,SITE-CN-JS-NJ,CN-JS-NJ,,9
TRE-SYN-C-0050-01,ORD-SYN-C-0050,SHP-SYN-C-0050,2026-06-05T20:15:58+08:00,shipment_created,shipment_created,CAR-SYN-SLOW,ORIGIN-WH-SYN-EAST,CN-HB-WH,,1
TRE-SYN-C-0050-02,ORD-SYN-C-0050,SHP-SYN-C-0050,2026-06-06T19:49:22+08:00,carrier_picked_up,carrier_picked_up,CAR-SYN-SLOW,ORIGIN-WH-SYN-EAST,CN-HB-WH,,2
TRE-SYN-C-0050-03,ORD-SYN-C-0050,SHP-SYN-C-0050,2026-06-06T20:40:53+08:00,origin_departed,origin_departed,CAR-SYN-SLOW,ORIGIN-WH-SYN-EAST,CN-HB-WH,,3
TRE-SYN-C-0050-04,ORD-SYN-C-0050,SHP-SYN-C-0050,2026-06-06T22:04:33+08:00,in_transit,in_transit,CAR-SYN-SLOW,LINEHAUL-SYN-01,CN-HB-WH,,4
TRE-SYN-C-0050-05,ORD-SYN-C-0050,SHP-SYN-C-0050,2026-06-07T17:32:01+08:00,exception,exception,CAR-SYN-SLOW,LINEHAUL-SYN-01,CN-HB-WH,SYNTHETIC_DELAY,5
TRE-SYN-C-0050-06,ORD-SYN-C-0050,SHP-SYN-C-0050,2026-06-08T12:59:29+08:00,arrived_at_hub,arrived_at_hub,CAR-SYN-SLOW,HUB-SYN-01,CN-HB-WH,,6
TRE-SYN-C-0050-07,ORD-SYN-C-0050,SHP-SYN-C-0050,2026-06-08T18:21:13+08:00,departed_hub,departed_hub,CAR-SYN-SLOW,HUB-SYN-01,CN-HB-WH,,7
TRE-SYN-C-0050-08,ORD-SYN-C-0050,SHP-SYN-C-0050,2026-06-10T20:53:05+08:00,arrived_at_destination_city,arrived_at_destination_city,CAR-SYN-SLOW,DEST-CN-HB-WH,CN-HB-WH,,8
TRE-SYN-C-0050-09,ORD-SYN-C-0050,SHP-SYN-C-0050,2026-06-12T07:14:13+08:00,out_for_delivery,out_for_delivery,CAR-SYN-SLOW,SITE-CN-HB-WH,CN-HB-WH,,9
TRE-SYN-C-0050-10,ORD-SYN-C-0050,SHP-SYN-C-0050,2026-06-13T02:17:45+08:00,delivered,delivered,CAR-SYN-SLOW,SITE-CN-HB-WH,CN-HB-WH,,10
TRE-SYN-C-0051-01,ORD-SYN-C-0051,SHP-SYN-C-0051,2026-06-06T23:20:33+08:00,shipment_created,shipment_created,CAR-SYN-SLOW,ORIGIN-WH-SYN-EAST,CN-ZJ-HZ,,1
TRE-SYN-C-0051-02,ORD-SYN-C-0051,SHP-SYN-C-0051,2026-06-07T19:23:21+08:00,carrier_picked_up,carrier_picked_up,CAR-SYN-SLOW,ORIGIN-WH-SYN-EAST,CN-ZJ-HZ,,2
TRE-SYN-C-0051-03,ORD-SYN-C-0051,SHP-SYN-C-0051,2026-06-07T20:29:01+08:00,origin_departed,origin_departed,CAR-SYN-SLOW,ORIGIN-WH-SYN-EAST,CN-ZJ-HZ,,3
TRE-SYN-C-0051-04,ORD-SYN-C-0051,SHP-SYN-C-0051,2026-06-07T21:01:00+08:00,in_transit,in_transit,CAR-SYN-SLOW,LINEHAUL-SYN-01,CN-ZJ-HZ,,4
TRE-SYN-C-0051-05,ORD-SYN-C-0051,SHP-SYN-C-0051,2026-06-09T16:52:17+08:00,arrived_at_hub,arrived_at_hub,CAR-SYN-SLOW,HUB-SYN-01,CN-ZJ-HZ,,5
TRE-SYN-C-0051-06,ORD-SYN-C-0051,SHP-SYN-C-0051,2026-06-09T23:38:16+08:00,departed_hub,departed_hub,CAR-SYN-SLOW,HUB-SYN-01,CN-ZJ-HZ,,6
TRE-SYN-C-0051-07,ORD-SYN-C-0051,SHP-SYN-C-0051,2026-06-11T23:49:34+08:00,arrived_at_destination_city,arrived_at_destination_city,CAR-SYN-SLOW,DEST-CN-ZJ-HZ,CN-ZJ-HZ,,7
TRE-SYN-C-0051-08,ORD-SYN-C-0051,SHP-SYN-C-0051,2026-06-13T11:54:13+08:00,out_for_delivery,out_for_delivery,CAR-SYN-SLOW,SITE-CN-ZJ-HZ,CN-ZJ-HZ,,8
TRE-SYN-C-0051-09,ORD-SYN-C-0051,SHP-SYN-C-0051,2026-06-14T03:01:55+08:00,delivered,delivered,CAR-SYN-SLOW,SITE-CN-ZJ-HZ,CN-ZJ-HZ,,9
TRE-SYN-C-0052-01,ORD-SYN-C-0052,SHP-SYN-C-0052,2026-06-06T15:17:12+08:00,shipment_created,shipment_created,CAR-SYN-STD,ORIGIN-WH-SYN-EAST,CN-SD-QD,,1
TRE-SYN-C-0052-02,ORD-SYN-C-0052,SHP-SYN-C-0052,2026-06-06T22:18:41+08:00,carrier_picked_up,carrier_picked_up,CAR-SYN-STD,ORIGIN-WH-SYN-EAST,CN-SD-QD,,2
TRE-SYN-C-0052-03,ORD-SYN-C-0052,SHP-SYN-C-0052,2026-06-06T22:55:56+08:00,origin_departed,origin_departed,CAR-SYN-STD,ORIGIN-WH-SYN-EAST,CN-SD-QD,,3
TRE-SYN-C-0052-04,ORD-SYN-C-0052,SHP-SYN-C-0052,2026-06-07T00:04:27+08:00,in_transit,in_transit,CAR-SYN-STD,LINEHAUL-SYN-01,CN-SD-QD,,4
TRE-SYN-C-0052-05,ORD-SYN-C-0052,SHP-SYN-C-0052,2026-06-07T09:58:53+08:00,arrived_at_hub,arrived_at_hub,CAR-SYN-STD,HUB-SYN-01,CN-SD-QD,,5
TRE-SYN-C-0052-06,ORD-SYN-C-0052,SHP-SYN-C-0052,2026-06-07T12:41:58+08:00,departed_hub,departed_hub,CAR-SYN-STD,HUB-SYN-01,CN-SD-QD,,6
TRE-SYN-C-0052-07,ORD-SYN-C-0052,SHP-SYN-C-0052,2026-06-07T21:59:59+08:00,arrived_at_destination_city,arrived_at_destination_city,CAR-SYN-STD,DEST-CN-SD-QD,CN-SD-QD,,7
TRE-SYN-C-0052-08,ORD-SYN-C-0052,SHP-SYN-C-0052,2026-06-08T05:27:43+08:00,out_for_delivery,out_for_delivery,CAR-SYN-STD,SITE-CN-SD-QD,CN-SD-QD,,8
TRE-SYN-C-0052-09,ORD-SYN-C-0052,SHP-SYN-C-0052,2026-06-08T07:53:25+08:00,delivered,delivered,CAR-SYN-STD,SITE-CN-SD-QD,CN-SD-QD,,9
TRE-SYN-C-0053-01,ORD-SYN-C-0053,SHP-SYN-C-0053,2026-06-06T18:23:40+08:00,shipment_created,shipment_created,CAR-SYN-SLOW,ORIGIN-WH-SYN-EAST,CN-ZJ-HZ,,1
TRE-SYN-C-0053-02,ORD-SYN-C-0053,SHP-SYN-C-0053,2026-06-07T21:29:53+08:00,carrier_picked_up,carrier_picked_up,CAR-SYN-SLOW,ORIGIN-WH-SYN-EAST,CN-ZJ-HZ,,2
TRE-SYN-C-0053-03,ORD-SYN-C-0053,SHP-SYN-C-0053,2026-06-07T22:51:56+08:00,origin_departed,origin_departed,CAR-SYN-SLOW,ORIGIN-WH-SYN-EAST,CN-ZJ-HZ,,3
TRE-SYN-C-0053-04,ORD-SYN-C-0053,SHP-SYN-C-0053,2026-06-08T00:14:02+08:00,in_transit,in_transit,CAR-SYN-SLOW,LINEHAUL-SYN-01,CN-ZJ-HZ,,4
TRE-SYN-C-0053-05,ORD-SYN-C-0053,SHP-SYN-C-0053,2026-06-09T20:51:58+08:00,arrived_at_hub,arrived_at_hub,CAR-SYN-SLOW,HUB-SYN-01,CN-ZJ-HZ,,5
TRE-SYN-C-0053-06,ORD-SYN-C-0053,SHP-SYN-C-0053,2026-06-10T06:02:33+08:00,departed_hub,departed_hub,CAR-SYN-SLOW,HUB-SYN-01,CN-ZJ-HZ,,6
TRE-SYN-C-0053-07,ORD-SYN-C-0053,SHP-SYN-C-0053,2026-06-12T10:38:54+08:00,arrived_at_destination_city,arrived_at_destination_city,CAR-SYN-SLOW,DEST-CN-ZJ-HZ,CN-ZJ-HZ,,7
TRE-SYN-C-0053-08,ORD-SYN-C-0053,SHP-SYN-C-0053,2026-06-13T15:19:01+08:00,out_for_delivery,out_for_delivery,CAR-SYN-SLOW,SITE-CN-ZJ-HZ,CN-ZJ-HZ,,8
TRE-SYN-C-0053-09,ORD-SYN-C-0053,SHP-SYN-C-0053,2026-06-14T08:24:19+08:00,delivered,delivered,CAR-SYN-SLOW,SITE-CN-ZJ-HZ,CN-ZJ-HZ,,9
TRE-SYN-C-0054-01,ORD-SYN-C-0054,SHP-SYN-C-0054,2026-06-06T20:58:00+08:00,shipment_created,shipment_created,CAR-SYN-STD,ORIGIN-WH-SYN-EAST,CN-ZJ-HZ,,1
TRE-SYN-C-0054-02,ORD-SYN-C-0054,SHP-SYN-C-0054,2026-06-07T01:34:29+08:00,carrier_picked_up,carrier_picked_up,CAR-SYN-STD,ORIGIN-WH-SYN-EAST,CN-ZJ-HZ,,2
TRE-SYN-C-0054-03,ORD-SYN-C-0054,SHP-SYN-C-0054,2026-06-07T02:20:44+08:00,origin_departed,origin_departed,CAR-SYN-STD,ORIGIN-WH-SYN-EAST,CN-ZJ-HZ,,3
TRE-SYN-C-0054-04,ORD-SYN-C-0054,SHP-SYN-C-0054,2026-06-07T03:02:42+08:00,in_transit,in_transit,CAR-SYN-STD,LINEHAUL-SYN-01,CN-ZJ-HZ,,4
TRE-SYN-C-0054-05,ORD-SYN-C-0054,SHP-SYN-C-0054,2026-06-07T14:25:21+08:00,arrived_at_hub,arrived_at_hub,CAR-SYN-STD,HUB-SYN-01,CN-ZJ-HZ,,5
TRE-SYN-C-0054-06,ORD-SYN-C-0054,SHP-SYN-C-0054,2026-06-07T17:01:36+08:00,departed_hub,departed_hub,CAR-SYN-STD,HUB-SYN-01,CN-ZJ-HZ,,6
TRE-SYN-C-0054-07,ORD-SYN-C-0054,SHP-SYN-C-0054,2026-06-08T05:48:31+08:00,arrived_at_destination_city,arrived_at_destination_city,CAR-SYN-STD,DEST-CN-ZJ-HZ,CN-ZJ-HZ,,7
TRE-SYN-C-0054-08,ORD-SYN-C-0054,SHP-SYN-C-0054,2026-06-08T09:36:44+08:00,out_for_delivery,out_for_delivery,CAR-SYN-STD,SITE-CN-ZJ-HZ,CN-ZJ-HZ,,8
TRE-SYN-C-0054-09,ORD-SYN-C-0054,SHP-SYN-C-0054,2026-06-08T13:53:35+08:00,delivered,delivered,CAR-SYN-STD,SITE-CN-ZJ-HZ,CN-ZJ-HZ,,9
TRE-SYN-C-0055-01,ORD-SYN-C-0055,SHP-SYN-C-0055,2026-06-06T13:13:29+08:00,shipment_created,shipment_created,CAR-SYN-FAST,ORIGIN-WH-SYN-EAST,CN-JS-NJ,,1
TRE-SYN-C-0055-02,ORD-SYN-C-0055,SHP-SYN-C-0055,2026-06-06T16:02:38+08:00,carrier_picked_up,carrier_picked_up,CAR-SYN-FAST,ORIGIN-WH-SYN-EAST,CN-JS-NJ,,2
TRE-SYN-C-0055-03,ORD-SYN-C-0055,SHP-SYN-C-0055,2026-06-06T16:33:01+08:00,origin_departed,origin_departed,CAR-SYN-FAST,ORIGIN-WH-SYN-EAST,CN-JS-NJ,,3
TRE-SYN-C-0055-04,ORD-SYN-C-0055,SHP-SYN-C-0055,2026-06-06T17:47:29+08:00,in_transit,in_transit,CAR-SYN-FAST,LINEHAUL-SYN-01,CN-JS-NJ,,4
TRE-SYN-C-0055-05,ORD-SYN-C-0055,SHP-SYN-C-0055,2026-06-07T01:02:23+08:00,arrived_at_hub,arrived_at_hub,CAR-SYN-FAST,HUB-SYN-01,CN-JS-NJ,,5
TRE-SYN-C-0055-06,ORD-SYN-C-0055,SHP-SYN-C-0055,2026-06-07T03:02:23+08:00,departed_hub,departed_hub,CAR-SYN-FAST,HUB-SYN-01,CN-JS-NJ,,6
TRE-SYN-C-0055-07,ORD-SYN-C-0055,SHP-SYN-C-0055,2026-06-07T11:07:14+08:00,arrived_at_destination_city,arrived_at_destination_city,CAR-SYN-FAST,DEST-CN-JS-NJ,CN-JS-NJ,,7
TRE-SYN-C-0055-08,ORD-SYN-C-0055,SHP-SYN-C-0055,2026-06-07T14:59:04+08:00,out_for_delivery,out_for_delivery,CAR-SYN-FAST,SITE-CN-JS-NJ,CN-JS-NJ,,8
TRE-SYN-C-0055-09,ORD-SYN-C-0055,SHP-SYN-C-0055,2026-06-07T19:57:08+08:00,delivered,delivered,CAR-SYN-FAST,SITE-CN-JS-NJ,CN-JS-NJ,,9
TRE-SYN-C-0056-01,ORD-SYN-C-0056,SHP-SYN-C-0056,2026-06-06T16:26:44+08:00,shipment_created,shipment_created,CAR-SYN-SLOW,ORIGIN-WH-SYN-WEST,CN-SD-QD,,1
TRE-SYN-C-0056-02,ORD-SYN-C-0056,SHP-SYN-C-0056,2026-06-07T15:43:39+08:00,carrier_picked_up,carrier_picked_up,CAR-SYN-SLOW,ORIGIN-WH-SYN-WEST,CN-SD-QD,,2
TRE-SYN-C-0056-03,ORD-SYN-C-0056,SHP-SYN-C-0056,2026-06-07T16:48:53+08:00,origin_departed,origin_departed,CAR-SYN-SLOW,ORIGIN-WH-SYN-WEST,CN-SD-QD,,3
TRE-SYN-C-0056-04,ORD-SYN-C-0056,SHP-SYN-C-0056,2026-06-07T18:18:50+08:00,in_transit,in_transit,CAR-SYN-SLOW,LINEHAUL-SYN-01,CN-SD-QD,,4
TRE-SYN-C-0056-05,ORD-SYN-C-0056,SHP-SYN-C-0056,2026-06-08T18:06:27+08:00,exception,exception,CAR-SYN-SLOW,LINEHAUL-SYN-01,CN-SD-QD,SYNTHETIC_DELAY,5
TRE-SYN-C-0056-06,ORD-SYN-C-0056,SHP-SYN-C-0056,2026-06-09T17:54:04+08:00,arrived_at_hub,arrived_at_hub,CAR-SYN-SLOW,HUB-SYN-01,CN-SD-QD,,6
TRE-SYN-C-0056-07,ORD-SYN-C-0056,SHP-SYN-C-0056,2026-06-10T02:02:56+08:00,departed_hub,departed_hub,CAR-SYN-SLOW,HUB-SYN-01,CN-SD-QD,,7
TRE-SYN-C-0056-08,ORD-SYN-C-0056,SHP-SYN-C-0056,2026-06-12T00:21:37+08:00,arrived_at_destination_city,arrived_at_destination_city,CAR-SYN-SLOW,DEST-CN-SD-QD,CN-SD-QD,,8
TRE-SYN-C-0056-09,ORD-SYN-C-0056,SHP-SYN-C-0056,2026-06-13T08:26:54+08:00,out_for_delivery,out_for_delivery,CAR-SYN-SLOW,SITE-CN-SD-QD,CN-SD-QD,,9
TRE-SYN-C-0056-10,ORD-SYN-C-0056,SHP-SYN-C-0056,2026-06-14T04:54:48+08:00,delivered,delivered,CAR-SYN-SLOW,SITE-CN-SD-QD,CN-SD-QD,,10
TRE-SYN-C-0057-01,ORD-SYN-C-0057,SHP-SYN-C-0057,2026-06-06T18:58:07+08:00,shipment_created,shipment_created,CAR-SYN-SLOW,ORIGIN-WH-SYN-EAST,CN-HB-WH,,1
TRE-SYN-C-0057-02,ORD-SYN-C-0057,SHP-SYN-C-0057,2026-06-07T16:45:50+08:00,carrier_picked_up,carrier_picked_up,CAR-SYN-SLOW,ORIGIN-WH-SYN-EAST,CN-HB-WH,,2
TRE-SYN-C-0057-03,ORD-SYN-C-0057,SHP-SYN-C-0057,2026-06-07T17:57:35+08:00,origin_departed,origin_departed,CAR-SYN-SLOW,ORIGIN-WH-SYN-EAST,CN-HB-WH,,3
TRE-SYN-C-0057-04,ORD-SYN-C-0057,SHP-SYN-C-0057,2026-06-07T18:30:01+08:00,in_transit,in_transit,CAR-SYN-SLOW,LINEHAUL-SYN-01,CN-HB-WH,,4
TRE-SYN-C-0057-05,ORD-SYN-C-0057,SHP-SYN-C-0057,2026-06-09T10:34:12+08:00,arrived_at_hub,arrived_at_hub,CAR-SYN-SLOW,HUB-SYN-01,CN-HB-WH,,5
TRE-SYN-C-0057-06,ORD-SYN-C-0057,SHP-SYN-C-0057,2026-06-09T18:18:24+08:00,departed_hub,departed_hub,CAR-SYN-SLOW,HUB-SYN-01,CN-HB-WH,,6
TRE-SYN-C-0057-07,ORD-SYN-C-0057,SHP-SYN-C-0057,2026-06-11T15:08:01+08:00,arrived_at_destination_city,arrived_at_destination_city,CAR-SYN-SLOW,DEST-CN-HB-WH,CN-HB-WH,,7
TRE-SYN-C-0057-08,ORD-SYN-C-0057,SHP-SYN-C-0057,2026-06-12T23:32:54+08:00,out_for_delivery,out_for_delivery,CAR-SYN-SLOW,SITE-CN-HB-WH,CN-HB-WH,,8
TRE-SYN-C-0057-09,ORD-SYN-C-0057,SHP-SYN-C-0057,2026-06-13T17:03:13+08:00,delivered,delivered,CAR-SYN-SLOW,SITE-CN-HB-WH,CN-HB-WH,,9
TRE-SYN-C-0058-01,ORD-SYN-C-0058,SHP-SYN-C-0058,2026-06-06T22:37:40+08:00,shipment_created,shipment_created,CAR-SYN-STD,ORIGIN-WH-SYN-EAST,CN-JS-NJ,,1
TRE-SYN-C-0058-02,ORD-SYN-C-0058,SHP-SYN-C-0058,2026-06-07T01:16:52+08:00,carrier_picked_up,carrier_picked_up,CAR-SYN-STD,ORIGIN-WH-SYN-EAST,CN-JS-NJ,,2
TRE-SYN-C-0058-03,ORD-SYN-C-0058,SHP-SYN-C-0058,2026-06-07T02:30:33+08:00,origin_departed,origin_departed,CAR-SYN-STD,ORIGIN-WH-SYN-EAST,CN-JS-NJ,,3
TRE-SYN-C-0058-04,ORD-SYN-C-0058,SHP-SYN-C-0058,2026-06-07T03:04:49+08:00,in_transit,in_transit,CAR-SYN-STD,LINEHAUL-SYN-01,CN-JS-NJ,,4
TRE-SYN-C-0058-05,ORD-SYN-C-0058,SHP-SYN-C-0058,2026-06-07T13:11:54+08:00,arrived_at_hub,arrived_at_hub,CAR-SYN-STD,HUB-SYN-01,CN-JS-NJ,,5
TRE-SYN-C-0058-06,ORD-SYN-C-0058,SHP-SYN-C-0058,2026-06-07T14:36:38+08:00,departed_hub,departed_hub,CAR-SYN-STD,HUB-SYN-01,CN-JS-NJ,,6
TRE-SYN-C-0058-07,ORD-SYN-C-0058,SHP-SYN-C-0058,2026-06-08T04:54:58+08:00,arrived_at_destination_city,arrived_at_destination_city,CAR-SYN-STD,DEST-CN-JS-NJ,CN-JS-NJ,,7
TRE-SYN-C-0058-08,ORD-SYN-C-0058,SHP-SYN-C-0058,2026-06-08T12:31:18+08:00,out_for_delivery,out_for_delivery,CAR-SYN-STD,SITE-CN-JS-NJ,CN-JS-NJ,,8
TRE-SYN-C-0058-09,ORD-SYN-C-0058,SHP-SYN-C-0058,2026-06-08T13:48:08+08:00,delivered,delivered,CAR-SYN-STD,SITE-CN-JS-NJ,CN-JS-NJ,,9
TRE-SYN-C-0059-01,ORD-SYN-C-0059,SHP-SYN-C-0059,2026-06-06T13:43:51+08:00,shipment_created,shipment_created,CAR-SYN-FAST,ORIGIN-WH-SYN-EAST,CN-ZJ-HZ,,1
TRE-SYN-C-0059-02,ORD-SYN-C-0059,SHP-SYN-C-0059,2026-06-06T21:13:18+08:00,carrier_picked_up,carrier_picked_up,CAR-SYN-FAST,ORIGIN-WH-SYN-EAST,CN-ZJ-HZ,,2
TRE-SYN-C-0059-03,ORD-SYN-C-0059,SHP-SYN-C-0059,2026-06-06T21:49:07+08:00,origin_departed,origin_departed,CAR-SYN-FAST,ORIGIN-WH-SYN-EAST,CN-ZJ-HZ,,3
TRE-SYN-C-0059-04,ORD-SYN-C-0059,SHP-SYN-C-0059,2026-06-06T22:27:53+08:00,in_transit,in_transit,CAR-SYN-FAST,LINEHAUL-SYN-01,CN-ZJ-HZ,,4
TRE-SYN-C-0059-05,ORD-SYN-C-0059,SHP-SYN-C-0059,2026-06-07T08:43:51+08:00,arrived_at_hub,arrived_at_hub,CAR-SYN-FAST,HUB-SYN-01,CN-ZJ-HZ,,5
TRE-SYN-C-0059-06,ORD-SYN-C-0059,SHP-SYN-C-0059,2026-06-07T10:56:32+08:00,departed_hub,departed_hub,CAR-SYN-FAST,HUB-SYN-01,CN-ZJ-HZ,,6
TRE-SYN-C-0059-07,ORD-SYN-C-0059,SHP-SYN-C-0059,2026-06-07T19:00:15+08:00,arrived_at_destination_city,arrived_at_destination_city,CAR-SYN-FAST,DEST-CN-ZJ-HZ,CN-ZJ-HZ,,7
TRE-SYN-C-0059-08,ORD-SYN-C-0059,SHP-SYN-C-0059,2026-06-07T22:52:34+08:00,out_for_delivery,out_for_delivery,CAR-SYN-FAST,SITE-CN-ZJ-HZ,CN-ZJ-HZ,,8
TRE-SYN-C-0059-09,ORD-SYN-C-0059,SHP-SYN-C-0059,2026-06-08T03:46:35+08:00,delivered,delivered,CAR-SYN-FAST,SITE-CN-ZJ-HZ,CN-ZJ-HZ,,9
TRE-SYN-C-0060-01,ORD-SYN-C-0060,SHP-SYN-C-0060,2026-06-06T17:08:36+08:00,shipment_created,shipment_created,CAR-SYN-STD,ORIGIN-WH-SYN-EAST,CN-ZJ-HZ,,1
TRE-SYN-C-0060-02,ORD-SYN-C-0060,SHP-SYN-C-0060,2026-06-06T20:47:20+08:00,carrier_picked_up,carrier_picked_up,CAR-SYN-STD,ORIGIN-WH-SYN-EAST,CN-ZJ-HZ,,2
TRE-SYN-C-0060-03,ORD-SYN-C-0060,SHP-SYN-C-0060,2026-06-06T22:11:47+08:00,origin_departed,origin_departed,CAR-SYN-STD,ORIGIN-WH-SYN-EAST,CN-ZJ-HZ,,3
TRE-SYN-C-0060-04,ORD-SYN-C-0060,SHP-SYN-C-0060,2026-06-06T23:00:11+08:00,in_transit,in_transit,CAR-SYN-STD,LINEHAUL-SYN-01,CN-ZJ-HZ,,4
TRE-SYN-C-0060-05,ORD-SYN-C-0060,SHP-SYN-C-0060,2026-06-07T10:57:47+08:00,arrived_at_hub,arrived_at_hub,CAR-SYN-STD,HUB-SYN-01,CN-ZJ-HZ,,5
TRE-SYN-C-0060-06,ORD-SYN-C-0060,SHP-SYN-C-0060,2026-06-07T13:44:48+08:00,departed_hub,departed_hub,CAR-SYN-STD,HUB-SYN-01,CN-ZJ-HZ,,6
TRE-SYN-C-0060-07,ORD-SYN-C-0060,SHP-SYN-C-0060,2026-06-07T23:43:33+08:00,arrived_at_destination_city,arrived_at_destination_city,CAR-SYN-STD,DEST-CN-ZJ-HZ,CN-ZJ-HZ,,7
TRE-SYN-C-0060-08,ORD-SYN-C-0060,SHP-SYN-C-0060,2026-06-08T07:06:38+08:00,out_for_delivery,out_for_delivery,CAR-SYN-STD,SITE-CN-ZJ-HZ,CN-ZJ-HZ,,8
TRE-SYN-C-0060-09,ORD-SYN-C-0060,SHP-SYN-C-0060,2026-06-08T10:18:20+08:00,delivered,delivered,CAR-SYN-STD,SITE-CN-ZJ-HZ,CN-ZJ-HZ,,9
TRE-SYN-C-0061-01,ORD-SYN-C-0061,SHP-SYN-C-0061,2026-06-07T19:26:41+08:00,shipment_created,shipment_created,CAR-SYN-FAST,ORIGIN-WH-SYN-EAST,CN-SD-QD,,1
TRE-SYN-C-0061-02,ORD-SYN-C-0061,SHP-SYN-C-0061,2026-06-08T03:13:26+08:00,carrier_picked_up,carrier_picked_up,CAR-SYN-FAST,ORIGIN-WH-SYN-EAST,CN-SD-QD,,2
TRE-SYN-C-0061-03,ORD-SYN-C-0061,SHP-SYN-C-0061,2026-06-08T04:13:04+08:00,origin_departed,origin_departed,CAR-SYN-FAST,ORIGIN-WH-SYN-EAST,CN-SD-QD,,3
TRE-SYN-C-0061-04,ORD-SYN-C-0061,SHP-SYN-C-0061,2026-06-08T04:50:20+08:00,in_transit,in_transit,CAR-SYN-FAST,LINEHAUL-SYN-01,CN-SD-QD,,4
TRE-SYN-C-0061-05,ORD-SYN-C-0061,SHP-SYN-C-0061,2026-06-08T14:28:35+08:00,arrived_at_hub,arrived_at_hub,CAR-SYN-FAST,HUB-SYN-01,CN-SD-QD,,5
TRE-SYN-C-0061-06,ORD-SYN-C-0061,SHP-SYN-C-0061,2026-06-08T16:23:00+08:00,departed_hub,departed_hub,CAR-SYN-FAST,HUB-SYN-01,CN-SD-QD,,6
TRE-SYN-C-0061-07,ORD-SYN-C-0061,SHP-SYN-C-0061,2026-06-09T06:44:41+08:00,arrived_at_destination_city,arrived_at_destination_city,CAR-SYN-FAST,DEST-CN-SD-QD,CN-SD-QD,,7
TRE-SYN-C-0061-08,ORD-SYN-C-0061,SHP-SYN-C-0061,2026-06-09T14:36:52+08:00,out_for_delivery,out_for_delivery,CAR-SYN-FAST,SITE-CN-SD-QD,CN-SD-QD,,8
TRE-SYN-C-0061-09,ORD-SYN-C-0061,SHP-SYN-C-0061,2026-06-09T16:50:54+08:00,delivered,delivered,CAR-SYN-FAST,SITE-CN-SD-QD,CN-SD-QD,,9
TRE-SYN-C-0062-01,ORD-SYN-C-0062,SHP-SYN-C-0062,2026-06-07T22:57:38+08:00,shipment_created,shipment_created,CAR-SYN-SLOW,ORIGIN-WH-SYN-EAST,CN-JS-NJ,,1
TRE-SYN-C-0062-02,ORD-SYN-C-0062,SHP-SYN-C-0062,2026-06-09T00:09:02+08:00,carrier_picked_up,carrier_picked_up,CAR-SYN-SLOW,ORIGIN-WH-SYN-EAST,CN-JS-NJ,,2
TRE-SYN-C-0062-03,ORD-SYN-C-0062,SHP-SYN-C-0062,2026-06-09T00:50:15+08:00,origin_departed,origin_departed,CAR-SYN-SLOW,ORIGIN-WH-SYN-EAST,CN-JS-NJ,,3
TRE-SYN-C-0062-04,ORD-SYN-C-0062,SHP-SYN-C-0062,2026-06-09T01:51:22+08:00,in_transit,in_transit,CAR-SYN-SLOW,LINEHAUL-SYN-01,CN-JS-NJ,,4
TRE-SYN-C-0062-05,ORD-SYN-C-0062,SHP-SYN-C-0062,2026-06-10T00:44:41+08:00,exception,exception,CAR-SYN-SLOW,LINEHAUL-SYN-01,CN-JS-NJ,SYNTHETIC_DELAY,5
TRE-SYN-C-0062-06,ORD-SYN-C-0062,SHP-SYN-C-0062,2026-06-10T23:38:00+08:00,arrived_at_hub,arrived_at_hub,CAR-SYN-SLOW,HUB-SYN-01,CN-JS-NJ,,6
TRE-SYN-C-0062-07,ORD-SYN-C-0062,SHP-SYN-C-0062,2026-06-11T06:17:06+08:00,departed_hub,departed_hub,CAR-SYN-SLOW,HUB-SYN-01,CN-JS-NJ,,7
TRE-SYN-C-0062-08,ORD-SYN-C-0062,SHP-SYN-C-0062,2026-06-13T04:20:09+08:00,arrived_at_destination_city,arrived_at_destination_city,CAR-SYN-SLOW,DEST-CN-JS-NJ,CN-JS-NJ,,8
TRE-SYN-C-0062-09,ORD-SYN-C-0062,SHP-SYN-C-0062,2026-06-14T20:00:51+08:00,out_for_delivery,out_for_delivery,CAR-SYN-SLOW,SITE-CN-JS-NJ,CN-JS-NJ,,9
TRE-SYN-C-0062-10,ORD-SYN-C-0062,SHP-SYN-C-0062,2026-06-15T12:45:59+08:00,delivered,delivered,CAR-SYN-SLOW,SITE-CN-JS-NJ,CN-JS-NJ,,10
TRE-SYN-C-0063-01,ORD-SYN-C-0063,SHP-SYN-C-0063,2026-06-07T15:32:03+08:00,shipment_created,shipment_created,CAR-SYN-SLOW,ORIGIN-WH-SYN-WEST,CN-SD-QD,,1
TRE-SYN-C-0063-02,ORD-SYN-C-0063,SHP-SYN-C-0063,2026-06-08T16:22:23+08:00,carrier_picked_up,carrier_picked_up,CAR-SYN-SLOW,ORIGIN-WH-SYN-WEST,CN-SD-QD,,2
TRE-SYN-C-0063-03,ORD-SYN-C-0063,SHP-SYN-C-0063,2026-06-08T17:30:22+08:00,origin_departed,origin_departed,CAR-SYN-SLOW,ORIGIN-WH-SYN-WEST,CN-SD-QD,,3
TRE-SYN-C-0063-04,ORD-SYN-C-0063,SHP-SYN-C-0063,2026-06-08T18:49:53+08:00,in_transit,in_transit,CAR-SYN-SLOW,LINEHAUL-SYN-01,CN-SD-QD,,4
TRE-SYN-C-0063-05,ORD-SYN-C-0063,SHP-SYN-C-0063,2026-06-10T18:00:43+08:00,arrived_at_hub,arrived_at_hub,CAR-SYN-SLOW,HUB-SYN-01,CN-SD-QD,,5
TRE-SYN-C-0063-06,ORD-SYN-C-0063,SHP-SYN-C-0063,2026-06-11T03:05:17+08:00,departed_hub,departed_hub,CAR-SYN-SLOW,HUB-SYN-01,CN-SD-QD,,6
TRE-SYN-C-0063-07,ORD-SYN-C-0063,SHP-SYN-C-0063,2026-06-13T04:48:40+08:00,arrived_at_destination_city,arrived_at_destination_city,CAR-SYN-SLOW,DEST-CN-SD-QD,CN-SD-QD,,7
TRE-SYN-C-0063-08,ORD-SYN-C-0063,SHP-SYN-C-0063,2026-06-14T10:52:30+08:00,out_for_delivery,out_for_delivery,CAR-SYN-SLOW,SITE-CN-SD-QD,CN-SD-QD,,8
TRE-SYN-C-0063-09,ORD-SYN-C-0063,SHP-SYN-C-0063,2026-06-15T07:28:01+08:00,delivered,delivered,CAR-SYN-SLOW,SITE-CN-SD-QD,CN-SD-QD,,9
TRE-SYN-C-0064-01,ORD-SYN-C-0064,SHP-SYN-C-0064,2026-06-07T18:03:49+08:00,shipment_created,shipment_created,CAR-SYN-SLOW,ORIGIN-WH-SYN-WEST,CN-SD-QD,,1
TRE-SYN-C-0064-02,ORD-SYN-C-0064,SHP-SYN-C-0064,2026-06-08T21:28:26+08:00,carrier_picked_up,carrier_picked_up,CAR-SYN-SLOW,ORIGIN-WH-SYN-WEST,CN-SD-QD,,2
TRE-SYN-C-0064-03,ORD-SYN-C-0064,SHP-SYN-C-0064,2026-06-08T22:09:36+08:00,origin_departed,origin_departed,CAR-SYN-SLOW,ORIGIN-WH-SYN-WEST,CN-SD-QD,,3
TRE-SYN-C-0064-04,ORD-SYN-C-0064,SHP-SYN-C-0064,2026-06-08T22:59:42+08:00,in_transit,in_transit,CAR-SYN-SLOW,LINEHAUL-SYN-01,CN-SD-QD,,4
TRE-SYN-C-0064-05,ORD-SYN-C-0064,SHP-SYN-C-0064,2026-06-09T20:36:14+08:00,exception,exception,CAR-SYN-SLOW,LINEHAUL-SYN-01,CN-SD-QD,SYNTHETIC_DELAY,5
TRE-SYN-C-0064-06,ORD-SYN-C-0064,SHP-SYN-C-0064,2026-06-10T18:12:46+08:00,arrived_at_hub,arrived_at_hub,CAR-SYN-SLOW,HUB-SYN-01,CN-SD-QD,,6
TRE-SYN-C-0064-07,ORD-SYN-C-0064,SHP-SYN-C-0064,2026-06-11T02:00:47+08:00,departed_hub,departed_hub,CAR-SYN-SLOW,HUB-SYN-01,CN-SD-QD,,7
TRE-SYN-C-0064-08,ORD-SYN-C-0064,SHP-SYN-C-0064,2026-06-13T02:21:27+08:00,arrived_at_destination_city,arrived_at_destination_city,CAR-SYN-SLOW,DEST-CN-SD-QD,CN-SD-QD,,8
TRE-SYN-C-0064-09,ORD-SYN-C-0064,SHP-SYN-C-0064,2026-06-14T12:15:54+08:00,out_for_delivery,out_for_delivery,CAR-SYN-SLOW,SITE-CN-SD-QD,CN-SD-QD,,9
TRE-SYN-C-0064-10,ORD-SYN-C-0064,SHP-SYN-C-0064,2026-06-15T05:42:19+08:00,delivered,delivered,CAR-SYN-SLOW,SITE-CN-SD-QD,CN-SD-QD,,10
TRE-SYN-C-0065-01,ORD-SYN-C-0065,SHP-SYN-C-0065,2026-06-07T21:04:51+08:00,shipment_created,shipment_created,CAR-SYN-SLOW,ORIGIN-WH-SYN-EAST,CN-JS-NJ,,1
TRE-SYN-C-0065-02,ORD-SYN-C-0065,SHP-SYN-C-0065,2026-06-08T21:23:33+08:00,carrier_picked_up,carrier_picked_up,CAR-SYN-SLOW,ORIGIN-WH-SYN-EAST,CN-JS-NJ,,2
TRE-SYN-C-0065-03,ORD-SYN-C-0065,SHP-SYN-C-0065,2026-06-08T22:38:28+08:00,origin_departed,origin_departed,CAR-SYN-SLOW,ORIGIN-WH-SYN-EAST,CN-JS-NJ,,3
TRE-SYN-C-0065-04,ORD-SYN-C-0065,SHP-SYN-C-0065,2026-06-08T23:19:52+08:00,in_transit,in_transit,CAR-SYN-SLOW,LINEHAUL-SYN-01,CN-JS-NJ,,4
TRE-SYN-C-0065-05,ORD-SYN-C-0065,SHP-SYN-C-0065,2026-06-10T15:47:40+08:00,arrived_at_hub,arrived_at_hub,CAR-SYN-SLOW,HUB-SYN-01,CN-JS-NJ,,5
TRE-SYN-C-0065-06,ORD-SYN-C-0065,SHP-SYN-C-0065,2026-06-10T22:11:54+08:00,departed_hub,departed_hub,CAR-SYN-SLOW,HUB-SYN-01,CN-JS-NJ,,6
TRE-SYN-C-0065-07,ORD-SYN-C-0065,SHP-SYN-C-0065,2026-06-13T04:05:54+08:00,arrived_at_destination_city,arrived_at_destination_city,CAR-SYN-SLOW,DEST-CN-JS-NJ,CN-JS-NJ,,7
TRE-SYN-C-0065-08,ORD-SYN-C-0065,SHP-SYN-C-0065,2026-06-14T10:16:28+08:00,out_for_delivery,out_for_delivery,CAR-SYN-SLOW,SITE-CN-JS-NJ,CN-JS-NJ,,8
TRE-SYN-C-0065-09,ORD-SYN-C-0065,SHP-SYN-C-0065,2026-06-15T07:37:49+08:00,delivered,delivered,CAR-SYN-SLOW,SITE-CN-JS-NJ,CN-JS-NJ,,9
TRE-SYN-C-0066-01,ORD-SYN-C-0066,SHP-SYN-C-0066,2026-06-07T12:31:31+08:00,shipment_created,shipment_created,CAR-SYN-SLOW,ORIGIN-WH-SYN-EAST,CN-JS-NJ,,1
TRE-SYN-C-0066-02,ORD-SYN-C-0066,SHP-SYN-C-0066,2026-06-08T14:16:11+08:00,carrier_picked_up,carrier_picked_up,CAR-SYN-SLOW,ORIGIN-WH-SYN-EAST,CN-JS-NJ,,2
TRE-SYN-C-0066-03,ORD-SYN-C-0066,SHP-SYN-C-0066,2026-06-08T15:29:14+08:00,origin_departed,origin_departed,CAR-SYN-SLOW,ORIGIN-WH-SYN-EAST,CN-JS-NJ,,3
TRE-SYN-C-0066-04,ORD-SYN-C-0066,SHP-SYN-C-0066,2026-06-08T16:11:30+08:00,in_transit,in_transit,CAR-SYN-SLOW,LINEHAUL-SYN-01,CN-JS-NJ,,4
TRE-SYN-C-0066-05,ORD-SYN-C-0066,SHP-SYN-C-0066,2026-06-09T11:37:05+08:00,exception,exception,CAR-SYN-SLOW,LINEHAUL-SYN-01,CN-JS-NJ,SYNTHETIC_DELAY,5
TRE-SYN-C-0066-06,ORD-SYN-C-0066,SHP-SYN-C-0066,2026-06-10T07:02:41+08:00,arrived_at_hub,arrived_at_hub,CAR-SYN-SLOW,HUB-SYN-01,CN-JS-NJ,,6
TRE-SYN-C-0066-07,ORD-SYN-C-0066,SHP-SYN-C-0066,2026-06-10T14:41:11+08:00,departed_hub,departed_hub,CAR-SYN-SLOW,HUB-SYN-01,CN-JS-NJ,,7
TRE-SYN-C-0066-08,ORD-SYN-C-0066,SHP-SYN-C-0066,2026-06-12T08:23:31+08:00,arrived_at_destination_city,arrived_at_destination_city,CAR-SYN-SLOW,DEST-CN-JS-NJ,CN-JS-NJ,,8
TRE-SYN-C-0066-09,ORD-SYN-C-0066,SHP-SYN-C-0066,2026-06-13T18:12:10+08:00,out_for_delivery,out_for_delivery,CAR-SYN-SLOW,SITE-CN-JS-NJ,CN-JS-NJ,,9
TRE-SYN-C-0066-10,ORD-SYN-C-0066,SHP-SYN-C-0066,2026-06-14T09:49:01+08:00,delivered,delivered,CAR-SYN-SLOW,SITE-CN-JS-NJ,CN-JS-NJ,,10
TRE-SYN-C-0067-01,ORD-SYN-C-0067,SHP-SYN-C-0067,2026-06-07T16:24:33+08:00,shipment_created,shipment_created,CAR-SYN-FAST,ORIGIN-WH-SYN-WEST,CN-ZJ-HZ,,1
TRE-SYN-C-0067-02,ORD-SYN-C-0067,SHP-SYN-C-0067,2026-06-07T19:19:19+08:00,carrier_picked_up,carrier_picked_up,CAR-SYN-FAST,ORIGIN-WH-SYN-WEST,CN-ZJ-HZ,,2
TRE-SYN-C-0067-03,ORD-SYN-C-0067,SHP-SYN-C-0067,2026-06-07T20:20:34+08:00,origin_departed,origin_departed,CAR-SYN-FAST,ORIGIN-WH-SYN-WEST,CN-ZJ-HZ,,3
TRE-SYN-C-0067-04,ORD-SYN-C-0067,SHP-SYN-C-0067,2026-06-07T20:56:51+08:00,in_transit,in_transit,CAR-SYN-FAST,LINEHAUL-SYN-01,CN-ZJ-HZ,,4
TRE-SYN-C-0067-05,ORD-SYN-C-0067,SHP-SYN-C-0067,2026-06-08T09:29:09+08:00,arrived_at_hub,arrived_at_hub,CAR-SYN-FAST,HUB-SYN-01,CN-ZJ-HZ,,5
TRE-SYN-C-0067-06,ORD-SYN-C-0067,SHP-SYN-C-0067,2026-06-08T13:08:02+08:00,departed_hub,departed_hub,CAR-SYN-FAST,HUB-SYN-01,CN-ZJ-HZ,,6
TRE-SYN-C-0067-07,ORD-SYN-C-0067,SHP-SYN-C-0067,2026-06-09T00:03:23+08:00,arrived_at_destination_city,arrived_at_destination_city,CAR-SYN-FAST,DEST-CN-ZJ-HZ,CN-ZJ-HZ,,7
TRE-SYN-C-0067-08,ORD-SYN-C-0067,SHP-SYN-C-0067,2026-06-09T08:29:15+08:00,out_for_delivery,out_for_delivery,CAR-SYN-FAST,SITE-CN-ZJ-HZ,CN-ZJ-HZ,,8
TRE-SYN-C-0067-09,ORD-SYN-C-0067,SHP-SYN-C-0067,2026-06-09T13:17:02+08:00,delivered,delivered,CAR-SYN-FAST,SITE-CN-ZJ-HZ,CN-ZJ-HZ,,9
TRE-SYN-C-0068-01,ORD-SYN-C-0068,SHP-SYN-C-0068,2026-06-07T19:39:59+08:00,shipment_created,shipment_created,CAR-SYN-SLOW,ORIGIN-WH-SYN-EAST,CN-ZJ-HZ,,1
TRE-SYN-C-0068-02,ORD-SYN-C-0068,SHP-SYN-C-0068,2026-06-08T13:54:41+08:00,carrier_picked_up,carrier_picked_up,CAR-SYN-SLOW,ORIGIN-WH-SYN-EAST,CN-ZJ-HZ,,2
TRE-SYN-C-0068-03,ORD-SYN-C-0068,SHP-SYN-C-0068,2026-06-08T14:59:27+08:00,origin_departed,origin_departed,CAR-SYN-SLOW,ORIGIN-WH-SYN-EAST,CN-ZJ-HZ,,3
TRE-SYN-C-0068-04,ORD-SYN-C-0068,SHP-SYN-C-0068,2026-06-08T16:17:51+08:00,in_transit,in_transit,CAR-SYN-SLOW,LINEHAUL-SYN-01,CN-ZJ-HZ,,4
TRE-SYN-C-0068-05,ORD-SYN-C-0068,SHP-SYN-C-0068,2026-06-09T11:13:44+08:00,exception,exception,CAR-SYN-SLOW,LINEHAUL-SYN-01,CN-ZJ-HZ,SYNTHETIC_DELAY,5
TRE-SYN-C-0068-06,ORD-SYN-C-0068,SHP-SYN-C-0068,2026-06-10T06:09:37+08:00,arrived_at_hub,arrived_at_hub,CAR-SYN-SLOW,HUB-SYN-01,CN-ZJ-HZ,,6
TRE-SYN-C-0068-07,ORD-SYN-C-0068,SHP-SYN-C-0068,2026-06-10T12:14:34+08:00,departed_hub,departed_hub,CAR-SYN-SLOW,HUB-SYN-01,CN-ZJ-HZ,,7
TRE-SYN-C-0068-08,ORD-SYN-C-0068,SHP-SYN-C-0068,2026-06-12T16:59:34+08:00,arrived_at_destination_city,arrived_at_destination_city,CAR-SYN-SLOW,DEST-CN-ZJ-HZ,CN-ZJ-HZ,,8
TRE-SYN-C-0068-09,ORD-SYN-C-0068,SHP-SYN-C-0068,2026-06-14T05:25:05+08:00,out_for_delivery,out_for_delivery,CAR-SYN-SLOW,SITE-CN-ZJ-HZ,CN-ZJ-HZ,,9
TRE-SYN-C-0068-10,ORD-SYN-C-0068,SHP-SYN-C-0068,2026-06-14T19:54:26+08:00,delivered,delivered,CAR-SYN-SLOW,SITE-CN-ZJ-HZ,CN-ZJ-HZ,,10
TRE-SYN-C-0069-01,ORD-SYN-C-0069,SHP-SYN-C-0069,2026-06-07T21:56:47+08:00,shipment_created,shipment_created,CAR-SYN-SLOW,ORIGIN-WH-SYN-EAST,CN-SD-QD,,1
TRE-SYN-C-0069-02,ORD-SYN-C-0069,SHP-SYN-C-0069,2026-06-08T22:01:40+08:00,carrier_picked_up,carrier_picked_up,CAR-SYN-SLOW,ORIGIN-WH-SYN-EAST,CN-SD-QD,,2
TRE-SYN-C-0069-03,ORD-SYN-C-0069,SHP-SYN-C-0069,2026-06-08T23:31:01+08:00,origin_departed,origin_departed,CAR-SYN-SLOW,ORIGIN-WH-SYN-EAST,CN-SD-QD,,3
TRE-SYN-C-0069-04,ORD-SYN-C-0069,SHP-SYN-C-0069,2026-06-09T00:16:41+08:00,in_transit,in_transit,CAR-SYN-SLOW,LINEHAUL-SYN-01,CN-SD-QD,,4
TRE-SYN-C-0069-05,ORD-SYN-C-0069,SHP-SYN-C-0069,2026-06-10T20:04:02+08:00,arrived_at_hub,arrived_at_hub,CAR-SYN-SLOW,HUB-SYN-01,CN-SD-QD,,5
TRE-SYN-C-0069-06,ORD-SYN-C-0069,SHP-SYN-C-0069,2026-06-11T05:16:43+08:00,departed_hub,departed_hub,CAR-SYN-SLOW,HUB-SYN-01,CN-SD-QD,,6
TRE-SYN-C-0069-07,ORD-SYN-C-0069,SHP-SYN-C-0069,2026-06-13T00:24:57+08:00,arrived_at_destination_city,arrived_at_destination_city,CAR-SYN-SLOW,DEST-CN-SD-QD,CN-SD-QD,,7
TRE-SYN-C-0069-08,ORD-SYN-C-0069,SHP-SYN-C-0069,2026-06-14T18:07:34+08:00,out_for_delivery,out_for_delivery,CAR-SYN-SLOW,SITE-CN-SD-QD,CN-SD-QD,,8
TRE-SYN-C-0069-09,ORD-SYN-C-0069,SHP-SYN-C-0069,2026-06-15T12:54:07+08:00,delivered,delivered,CAR-SYN-SLOW,SITE-CN-SD-QD,CN-SD-QD,,9
TRE-SYN-C-0070-01,ORD-SYN-C-0070,SHP-SYN-C-0070,2026-06-07T14:29:21+08:00,shipment_created,shipment_created,CAR-SYN-STD,ORIGIN-WH-SYN-WEST,CN-JS-NJ,,1
TRE-SYN-C-0070-02,ORD-SYN-C-0070,SHP-SYN-C-0070,2026-06-07T17:53:32+08:00,carrier_picked_up,carrier_picked_up,CAR-SYN-STD,ORIGIN-WH-SYN-WEST,CN-JS-NJ,,2
TRE-SYN-C-0070-03,ORD-SYN-C-0070,SHP-SYN-C-0070,2026-06-07T19:05:09+08:00,origin_departed,origin_departed,CAR-SYN-STD,ORIGIN-WH-SYN-WEST,CN-JS-NJ,,3
TRE-SYN-C-0070-04,ORD-SYN-C-0070,SHP-SYN-C-0070,2026-06-07T20:26:09+08:00,in_transit,in_transit,CAR-SYN-STD,LINEHAUL-SYN-01,CN-JS-NJ,,4
TRE-SYN-C-0070-05,ORD-SYN-C-0070,SHP-SYN-C-0070,2026-06-08T08:28:39+08:00,arrived_at_hub,arrived_at_hub,CAR-SYN-STD,HUB-SYN-01,CN-JS-NJ,,5
TRE-SYN-C-0070-06,ORD-SYN-C-0070,SHP-SYN-C-0070,2026-06-08T12:25:18+08:00,departed_hub,departed_hub,CAR-SYN-STD,HUB-SYN-01,CN-JS-NJ,,6
TRE-SYN-C-0070-07,ORD-SYN-C-0070,SHP-SYN-C-0070,2026-06-09T03:02:08+08:00,arrived_at_destination_city,arrived_at_destination_city,CAR-SYN-STD,DEST-CN-JS-NJ,CN-JS-NJ,,7
TRE-SYN-C-0070-08,ORD-SYN-C-0070,SHP-SYN-C-0070,2026-06-09T08:44:51+08:00,out_for_delivery,out_for_delivery,CAR-SYN-STD,SITE-CN-JS-NJ,CN-JS-NJ,,8
TRE-SYN-C-0070-09,ORD-SYN-C-0070,SHP-SYN-C-0070,2026-06-09T11:01:00+08:00,delivered,delivered,CAR-SYN-STD,SITE-CN-JS-NJ,CN-JS-NJ,,9
TRE-SYN-C-0071-01,ORD-SYN-C-0071,SHP-SYN-C-0071,2026-06-08T17:12:21+08:00,shipment_created,shipment_created,CAR-SYN-FAST,ORIGIN-WH-SYN-EAST,CN-JS-NJ,,1
TRE-SYN-C-0071-02,ORD-SYN-C-0071,SHP-SYN-C-0071,2026-06-09T00:37:05+08:00,carrier_picked_up,carrier_picked_up,CAR-SYN-FAST,ORIGIN-WH-SYN-EAST,CN-JS-NJ,,2
TRE-SYN-C-0071-03,ORD-SYN-C-0071,SHP-SYN-C-0071,2026-06-09T01:40:25+08:00,origin_departed,origin_departed,CAR-SYN-FAST,ORIGIN-WH-SYN-EAST,CN-JS-NJ,,3
TRE-SYN-C-0071-04,ORD-SYN-C-0071,SHP-SYN-C-0071,2026-06-09T02:38:25+08:00,in_transit,in_transit,CAR-SYN-FAST,LINEHAUL-SYN-01,CN-JS-NJ,,4
TRE-SYN-C-0071-05,ORD-SYN-C-0071,SHP-SYN-C-0071,2026-06-09T09:06:19+08:00,arrived_at_hub,arrived_at_hub,CAR-SYN-FAST,HUB-SYN-01,CN-JS-NJ,,5
TRE-SYN-C-0071-06,ORD-SYN-C-0071,SHP-SYN-C-0071,2026-06-09T11:39:02+08:00,departed_hub,departed_hub,CAR-SYN-FAST,HUB-SYN-01,CN-JS-NJ,,6
TRE-SYN-C-0071-07,ORD-SYN-C-0071,SHP-SYN-C-0071,2026-06-09T21:20:34+08:00,arrived_at_destination_city,arrived_at_destination_city,CAR-SYN-FAST,DEST-CN-JS-NJ,CN-JS-NJ,,7
TRE-SYN-C-0071-08,ORD-SYN-C-0071,SHP-SYN-C-0071,2026-06-10T02:31:04+08:00,out_for_delivery,out_for_delivery,CAR-SYN-FAST,SITE-CN-JS-NJ,CN-JS-NJ,,8
TRE-SYN-C-0071-09,ORD-SYN-C-0071,SHP-SYN-C-0071,2026-06-10T06:58:12+08:00,delivered,delivered,CAR-SYN-FAST,SITE-CN-JS-NJ,CN-JS-NJ,,9
TRE-SYN-C-0072-01,ORD-SYN-C-0072,SHP-SYN-C-0072,2026-06-08T20:19:46+08:00,shipment_created,shipment_created,CAR-SYN-FAST,ORIGIN-WH-SYN-EAST,CN-JS-NJ,,1
TRE-SYN-C-0072-02,ORD-SYN-C-0072,SHP-SYN-C-0072,2026-06-09T03:06:22+08:00,carrier_picked_up,carrier_picked_up,CAR-SYN-FAST,ORIGIN-WH-SYN-EAST,CN-JS-NJ,,2
TRE-SYN-C-0072-03,ORD-SYN-C-0072,SHP-SYN-C-0072,2026-06-09T04:19:26+08:00,origin_departed,origin_departed,CAR-SYN-FAST,ORIGIN-WH-SYN-EAST,CN-JS-NJ,,3
TRE-SYN-C-0072-04,ORD-SYN-C-0072,SHP-SYN-C-0072,2026-06-09T05:06:18+08:00,in_transit,in_transit,CAR-SYN-FAST,LINEHAUL-SYN-01,CN-JS-NJ,,4
TRE-SYN-C-0072-05,ORD-SYN-C-0072,SHP-SYN-C-0072,2026-06-09T16:31:55+08:00,arrived_at_hub,arrived_at_hub,CAR-SYN-FAST,HUB-SYN-01,CN-JS-NJ,,5
TRE-SYN-C-0072-06,ORD-SYN-C-0072,SHP-SYN-C-0072,2026-06-09T18:37:26+08:00,departed_hub,departed_hub,CAR-SYN-FAST,HUB-SYN-01,CN-JS-NJ,,6
TRE-SYN-C-0072-07,ORD-SYN-C-0072,SHP-SYN-C-0072,2026-06-10T04:11:37+08:00,arrived_at_destination_city,arrived_at_destination_city,CAR-SYN-FAST,DEST-CN-JS-NJ,CN-JS-NJ,,7
TRE-SYN-C-0072-08,ORD-SYN-C-0072,SHP-SYN-C-0072,2026-06-10T10:56:51+08:00,out_for_delivery,out_for_delivery,CAR-SYN-FAST,SITE-CN-JS-NJ,CN-JS-NJ,,8
TRE-SYN-C-0072-09,ORD-SYN-C-0072,SHP-SYN-C-0072,2026-06-10T14:01:29+08:00,delivered,delivered,CAR-SYN-FAST,SITE-CN-JS-NJ,CN-JS-NJ,,9
TRE-SYN-C-0073-01,ORD-SYN-C-0073,SHP-SYN-C-0073,2026-06-08T22:32:20+08:00,shipment_created,shipment_created,CAR-SYN-FAST,ORIGIN-WH-SYN-EAST,CN-ZJ-HZ,,1
TRE-SYN-C-0073-02,ORD-SYN-C-0073,SHP-SYN-C-0073,2026-06-09T04:01:00+08:00,carrier_picked_up,carrier_picked_up,CAR-SYN-FAST,ORIGIN-WH-SYN-EAST,CN-ZJ-HZ,,2
TRE-SYN-C-0073-03,ORD-SYN-C-0073,SHP-SYN-C-0073,2026-06-09T05:20:08+08:00,origin_departed,origin_departed,CAR-SYN-FAST,ORIGIN-WH-SYN-EAST,CN-ZJ-HZ,,3
TRE-SYN-C-0073-04,ORD-SYN-C-0073,SHP-SYN-C-0073,2026-06-09T06:05:12+08:00,in_transit,in_transit,CAR-SYN-FAST,LINEHAUL-SYN-01,CN-ZJ-HZ,,4
TRE-SYN-C-0073-05,ORD-SYN-C-0073,SHP-SYN-C-0073,2026-06-09T13:42:13+08:00,arrived_at_hub,arrived_at_hub,CAR-SYN-FAST,HUB-SYN-01,CN-ZJ-HZ,,5
TRE-SYN-C-0073-06,ORD-SYN-C-0073,SHP-SYN-C-0073,2026-06-09T15:24:23+08:00,departed_hub,departed_hub,CAR-SYN-FAST,HUB-SYN-01,CN-ZJ-HZ,,6
TRE-SYN-C-0073-07,ORD-SYN-C-0073,SHP-SYN-C-0073,2026-06-10T03:20:08+08:00,arrived_at_destination_city,arrived_at_destination_city,CAR-SYN-FAST,DEST-CN-ZJ-HZ,CN-ZJ-HZ,,7
TRE-SYN-C-0073-08,ORD-SYN-C-0073,SHP-SYN-C-0073,2026-06-10T05:31:16+08:00,out_for_delivery,out_for_delivery,CAR-SYN-FAST,SITE-CN-ZJ-HZ,CN-ZJ-HZ,,8
TRE-SYN-C-0073-09,ORD-SYN-C-0073,SHP-SYN-C-0073,2026-06-10T08:51:28+08:00,delivered,delivered,CAR-SYN-FAST,SITE-CN-ZJ-HZ,CN-ZJ-HZ,,9
TRE-SYN-C-0074-01,ORD-SYN-C-0074,SHP-SYN-C-0074,2026-06-08T15:25:34+08:00,shipment_created,shipment_created,CAR-SYN-SLOW,ORIGIN-WH-SYN-WEST,CN-SD-QD,,1
TRE-SYN-C-0074-02,ORD-SYN-C-0074,SHP-SYN-C-0074,2026-06-09T11:14:47+08:00,carrier_picked_up,carrier_picked_up,CAR-SYN-SLOW,ORIGIN-WH-SYN-WEST,CN-SD-QD,,2
TRE-SYN-C-0074-03,ORD-SYN-C-0074,SHP-SYN-C-0074,2026-06-09T11:52:07+08:00,origin_departed,origin_departed,CAR-SYN-SLOW,ORIGIN-WH-SYN-WEST,CN-SD-QD,,3
TRE-SYN-C-0074-04,ORD-SYN-C-0074,SHP-SYN-C-0074,2026-06-09T13:20:15+08:00,in_transit,in_transit,CAR-SYN-SLOW,LINEHAUL-SYN-01,CN-SD-QD,,4
TRE-SYN-C-0074-05,ORD-SYN-C-0074,SHP-SYN-C-0074,2026-06-10T12:48:30+08:00,exception,exception,CAR-SYN-SLOW,LINEHAUL-SYN-01,CN-SD-QD,SYNTHETIC_DELAY,5
TRE-SYN-C-0074-06,ORD-SYN-C-0074,SHP-SYN-C-0074,2026-06-11T12:16:45+08:00,arrived_at_hub,arrived_at_hub,CAR-SYN-SLOW,HUB-SYN-01,CN-SD-QD,,6
TRE-SYN-C-0074-07,ORD-SYN-C-0074,SHP-SYN-C-0074,2026-06-11T18:45:49+08:00,departed_hub,departed_hub,CAR-SYN-SLOW,HUB-SYN-01,CN-SD-QD,,7
TRE-SYN-C-0074-08,ORD-SYN-C-0074,SHP-SYN-C-0074,2026-06-13T13:17:30+08:00,arrived_at_destination_city,arrived_at_destination_city,CAR-SYN-SLOW,DEST-CN-SD-QD,CN-SD-QD,,8
TRE-SYN-C-0074-09,ORD-SYN-C-0074,SHP-SYN-C-0074,2026-06-15T02:04:51+08:00,out_for_delivery,out_for_delivery,CAR-SYN-SLOW,SITE-CN-SD-QD,CN-SD-QD,,9
TRE-SYN-C-0074-10,ORD-SYN-C-0074,SHP-SYN-C-0074,2026-06-15T17:42:26+08:00,delivered,delivered,CAR-SYN-SLOW,SITE-CN-SD-QD,CN-SD-QD,,10
TRE-SYN-C-0075-01,ORD-SYN-C-0075,SHP-SYN-C-0075,2026-06-08T18:30:02+08:00,shipment_created,shipment_created,CAR-SYN-FAST,ORIGIN-WH-SYN-WEST,CN-JS-NJ,,1
TRE-SYN-C-0075-02,ORD-SYN-C-0075,SHP-SYN-C-0075,2026-06-08T23:10:14+08:00,carrier_picked_up,carrier_picked_up,CAR-SYN-FAST,ORIGIN-WH-SYN-WEST,CN-JS-NJ,,2
TRE-SYN-C-0075-03,ORD-SYN-C-0075,SHP-SYN-C-0075,2026-06-08T23:50:36+08:00,origin_departed,origin_departed,CAR-SYN-FAST,ORIGIN-WH-SYN-WEST,CN-JS-NJ,,3
TRE-SYN-C-0075-04,ORD-SYN-C-0075,SHP-SYN-C-0075,2026-06-09T01:14:05+08:00,in_transit,in_transit,CAR-SYN-FAST,LINEHAUL-SYN-01,CN-JS-NJ,,4
TRE-SYN-C-0075-05,ORD-SYN-C-0075,SHP-SYN-C-0075,2026-06-09T13:12:45+08:00,arrived_at_hub,arrived_at_hub,CAR-SYN-FAST,HUB-SYN-01,CN-JS-NJ,,5
TRE-SYN-C-0075-06,ORD-SYN-C-0075,SHP-SYN-C-0075,2026-06-09T15:28:07+08:00,departed_hub,departed_hub,CAR-SYN-FAST,HUB-SYN-01,CN-JS-NJ,,6
TRE-SYN-C-0075-07,ORD-SYN-C-0075,SHP-SYN-C-0075,2026-06-10T03:10:54+08:00,arrived_at_destination_city,arrived_at_destination_city,CAR-SYN-FAST,DEST-CN-JS-NJ,CN-JS-NJ,,7
TRE-SYN-C-0075-08,ORD-SYN-C-0075,SHP-SYN-C-0075,2026-06-10T11:32:29+08:00,out_for_delivery,out_for_delivery,CAR-SYN-FAST,SITE-CN-JS-NJ,CN-JS-NJ,,8
TRE-SYN-C-0075-09,ORD-SYN-C-0075,SHP-SYN-C-0075,2026-06-10T14:00:58+08:00,delivered,delivered,CAR-SYN-FAST,SITE-CN-JS-NJ,CN-JS-NJ,,9
TRE-SYN-C-0076-01,ORD-SYN-C-0076,SHP-SYN-C-0076,2026-06-08T21:02:16+08:00,shipment_created,shipment_created,CAR-SYN-FAST,ORIGIN-WH-SYN-WEST,CN-ZJ-HZ,,1
TRE-SYN-C-0076-02,ORD-SYN-C-0076,SHP-SYN-C-0076,2026-06-09T01:17:12+08:00,carrier_picked_up,carrier_picked_up,CAR-SYN-FAST,ORIGIN-WH-SYN-WEST,CN-ZJ-HZ,,2
TRE-SYN-C-0076-03,ORD-SYN-C-0076,SHP-SYN-C-0076,2026-06-09T02:10:36+08:00,origin_departed,origin_departed,CAR-SYN-FAST,ORIGIN-WH-SYN-WEST,CN-ZJ-HZ,,3
TRE-SYN-C-0076-04,ORD-SYN-C-0076,SHP-SYN-C-0076,2026-06-09T03:13:53+08:00,in_transit,in_transit,CAR-SYN-FAST,LINEHAUL-SYN-01,CN-ZJ-HZ,,4
TRE-SYN-C-0076-05,ORD-SYN-C-0076,SHP-SYN-C-0076,2026-06-09T09:34:50+08:00,arrived_at_hub,arrived_at_hub,CAR-SYN-FAST,HUB-SYN-01,CN-ZJ-HZ,,5
TRE-SYN-C-0076-06,ORD-SYN-C-0076,SHP-SYN-C-0076,2026-06-09T13:01:26+08:00,departed_hub,departed_hub,CAR-SYN-FAST,HUB-SYN-01,CN-ZJ-HZ,,6
TRE-SYN-C-0076-07,ORD-SYN-C-0076,SHP-SYN-C-0076,2026-06-10T00:43:42+08:00,arrived_at_destination_city,arrived_at_destination_city,CAR-SYN-FAST,DEST-CN-ZJ-HZ,CN-ZJ-HZ,,7
TRE-SYN-C-0076-08,ORD-SYN-C-0076,SHP-SYN-C-0076,2026-06-10T06:56:37+08:00,out_for_delivery,out_for_delivery,CAR-SYN-FAST,SITE-CN-ZJ-HZ,CN-ZJ-HZ,,8
TRE-SYN-C-0076-09,ORD-SYN-C-0076,SHP-SYN-C-0076,2026-06-10T12:55:57+08:00,delivered,delivered,CAR-SYN-FAST,SITE-CN-ZJ-HZ,CN-ZJ-HZ,,9
TRE-SYN-C-0077-01,ORD-SYN-C-0077,SHP-SYN-C-0077,2026-06-08T13:20:13+08:00,shipment_created,shipment_created,CAR-SYN-FAST,ORIGIN-WH-SYN-EAST,CN-SD-QD,,1
TRE-SYN-C-0077-02,ORD-SYN-C-0077,SHP-SYN-C-0077,2026-06-08T19:17:57+08:00,carrier_picked_up,carrier_picked_up,CAR-SYN-FAST,ORIGIN-WH-SYN-EAST,CN-SD-QD,,2
TRE-SYN-C-0077-03,ORD-SYN-C-0077,SHP-SYN-C-0077,2026-06-08T19:58:02+08:00,origin_departed,origin_departed,CAR-SYN-FAST,ORIGIN-WH-SYN-EAST,CN-SD-QD,,3
TRE-SYN-C-0077-04,ORD-SYN-C-0077,SHP-SYN-C-0077,2026-06-08T20:46:51+08:00,in_transit,in_transit,CAR-SYN-FAST,LINEHAUL-SYN-01,CN-SD-QD,,4
TRE-SYN-C-0077-05,ORD-SYN-C-0077,SHP-SYN-C-0077,2026-06-09T08:30:30+08:00,arrived_at_hub,arrived_at_hub,CAR-SYN-FAST,HUB-SYN-01,CN-SD-QD,,5
TRE-SYN-C-0077-06,ORD-SYN-C-0077,SHP-SYN-C-0077,2026-06-09T12:13:17+08:00,departed_hub,departed_hub,CAR-SYN-FAST,HUB-SYN-01,CN-SD-QD,,6
TRE-SYN-C-0077-07,ORD-SYN-C-0077,SHP-SYN-C-0077,2026-06-09T23:58:23+08:00,arrived_at_destination_city,arrived_at_destination_city,CAR-SYN-FAST,DEST-CN-SD-QD,CN-SD-QD,,7
TRE-SYN-C-0077-08,ORD-SYN-C-0077,SHP-SYN-C-0077,2026-06-10T05:00:13+08:00,out_for_delivery,out_for_delivery,CAR-SYN-FAST,SITE-CN-SD-QD,CN-SD-QD,,8
TRE-SYN-C-0077-09,ORD-SYN-C-0077,SHP-SYN-C-0077,2026-06-10T10:23:09+08:00,delivered,delivered,CAR-SYN-FAST,SITE-CN-SD-QD,CN-SD-QD,,9
TRE-SYN-C-0078-01,ORD-SYN-C-0078,SHP-SYN-C-0078,2026-06-08T15:55:41+08:00,shipment_created,shipment_created,CAR-SYN-FAST,ORIGIN-WH-SYN-WEST,CN-JS-NJ,,1
TRE-SYN-C-0078-02,ORD-SYN-C-0078,SHP-SYN-C-0078,2026-06-08T22:04:00+08:00,carrier_picked_up,carrier_picked_up,CAR-SYN-FAST,ORIGIN-WH-SYN-WEST,CN-JS-NJ,,2
TRE-SYN-C-0078-03,ORD-SYN-C-0078,SHP-SYN-C-0078,2026-06-08T23:20:49+08:00,origin_departed,origin_departed,CAR-SYN-FAST,ORIGIN-WH-SYN-WEST,CN-JS-NJ,,3
TRE-SYN-C-0078-04,ORD-SYN-C-0078,SHP-SYN-C-0078,2026-06-09T00:40:31+08:00,in_transit,in_transit,CAR-SYN-FAST,LINEHAUL-SYN-01,CN-JS-NJ,,4
TRE-SYN-C-0078-05,ORD-SYN-C-0078,SHP-SYN-C-0078,2026-06-09T12:13:13+08:00,arrived_at_hub,arrived_at_hub,CAR-SYN-FAST,HUB-SYN-01,CN-JS-NJ,,5
TRE-SYN-C-0078-06,ORD-SYN-C-0078,SHP-SYN-C-0078,2026-06-09T13:34:37+08:00,departed_hub,departed_hub,CAR-SYN-FAST,HUB-SYN-01,CN-JS-NJ,,6
TRE-SYN-C-0078-07,ORD-SYN-C-0078,SHP-SYN-C-0078,2026-06-10T01:19:34+08:00,arrived_at_destination_city,arrived_at_destination_city,CAR-SYN-FAST,DEST-CN-JS-NJ,CN-JS-NJ,,7
TRE-SYN-C-0078-08,ORD-SYN-C-0078,SHP-SYN-C-0078,2026-06-10T08:09:36+08:00,out_for_delivery,out_for_delivery,CAR-SYN-FAST,SITE-CN-JS-NJ,CN-JS-NJ,,8
TRE-SYN-C-0078-09,ORD-SYN-C-0078,SHP-SYN-C-0078,2026-06-10T10:53:57+08:00,delivered,delivered,CAR-SYN-FAST,SITE-CN-JS-NJ,CN-JS-NJ,,9
TRE-SYN-C-0079-01,ORD-SYN-C-0079,SHP-SYN-C-0079,2026-06-08T19:26:16+08:00,shipment_created,shipment_created,CAR-SYN-FAST,ORIGIN-WH-SYN-EAST,CN-SD-QD,,1
TRE-SYN-C-0079-02,ORD-SYN-C-0079,SHP-SYN-C-0079,2026-06-08T23:55:47+08:00,carrier_picked_up,carrier_picked_up,CAR-SYN-FAST,ORIGIN-WH-SYN-EAST,CN-SD-QD,,2
TRE-SYN-C-0079-03,ORD-SYN-C-0079,SHP-SYN-C-0079,2026-06-09T00:56:31+08:00,origin_departed,origin_departed,CAR-SYN-FAST,ORIGIN-WH-SYN-EAST,CN-SD-QD,,3
TRE-SYN-C-0079-04,ORD-SYN-C-0079,SHP-SYN-C-0079,2026-06-09T01:44:39+08:00,in_transit,in_transit,CAR-SYN-FAST,LINEHAUL-SYN-01,CN-SD-QD,,4
TRE-SYN-C-0079-05,ORD-SYN-C-0079,SHP-SYN-C-0079,2026-06-09T10:07:09+08:00,arrived_at_hub,arrived_at_hub,CAR-SYN-FAST,HUB-SYN-01,CN-SD-QD,,5
TRE-SYN-C-0079-06,ORD-SYN-C-0079,SHP-SYN-C-0079,2026-06-09T12:58:16+08:00,departed_hub,departed_hub,CAR-SYN-FAST,HUB-SYN-01,CN-SD-QD,,6
TRE-SYN-C-0079-07,ORD-SYN-C-0079,SHP-SYN-C-0079,2026-06-10T00:38:06+08:00,arrived_at_destination_city,arrived_at_destination_city,CAR-SYN-FAST,DEST-CN-SD-QD,CN-SD-QD,,7
TRE-SYN-C-0079-08,ORD-SYN-C-0079,SHP-SYN-C-0079,2026-06-10T07:23:37+08:00,out_for_delivery,out_for_delivery,CAR-SYN-FAST,SITE-CN-SD-QD,CN-SD-QD,,8
TRE-SYN-C-0079-09,ORD-SYN-C-0079,SHP-SYN-C-0079,2026-06-10T10:10:14+08:00,delivered,delivered,CAR-SYN-FAST,SITE-CN-SD-QD,CN-SD-QD,,9
TRE-SYN-C-0080-01,ORD-SYN-C-0080,SHP-SYN-C-0080,2026-06-08T22:49:28+08:00,shipment_created,shipment_created,CAR-SYN-SLOW,ORIGIN-WH-SYN-EAST,CN-ZJ-HZ,,1
TRE-SYN-C-0080-02,ORD-SYN-C-0080,SHP-SYN-C-0080,2026-06-09T17:33:00+08:00,carrier_picked_up,carrier_picked_up,CAR-SYN-SLOW,ORIGIN-WH-SYN-EAST,CN-ZJ-HZ,,2
TRE-SYN-C-0080-03,ORD-SYN-C-0080,SHP-SYN-C-0080,2026-06-09T18:03:39+08:00,origin_departed,origin_departed,CAR-SYN-SLOW,ORIGIN-WH-SYN-EAST,CN-ZJ-HZ,,3
TRE-SYN-C-0080-04,ORD-SYN-C-0080,SHP-SYN-C-0080,2026-06-09T18:59:21+08:00,in_transit,in_transit,CAR-SYN-SLOW,LINEHAUL-SYN-01,CN-ZJ-HZ,,4
TRE-SYN-C-0080-05,ORD-SYN-C-0080,SHP-SYN-C-0080,2026-06-10T15:08:51+08:00,exception,exception,CAR-SYN-SLOW,LINEHAUL-SYN-01,CN-ZJ-HZ,SYNTHETIC_DELAY,5
TRE-SYN-C-0080-06,ORD-SYN-C-0080,SHP-SYN-C-0080,2026-06-11T11:18:21+08:00,arrived_at_hub,arrived_at_hub,CAR-SYN-SLOW,HUB-SYN-01,CN-ZJ-HZ,,6
TRE-SYN-C-0080-07,ORD-SYN-C-0080,SHP-SYN-C-0080,2026-06-11T19:27:56+08:00,departed_hub,departed_hub,CAR-SYN-SLOW,HUB-SYN-01,CN-ZJ-HZ,,7
TRE-SYN-C-0080-08,ORD-SYN-C-0080,SHP-SYN-C-0080,2026-06-13T13:37:55+08:00,arrived_at_destination_city,arrived_at_destination_city,CAR-SYN-SLOW,DEST-CN-ZJ-HZ,CN-ZJ-HZ,,8
TRE-SYN-C-0080-09,ORD-SYN-C-0080,SHP-SYN-C-0080,2026-06-14T18:10:40+08:00,out_for_delivery,out_for_delivery,CAR-SYN-SLOW,SITE-CN-ZJ-HZ,CN-ZJ-HZ,,9
TRE-SYN-C-0080-10,ORD-SYN-C-0080,SHP-SYN-C-0080,2026-06-15T08:28:06+08:00,delivered,delivered,CAR-SYN-SLOW,SITE-CN-ZJ-HZ,CN-ZJ-HZ,,10
TRE-SYN-C-0081-01,ORD-SYN-C-0081,SHP-SYN-C-0081,2026-06-09T14:43:07+08:00,shipment_created,shipment_created,CAR-SYN-SLOW,ORIGIN-WH-SYN-EAST,CN-ZJ-HZ,,1
TRE-SYN-C-0081-02,ORD-SYN-C-0081,SHP-SYN-C-0081,2026-06-10T13:54:47+08:00,carrier_picked_up,carrier_picked_up,CAR-SYN-SLOW,ORIGIN-WH-SYN-EAST,CN-ZJ-HZ,,2
TRE-SYN-C-0081-03,ORD-SYN-C-0081,SHP-SYN-C-0081,2026-06-10T14:57:59+08:00,origin_departed,origin_departed,CAR-SYN-SLOW,ORIGIN-WH-SYN-EAST,CN-ZJ-HZ,,3
TRE-SYN-C-0081-04,ORD-SYN-C-0081,SHP-SYN-C-0081,2026-06-10T15:30:04+08:00,in_transit,in_transit,CAR-SYN-SLOW,LINEHAUL-SYN-01,CN-ZJ-HZ,,4
TRE-SYN-C-0081-05,ORD-SYN-C-0081,SHP-SYN-C-0081,2026-06-12T07:17:21+08:00,arrived_at_hub,arrived_at_hub,CAR-SYN-SLOW,HUB-SYN-01,CN-ZJ-HZ,,5
TRE-SYN-C-0081-06,ORD-SYN-C-0081,SHP-SYN-C-0081,2026-06-12T16:48:57+08:00,departed_hub,departed_hub,CAR-SYN-SLOW,HUB-SYN-01,CN-ZJ-HZ,,6
TRE-SYN-C-0081-07,ORD-SYN-C-0081,SHP-SYN-C-0081,2026-06-14T08:19:18+08:00,arrived_at_destination_city,arrived_at_destination_city,CAR-SYN-SLOW,DEST-CN-ZJ-HZ,CN-ZJ-HZ,,7
TRE-SYN-C-0081-08,ORD-SYN-C-0081,SHP-SYN-C-0081,2026-06-15T20:48:13+08:00,out_for_delivery,out_for_delivery,CAR-SYN-SLOW,SITE-CN-ZJ-HZ,CN-ZJ-HZ,,8
TRE-SYN-C-0081-09,ORD-SYN-C-0081,SHP-SYN-C-0081,2026-06-16T16:06:58+08:00,delivered,delivered,CAR-SYN-SLOW,SITE-CN-ZJ-HZ,CN-ZJ-HZ,,9
TRE-SYN-C-0082-01,ORD-SYN-C-0082,SHP-SYN-C-0082,2026-06-09T17:53:52+08:00,shipment_created,shipment_created,CAR-SYN-SLOW,ORIGIN-WH-SYN-EAST,CN-ZJ-HZ,,1
TRE-SYN-C-0082-02,ORD-SYN-C-0082,SHP-SYN-C-0082,2026-06-10T16:05:03+08:00,carrier_picked_up,carrier_picked_up,CAR-SYN-SLOW,ORIGIN-WH-SYN-EAST,CN-ZJ-HZ,,2
TRE-SYN-C-0082-03,ORD-SYN-C-0082,SHP-SYN-C-0082,2026-06-10T17:34:45+08:00,origin_departed,origin_departed,CAR-SYN-SLOW,ORIGIN-WH-SYN-EAST,CN-ZJ-HZ,,3
TRE-SYN-C-0082-04,ORD-SYN-C-0082,SHP-SYN-C-0082,2026-06-10T18:10:54+08:00,in_transit,in_transit,CAR-SYN-SLOW,LINEHAUL-SYN-01,CN-ZJ-HZ,,4
TRE-SYN-C-0082-05,ORD-SYN-C-0082,SHP-SYN-C-0082,2026-06-11T16:31:38+08:00,exception,exception,CAR-SYN-SLOW,LINEHAUL-SYN-01,CN-ZJ-HZ,SYNTHETIC_DELAY,5
TRE-SYN-C-0082-06,ORD-SYN-C-0082,SHP-SYN-C-0082,2026-06-12T14:52:23+08:00,arrived_at_hub,arrived_at_hub,CAR-SYN-SLOW,HUB-SYN-01,CN-ZJ-HZ,,6
TRE-SYN-C-0082-07,ORD-SYN-C-0082,SHP-SYN-C-0082,2026-06-13T00:19:06+08:00,departed_hub,departed_hub,CAR-SYN-SLOW,HUB-SYN-01,CN-ZJ-HZ,,7
TRE-SYN-C-0082-08,ORD-SYN-C-0082,SHP-SYN-C-0082,2026-06-15T02:22:06+08:00,arrived_at_destination_city,arrived_at_destination_city,CAR-SYN-SLOW,DEST-CN-ZJ-HZ,CN-ZJ-HZ,,8
TRE-SYN-C-0082-09,ORD-SYN-C-0082,SHP-SYN-C-0082,2026-06-16T09:25:24+08:00,out_for_delivery,out_for_delivery,CAR-SYN-SLOW,SITE-CN-ZJ-HZ,CN-ZJ-HZ,,9
TRE-SYN-C-0082-10,ORD-SYN-C-0082,SHP-SYN-C-0082,2026-06-17T05:54:46+08:00,delivered,delivered,CAR-SYN-SLOW,SITE-CN-ZJ-HZ,CN-ZJ-HZ,,10
TRE-SYN-C-0083-01,ORD-SYN-C-0083,SHP-SYN-C-0083,2026-06-09T20:20:47+08:00,shipment_created,shipment_created,CAR-SYN-SLOW,ORIGIN-WH-SYN-EAST,CN-SD-QD,,1
TRE-SYN-C-0083-02,ORD-SYN-C-0083,SHP-SYN-C-0083,2026-06-10T21:52:49+08:00,carrier_picked_up,carrier_picked_up,CAR-SYN-SLOW,ORIGIN-WH-SYN-EAST,CN-SD-QD,,2
TRE-SYN-C-0083-03,ORD-SYN-C-0083,SHP-SYN-C-0083,2026-06-10T22:23:36+08:00,origin_departed,origin_departed,CAR-SYN-SLOW,ORIGIN-WH-SYN-EAST,CN-SD-QD,,3
TRE-SYN-C-0083-04,ORD-SYN-C-0083,SHP-SYN-C-0083,2026-06-10T23:33:27+08:00,in_transit,in_transit,CAR-SYN-SLOW,LINEHAUL-SYN-01,CN-SD-QD,,4
TRE-SYN-C-0083-05,ORD-SYN-C-0083,SHP-SYN-C-0083,2026-06-12T18:07:59+08:00,arrived_at_hub,arrived_at_hub,CAR-SYN-SLOW,HUB-SYN-01,CN-SD-QD,,5
TRE-SYN-C-0083-06,ORD-SYN-C-0083,SHP-SYN-C-0083,2026-06-13T02:14:48+08:00,departed_hub,departed_hub,CAR-SYN-SLOW,HUB-SYN-01,CN-SD-QD,,6
TRE-SYN-C-0083-07,ORD-SYN-C-0083,SHP-SYN-C-0083,2026-06-14T22:34:39+08:00,arrived_at_destination_city,arrived_at_destination_city,CAR-SYN-SLOW,DEST-CN-SD-QD,CN-SD-QD,,7
TRE-SYN-C-0083-08,ORD-SYN-C-0083,SHP-SYN-C-0083,2026-06-16T15:54:59+08:00,out_for_delivery,out_for_delivery,CAR-SYN-SLOW,SITE-CN-SD-QD,CN-SD-QD,,8
TRE-SYN-C-0083-09,ORD-SYN-C-0083,SHP-SYN-C-0083,2026-06-17T06:00:38+08:00,delivered,delivered,CAR-SYN-SLOW,SITE-CN-SD-QD,CN-SD-QD,,9
TRE-SYN-C-0084-01,ORD-SYN-C-0084,SHP-SYN-C-0084,2026-06-09T23:03:37+08:00,shipment_created,shipment_created,CAR-SYN-FAST,ORIGIN-WH-SYN-WEST,CN-HB-WH,,1
TRE-SYN-C-0084-02,ORD-SYN-C-0084,SHP-SYN-C-0084,2026-06-10T05:54:11+08:00,carrier_picked_up,carrier_picked_up,CAR-SYN-FAST,ORIGIN-WH-SYN-WEST,CN-HB-WH,,2
TRE-SYN-C-0084-03,ORD-SYN-C-0084,SHP-SYN-C-0084,2026-06-10T06:33:38+08:00,origin_departed,origin_departed,CAR-SYN-FAST,ORIGIN-WH-SYN-WEST,CN-HB-WH,,3
TRE-SYN-C-0084-04,ORD-SYN-C-0084,SHP-SYN-C-0084,2026-06-10T07:57:44+08:00,in_transit,in_transit,CAR-SYN-FAST,LINEHAUL-SYN-01,CN-HB-WH,,4
TRE-SYN-C-0084-05,ORD-SYN-C-0084,SHP-SYN-C-0084,2026-06-10T17:04:52+08:00,arrived_at_hub,arrived_at_hub,CAR-SYN-FAST,HUB-SYN-01,CN-HB-WH,,5
TRE-SYN-C-0084-06,ORD-SYN-C-0084,SHP-SYN-C-0084,2026-06-10T19:15:01+08:00,departed_hub,departed_hub,CAR-SYN-FAST,HUB-SYN-01,CN-HB-WH,,6
TRE-SYN-C-0084-07,ORD-SYN-C-0084,SHP-SYN-C-0084,2026-06-11T03:43:34+08:00,arrived_at_destination_city,arrived_at_destination_city,CAR-SYN-FAST,DEST-CN-HB-WH,CN-HB-WH,,7
TRE-SYN-C-0084-08,ORD-SYN-C-0084,SHP-SYN-C-0084,2026-06-11T11:38:57+08:00,out_for_delivery,out_for_delivery,CAR-SYN-FAST,SITE-CN-HB-WH,CN-HB-WH,,8
TRE-SYN-C-0084-09,ORD-SYN-C-0084,SHP-SYN-C-0084,2026-06-11T14:46:44+08:00,delivered,delivered,CAR-SYN-FAST,SITE-CN-HB-WH,CN-HB-WH,,9
TRE-SYN-C-0085-01,ORD-SYN-C-0085,SHP-SYN-C-0085,2026-06-09T14:44:52+08:00,shipment_created,shipment_created,CAR-SYN-SLOW,ORIGIN-WH-SYN-WEST,CN-HB-WH,,1
TRE-SYN-C-0085-02,ORD-SYN-C-0085,SHP-SYN-C-0085,2026-06-10T15:25:00+08:00,carrier_picked_up,carrier_picked_up,CAR-SYN-SLOW,ORIGIN-WH-SYN-WEST,CN-HB-WH,,2
TRE-SYN-C-0085-03,ORD-SYN-C-0085,SHP-SYN-C-0085,2026-06-10T16:28:48+08:00,origin_departed,origin_departed,CAR-SYN-SLOW,ORIGIN-WH-SYN-WEST,CN-HB-WH,,3
TRE-SYN-C-0085-04,ORD-SYN-C-0085,SHP-SYN-C-0085,2026-06-10T17:50:55+08:00,in_transit,in_transit,CAR-SYN-SLOW,LINEHAUL-SYN-01,CN-HB-WH,,4
TRE-SYN-C-0085-05,ORD-SYN-C-0085,SHP-SYN-C-0085,2026-06-12T06:25:35+08:00,arrived_at_hub,arrived_at_hub,CAR-SYN-SLOW,HUB-SYN-01,CN-HB-WH,,5
TRE-SYN-C-0085-06,ORD-SYN-C-0085,SHP-SYN-C-0085,2026-06-12T13:34:24+08:00,departed_hub,departed_hub,CAR-SYN-SLOW,HUB-SYN-01,CN-HB-WH,,6
TRE-SYN-C-0085-07,ORD-SYN-C-0085,SHP-SYN-C-0085,2026-06-14T10:01:55+08:00,arrived_at_destination_city,arrived_at_destination_city,CAR-SYN-SLOW,DEST-CN-HB-WH,CN-HB-WH,,7
TRE-SYN-C-0085-08,ORD-SYN-C-0085,SHP-SYN-C-0085,2026-06-15T18:07:58+08:00,out_for_delivery,out_for_delivery,CAR-SYN-SLOW,SITE-CN-HB-WH,CN-HB-WH,,8
TRE-SYN-C-0085-09,ORD-SYN-C-0085,SHP-SYN-C-0085,2026-06-16T14:27:41+08:00,delivered,delivered,CAR-SYN-SLOW,SITE-CN-HB-WH,CN-HB-WH,,9
TRE-SYN-C-0086-01,ORD-SYN-C-0086,SHP-SYN-C-0086,2026-06-09T18:37:02+08:00,shipment_created,shipment_created,CAR-SYN-STD,ORIGIN-WH-SYN-WEST,CN-ZJ-HZ,,1
TRE-SYN-C-0086-02,ORD-SYN-C-0086,SHP-SYN-C-0086,2026-06-09T23:09:50+08:00,carrier_picked_up,carrier_picked_up,CAR-SYN-STD,ORIGIN-WH-SYN-WEST,CN-ZJ-HZ,,2
TRE-SYN-C-0086-03,ORD-SYN-C-0086,SHP-SYN-C-0086,2026-06-09T23:53:45+08:00,origin_departed,origin_departed,CAR-SYN-STD,ORIGIN-WH-SYN-WEST,CN-ZJ-HZ,,3
TRE-SYN-C-0086-04,ORD-SYN-C-0086,SHP-SYN-C-0086,2026-06-10T01:04:31+08:00,in_transit,in_transit,CAR-SYN-STD,LINEHAUL-SYN-01,CN-ZJ-HZ,,4
TRE-SYN-C-0086-05,ORD-SYN-C-0086,SHP-SYN-C-0086,2026-06-10T08:27:24+08:00,arrived_at_hub,arrived_at_hub,CAR-SYN-STD,HUB-SYN-01,CN-ZJ-HZ,,5
TRE-SYN-C-0086-06,ORD-SYN-C-0086,SHP-SYN-C-0086,2026-06-10T09:44:13+08:00,departed_hub,departed_hub,CAR-SYN-STD,HUB-SYN-01,CN-ZJ-HZ,,6
TRE-SYN-C-0086-07,ORD-SYN-C-0086,SHP-SYN-C-0086,2026-06-10T22:12:16+08:00,arrived_at_destination_city,arrived_at_destination_city,CAR-SYN-STD,DEST-CN-ZJ-HZ,CN-ZJ-HZ,,7
TRE-SYN-C-0086-08,ORD-SYN-C-0086,SHP-SYN-C-0086,2026-06-11T06:20:05+08:00,out_for_delivery,out_for_delivery,CAR-SYN-STD,SITE-CN-ZJ-HZ,CN-ZJ-HZ,,8
TRE-SYN-C-0086-09,ORD-SYN-C-0086,SHP-SYN-C-0086,2026-06-11T08:30:58+08:00,delivered,delivered,CAR-SYN-STD,SITE-CN-ZJ-HZ,CN-ZJ-HZ,,9
TRE-SYN-C-0087-01,ORD-SYN-C-0087,SHP-SYN-C-0087,2026-06-09T21:38:21+08:00,shipment_created,shipment_created,CAR-SYN-FAST,ORIGIN-WH-SYN-WEST,CN-ZJ-HZ,,1
TRE-SYN-C-0087-02,ORD-SYN-C-0087,SHP-SYN-C-0087,2026-06-10T04:18:20+08:00,carrier_picked_up,carrier_picked_up,CAR-SYN-FAST,ORIGIN-WH-SYN-WEST,CN-ZJ-HZ,,2
TRE-SYN-C-0087-03,ORD-SYN-C-0087,SHP-SYN-C-0087,2026-06-10T04:52:11+08:00,origin_departed,origin_departed,CAR-SYN-FAST,ORIGIN-WH-SYN-WEST,CN-ZJ-HZ,,3
TRE-SYN-C-0087-04,ORD-SYN-C-0087,SHP-SYN-C-0087,2026-06-10T06:10:47+08:00,in_transit,in_transit,CAR-SYN-FAST,LINEHAUL-SYN-01,CN-ZJ-HZ,,4
TRE-SYN-C-0087-05,ORD-SYN-C-0087,SHP-SYN-C-0087,2026-06-10T16:07:29+08:00,arrived_at_hub,arrived_at_hub,CAR-SYN-FAST,HUB-SYN-01,CN-ZJ-HZ,,5
TRE-SYN-C-0087-06,ORD-SYN-C-0087,SHP-SYN-C-0087,2026-06-10T18:53:19+08:00,departed_hub,departed_hub,CAR-SYN-FAST,HUB-SYN-01,CN-ZJ-HZ,,6
TRE-SYN-C-0087-07,ORD-SYN-C-0087,SHP-SYN-C-0087,2026-06-11T09:29:49+08:00,arrived_at_destination_city,arrived_at_destination_city,CAR-SYN-FAST,DEST-CN-ZJ-HZ,CN-ZJ-HZ,,7
TRE-SYN-C-0087-08,ORD-SYN-C-0087,SHP-SYN-C-0087,2026-06-11T13:53:11+08:00,out_for_delivery,out_for_delivery,CAR-SYN-FAST,SITE-CN-ZJ-HZ,CN-ZJ-HZ,,8
TRE-SYN-C-0087-09,ORD-SYN-C-0087,SHP-SYN-C-0087,2026-06-11T19:25:27+08:00,delivered,delivered,CAR-SYN-FAST,SITE-CN-ZJ-HZ,CN-ZJ-HZ,,9
TRE-SYN-C-0088-01,ORD-SYN-C-0088,SHP-SYN-C-0088,2026-06-09T12:58:28+08:00,shipment_created,shipment_created,CAR-SYN-FAST,ORIGIN-WH-SYN-EAST,CN-HB-WH,,1
TRE-SYN-C-0088-02,ORD-SYN-C-0088,SHP-SYN-C-0088,2026-06-09T17:24:37+08:00,carrier_picked_up,carrier_picked_up,CAR-SYN-FAST,ORIGIN-WH-SYN-EAST,CN-HB-WH,,2
TRE-SYN-C-0088-03,ORD-SYN-C-0088,SHP-SYN-C-0088,2026-06-09T18:14:42+08:00,origin_departed,origin_departed,CAR-SYN-FAST,ORIGIN-WH-SYN-EAST,CN-HB-WH,,3
TRE-SYN-C-0088-04,ORD-SYN-C-0088,SHP-SYN-C-0088,2026-06-09T19:41:00+08:00,in_transit,in_transit,CAR-SYN-FAST,LINEHAUL-SYN-01,CN-HB-WH,,4
TRE-SYN-C-0088-05,ORD-SYN-C-0088,SHP-SYN-C-0088,2026-06-10T01:51:03+08:00,arrived_at_hub,arrived_at_hub,CAR-SYN-FAST,HUB-SYN-01,CN-HB-WH,,5
TRE-SYN-C-0088-06,ORD-SYN-C-0088,SHP-SYN-C-0088,2026-06-10T04:51:21+08:00,departed_hub,departed_hub,CAR-SYN-FAST,HUB-SYN-01,CN-HB-WH,,6
TRE-SYN-C-0088-07,ORD-SYN-C-0088,SHP-SYN-C-0088,2026-06-10T20:42:44+08:00,arrived_at_destination_city,arrived_at_destination_city,CAR-SYN-FAST,DEST-CN-HB-WH,CN-HB-WH,,7
TRE-SYN-C-0088-08,ORD-SYN-C-0088,SHP-SYN-C-0088,2026-06-11T02:40:09+08:00,out_for_delivery,out_for_delivery,CAR-SYN-FAST,SITE-CN-HB-WH,CN-HB-WH,,8
TRE-SYN-C-0088-09,ORD-SYN-C-0088,SHP-SYN-C-0088,2026-06-11T06:28:44+08:00,delivered,delivered,CAR-SYN-FAST,SITE-CN-HB-WH,CN-HB-WH,,9
TRE-SYN-C-0089-01,ORD-SYN-C-0089,SHP-SYN-C-0089,2026-06-09T16:06:08+08:00,shipment_created,shipment_created,CAR-SYN-STD,ORIGIN-WH-SYN-EAST,CN-JS-NJ,,1
TRE-SYN-C-0089-02,ORD-SYN-C-0089,SHP-SYN-C-0089,2026-06-09T21:56:35+08:00,carrier_picked_up,carrier_picked_up,CAR-SYN-STD,ORIGIN-WH-SYN-EAST,CN-JS-NJ,,2
TRE-SYN-C-0089-03,ORD-SYN-C-0089,SHP-SYN-C-0089,2026-06-09T23:25:42+08:00,origin_departed,origin_departed,CAR-SYN-STD,ORIGIN-WH-SYN-EAST,CN-JS-NJ,,3
TRE-SYN-C-0089-04,ORD-SYN-C-0089,SHP-SYN-C-0089,2026-06-10T00:30:04+08:00,in_transit,in_transit,CAR-SYN-STD,LINEHAUL-SYN-01,CN-JS-NJ,,4
TRE-SYN-C-0089-05,ORD-SYN-C-0089,SHP-SYN-C-0089,2026-06-10T08:18:45+08:00,arrived_at_hub,arrived_at_hub,CAR-SYN-STD,HUB-SYN-01,CN-JS-NJ,,5
TRE-SYN-C-0089-06,ORD-SYN-C-0089,SHP-SYN-C-0089,2026-06-10T10:12:29+08:00,departed_hub,departed_hub,CAR-SYN-STD,HUB-SYN-01,CN-JS-NJ,,6
TRE-SYN-C-0089-07,ORD-SYN-C-0089,SHP-SYN-C-0089,2026-06-10T18:15:58+08:00,arrived_at_destination_city,arrived_at_destination_city,CAR-SYN-STD,DEST-CN-JS-NJ,CN-JS-NJ,,7
TRE-SYN-C-0089-08,ORD-SYN-C-0089,SHP-SYN-C-0089,2026-06-10T20:17:11+08:00,out_for_delivery,out_for_delivery,CAR-SYN-STD,SITE-CN-JS-NJ,CN-JS-NJ,,8
TRE-SYN-C-0089-09,ORD-SYN-C-0089,SHP-SYN-C-0089,2026-06-11T01:57:41+08:00,delivered,delivered,CAR-SYN-STD,SITE-CN-JS-NJ,CN-JS-NJ,,9
TRE-SYN-C-0090-01,ORD-SYN-C-0090,SHP-SYN-C-0090,2026-06-09T18:41:24+08:00,shipment_created,shipment_created,CAR-SYN-FAST,ORIGIN-WH-SYN-WEST,CN-JS-NJ,,1
TRE-SYN-C-0090-02,ORD-SYN-C-0090,SHP-SYN-C-0090,2026-06-10T00:06:36+08:00,carrier_picked_up,carrier_picked_up,CAR-SYN-FAST,ORIGIN-WH-SYN-WEST,CN-JS-NJ,,2
TRE-SYN-C-0090-03,ORD-SYN-C-0090,SHP-SYN-C-0090,2026-06-10T01:22:56+08:00,origin_departed,origin_departed,CAR-SYN-FAST,ORIGIN-WH-SYN-WEST,CN-JS-NJ,,3
TRE-SYN-C-0090-04,ORD-SYN-C-0090,SHP-SYN-C-0090,2026-06-10T02:13:21+08:00,in_transit,in_transit,CAR-SYN-FAST,LINEHAUL-SYN-01,CN-JS-NJ,,4
TRE-SYN-C-0090-05,ORD-SYN-C-0090,SHP-SYN-C-0090,2026-06-10T13:08:05+08:00,arrived_at_hub,arrived_at_hub,CAR-SYN-FAST,HUB-SYN-01,CN-JS-NJ,,5
TRE-SYN-C-0090-06,ORD-SYN-C-0090,SHP-SYN-C-0090,2026-06-10T14:23:44+08:00,departed_hub,departed_hub,CAR-SYN-FAST,HUB-SYN-01,CN-JS-NJ,,6
TRE-SYN-C-0090-07,ORD-SYN-C-0090,SHP-SYN-C-0090,2026-06-10T23:55:33+08:00,arrived_at_destination_city,arrived_at_destination_city,CAR-SYN-FAST,DEST-CN-JS-NJ,CN-JS-NJ,,7
TRE-SYN-C-0090-08,ORD-SYN-C-0090,SHP-SYN-C-0090,2026-06-11T04:47:08+08:00,out_for_delivery,out_for_delivery,CAR-SYN-FAST,SITE-CN-JS-NJ,CN-JS-NJ,,8
TRE-SYN-C-0090-09,ORD-SYN-C-0090,SHP-SYN-C-0090,2026-06-11T08:04:47+08:00,delivered,delivered,CAR-SYN-FAST,SITE-CN-JS-NJ,CN-JS-NJ,,9
TRE-SYN-C-0091-01,ORD-SYN-C-0091,SHP-SYN-C-0091,2026-06-10T22:51:25+08:00,shipment_created,shipment_created,CAR-SYN-FAST,ORIGIN-WH-SYN-EAST,CN-HB-WH,,1
TRE-SYN-C-0091-02,ORD-SYN-C-0091,SHP-SYN-C-0091,2026-06-11T06:21:15+08:00,carrier_picked_up,carrier_picked_up,CAR-SYN-FAST,ORIGIN-WH-SYN-EAST,CN-HB-WH,,2
TRE-SYN-C-0091-03,ORD-SYN-C-0091,SHP-SYN-C-0091,2026-06-11T07:20:18+08:00,origin_departed,origin_departed,CAR-SYN-FAST,ORIGIN-WH-SYN-EAST,CN-HB-WH,,3
TRE-SYN-C-0091-04,ORD-SYN-C-0091,SHP-SYN-C-0091,2026-06-11T08:49:27+08:00,in_transit,in_transit,CAR-SYN-FAST,LINEHAUL-SYN-01,CN-HB-WH,,4
TRE-SYN-C-0091-05,ORD-SYN-C-0091,SHP-SYN-C-0091,2026-06-11T15:34:40+08:00,arrived_at_hub,arrived_at_hub,CAR-SYN-FAST,HUB-SYN-01,CN-HB-WH,,5
TRE-SYN-C-0091-06,ORD-SYN-C-0091,SHP-SYN-C-0091,2026-06-11T19:09:21+08:00,departed_hub,departed_hub,CAR-SYN-FAST,HUB-SYN-01,CN-HB-WH,,6
TRE-SYN-C-0091-07,ORD-SYN-C-0091,SHP-SYN-C-0091,2026-06-12T10:01:25+08:00,arrived_at_destination_city,arrived_at_destination_city,CAR-SYN-FAST,DEST-CN-HB-WH,CN-HB-WH,,7
TRE-SYN-C-0091-08,ORD-SYN-C-0091,SHP-SYN-C-0091,2026-06-12T18:08:03+08:00,out_for_delivery,out_for_delivery,CAR-SYN-FAST,SITE-CN-HB-WH,CN-HB-WH,,8
TRE-SYN-C-0091-09,ORD-SYN-C-0091,SHP-SYN-C-0091,2026-06-12T22:52:58+08:00,delivered,delivered,CAR-SYN-FAST,SITE-CN-HB-WH,CN-HB-WH,,9
TRE-SYN-C-0092-01,ORD-SYN-C-0092,SHP-SYN-C-0092,2026-06-10T13:51:17+08:00,shipment_created,shipment_created,CAR-SYN-SLOW,ORIGIN-WH-SYN-EAST,CN-ZJ-HZ,,1
TRE-SYN-C-0092-02,ORD-SYN-C-0092,SHP-SYN-C-0092,2026-06-11T18:14:58+08:00,carrier_picked_up,carrier_picked_up,CAR-SYN-SLOW,ORIGIN-WH-SYN-EAST,CN-ZJ-HZ,,2
TRE-SYN-C-0092-03,ORD-SYN-C-0092,SHP-SYN-C-0092,2026-06-11T19:26:58+08:00,origin_departed,origin_departed,CAR-SYN-SLOW,ORIGIN-WH-SYN-EAST,CN-ZJ-HZ,,3
TRE-SYN-C-0092-04,ORD-SYN-C-0092,SHP-SYN-C-0092,2026-06-11T20:54:54+08:00,in_transit,in_transit,CAR-SYN-SLOW,LINEHAUL-SYN-01,CN-ZJ-HZ,,4
TRE-SYN-C-0092-05,ORD-SYN-C-0092,SHP-SYN-C-0092,2026-06-12T15:39:31+08:00,exception,exception,CAR-SYN-SLOW,LINEHAUL-SYN-01,CN-ZJ-HZ,SYNTHETIC_DELAY,5
TRE-SYN-C-0092-06,ORD-SYN-C-0092,SHP-SYN-C-0092,2026-06-13T10:24:09+08:00,arrived_at_hub,arrived_at_hub,CAR-SYN-SLOW,HUB-SYN-01,CN-ZJ-HZ,,6
TRE-SYN-C-0092-07,ORD-SYN-C-0092,SHP-SYN-C-0092,2026-06-13T17:48:38+08:00,departed_hub,departed_hub,CAR-SYN-SLOW,HUB-SYN-01,CN-ZJ-HZ,,7
TRE-SYN-C-0092-08,ORD-SYN-C-0092,SHP-SYN-C-0092,2026-06-15T08:50:08+08:00,arrived_at_destination_city,arrived_at_destination_city,CAR-SYN-SLOW,DEST-CN-ZJ-HZ,CN-ZJ-HZ,,8
TRE-SYN-C-0092-09,ORD-SYN-C-0092,SHP-SYN-C-0092,2026-06-17T00:35:48+08:00,out_for_delivery,out_for_delivery,CAR-SYN-SLOW,SITE-CN-ZJ-HZ,CN-ZJ-HZ,,9
TRE-SYN-C-0092-10,ORD-SYN-C-0092,SHP-SYN-C-0092,2026-06-17T16:01:17+08:00,delivered,delivered,CAR-SYN-SLOW,SITE-CN-ZJ-HZ,CN-ZJ-HZ,,10
TRE-SYN-C-0093-01,ORD-SYN-C-0093,SHP-SYN-C-0093,2026-06-10T17:23:15+08:00,shipment_created,shipment_created,CAR-SYN-SLOW,ORIGIN-WH-SYN-EAST,CN-JS-NJ,,1
TRE-SYN-C-0093-02,ORD-SYN-C-0093,SHP-SYN-C-0093,2026-06-11T19:52:01+08:00,carrier_picked_up,carrier_picked_up,CAR-SYN-SLOW,ORIGIN-WH-SYN-EAST,CN-JS-NJ,,2
TRE-SYN-C-0093-03,ORD-SYN-C-0093,SHP-SYN-C-0093,2026-06-11T20:41:12+08:00,origin_departed,origin_departed,CAR-SYN-SLOW,ORIGIN-WH-SYN-EAST,CN-JS-NJ,,3
TRE-SYN-C-0093-04,ORD-SYN-C-0093,SHP-SYN-C-0093,2026-06-11T21:44:51+08:00,in_transit,in_transit,CAR-SYN-SLOW,LINEHAUL-SYN-01,CN-JS-NJ,,4
TRE-SYN-C-0093-05,ORD-SYN-C-0093,SHP-SYN-C-0093,2026-06-13T18:48:57+08:00,arrived_at_hub,arrived_at_hub,CAR-SYN-SLOW,HUB-SYN-01,CN-JS-NJ,,5
TRE-SYN-C-0093-06,ORD-SYN-C-0093,SHP-SYN-C-0093,2026-06-14T02:04:58+08:00,departed_hub,departed_hub,CAR-SYN-SLOW,HUB-SYN-01,CN-JS-NJ,,6
TRE-SYN-C-0093-07,ORD-SYN-C-0093,SHP-SYN-C-0093,2026-06-15T22:04:14+08:00,arrived_at_destination_city,arrived_at_destination_city,CAR-SYN-SLOW,DEST-CN-JS-NJ,CN-JS-NJ,,7
TRE-SYN-C-0093-08,ORD-SYN-C-0093,SHP-SYN-C-0093,2026-06-17T10:58:54+08:00,out_for_delivery,out_for_delivery,CAR-SYN-SLOW,SITE-CN-JS-NJ,CN-JS-NJ,,8
TRE-SYN-C-0093-09,ORD-SYN-C-0093,SHP-SYN-C-0093,2026-06-18T02:17:47+08:00,delivered,delivered,CAR-SYN-SLOW,SITE-CN-JS-NJ,CN-JS-NJ,,9
TRE-SYN-C-0094-01,ORD-SYN-C-0094,SHP-SYN-C-0094,2026-06-10T20:31:31+08:00,shipment_created,shipment_created,CAR-SYN-STD,ORIGIN-WH-SYN-WEST,CN-HB-WH,,1
TRE-SYN-C-0094-02,ORD-SYN-C-0094,SHP-SYN-C-0094,2026-06-11T00:28:20+08:00,carrier_picked_up,carrier_picked_up,CAR-SYN-STD,ORIGIN-WH-SYN-WEST,CN-HB-WH,,2
TRE-SYN-C-0094-03,ORD-SYN-C-0094,SHP-SYN-C-0094,2026-06-11T01:51:02+08:00,origin_departed,origin_departed,CAR-SYN-STD,ORIGIN-WH-SYN-WEST,CN-HB-WH,,3
TRE-SYN-C-0094-04,ORD-SYN-C-0094,SHP-SYN-C-0094,2026-06-11T02:22:23+08:00,in_transit,in_transit,CAR-SYN-STD,LINEHAUL-SYN-01,CN-HB-WH,,4
TRE-SYN-C-0094-05,ORD-SYN-C-0094,SHP-SYN-C-0094,2026-06-11T13:21:42+08:00,arrived_at_hub,arrived_at_hub,CAR-SYN-STD,HUB-SYN-01,CN-HB-WH,,5
TRE-SYN-C-0094-06,ORD-SYN-C-0094,SHP-SYN-C-0094,2026-06-11T14:55:39+08:00,departed_hub,departed_hub,CAR-SYN-STD,HUB-SYN-01,CN-HB-WH,,6
TRE-SYN-C-0094-07,ORD-SYN-C-0094,SHP-SYN-C-0094,2026-06-12T06:19:30+08:00,arrived_at_destination_city,arrived_at_destination_city,CAR-SYN-STD,DEST-CN-HB-WH,CN-HB-WH,,7
TRE-SYN-C-0094-08,ORD-SYN-C-0094,SHP-SYN-C-0094,2026-06-12T13:11:58+08:00,out_for_delivery,out_for_delivery,CAR-SYN-STD,SITE-CN-HB-WH,CN-HB-WH,,8
TRE-SYN-C-0094-09,ORD-SYN-C-0094,SHP-SYN-C-0094,2026-06-12T17:57:12+08:00,delivered,delivered,CAR-SYN-STD,SITE-CN-HB-WH,CN-HB-WH,,9
TRE-SYN-C-0095-01,ORD-SYN-C-0095,SHP-SYN-C-0095,2026-06-10T23:01:59+08:00,shipment_created,shipment_created,CAR-SYN-FAST,ORIGIN-WH-SYN-EAST,CN-SD-QD,,1
TRE-SYN-C-0095-02,ORD-SYN-C-0095,SHP-SYN-C-0095,2026-06-11T03:47:31+08:00,carrier_picked_up,carrier_picked_up,CAR-SYN-FAST,ORIGIN-WH-SYN-EAST,CN-SD-QD,,2
TRE-SYN-C-0095-03,ORD-SYN-C-0095,SHP-SYN-C-0095,2026-06-11T05:09:06+08:00,origin_departed,origin_departed,CAR-SYN-FAST,ORIGIN-WH-SYN-EAST,CN-SD-QD,,3
TRE-SYN-C-0095-04,ORD-SYN-C-0095,SHP-SYN-C-0095,2026-06-11T05:46:32+08:00,in_transit,in_transit,CAR-SYN-FAST,LINEHAUL-SYN-01,CN-SD-QD,,4
TRE-SYN-C-0095-05,ORD-SYN-C-0095,SHP-SYN-C-0095,2026-06-11T16:05:54+08:00,arrived_at_hub,arrived_at_hub,CAR-SYN-FAST,HUB-SYN-01,CN-SD-QD,,5
TRE-SYN-C-0095-06,ORD-SYN-C-0095,SHP-SYN-C-0095,2026-06-11T19:22:05+08:00,departed_hub,departed_hub,CAR-SYN-FAST,HUB-SYN-01,CN-SD-QD,,6
TRE-SYN-C-0095-07,ORD-SYN-C-0095,SHP-SYN-C-0095,2026-06-12T05:06:25+08:00,arrived_at_destination_city,arrived_at_destination_city,CAR-SYN-FAST,DEST-CN-SD-QD,CN-SD-QD,,7
TRE-SYN-C-0095-08,ORD-SYN-C-0095,SHP-SYN-C-0095,2026-06-12T07:18:08+08:00,out_for_delivery,out_for_delivery,CAR-SYN-FAST,SITE-CN-SD-QD,CN-SD-QD,,8
TRE-SYN-C-0095-09,ORD-SYN-C-0095,SHP-SYN-C-0095,2026-06-12T10:08:46+08:00,delivered,delivered,CAR-SYN-FAST,SITE-CN-SD-QD,CN-SD-QD,,9
TRE-SYN-C-0096-01,ORD-SYN-C-0096,SHP-SYN-C-0096,2026-06-10T15:19:36+08:00,shipment_created,shipment_created,CAR-SYN-SLOW,ORIGIN-WH-SYN-WEST,CN-ZJ-HZ,,1
TRE-SYN-C-0096-02,ORD-SYN-C-0096,SHP-SYN-C-0096,2026-06-11T13:16:32+08:00,carrier_picked_up,carrier_picked_up,CAR-SYN-SLOW,ORIGIN-WH-SYN-WEST,CN-ZJ-HZ,,2
TRE-SYN-C-0096-03,ORD-SYN-C-0096,SHP-SYN-C-0096,2026-06-11T14:33:59+08:00,origin_departed,origin_departed,CAR-SYN-SLOW,ORIGIN-WH-SYN-WEST,CN-ZJ-HZ,,3
TRE-SYN-C-0096-04,ORD-SYN-C-0096,SHP-SYN-C-0096,2026-06-11T15:28:08+08:00,in_transit,in_transit,CAR-SYN-SLOW,LINEHAUL-SYN-01,CN-ZJ-HZ,,4
TRE-SYN-C-0096-05,ORD-SYN-C-0096,SHP-SYN-C-0096,2026-06-12T11:08:14+08:00,exception,exception,CAR-SYN-SLOW,LINEHAUL-SYN-01,CN-ZJ-HZ,SYNTHETIC_DELAY,5
TRE-SYN-C-0096-06,ORD-SYN-C-0096,SHP-SYN-C-0096,2026-06-13T06:48:19+08:00,arrived_at_hub,arrived_at_hub,CAR-SYN-SLOW,HUB-SYN-01,CN-ZJ-HZ,,6
TRE-SYN-C-0096-07,ORD-SYN-C-0096,SHP-SYN-C-0096,2026-06-13T14:47:39+08:00,departed_hub,departed_hub,CAR-SYN-SLOW,HUB-SYN-01,CN-ZJ-HZ,,7
TRE-SYN-C-0096-08,ORD-SYN-C-0096,SHP-SYN-C-0096,2026-06-15T16:54:56+08:00,arrived_at_destination_city,arrived_at_destination_city,CAR-SYN-SLOW,DEST-CN-ZJ-HZ,CN-ZJ-HZ,,8
TRE-SYN-C-0096-09,ORD-SYN-C-0096,SHP-SYN-C-0096,2026-06-17T01:35:16+08:00,out_for_delivery,out_for_delivery,CAR-SYN-SLOW,SITE-CN-ZJ-HZ,CN-ZJ-HZ,,9
TRE-SYN-C-0096-10,ORD-SYN-C-0096,SHP-SYN-C-0096,2026-06-17T22:15:36+08:00,delivered,delivered,CAR-SYN-SLOW,SITE-CN-ZJ-HZ,CN-ZJ-HZ,,10
TRE-SYN-C-0097-01,ORD-SYN-C-0097,SHP-SYN-C-0097,2026-06-10T17:53:36+08:00,shipment_created,shipment_created,CAR-SYN-SLOW,ORIGIN-WH-SYN-EAST,CN-JS-NJ,,1
TRE-SYN-C-0097-02,ORD-SYN-C-0097,SHP-SYN-C-0097,2026-06-11T15:16:48+08:00,carrier_picked_up,carrier_picked_up,CAR-SYN-SLOW,ORIGIN-WH-SYN-EAST,CN-JS-NJ,,2
TRE-SYN-C-0097-03,ORD-SYN-C-0097,SHP-SYN-C-0097,2026-06-11T16:08:30+08:00,origin_departed,origin_departed,CAR-SYN-SLOW,ORIGIN-WH-SYN-EAST,CN-JS-NJ,,3
TRE-SYN-C-0097-04,ORD-SYN-C-0097,SHP-SYN-C-0097,2026-06-11T17:24:08+08:00,in_transit,in_transit,CAR-SYN-SLOW,LINEHAUL-SYN-01,CN-JS-NJ,,4
TRE-SYN-C-0097-05,ORD-SYN-C-0097,SHP-SYN-C-0097,2026-06-13T19:14:33+08:00,arrived_at_hub,arrived_at_hub,CAR-SYN-SLOW,HUB-SYN-01,CN-JS-NJ,,5
TRE-SYN-C-0097-06,ORD-SYN-C-0097,SHP-SYN-C-0097,2026-06-14T02:54:41+08:00,departed_hub,departed_hub,CAR-SYN-SLOW,HUB-SYN-01,CN-JS-NJ,,6
TRE-SYN-C-0097-07,ORD-SYN-C-0097,SHP-SYN-C-0097,2026-06-16T03:14:45+08:00,arrived_at_destination_city,arrived_at_destination_city,CAR-SYN-SLOW,DEST-CN-JS-NJ,CN-JS-NJ,,7
TRE-SYN-C-0097-08,ORD-SYN-C-0097,SHP-SYN-C-0097,2026-06-17T16:23:57+08:00,out_for_delivery,out_for_delivery,CAR-SYN-SLOW,SITE-CN-JS-NJ,CN-JS-NJ,,8
TRE-SYN-C-0097-09,ORD-SYN-C-0097,SHP-SYN-C-0097,2026-06-18T13:37:58+08:00,delivered,delivered,CAR-SYN-SLOW,SITE-CN-JS-NJ,CN-JS-NJ,,9
TRE-SYN-C-0098-01,ORD-SYN-C-0098,SHP-SYN-C-0098,2026-06-10T21:18:58+08:00,shipment_created,shipment_created,CAR-SYN-STD,ORIGIN-WH-SYN-EAST,CN-SD-QD,,1
TRE-SYN-C-0098-02,ORD-SYN-C-0098,SHP-SYN-C-0098,2026-06-11T02:49:50+08:00,carrier_picked_up,carrier_picked_up,CAR-SYN-STD,ORIGIN-WH-SYN-EAST,CN-SD-QD,,2
TRE-SYN-C-0098-03,ORD-SYN-C-0098,SHP-SYN-C-0098,2026-06-11T04:11:55+08:00,origin_departed,origin_departed,CAR-SYN-STD,ORIGIN-WH-SYN-EAST,CN-SD-QD,,3
TRE-SYN-C-0098-04,ORD-SYN-C-0098,SHP-SYN-C-0098,2026-06-11T05:13:39+08:00,in_transit,in_transit,CAR-SYN-STD,LINEHAUL-SYN-01,CN-SD-QD,,4
TRE-SYN-C-0098-05,ORD-SYN-C-0098,SHP-SYN-C-0098,2026-06-11T12:16:56+08:00,arrived_at_hub,arrived_at_hub,CAR-SYN-STD,HUB-SYN-01,CN-SD-QD,,5
TRE-SYN-C-0098-06,ORD-SYN-C-0098,SHP-SYN-C-0098,2026-06-11T16:07:45+08:00,departed_hub,departed_hub,CAR-SYN-STD,HUB-SYN-01,CN-SD-QD,,6
TRE-SYN-C-0098-07,ORD-SYN-C-0098,SHP-SYN-C-0098,2026-06-12T00:46:05+08:00,arrived_at_destination_city,arrived_at_destination_city,CAR-SYN-STD,DEST-CN-SD-QD,CN-SD-QD,,7
TRE-SYN-C-0098-08,ORD-SYN-C-0098,SHP-SYN-C-0098,2026-06-12T07:20:23+08:00,out_for_delivery,out_for_delivery,CAR-SYN-STD,SITE-CN-SD-QD,CN-SD-QD,,8
TRE-SYN-C-0098-09,ORD-SYN-C-0098,SHP-SYN-C-0098,2026-06-12T11:21:11+08:00,delivered,delivered,CAR-SYN-STD,SITE-CN-SD-QD,CN-SD-QD,,9
TRE-SYN-C-0099-01,ORD-SYN-C-0099,SHP-SYN-C-0099,2026-06-10T13:55:50+08:00,shipment_created,shipment_created,CAR-SYN-SLOW,ORIGIN-WH-SYN-WEST,CN-SD-QD,,1
TRE-SYN-C-0099-02,ORD-SYN-C-0099,SHP-SYN-C-0099,2026-06-11T08:49:41+08:00,carrier_picked_up,carrier_picked_up,CAR-SYN-SLOW,ORIGIN-WH-SYN-WEST,CN-SD-QD,,2
TRE-SYN-C-0099-03,ORD-SYN-C-0099,SHP-SYN-C-0099,2026-06-11T09:28:13+08:00,origin_departed,origin_departed,CAR-SYN-SLOW,ORIGIN-WH-SYN-WEST,CN-SD-QD,,3
TRE-SYN-C-0099-04,ORD-SYN-C-0099,SHP-SYN-C-0099,2026-06-11T10:35:06+08:00,in_transit,in_transit,CAR-SYN-SLOW,LINEHAUL-SYN-01,CN-SD-QD,,4
TRE-SYN-C-0099-05,ORD-SYN-C-0099,SHP-SYN-C-0099,2026-06-13T00:18:54+08:00,arrived_at_hub,arrived_at_hub,CAR-SYN-SLOW,HUB-SYN-01,CN-SD-QD,,5
TRE-SYN-C-0099-06,ORD-SYN-C-0099,SHP-SYN-C-0099,2026-06-13T06:13:14+08:00,departed_hub,departed_hub,CAR-SYN-SLOW,HUB-SYN-01,CN-SD-QD,,6
TRE-SYN-C-0099-07,ORD-SYN-C-0099,SHP-SYN-C-0099,2026-06-15T06:15:17+08:00,arrived_at_destination_city,arrived_at_destination_city,CAR-SYN-SLOW,DEST-CN-SD-QD,CN-SD-QD,,7
TRE-SYN-C-0099-08,ORD-SYN-C-0099,SHP-SYN-C-0099,2026-06-16T14:23:21+08:00,out_for_delivery,out_for_delivery,CAR-SYN-SLOW,SITE-CN-SD-QD,CN-SD-QD,,8
TRE-SYN-C-0099-09,ORD-SYN-C-0099,SHP-SYN-C-0099,2026-06-17T08:57:45+08:00,delivered,delivered,CAR-SYN-SLOW,SITE-CN-SD-QD,CN-SD-QD,,9
TRE-SYN-C-0100-01,ORD-SYN-C-0100,SHP-SYN-C-0100,2026-06-10T15:56:35+08:00,shipment_created,shipment_created,CAR-SYN-SLOW,ORIGIN-WH-SYN-EAST,CN-ZJ-HZ,,1
TRE-SYN-C-0100-02,ORD-SYN-C-0100,SHP-SYN-C-0100,2026-06-11T13:50:12+08:00,carrier_picked_up,carrier_picked_up,CAR-SYN-SLOW,ORIGIN-WH-SYN-EAST,CN-ZJ-HZ,,2
TRE-SYN-C-0100-03,ORD-SYN-C-0100,SHP-SYN-C-0100,2026-06-11T14:46:18+08:00,origin_departed,origin_departed,CAR-SYN-SLOW,ORIGIN-WH-SYN-EAST,CN-ZJ-HZ,,3
TRE-SYN-C-0100-04,ORD-SYN-C-0100,SHP-SYN-C-0100,2026-06-11T15:47:57+08:00,in_transit,in_transit,CAR-SYN-SLOW,LINEHAUL-SYN-01,CN-ZJ-HZ,,4
TRE-SYN-C-0100-05,ORD-SYN-C-0100,SHP-SYN-C-0100,2026-06-12T11:29:23+08:00,exception,exception,CAR-SYN-SLOW,LINEHAUL-SYN-01,CN-ZJ-HZ,SYNTHETIC_DELAY,5
TRE-SYN-C-0100-06,ORD-SYN-C-0100,SHP-SYN-C-0100,2026-06-13T07:10:50+08:00,arrived_at_hub,arrived_at_hub,CAR-SYN-SLOW,HUB-SYN-01,CN-ZJ-HZ,,6
TRE-SYN-C-0100-07,ORD-SYN-C-0100,SHP-SYN-C-0100,2026-06-13T15:27:41+08:00,departed_hub,departed_hub,CAR-SYN-SLOW,HUB-SYN-01,CN-ZJ-HZ,,7
TRE-SYN-C-0100-08,ORD-SYN-C-0100,SHP-SYN-C-0100,2026-06-15T12:47:47+08:00,arrived_at_destination_city,arrived_at_destination_city,CAR-SYN-SLOW,DEST-CN-ZJ-HZ,CN-ZJ-HZ,,8
TRE-SYN-C-0100-09,ORD-SYN-C-0100,SHP-SYN-C-0100,2026-06-16T22:09:17+08:00,out_for_delivery,out_for_delivery,CAR-SYN-SLOW,SITE-CN-ZJ-HZ,CN-ZJ-HZ,,9
TRE-SYN-C-0100-10,ORD-SYN-C-0100,SHP-SYN-C-0100,2026-06-17T19:24:58+08:00,delivered,delivered,CAR-SYN-SLOW,SITE-CN-ZJ-HZ,CN-ZJ-HZ,,10
TRE-SYN-C-0101-01,ORD-SYN-C-0101,SHP-SYN-C-0101,2026-06-11T19:14:06+08:00,shipment_created,shipment_created,CAR-SYN-FAST,ORIGIN-WH-SYN-EAST,CN-HB-WH,,1
TRE-SYN-C-0101-02,ORD-SYN-C-0101,SHP-SYN-C-0101,2026-06-11T21:52:11+08:00,carrier_picked_up,carrier_picked_up,CAR-SYN-FAST,ORIGIN-WH-SYN-EAST,CN-HB-WH,,2
TRE-SYN-C-0101-03,ORD-SYN-C-0101,SHP-SYN-C-0101,2026-06-11T23:07:44+08:00,origin_departed,origin_departed,CAR-SYN-FAST,ORIGIN-WH-SYN-EAST,CN-HB-WH,,3
TRE-SYN-C-0101-04,ORD-SYN-C-0101,SHP-SYN-C-0101,2026-06-12T00:32:18+08:00,in_transit,in_transit,CAR-SYN-FAST,LINEHAUL-SYN-01,CN-HB-WH,,4
TRE-SYN-C-0101-05,ORD-SYN-C-0101,SHP-SYN-C-0101,2026-06-12T11:25:21+08:00,arrived_at_hub,arrived_at_hub,CAR-SYN-FAST,HUB-SYN-01,CN-HB-WH,,5
TRE-SYN-C-0101-06,ORD-SYN-C-0101,SHP-SYN-C-0101,2026-06-12T13:05:29+08:00,departed_hub,departed_hub,CAR-SYN-FAST,HUB-SYN-01,CN-HB-WH,,6
TRE-SYN-C-0101-07,ORD-SYN-C-0101,SHP-SYN-C-0101,2026-06-12T22:47:16+08:00,arrived_at_destination_city,arrived_at_destination_city,CAR-SYN-FAST,DEST-CN-HB-WH,CN-HB-WH,,7
TRE-SYN-C-0101-08,ORD-SYN-C-0101,SHP-SYN-C-0101,2026-06-13T06:55:25+08:00,out_for_delivery,out_for_delivery,CAR-SYN-FAST,SITE-CN-HB-WH,CN-HB-WH,,8
TRE-SYN-C-0101-09,ORD-SYN-C-0101,SHP-SYN-C-0101,2026-06-13T12:07:51+08:00,delivered,delivered,CAR-SYN-FAST,SITE-CN-HB-WH,CN-HB-WH,,9
TRE-SYN-C-0102-01,ORD-SYN-C-0102,SHP-SYN-C-0102,2026-06-11T22:06:28+08:00,shipment_created,shipment_created,CAR-SYN-STD,ORIGIN-WH-SYN-EAST,CN-SD-QD,,1
TRE-SYN-C-0102-02,ORD-SYN-C-0102,SHP-SYN-C-0102,2026-06-12T00:50:56+08:00,carrier_picked_up,carrier_picked_up,CAR-SYN-STD,ORIGIN-WH-SYN-EAST,CN-SD-QD,,2
TRE-SYN-C-0102-03,ORD-SYN-C-0102,SHP-SYN-C-0102,2026-06-12T01:29:28+08:00,origin_departed,origin_departed,CAR-SYN-STD,ORIGIN-WH-SYN-EAST,CN-SD-QD,,3
TRE-SYN-C-0102-04,ORD-SYN-C-0102,SHP-SYN-C-0102,2026-06-12T02:45:34+08:00,in_transit,in_transit,CAR-SYN-STD,LINEHAUL-SYN-01,CN-SD-QD,,4
TRE-SYN-C-0102-05,ORD-SYN-C-0102,SHP-SYN-C-0102,2026-06-12T13:04:44+08:00,arrived_at_hub,arrived_at_hub,CAR-SYN-STD,HUB-SYN-01,CN-SD-QD,,5
TRE-SYN-C-0102-06,ORD-SYN-C-0102,SHP-SYN-C-0102,2026-06-12T15:52:42+08:00,departed_hub,departed_hub,CAR-SYN-STD,HUB-SYN-01,CN-SD-QD,,6
TRE-SYN-C-0102-07,ORD-SYN-C-0102,SHP-SYN-C-0102,2026-06-13T06:52:11+08:00,arrived_at_destination_city,arrived_at_destination_city,CAR-SYN-STD,DEST-CN-SD-QD,CN-SD-QD,,7
TRE-SYN-C-0102-08,ORD-SYN-C-0102,SHP-SYN-C-0102,2026-06-13T13:04:21+08:00,out_for_delivery,out_for_delivery,CAR-SYN-STD,SITE-CN-SD-QD,CN-SD-QD,,8
TRE-SYN-C-0102-09,ORD-SYN-C-0102,SHP-SYN-C-0102,2026-06-13T16:21:20+08:00,delivered,delivered,CAR-SYN-STD,SITE-CN-SD-QD,CN-SD-QD,,9
TRE-SYN-C-0103-01,ORD-SYN-C-0103,SHP-SYN-C-0103,2026-06-11T14:25:46+08:00,shipment_created,shipment_created,CAR-SYN-SLOW,ORIGIN-WH-SYN-WEST,CN-HB-WH,,1
TRE-SYN-C-0103-02,ORD-SYN-C-0103,SHP-SYN-C-0103,2026-06-12T18:38:22+08:00,carrier_picked_up,carrier_picked_up,CAR-SYN-SLOW,ORIGIN-WH-SYN-WEST,CN-HB-WH,,2
TRE-SYN-C-0103-03,ORD-SYN-C-0103,SHP-SYN-C-0103,2026-06-12T20:08:21+08:00,origin_departed,origin_departed,CAR-SYN-SLOW,ORIGIN-WH-SYN-WEST,CN-HB-WH,,3
TRE-SYN-C-0103-04,ORD-SYN-C-0103,SHP-SYN-C-0103,2026-06-12T21:07:23+08:00,in_transit,in_transit,CAR-SYN-SLOW,LINEHAUL-SYN-01,CN-HB-WH,,4
TRE-SYN-C-0103-05,ORD-SYN-C-0103,SHP-SYN-C-0103,2026-06-14T18:52:09+08:00,arrived_at_hub,arrived_at_hub,CAR-SYN-SLOW,HUB-SYN-01,CN-HB-WH,,5
TRE-SYN-C-0103-06,ORD-SYN-C-0103,SHP-SYN-C-0103,2026-06-15T02:25:52+08:00,departed_hub,departed_hub,CAR-SYN-SLOW,HUB-SYN-01,CN-HB-WH,,6
TRE-SYN-C-0103-07,ORD-SYN-C-0103,SHP-SYN-C-0103,2026-06-17T05:20:39+08:00,arrived_at_destination_city,arrived_at_destination_city,CAR-SYN-SLOW,DEST-CN-HB-WH,CN-HB-WH,,7
TRE-SYN-C-0103-08,ORD-SYN-C-0103,SHP-SYN-C-0103,2026-06-18T21:39:31+08:00,out_for_delivery,out_for_delivery,CAR-SYN-SLOW,SITE-CN-HB-WH,CN-HB-WH,,8
TRE-SYN-C-0103-09,ORD-SYN-C-0103,SHP-SYN-C-0103,2026-06-19T15:45:36+08:00,delivered,delivered,CAR-SYN-SLOW,SITE-CN-HB-WH,CN-HB-WH,,9
TRE-SYN-C-0104-01,ORD-SYN-C-0104,SHP-SYN-C-0104,2026-06-11T17:48:52+08:00,shipment_created,shipment_created,CAR-SYN-SLOW,ORIGIN-WH-SYN-EAST,CN-SD-QD,,1
TRE-SYN-C-0104-02,ORD-SYN-C-0104,SHP-SYN-C-0104,2026-06-12T12:28:02+08:00,carrier_picked_up,carrier_picked_up,CAR-SYN-SLOW,ORIGIN-WH-SYN-EAST,CN-SD-QD,,2
TRE-SYN-C-0104-03,ORD-SYN-C-0104,SHP-SYN-C-0104,2026-06-12T13:36:26+08:00,origin_departed,origin_departed,CAR-SYN-SLOW,ORIGIN-WH-SYN-EAST,CN-SD-QD,,3
TRE-SYN-C-0104-04,ORD-SYN-C-0104,SHP-SYN-C-0104,2026-06-12T14:50:33+08:00,in_transit,in_transit,CAR-SYN-SLOW,LINEHAUL-SYN-01,CN-SD-QD,,4
TRE-SYN-C-0104-05,ORD-SYN-C-0104,SHP-SYN-C-0104,2026-06-13T15:27:47+08:00,exception,exception,CAR-SYN-SLOW,LINEHAUL-SYN-01,CN-SD-QD,SYNTHETIC_DELAY,5
TRE-SYN-C-0104-06,ORD-SYN-C-0104,SHP-SYN-C-0104,2026-06-14T16:05:00+08:00,arrived_at_hub,arrived_at_hub,CAR-SYN-SLOW,HUB-SYN-01,CN-SD-QD,,6
TRE-SYN-C-0104-07,ORD-SYN-C-0104,SHP-SYN-C-0104,2026-06-14T22:54:05+08:00,departed_hub,departed_hub,CAR-SYN-SLOW,HUB-SYN-01,CN-SD-QD,,7
TRE-SYN-C-0104-08,ORD-SYN-C-0104,SHP-SYN-C-0104,2026-06-16T19:41:48+08:00,arrived_at_destination_city,arrived_at_destination_city,CAR-SYN-SLOW,DEST-CN-SD-QD,CN-SD-QD,,8
TRE-SYN-C-0104-09,ORD-SYN-C-0104,SHP-SYN-C-0104,2026-06-18T05:31:27+08:00,out_for_delivery,out_for_delivery,CAR-SYN-SLOW,SITE-CN-SD-QD,CN-SD-QD,,9
TRE-SYN-C-0104-10,ORD-SYN-C-0104,SHP-SYN-C-0104,2026-06-18T20:56:39+08:00,delivered,delivered,CAR-SYN-SLOW,SITE-CN-SD-QD,CN-SD-QD,,10
TRE-SYN-C-0105-01,ORD-SYN-C-0105,SHP-SYN-C-0105,2026-06-11T20:13:14+08:00,shipment_created,shipment_created,CAR-SYN-SLOW,ORIGIN-WH-SYN-EAST,CN-SD-QD,,1
TRE-SYN-C-0105-02,ORD-SYN-C-0105,SHP-SYN-C-0105,2026-06-12T20:42:02+08:00,carrier_picked_up,carrier_picked_up,CAR-SYN-SLOW,ORIGIN-WH-SYN-EAST,CN-SD-QD,,2
TRE-SYN-C-0105-03,ORD-SYN-C-0105,SHP-SYN-C-0105,2026-06-12T21:51:45+08:00,origin_departed,origin_departed,CAR-SYN-SLOW,ORIGIN-WH-SYN-EAST,CN-SD-QD,,3
TRE-SYN-C-0105-04,ORD-SYN-C-0105,SHP-SYN-C-0105,2026-06-12T22:23:11+08:00,in_transit,in_transit,CAR-SYN-SLOW,LINEHAUL-SYN-01,CN-SD-QD,,4
TRE-SYN-C-0105-05,ORD-SYN-C-0105,SHP-SYN-C-0105,2026-06-14T23:38:51+08:00,arrived_at_hub,arrived_at_hub,CAR-SYN-SLOW,HUB-SYN-01,CN-SD-QD,,5
TRE-SYN-C-0105-06,ORD-SYN-C-0105,SHP-SYN-C-0105,2026-06-15T05:32:30+08:00,departed_hub,departed_hub,CAR-SYN-SLOW,HUB-SYN-01,CN-SD-QD,,6
TRE-SYN-C-0105-07,ORD-SYN-C-0105,SHP-SYN-C-0105,2026-06-16T20:13:06+08:00,arrived_at_destination_city,arrived_at_destination_city,CAR-SYN-SLOW,DEST-CN-SD-QD,CN-SD-QD,,7
TRE-SYN-C-0105-08,ORD-SYN-C-0105,SHP-SYN-C-0105,2026-06-18T07:32:32+08:00,out_for_delivery,out_for_delivery,CAR-SYN-SLOW,SITE-CN-SD-QD,CN-SD-QD,,8
TRE-SYN-C-0105-09,ORD-SYN-C-0105,SHP-SYN-C-0105,2026-06-19T03:18:14+08:00,delivered,delivered,CAR-SYN-SLOW,SITE-CN-SD-QD,CN-SD-QD,,9
TRE-SYN-C-0106-01,ORD-SYN-C-0106,SHP-SYN-C-0106,2026-06-11T23:30:02+08:00,shipment_created,shipment_created,CAR-SYN-SLOW,ORIGIN-WH-SYN-EAST,CN-HB-WH,,1
TRE-SYN-C-0106-02,ORD-SYN-C-0106,SHP-SYN-C-0106,2026-06-13T02:26:56+08:00,carrier_picked_up,carrier_picked_up,CAR-SYN-SLOW,ORIGIN-WH-SYN-EAST,CN-HB-WH,,2
TRE-SYN-C-0106-03,ORD-SYN-C-0106,SHP-SYN-C-0106,2026-06-13T03:24:25+08:00,origin_departed,origin_departed,CAR-SYN-SLOW,ORIGIN-WH-SYN-EAST,CN-HB-WH,,3
TRE-SYN-C-0106-04,ORD-SYN-C-0106,SHP-SYN-C-0106,2026-06-13T04:48:12+08:00,in_transit,in_transit,CAR-SYN-SLOW,LINEHAUL-SYN-01,CN-HB-WH,,4
TRE-SYN-C-0106-05,ORD-SYN-C-0106,SHP-SYN-C-0106,2026-06-14T03:23:27+08:00,exception,exception,CAR-SYN-SLOW,LINEHAUL-SYN-01,CN-HB-WH,SYNTHETIC_DELAY,5
TRE-SYN-C-0106-06,ORD-SYN-C-0106,SHP-SYN-C-0106,2026-06-15T01:58:41+08:00,arrived_at_hub,arrived_at_hub,CAR-SYN-SLOW,HUB-SYN-01,CN-HB-WH,,6
TRE-SYN-C-0106-07,ORD-SYN-C-0106,SHP-SYN-C-0106,2026-06-15T10:19:53+08:00,departed_hub,departed_hub,CAR-SYN-SLOW,HUB-SYN-01,CN-HB-WH,,7
TRE-SYN-C-0106-08,ORD-SYN-C-0106,SHP-SYN-C-0106,2026-06-17T04:28:56+08:00,arrived_at_destination_city,arrived_at_destination_city,CAR-SYN-SLOW,DEST-CN-HB-WH,CN-HB-WH,,8
TRE-SYN-C-0106-09,ORD-SYN-C-0106,SHP-SYN-C-0106,2026-06-18T09:08:14+08:00,out_for_delivery,out_for_delivery,CAR-SYN-SLOW,SITE-CN-HB-WH,CN-HB-WH,,9
TRE-SYN-C-0106-10,ORD-SYN-C-0106,SHP-SYN-C-0106,2026-06-19T05:10:59+08:00,delivered,delivered,CAR-SYN-SLOW,SITE-CN-HB-WH,CN-HB-WH,,10
TRE-SYN-C-0107-01,ORD-SYN-C-0107,SHP-SYN-C-0107,2026-06-11T15:07:19+08:00,shipment_created,shipment_created,CAR-SYN-SLOW,ORIGIN-WH-SYN-EAST,CN-SD-QD,,1
TRE-SYN-C-0107-02,ORD-SYN-C-0107,SHP-SYN-C-0107,2026-06-12T10:55:39+08:00,carrier_picked_up,carrier_picked_up,CAR-SYN-SLOW,ORIGIN-WH-SYN-EAST,CN-SD-QD,,2
TRE-SYN-C-0107-03,ORD-SYN-C-0107,SHP-SYN-C-0107,2026-06-12T12:14:51+08:00,origin_departed,origin_departed,CAR-SYN-SLOW,ORIGIN-WH-SYN-EAST,CN-SD-QD,,3
TRE-SYN-C-0107-04,ORD-SYN-C-0107,SHP-SYN-C-0107,2026-06-12T13:37:52+08:00,in_transit,in_transit,CAR-SYN-SLOW,LINEHAUL-SYN-01,CN-SD-QD,,4
TRE-SYN-C-0107-05,ORD-SYN-C-0107,SHP-SYN-C-0107,2026-06-14T12:30:39+08:00,arrived_at_hub,arrived_at_hub,CAR-SYN-SLOW,HUB-SYN-01,CN-SD-QD,,5
TRE-SYN-C-0107-06,ORD-SYN-C-0107,SHP-SYN-C-0107,2026-06-14T17:47:10+08:00,departed_hub,departed_hub,CAR-SYN-SLOW,HUB-SYN-01,CN-SD-QD,,6
TRE-SYN-C-0107-07,ORD-SYN-C-0107,SHP-SYN-C-0107,2026-06-16T16:44:26+08:00,arrived_at_destination_city,arrived_at_destination_city,CAR-SYN-SLOW,DEST-CN-SD-QD,CN-SD-QD,,7
TRE-SYN-C-0107-08,ORD-SYN-C-0107,SHP-SYN-C-0107,2026-06-18T04:04:26+08:00,out_for_delivery,out_for_delivery,CAR-SYN-SLOW,SITE-CN-SD-QD,CN-SD-QD,,8
TRE-SYN-C-0107-09,ORD-SYN-C-0107,SHP-SYN-C-0107,2026-06-18T23:50:47+08:00,delivered,delivered,CAR-SYN-SLOW,SITE-CN-SD-QD,CN-SD-QD,,9
TRE-SYN-C-0108-01,ORD-SYN-C-0108,SHP-SYN-C-0108,2026-06-11T18:09:47+08:00,shipment_created,shipment_created,CAR-SYN-FAST,ORIGIN-WH-SYN-EAST,CN-ZJ-HZ,,1
TRE-SYN-C-0108-02,ORD-SYN-C-0108,SHP-SYN-C-0108,2026-06-11T20:48:44+08:00,carrier_picked_up,carrier_picked_up,CAR-SYN-FAST,ORIGIN-WH-SYN-EAST,CN-ZJ-HZ,,2
TRE-SYN-C-0108-03,ORD-SYN-C-0108,SHP-SYN-C-0108,2026-06-11T21:47:31+08:00,origin_departed,origin_departed,CAR-SYN-FAST,ORIGIN-WH-SYN-EAST,CN-ZJ-HZ,,3
TRE-SYN-C-0108-04,ORD-SYN-C-0108,SHP-SYN-C-0108,2026-06-11T23:11:24+08:00,in_transit,in_transit,CAR-SYN-FAST,LINEHAUL-SYN-01,CN-ZJ-HZ,,4
TRE-SYN-C-0108-05,ORD-SYN-C-0108,SHP-SYN-C-0108,2026-06-12T05:59:07+08:00,arrived_at_hub,arrived_at_hub,CAR-SYN-FAST,HUB-SYN-01,CN-ZJ-HZ,,5
TRE-SYN-C-0108-06,ORD-SYN-C-0108,SHP-SYN-C-0108,2026-06-12T08:18:00+08:00,departed_hub,departed_hub,CAR-SYN-FAST,HUB-SYN-01,CN-ZJ-HZ,,6
TRE-SYN-C-0108-07,ORD-SYN-C-0108,SHP-SYN-C-0108,2026-06-12T19:52:10+08:00,arrived_at_destination_city,arrived_at_destination_city,CAR-SYN-FAST,DEST-CN-ZJ-HZ,CN-ZJ-HZ,,7
TRE-SYN-C-0108-08,ORD-SYN-C-0108,SHP-SYN-C-0108,2026-06-12T23:52:40+08:00,out_for_delivery,out_for_delivery,CAR-SYN-FAST,SITE-CN-ZJ-HZ,CN-ZJ-HZ,,8
TRE-SYN-C-0108-09,ORD-SYN-C-0108,SHP-SYN-C-0108,2026-06-13T02:31:32+08:00,delivered,delivered,CAR-SYN-FAST,SITE-CN-ZJ-HZ,CN-ZJ-HZ,,9
TRE-SYN-C-0109-01,ORD-SYN-C-0109,SHP-SYN-C-0109,2026-06-11T21:29:44+08:00,shipment_created,shipment_created,CAR-SYN-FAST,ORIGIN-WH-SYN-WEST,CN-JS-NJ,,1
TRE-SYN-C-0109-02,ORD-SYN-C-0109,SHP-SYN-C-0109,2026-06-12T05:06:29+08:00,carrier_picked_up,carrier_picked_up,CAR-SYN-FAST,ORIGIN-WH-SYN-WEST,CN-JS-NJ,,2
TRE-SYN-C-0109-03,ORD-SYN-C-0109,SHP-SYN-C-0109,2026-06-12T06:11:04+08:00,origin_departed,origin_departed,CAR-SYN-FAST,ORIGIN-WH-SYN-WEST,CN-JS-NJ,,3
TRE-SYN-C-0109-04,ORD-SYN-C-0109,SHP-SYN-C-0109,2026-06-12T07:20:03+08:00,in_transit,in_transit,CAR-SYN-FAST,LINEHAUL-SYN-01,CN-JS-NJ,,4
TRE-SYN-C-0109-05,ORD-SYN-C-0109,SHP-SYN-C-0109,2026-06-12T16:45:24+08:00,arrived_at_hub,arrived_at_hub,CAR-SYN-FAST,HUB-SYN-01,CN-JS-NJ,,5
TRE-SYN-C-0109-06,ORD-SYN-C-0109,SHP-SYN-C-0109,2026-06-12T18:18:03+08:00,departed_hub,departed_hub,CAR-SYN-FAST,HUB-SYN-01,CN-JS-NJ,,6
TRE-SYN-C-0109-07,ORD-SYN-C-0109,SHP-SYN-C-0109,2026-06-13T07:07:03+08:00,arrived_at_destination_city,arrived_at_destination_city,CAR-SYN-FAST,DEST-CN-JS-NJ,CN-JS-NJ,,7
TRE-SYN-C-0109-08,ORD-SYN-C-0109,SHP-SYN-C-0109,2026-06-13T12:12:25+08:00,out_for_delivery,out_for_delivery,CAR-SYN-FAST,SITE-CN-JS-NJ,CN-JS-NJ,,8
TRE-SYN-C-0109-09,ORD-SYN-C-0109,SHP-SYN-C-0109,2026-06-13T16:51:21+08:00,delivered,delivered,CAR-SYN-FAST,SITE-CN-JS-NJ,CN-JS-NJ,,9
TRE-SYN-C-0110-01,ORD-SYN-C-0110,SHP-SYN-C-0110,2026-06-11T13:27:31+08:00,shipment_created,shipment_created,CAR-SYN-STD,ORIGIN-WH-SYN-EAST,CN-HB-WH,,1
TRE-SYN-C-0110-02,ORD-SYN-C-0110,SHP-SYN-C-0110,2026-06-11T17:06:26+08:00,carrier_picked_up,carrier_picked_up,CAR-SYN-STD,ORIGIN-WH-SYN-EAST,CN-HB-WH,,2
TRE-SYN-C-0110-03,ORD-SYN-C-0110,SHP-SYN-C-0110,2026-06-11T18:16:56+08:00,origin_departed,origin_departed,CAR-SYN-STD,ORIGIN-WH-SYN-EAST,CN-HB-WH,,3
TRE-SYN-C-0110-04,ORD-SYN-C-0110,SHP-SYN-C-0110,2026-06-11T19:27:39+08:00,in_transit,in_transit,CAR-SYN-STD,LINEHAUL-SYN-01,CN-HB-WH,,4
TRE-SYN-C-0110-05,ORD-SYN-C-0110,SHP-SYN-C-0110,2026-06-12T02:32:56+08:00,arrived_at_hub,arrived_at_hub,CAR-SYN-STD,HUB-SYN-01,CN-HB-WH,,5
TRE-SYN-C-0110-06,ORD-SYN-C-0110,SHP-SYN-C-0110,2026-06-12T05:56:04+08:00,departed_hub,departed_hub,CAR-SYN-STD,HUB-SYN-01,CN-HB-WH,,6
TRE-SYN-C-0110-07,ORD-SYN-C-0110,SHP-SYN-C-0110,2026-06-12T15:31:05+08:00,arrived_at_destination_city,arrived_at_destination_city,CAR-SYN-STD,DEST-CN-HB-WH,CN-HB-WH,,7
TRE-SYN-C-0110-08,ORD-SYN-C-0110,SHP-SYN-C-0110,2026-06-12T21:36:26+08:00,out_for_delivery,out_for_delivery,CAR-SYN-STD,SITE-CN-HB-WH,CN-HB-WH,,8
TRE-SYN-C-0110-09,ORD-SYN-C-0110,SHP-SYN-C-0110,2026-06-13T00:07:01+08:00,delivered,delivered,CAR-SYN-STD,SITE-CN-HB-WH,CN-HB-WH,,9
TRE-SYN-C-0111-01,ORD-SYN-C-0111,SHP-SYN-C-0111,2026-06-12T16:24:42+08:00,shipment_created,shipment_created,CAR-SYN-FAST,ORIGIN-WH-SYN-WEST,CN-ZJ-HZ,,1
TRE-SYN-C-0111-02,ORD-SYN-C-0111,SHP-SYN-C-0111,2026-06-12T19:36:26+08:00,carrier_picked_up,carrier_picked_up,CAR-SYN-FAST,ORIGIN-WH-SYN-WEST,CN-ZJ-HZ,,2
TRE-SYN-C-0111-03,ORD-SYN-C-0111,SHP-SYN-C-0111,2026-06-12T20:52:35+08:00,origin_departed,origin_departed,CAR-SYN-FAST,ORIGIN-WH-SYN-WEST,CN-ZJ-HZ,,3
TRE-SYN-C-0111-04,ORD-SYN-C-0111,SHP-SYN-C-0111,2026-06-12T21:46:13+08:00,in_transit,in_transit,CAR-SYN-FAST,LINEHAUL-SYN-01,CN-ZJ-HZ,,4
TRE-SYN-C-0111-05,ORD-SYN-C-0111,SHP-SYN-C-0111,2026-06-13T04:33:57+08:00,arrived_at_hub,arrived_at_hub,CAR-SYN-FAST,HUB-SYN-01,CN-ZJ-HZ,,5
TRE-SYN-C-0111-06,ORD-SYN-C-0111,SHP-SYN-C-0111,2026-06-13T06:54:42+08:00,departed_hub,departed_hub,CAR-SYN-FAST,HUB-SYN-01,CN-ZJ-HZ,,6
TRE-SYN-C-0111-07,ORD-SYN-C-0111,SHP-SYN-C-0111,2026-06-13T18:36:45+08:00,arrived_at_destination_city,arrived_at_destination_city,CAR-SYN-FAST,DEST-CN-ZJ-HZ,CN-ZJ-HZ,,7
TRE-SYN-C-0111-08,ORD-SYN-C-0111,SHP-SYN-C-0111,2026-06-14T00:58:39+08:00,out_for_delivery,out_for_delivery,CAR-SYN-FAST,SITE-CN-ZJ-HZ,CN-ZJ-HZ,,8
TRE-SYN-C-0111-09,ORD-SYN-C-0111,SHP-SYN-C-0111,2026-06-14T06:18:20+08:00,delivered,delivered,CAR-SYN-FAST,SITE-CN-ZJ-HZ,CN-ZJ-HZ,,9
TRE-SYN-C-0112-01,ORD-SYN-C-0112,SHP-SYN-C-0112,2026-06-12T18:57:25+08:00,shipment_created,shipment_created,CAR-SYN-FAST,ORIGIN-WH-SYN-EAST,CN-ZJ-HZ,,1
TRE-SYN-C-0112-02,ORD-SYN-C-0112,SHP-SYN-C-0112,2026-06-12T23:17:01+08:00,carrier_picked_up,carrier_picked_up,CAR-SYN-FAST,ORIGIN-WH-SYN-EAST,CN-ZJ-HZ,,2
TRE-SYN-C-0112-03,ORD-SYN-C-0112,SHP-SYN-C-0112,2026-06-12T23:50:26+08:00,origin_departed,origin_departed,CAR-SYN-FAST,ORIGIN-WH-SYN-EAST,CN-ZJ-HZ,,3
TRE-SYN-C-0112-04,ORD-SYN-C-0112,SHP-SYN-C-0112,2026-06-13T01:15:14+08:00,in_transit,in_transit,CAR-SYN-FAST,LINEHAUL-SYN-01,CN-ZJ-HZ,,4
TRE-SYN-C-0112-05,ORD-SYN-C-0112,SHP-SYN-C-0112,2026-06-13T11:13:24+08:00,arrived_at_hub,arrived_at_hub,CAR-SYN-FAST,HUB-SYN-01,CN-ZJ-HZ,,5
TRE-SYN-C-0112-06,ORD-SYN-C-0112,SHP-SYN-C-0112,2026-06-13T13:50:46+08:00,departed_hub,departed_hub,CAR-SYN-FAST,HUB-SYN-01,CN-ZJ-HZ,,6
TRE-SYN-C-0112-07,ORD-SYN-C-0112,SHP-SYN-C-0112,2026-06-14T04:50:12+08:00,arrived_at_destination_city,arrived_at_destination_city,CAR-SYN-FAST,DEST-CN-ZJ-HZ,CN-ZJ-HZ,,7
TRE-SYN-C-0112-08,ORD-SYN-C-0112,SHP-SYN-C-0112,2026-06-14T09:30:04+08:00,out_for_delivery,out_for_delivery,CAR-SYN-FAST,SITE-CN-ZJ-HZ,CN-ZJ-HZ,,8
TRE-SYN-C-0112-09,ORD-SYN-C-0112,SHP-SYN-C-0112,2026-06-14T10:38:06+08:00,delivered,delivered,CAR-SYN-FAST,SITE-CN-ZJ-HZ,CN-ZJ-HZ,,9
TRE-SYN-C-0113-01,ORD-SYN-C-0113,SHP-SYN-C-0113,2026-06-12T22:29:58+08:00,shipment_created,shipment_created,CAR-SYN-SLOW,ORIGIN-WH-SYN-WEST,CN-JS-NJ,,1
TRE-SYN-C-0113-02,ORD-SYN-C-0113,SHP-SYN-C-0113,2026-06-13T23:11:11+08:00,carrier_picked_up,carrier_picked_up,CAR-SYN-SLOW,ORIGIN-WH-SYN-WEST,CN-JS-NJ,,2
TRE-SYN-C-0113-03,ORD-SYN-C-0113,SHP-SYN-C-0113,2026-06-14T00:30:09+08:00,origin_departed,origin_departed,CAR-SYN-SLOW,ORIGIN-WH-SYN-WEST,CN-JS-NJ,,3
TRE-SYN-C-0113-04,ORD-SYN-C-0113,SHP-SYN-C-0113,2026-06-14T01:19:35+08:00,in_transit,in_transit,CAR-SYN-SLOW,LINEHAUL-SYN-01,CN-JS-NJ,,4
TRE-SYN-C-0113-05,ORD-SYN-C-0113,SHP-SYN-C-0113,2026-06-15T15:52:23+08:00,arrived_at_hub,arrived_at_hub,CAR-SYN-SLOW,HUB-SYN-01,CN-JS-NJ,,5
TRE-SYN-C-0113-06,ORD-SYN-C-0113,SHP-SYN-C-0113,2026-06-15T22:57:06+08:00,departed_hub,departed_hub,CAR-SYN-SLOW,HUB-SYN-01,CN-JS-NJ,,6
TRE-SYN-C-0113-07,ORD-SYN-C-0113,SHP-SYN-C-0113,2026-06-17T13:11:39+08:00,arrived_at_destination_city,arrived_at_destination_city,CAR-SYN-SLOW,DEST-CN-JS-NJ,CN-JS-NJ,,7
TRE-SYN-C-0113-08,ORD-SYN-C-0113,SHP-SYN-C-0113,2026-06-18T23:58:10+08:00,out_for_delivery,out_for_delivery,CAR-SYN-SLOW,SITE-CN-JS-NJ,CN-JS-NJ,,8
TRE-SYN-C-0113-09,ORD-SYN-C-0113,SHP-SYN-C-0113,2026-06-19T19:17:38+08:00,delivered,delivered,CAR-SYN-SLOW,SITE-CN-JS-NJ,CN-JS-NJ,,9
TRE-SYN-C-0114-01,ORD-SYN-C-0114,SHP-SYN-C-0114,2026-06-12T13:58:52+08:00,shipment_created,shipment_created,CAR-SYN-FAST,ORIGIN-WH-SYN-EAST,CN-JS-NJ,,1
TRE-SYN-C-0114-02,ORD-SYN-C-0114,SHP-SYN-C-0114,2026-06-12T18:26:20+08:00,carrier_picked_up,carrier_picked_up,CAR-SYN-FAST,ORIGIN-WH-SYN-EAST,CN-JS-NJ,,2
TRE-SYN-C-0114-03,ORD-SYN-C-0114,SHP-SYN-C-0114,2026-06-12T19:36:30+08:00,origin_departed,origin_departed,CAR-SYN-FAST,ORIGIN-WH-SYN-EAST,CN-JS-NJ,,3
TRE-SYN-C-0114-04,ORD-SYN-C-0114,SHP-SYN-C-0114,2026-06-12T20:40:55+08:00,in_transit,in_transit,CAR-SYN-FAST,LINEHAUL-SYN-01,CN-JS-NJ,,4
TRE-SYN-C-0114-05,ORD-SYN-C-0114,SHP-SYN-C-0114,2026-06-13T04:29:14+08:00,arrived_at_hub,arrived_at_hub,CAR-SYN-FAST,HUB-SYN-01,CN-JS-NJ,,5
TRE-SYN-C-0114-06,ORD-SYN-C-0114,SHP-SYN-C-0114,2026-06-13T07:57:37+08:00,departed_hub,departed_hub,CAR-SYN-FAST,HUB-SYN-01,CN-JS-NJ,,6
TRE-SYN-C-0114-07,ORD-SYN-C-0114,SHP-SYN-C-0114,2026-06-13T16:12:06+08:00,arrived_at_destination_city,arrived_at_destination_city,CAR-SYN-FAST,DEST-CN-JS-NJ,CN-JS-NJ,,7
TRE-SYN-C-0114-08,ORD-SYN-C-0114,SHP-SYN-C-0114,2026-06-13T20:08:23+08:00,out_for_delivery,out_for_delivery,CAR-SYN-FAST,SITE-CN-JS-NJ,CN-JS-NJ,,8
TRE-SYN-C-0114-09,ORD-SYN-C-0114,SHP-SYN-C-0114,2026-06-13T23:50:45+08:00,delivered,delivered,CAR-SYN-FAST,SITE-CN-JS-NJ,CN-JS-NJ,,9
TRE-SYN-C-0115-01,ORD-SYN-C-0115,SHP-SYN-C-0115,2026-06-12T17:11:31+08:00,shipment_created,shipment_created,CAR-SYN-FAST,ORIGIN-WH-SYN-WEST,CN-SD-QD,,1
TRE-SYN-C-0115-02,ORD-SYN-C-0115,SHP-SYN-C-0115,2026-06-12T23:07:36+08:00,carrier_picked_up,carrier_picked_up,CAR-SYN-FAST,ORIGIN-WH-SYN-WEST,CN-SD-QD,,2
TRE-SYN-C-0115-03,ORD-SYN-C-0115,SHP-SYN-C-0115,2026-06-12T23:43:42+08:00,origin_departed,origin_departed,CAR-SYN-FAST,ORIGIN-WH-SYN-WEST,CN-SD-QD,,3
TRE-SYN-C-0115-04,ORD-SYN-C-0115,SHP-SYN-C-0115,2026-06-13T01:02:48+08:00,in_transit,in_transit,CAR-SYN-FAST,LINEHAUL-SYN-01,CN-SD-QD,,4
TRE-SYN-C-0115-05,ORD-SYN-C-0115,SHP-SYN-C-0115,2026-06-13T13:14:28+08:00,arrived_at_hub,arrived_at_hub,CAR-SYN-FAST,HUB-SYN-01,CN-SD-QD,,5
TRE-SYN-C-0115-06,ORD-SYN-C-0115,SHP-SYN-C-0115,2026-06-13T17:02:04+08:00,departed_hub,departed_hub,CAR-SYN-FAST,HUB-SYN-01,CN-SD-QD,,6
TRE-SYN-C-0115-07,ORD-SYN-C-0115,SHP-SYN-C-0115,2026-06-14T02:54:43+08:00,arrived_at_destination_city,arrived_at_destination_city,CAR-SYN-FAST,DEST-CN-SD-QD,CN-SD-QD,,7
TRE-SYN-C-0115-08,ORD-SYN-C-0115,SHP-SYN-C-0115,2026-06-14T08:08:10+08:00,out_for_delivery,out_for_delivery,CAR-SYN-FAST,SITE-CN-SD-QD,CN-SD-QD,,8
TRE-SYN-C-0115-09,ORD-SYN-C-0115,SHP-SYN-C-0115,2026-06-14T13:09:58+08:00,delivered,delivered,CAR-SYN-FAST,SITE-CN-SD-QD,CN-SD-QD,,9
TRE-SYN-C-0116-01,ORD-SYN-C-0116,SHP-SYN-C-0116,2026-06-12T20:59:15+08:00,shipment_created,shipment_created,CAR-SYN-SLOW,ORIGIN-WH-SYN-EAST,CN-SD-QD,,1
TRE-SYN-C-0116-02,ORD-SYN-C-0116,SHP-SYN-C-0116,2026-06-13T18:02:16+08:00,carrier_picked_up,carrier_picked_up,CAR-SYN-SLOW,ORIGIN-WH-SYN-EAST,CN-SD-QD,,2
TRE-SYN-C-0116-03,ORD-SYN-C-0116,SHP-SYN-C-0116,2026-06-13T19:17:29+08:00,origin_departed,origin_departed,CAR-SYN-SLOW,ORIGIN-WH-SYN-EAST,CN-SD-QD,,3
TRE-SYN-C-0116-04,ORD-SYN-C-0116,SHP-SYN-C-0116,2026-06-13T20:35:27+08:00,in_transit,in_transit,CAR-SYN-SLOW,LINEHAUL-SYN-01,CN-SD-QD,,4
TRE-SYN-C-0116-05,ORD-SYN-C-0116,SHP-SYN-C-0116,2026-06-14T19:31:02+08:00,exception,exception,CAR-SYN-SLOW,LINEHAUL-SYN-01,CN-SD-QD,SYNTHETIC_DELAY,5
TRE-SYN-C-0116-06,ORD-SYN-C-0116,SHP-SYN-C-0116,2026-06-15T18:26:36+08:00,arrived_at_hub,arrived_at_hub,CAR-SYN-SLOW,HUB-SYN-01,CN-SD-QD,,6
TRE-SYN-C-0116-07,ORD-SYN-C-0116,SHP-SYN-C-0116,2026-06-15T23:35:32+08:00,departed_hub,departed_hub,CAR-SYN-SLOW,HUB-SYN-01,CN-SD-QD,,7
TRE-SYN-C-0116-08,ORD-SYN-C-0116,SHP-SYN-C-0116,2026-06-18T03:44:53+08:00,arrived_at_destination_city,arrived_at_destination_city,CAR-SYN-SLOW,DEST-CN-SD-QD,CN-SD-QD,,8
TRE-SYN-C-0116-09,ORD-SYN-C-0116,SHP-SYN-C-0116,2026-06-19T14:43:23+08:00,out_for_delivery,out_for_delivery,CAR-SYN-SLOW,SITE-CN-SD-QD,CN-SD-QD,,9
TRE-SYN-C-0116-10,ORD-SYN-C-0116,SHP-SYN-C-0116,2026-06-20T10:37:11+08:00,delivered,delivered,CAR-SYN-SLOW,SITE-CN-SD-QD,CN-SD-QD,,10
TRE-SYN-C-0117-01,ORD-SYN-C-0117,SHP-SYN-C-0117,2026-06-12T22:55:17+08:00,shipment_created,shipment_created,CAR-SYN-FAST,ORIGIN-WH-SYN-EAST,CN-SD-QD,,1
TRE-SYN-C-0117-02,ORD-SYN-C-0117,SHP-SYN-C-0117,2026-06-13T03:36:42+08:00,carrier_picked_up,carrier_picked_up,CAR-SYN-FAST,ORIGIN-WH-SYN-EAST,CN-SD-QD,,2
TRE-SYN-C-0117-03,ORD-SYN-C-0117,SHP-SYN-C-0117,2026-06-13T04:41:22+08:00,origin_departed,origin_departed,CAR-SYN-FAST,ORIGIN-WH-SYN-EAST,CN-SD-QD,,3
TRE-SYN-C-0117-04,ORD-SYN-C-0117,SHP-SYN-C-0117,2026-06-13T06:05:47+08:00,in_transit,in_transit,CAR-SYN-FAST,LINEHAUL-SYN-01,CN-SD-QD,,4
TRE-SYN-C-0117-05,ORD-SYN-C-0117,SHP-SYN-C-0117,2026-06-13T17:33:01+08:00,arrived_at_hub,arrived_at_hub,CAR-SYN-FAST,HUB-SYN-01,CN-SD-QD,,5
TRE-SYN-C-0117-06,ORD-SYN-C-0117,SHP-SYN-C-0117,2026-06-13T19:59:00+08:00,departed_hub,departed_hub,CAR-SYN-FAST,HUB-SYN-01,CN-SD-QD,,6
TRE-SYN-C-0117-07,ORD-SYN-C-0117,SHP-SYN-C-0117,2026-06-14T07:33:15+08:00,arrived_at_destination_city,arrived_at_destination_city,CAR-SYN-FAST,DEST-CN-SD-QD,CN-SD-QD,,7
TRE-SYN-C-0117-08,ORD-SYN-C-0117,SHP-SYN-C-0117,2026-06-14T10:25:10+08:00,out_for_delivery,out_for_delivery,CAR-SYN-FAST,SITE-CN-SD-QD,CN-SD-QD,,8
TRE-SYN-C-0117-09,ORD-SYN-C-0117,SHP-SYN-C-0117,2026-06-14T15:11:03+08:00,delivered,delivered,CAR-SYN-FAST,SITE-CN-SD-QD,CN-SD-QD,,9
TRE-SYN-C-0118-01,ORD-SYN-C-0118,SHP-SYN-C-0118,2026-06-12T15:19:08+08:00,shipment_created,shipment_created,CAR-SYN-SLOW,ORIGIN-WH-SYN-EAST,CN-SD-QD,,1
TRE-SYN-C-0118-02,ORD-SYN-C-0118,SHP-SYN-C-0118,2026-06-13T15:13:01+08:00,carrier_picked_up,carrier_picked_up,CAR-SYN-SLOW,ORIGIN-WH-SYN-EAST,CN-SD-QD,,2
TRE-SYN-C-0118-03,ORD-SYN-C-0118,SHP-SYN-C-0118,2026-06-13T16:14:59+08:00,origin_departed,origin_departed,CAR-SYN-SLOW,ORIGIN-WH-SYN-EAST,CN-SD-QD,,3
TRE-SYN-C-0118-04,ORD-SYN-C-0118,SHP-SYN-C-0118,2026-06-13T17:18:03+08:00,in_transit,in_transit,CAR-SYN-SLOW,LINEHAUL-SYN-01,CN-SD-QD,,4
TRE-SYN-C-0118-05,ORD-SYN-C-0118,SHP-SYN-C-0118,2026-06-14T12:51:00+08:00,exception,exception,CAR-SYN-SLOW,LINEHAUL-SYN-01,CN-SD-QD,SYNTHETIC_DELAY,5
TRE-SYN-C-0118-06,ORD-SYN-C-0118,SHP-SYN-C-0118,2026-06-15T08:23:56+08:00,arrived_at_hub,arrived_at_hub,CAR-SYN-SLOW,HUB-SYN-01,CN-SD-QD,,6
TRE-SYN-C-0118-07,ORD-SYN-C-0118,SHP-SYN-C-0118,2026-06-15T14:39:45+08:00,departed_hub,departed_hub,CAR-SYN-SLOW,HUB-SYN-01,CN-SD-QD,,7
TRE-SYN-C-0118-08,ORD-SYN-C-0118,SHP-SYN-C-0118,2026-06-17T19:42:15+08:00,arrived_at_destination_city,arrived_at_destination_city,CAR-SYN-SLOW,DEST-CN-SD-QD,CN-SD-QD,,8
TRE-SYN-C-0118-09,ORD-SYN-C-0118,SHP-SYN-C-0118,2026-06-19T00:30:37+08:00,out_for_delivery,out_for_delivery,CAR-SYN-SLOW,SITE-CN-SD-QD,CN-SD-QD,,9
TRE-SYN-C-0118-10,ORD-SYN-C-0118,SHP-SYN-C-0118,2026-06-19T21:00:46+08:00,delivered,delivered,CAR-SYN-SLOW,SITE-CN-SD-QD,CN-SD-QD,,10
TRE-SYN-C-0119-01,ORD-SYN-C-0119,SHP-SYN-C-0119,2026-06-12T17:33:17+08:00,shipment_created,shipment_created,CAR-SYN-FAST,ORIGIN-WH-SYN-EAST,CN-SD-QD,,1
TRE-SYN-C-0119-02,ORD-SYN-C-0119,SHP-SYN-C-0119,2026-06-12T23:19:33+08:00,carrier_picked_up,carrier_picked_up,CAR-SYN-FAST,ORIGIN-WH-SYN-EAST,CN-SD-QD,,2
TRE-SYN-C-0119-03,ORD-SYN-C-0119,SHP-SYN-C-0119,2026-06-12T23:53:43+08:00,origin_departed,origin_departed,CAR-SYN-FAST,ORIGIN-WH-SYN-EAST,CN-SD-QD,,3
TRE-SYN-C-0119-04,ORD-SYN-C-0119,SHP-SYN-C-0119,2026-06-13T00:31:55+08:00,in_transit,in_transit,CAR-SYN-FAST,LINEHAUL-SYN-01,CN-SD-QD,,4
TRE-SYN-C-0119-05,ORD-SYN-C-0119,SHP-SYN-C-0119,2026-06-13T07:46:52+08:00,arrived_at_hub,arrived_at_hub,CAR-SYN-FAST,HUB-SYN-01,CN-SD-QD,,5
TRE-SYN-C-0119-06,ORD-SYN-C-0119,SHP-SYN-C-0119,2026-06-13T08:57:37+08:00,departed_hub,departed_hub,CAR-SYN-FAST,HUB-SYN-01,CN-SD-QD,,6
TRE-SYN-C-0119-07,ORD-SYN-C-0119,SHP-SYN-C-0119,2026-06-14T00:20:06+08:00,arrived_at_destination_city,arrived_at_destination_city,CAR-SYN-FAST,DEST-CN-SD-QD,CN-SD-QD,,7
TRE-SYN-C-0119-08,ORD-SYN-C-0119,SHP-SYN-C-0119,2026-06-14T05:18:37+08:00,out_for_delivery,out_for_delivery,CAR-SYN-FAST,SITE-CN-SD-QD,CN-SD-QD,,8
TRE-SYN-C-0119-09,ORD-SYN-C-0119,SHP-SYN-C-0119,2026-06-14T09:17:23+08:00,delivered,delivered,CAR-SYN-FAST,SITE-CN-SD-QD,CN-SD-QD,,9
TRE-SYN-C-0120-01,ORD-SYN-C-0120,SHP-SYN-C-0120,2026-06-12T21:11:13+08:00,shipment_created,shipment_created,CAR-SYN-SLOW,ORIGIN-WH-SYN-WEST,CN-ZJ-HZ,,1
TRE-SYN-C-0120-02,ORD-SYN-C-0120,SHP-SYN-C-0120,2026-06-13T20:04:32+08:00,carrier_picked_up,carrier_picked_up,CAR-SYN-SLOW,ORIGIN-WH-SYN-WEST,CN-ZJ-HZ,,2
TRE-SYN-C-0120-03,ORD-SYN-C-0120,SHP-SYN-C-0120,2026-06-13T21:21:52+08:00,origin_departed,origin_departed,CAR-SYN-SLOW,ORIGIN-WH-SYN-WEST,CN-ZJ-HZ,,3
TRE-SYN-C-0120-04,ORD-SYN-C-0120,SHP-SYN-C-0120,2026-06-13T21:56:39+08:00,in_transit,in_transit,CAR-SYN-SLOW,LINEHAUL-SYN-01,CN-ZJ-HZ,,4
TRE-SYN-C-0120-05,ORD-SYN-C-0120,SHP-SYN-C-0120,2026-06-14T19:44:16+08:00,exception,exception,CAR-SYN-SLOW,LINEHAUL-SYN-01,CN-ZJ-HZ,SYNTHETIC_DELAY,5
TRE-SYN-C-0120-06,ORD-SYN-C-0120,SHP-SYN-C-0120,2026-06-15T17:31:52+08:00,arrived_at_hub,arrived_at_hub,CAR-SYN-SLOW,HUB-SYN-01,CN-ZJ-HZ,,6
TRE-SYN-C-0120-07,ORD-SYN-C-0120,SHP-SYN-C-0120,2026-06-15T23:32:39+08:00,departed_hub,departed_hub,CAR-SYN-SLOW,HUB-SYN-01,CN-ZJ-HZ,,7
TRE-SYN-C-0120-08,ORD-SYN-C-0120,SHP-SYN-C-0120,2026-06-17T23:48:59+08:00,arrived_at_destination_city,arrived_at_destination_city,CAR-SYN-SLOW,DEST-CN-ZJ-HZ,CN-ZJ-HZ,,8
TRE-SYN-C-0120-09,ORD-SYN-C-0120,SHP-SYN-C-0120,2026-06-19T16:28:51+08:00,out_for_delivery,out_for_delivery,CAR-SYN-SLOW,SITE-CN-ZJ-HZ,CN-ZJ-HZ,,9
TRE-SYN-C-0120-10,ORD-SYN-C-0120,SHP-SYN-C-0120,2026-06-20T10:23:29+08:00,delivered,delivered,CAR-SYN-SLOW,SITE-CN-ZJ-HZ,CN-ZJ-HZ,,10
TRE-SYN-C-0121-01,ORD-SYN-C-0121,SHP-SYN-C-0121,2026-06-13T13:23:06+08:00,shipment_created,shipment_created,CAR-SYN-FAST,ORIGIN-WH-SYN-EAST,CN-ZJ-HZ,,1
TRE-SYN-C-0121-02,ORD-SYN-C-0121,SHP-SYN-C-0121,2026-06-13T16:00:35+08:00,carrier_picked_up,carrier_picked_up,CAR-SYN-FAST,ORIGIN-WH-SYN-EAST,CN-ZJ-HZ,,2
TRE-SYN-C-0121-03,ORD-SYN-C-0121,SHP-SYN-C-0121,2026-06-13T17:06:33+08:00,origin_departed,origin_departed,CAR-SYN-FAST,ORIGIN-WH-SYN-EAST,CN-ZJ-HZ,,3
TRE-SYN-C-0121-04,ORD-SYN-C-0121,SHP-SYN-C-0121,2026-06-13T18:01:31+08:00,in_transit,in_transit,CAR-SYN-FAST,LINEHAUL-SYN-01,CN-ZJ-HZ,,4
TRE-SYN-C-0121-05,ORD-SYN-C-0121,SHP-SYN-C-0121,2026-06-14T03:51:09+08:00,arrived_at_hub,arrived_at_hub,CAR-SYN-FAST,HUB-SYN-01,CN-ZJ-HZ,,5
TRE-SYN-C-0121-06,ORD-SYN-C-0121,SHP-SYN-C-0121,2026-06-14T07:23:07+08:00,departed_hub,departed_hub,CAR-SYN-FAST,HUB-SYN-01,CN-ZJ-HZ,,6
TRE-SYN-C-0121-07,ORD-SYN-C-0121,SHP-SYN-C-0121,2026-06-14T16:28:31+08:00,arrived_at_destination_city,arrived_at_destination_city,CAR-SYN-FAST,DEST-CN-ZJ-HZ,CN-ZJ-HZ,,7
TRE-SYN-C-0121-08,ORD-SYN-C-0121,SHP-SYN-C-0121,2026-06-14T23:28:00+08:00,out_for_delivery,out_for_delivery,CAR-SYN-FAST,SITE-CN-ZJ-HZ,CN-ZJ-HZ,,8
TRE-SYN-C-0121-09,ORD-SYN-C-0121,SHP-SYN-C-0121,2026-06-15T00:33:05+08:00,delivered,delivered,CAR-SYN-FAST,SITE-CN-ZJ-HZ,CN-ZJ-HZ,,9
TRE-SYN-C-0122-01,ORD-SYN-C-0122,SHP-SYN-C-0122,2026-06-13T16:07:29+08:00,shipment_created,shipment_created,CAR-SYN-FAST,ORIGIN-WH-SYN-EAST,CN-ZJ-HZ,,1
TRE-SYN-C-0122-02,ORD-SYN-C-0122,SHP-SYN-C-0122,2026-06-13T19:22:44+08:00,carrier_picked_up,carrier_picked_up,CAR-SYN-FAST,ORIGIN-WH-SYN-EAST,CN-ZJ-HZ,,2
TRE-SYN-C-0122-03,ORD-SYN-C-0122,SHP-SYN-C-0122,2026-06-13T20:52:04+08:00,origin_departed,origin_departed,CAR-SYN-FAST,ORIGIN-WH-SYN-EAST,CN-ZJ-HZ,,3
TRE-SYN-C-0122-04,ORD-SYN-C-0122,SHP-SYN-C-0122,2026-06-13T21:43:49+08:00,in_transit,in_transit,CAR-SYN-FAST,LINEHAUL-SYN-01,CN-ZJ-HZ,,4
TRE-SYN-C-0122-05,ORD-SYN-C-0122,SHP-SYN-C-0122,2026-06-14T08:05:24+08:00,arrived_at_hub,arrived_at_hub,CAR-SYN-FAST,HUB-SYN-01,CN-ZJ-HZ,,5
TRE-SYN-C-0122-06,ORD-SYN-C-0122,SHP-SYN-C-0122,2026-06-14T09:10:11+08:00,departed_hub,departed_hub,CAR-SYN-FAST,HUB-SYN-01,CN-ZJ-HZ,,6
TRE-SYN-C-0122-07,ORD-SYN-C-0122,SHP-SYN-C-0122,2026-06-14T18:51:59+08:00,arrived_at_destination_city,arrived_at_destination_city,CAR-SYN-FAST,DEST-CN-ZJ-HZ,CN-ZJ-HZ,,7
TRE-SYN-C-0122-08,ORD-SYN-C-0122,SHP-SYN-C-0122,2026-06-14T23:55:19+08:00,out_for_delivery,out_for_delivery,CAR-SYN-FAST,SITE-CN-ZJ-HZ,CN-ZJ-HZ,,8
TRE-SYN-C-0122-09,ORD-SYN-C-0122,SHP-SYN-C-0122,2026-06-15T03:05:52+08:00,delivered,delivered,CAR-SYN-FAST,SITE-CN-ZJ-HZ,CN-ZJ-HZ,,9
TRE-SYN-C-0123-01,ORD-SYN-C-0123,SHP-SYN-C-0123,2026-06-13T20:04:59+08:00,shipment_created,shipment_created,CAR-SYN-FAST,ORIGIN-WH-SYN-EAST,CN-SD-QD,,1
TRE-SYN-C-0123-02,ORD-SYN-C-0123,SHP-SYN-C-0123,2026-06-14T01:07:36+08:00,carrier_picked_up,carrier_picked_up,CAR-SYN-FAST,ORIGIN-WH-SYN-EAST,CN-SD-QD,,2
TRE-SYN-C-0123-03,ORD-SYN-C-0123,SHP-SYN-C-0123,2026-06-14T01:58:24+08:00,origin_departed,origin_departed,CAR-SYN-FAST,ORIGIN-WH-SYN-EAST,CN-SD-QD,,3
TRE-SYN-C-0123-04,ORD-SYN-C-0123,SHP-SYN-C-0123,2026-06-14T02:41:27+08:00,in_transit,in_transit,CAR-SYN-FAST,LINEHAUL-SYN-01,CN-SD-QD,,4
TRE-SYN-C-0123-05,ORD-SYN-C-0123,SHP-SYN-C-0123,2026-06-14T13:41:33+08:00,arrived_at_hub,arrived_at_hub,CAR-SYN-FAST,HUB-SYN-01,CN-SD-QD,,5
TRE-SYN-C-0123-06,ORD-SYN-C-0123,SHP-SYN-C-0123,2026-06-14T15:16:40+08:00,departed_hub,departed_hub,CAR-SYN-FAST,HUB-SYN-01,CN-SD-QD,,6
TRE-SYN-C-0123-07,ORD-SYN-C-0123,SHP-SYN-C-0123,2026-06-15T02:44:28+08:00,arrived_at_destination_city,arrived_at_destination_city,CAR-SYN-FAST,DEST-CN-SD-QD,CN-SD-QD,,7
TRE-SYN-C-0123-08,ORD-SYN-C-0123,SHP-SYN-C-0123,2026-06-15T09:11:12+08:00,out_for_delivery,out_for_delivery,CAR-SYN-FAST,SITE-CN-SD-QD,CN-SD-QD,,8
TRE-SYN-C-0123-09,ORD-SYN-C-0123,SHP-SYN-C-0123,2026-06-15T10:53:07+08:00,delivered,delivered,CAR-SYN-FAST,SITE-CN-SD-QD,CN-SD-QD,,9
TRE-SYN-C-0124-01,ORD-SYN-C-0124,SHP-SYN-C-0124,2026-06-13T22:24:50+08:00,shipment_created,shipment_created,CAR-SYN-SLOW,ORIGIN-WH-SYN-WEST,CN-ZJ-HZ,,1
TRE-SYN-C-0124-02,ORD-SYN-C-0124,SHP-SYN-C-0124,2026-06-15T02:50:42+08:00,carrier_picked_up,carrier_picked_up,CAR-SYN-SLOW,ORIGIN-WH-SYN-WEST,CN-ZJ-HZ,,2
TRE-SYN-C-0124-03,ORD-SYN-C-0124,SHP-SYN-C-0124,2026-06-15T04:11:38+08:00,origin_departed,origin_departed,CAR-SYN-SLOW,ORIGIN-WH-SYN-WEST,CN-ZJ-HZ,,3
TRE-SYN-C-0124-04,ORD-SYN-C-0124,SHP-SYN-C-0124,2026-06-15T05:18:16+08:00,in_transit,in_transit,CAR-SYN-SLOW,LINEHAUL-SYN-01,CN-ZJ-HZ,,4
TRE-SYN-C-0124-05,ORD-SYN-C-0124,SHP-SYN-C-0124,2026-06-16T04:54:21+08:00,exception,exception,CAR-SYN-SLOW,LINEHAUL-SYN-01,CN-ZJ-HZ,SYNTHETIC_DELAY,5
TRE-SYN-C-0124-06,ORD-SYN-C-0124,SHP-SYN-C-0124,2026-06-17T04:30:26+08:00,arrived_at_hub,arrived_at_hub,CAR-SYN-SLOW,HUB-SYN-01,CN-ZJ-HZ,,6
TRE-SYN-C-0124-07,ORD-SYN-C-0124,SHP-SYN-C-0124,2026-06-17T13:29:24+08:00,departed_hub,departed_hub,CAR-SYN-SLOW,HUB-SYN-01,CN-ZJ-HZ,,7
TRE-SYN-C-0124-08,ORD-SYN-C-0124,SHP-SYN-C-0124,2026-06-19T11:12:48+08:00,arrived_at_destination_city,arrived_at_destination_city,CAR-SYN-SLOW,DEST-CN-ZJ-HZ,CN-ZJ-HZ,,8
TRE-SYN-C-0124-09,ORD-SYN-C-0124,SHP-SYN-C-0124,2026-06-21T00:55:16+08:00,out_for_delivery,out_for_delivery,CAR-SYN-SLOW,SITE-CN-ZJ-HZ,CN-ZJ-HZ,,9
TRE-SYN-C-0124-10,ORD-SYN-C-0124,SHP-SYN-C-0124,2026-06-21T22:54:32+08:00,delivered,delivered,CAR-SYN-SLOW,SITE-CN-ZJ-HZ,CN-ZJ-HZ,,10
TRE-SYN-C-0125-01,ORD-SYN-C-0125,SHP-SYN-C-0125,2026-06-13T14:26:07+08:00,shipment_created,shipment_created,CAR-SYN-STD,ORIGIN-WH-SYN-EAST,CN-HB-WH,,1
TRE-SYN-C-0125-02,ORD-SYN-C-0125,SHP-SYN-C-0125,2026-06-13T21:56:40+08:00,carrier_picked_up,carrier_picked_up,CAR-SYN-STD,ORIGIN-WH-SYN-EAST,CN-HB-WH,,2
TRE-SYN-C-0125-03,ORD-SYN-C-0125,SHP-SYN-C-0125,2026-06-13T22:47:45+08:00,origin_departed,origin_departed,CAR-SYN-STD,ORIGIN-WH-SYN-EAST,CN-HB-WH,,3
TRE-SYN-C-0125-04,ORD-SYN-C-0125,SHP-SYN-C-0125,2026-06-13T23:54:01+08:00,in_transit,in_transit,CAR-SYN-STD,LINEHAUL-SYN-01,CN-HB-WH,,4
TRE-SYN-C-0125-05,ORD-SYN-C-0125,SHP-SYN-C-0125,2026-06-14T07:09:25+08:00,arrived_at_hub,arrived_at_hub,CAR-SYN-STD,HUB-SYN-01,CN-HB-WH,,5
TRE-SYN-C-0125-06,ORD-SYN-C-0125,SHP-SYN-C-0125,2026-06-14T08:52:34+08:00,departed_hub,departed_hub,CAR-SYN-STD,HUB-SYN-01,CN-HB-WH,,6
TRE-SYN-C-0125-07,ORD-SYN-C-0125,SHP-SYN-C-0125,2026-06-14T23:57:30+08:00,arrived_at_destination_city,arrived_at_destination_city,CAR-SYN-STD,DEST-CN-HB-WH,CN-HB-WH,,7
TRE-SYN-C-0125-08,ORD-SYN-C-0125,SHP-SYN-C-0125,2026-06-15T08:09:19+08:00,out_for_delivery,out_for_delivery,CAR-SYN-STD,SITE-CN-HB-WH,CN-HB-WH,,8
TRE-SYN-C-0125-09,ORD-SYN-C-0125,SHP-SYN-C-0125,2026-06-15T10:17:40+08:00,delivered,delivered,CAR-SYN-STD,SITE-CN-HB-WH,CN-HB-WH,,9
TRE-SYN-C-0126-01,ORD-SYN-C-0126,SHP-SYN-C-0126,2026-06-13T16:48:51+08:00,shipment_created,shipment_created,CAR-SYN-SLOW,ORIGIN-WH-SYN-WEST,CN-JS-NJ,,1
TRE-SYN-C-0126-02,ORD-SYN-C-0126,SHP-SYN-C-0126,2026-06-14T15:28:35+08:00,carrier_picked_up,carrier_picked_up,CAR-SYN-SLOW,ORIGIN-WH-SYN-WEST,CN-JS-NJ,,2
TRE-SYN-C-0126-03,ORD-SYN-C-0126,SHP-SYN-C-0126,2026-06-14T16:09:03+08:00,origin_departed,origin_departed,CAR-SYN-SLOW,ORIGIN-WH-SYN-WEST,CN-JS-NJ,,3
TRE-SYN-C-0126-04,ORD-SYN-C-0126,SHP-SYN-C-0126,2026-06-14T17:29:02+08:00,in_transit,in_transit,CAR-SYN-SLOW,LINEHAUL-SYN-01,CN-JS-NJ,,4
TRE-SYN-C-0126-05,ORD-SYN-C-0126,SHP-SYN-C-0126,2026-06-15T17:09:53+08:00,exception,exception,CAR-SYN-SLOW,LINEHAUL-SYN-01,CN-JS-NJ,SYNTHETIC_DELAY,5
TRE-SYN-C-0126-06,ORD-SYN-C-0126,SHP-SYN-C-0126,2026-06-16T16:50:45+08:00,arrived_at_hub,arrived_at_hub,CAR-SYN-SLOW,HUB-SYN-01,CN-JS-NJ,,6
TRE-SYN-C-0126-07,ORD-SYN-C-0126,SHP-SYN-C-0126,2026-06-16T22:06:32+08:00,departed_hub,departed_hub,CAR-SYN-SLOW,HUB-SYN-01,CN-JS-NJ,,7
TRE-SYN-C-0126-08,ORD-SYN-C-0126,SHP-SYN-C-0126,2026-06-18T22:21:49+08:00,arrived_at_destination_city,arrived_at_destination_city,CAR-SYN-SLOW,DEST-CN-JS-NJ,CN-JS-NJ,,8
TRE-SYN-C-0126-09,ORD-SYN-C-0126,SHP-SYN-C-0126,2026-06-20T10:31:20+08:00,out_for_delivery,out_for_delivery,CAR-SYN-SLOW,SITE-CN-JS-NJ,CN-JS-NJ,,9
TRE-SYN-C-0126-10,ORD-SYN-C-0126,SHP-SYN-C-0126,2026-06-21T02:50:39+08:00,delivered,delivered,CAR-SYN-SLOW,SITE-CN-JS-NJ,CN-JS-NJ,,10
TRE-SYN-C-0127-01,ORD-SYN-C-0127,SHP-SYN-C-0127,2026-06-13T20:17:18+08:00,shipment_created,shipment_created,CAR-SYN-STD,ORIGIN-WH-SYN-EAST,CN-SD-QD,,1
TRE-SYN-C-0127-02,ORD-SYN-C-0127,SHP-SYN-C-0127,2026-06-13T23:45:45+08:00,carrier_picked_up,carrier_picked_up,CAR-SYN-STD,ORIGIN-WH-SYN-EAST,CN-SD-QD,,2
TRE-SYN-C-0127-03,ORD-SYN-C-0127,SHP-SYN-C-0127,2026-06-14T01:06:42+08:00,origin_departed,origin_departed,CAR-SYN-STD,ORIGIN-WH-SYN-EAST,CN-SD-QD,,3
TRE-SYN-C-0127-04,ORD-SYN-C-0127,SHP-SYN-C-0127,2026-06-14T02:33:32+08:00,in_transit,in_transit,CAR-SYN-STD,LINEHAUL-SYN-01,CN-SD-QD,,4
TRE-SYN-C-0127-05,ORD-SYN-C-0127,SHP-SYN-C-0127,2026-06-14T14:03:50+08:00,arrived_at_hub,arrived_at_hub,CAR-SYN-STD,HUB-SYN-01,CN-SD-QD,,5
TRE-SYN-C-0127-06,ORD-SYN-C-0127,SHP-SYN-C-0127,2026-06-14T17:55:31+08:00,departed_hub,departed_hub,CAR-SYN-STD,HUB-SYN-01,CN-SD-QD,,6
TRE-SYN-C-0127-07,ORD-SYN-C-0127,SHP-SYN-C-0127,2026-06-15T08:47:37+08:00,arrived_at_destination_city,arrived_at_destination_city,CAR-SYN-STD,DEST-CN-SD-QD,CN-SD-QD,,7
TRE-SYN-C-0127-08,ORD-SYN-C-0127,SHP-SYN-C-0127,2026-06-15T13:38:03+08:00,out_for_delivery,out_for_delivery,CAR-SYN-STD,SITE-CN-SD-QD,CN-SD-QD,,8
TRE-SYN-C-0127-09,ORD-SYN-C-0127,SHP-SYN-C-0127,2026-06-15T15:15:19+08:00,delivered,delivered,CAR-SYN-STD,SITE-CN-SD-QD,CN-SD-QD,,9
TRE-SYN-C-0128-01,ORD-SYN-C-0128,SHP-SYN-C-0128,2026-06-13T23:55:48+08:00,shipment_created,shipment_created,CAR-SYN-SLOW,ORIGIN-WH-SYN-WEST,CN-ZJ-HZ,,1
TRE-SYN-C-0128-02,ORD-SYN-C-0128,SHP-SYN-C-0128,2026-06-14T19:48:05+08:00,carrier_picked_up,carrier_picked_up,CAR-SYN-SLOW,ORIGIN-WH-SYN-WEST,CN-ZJ-HZ,,2
TRE-SYN-C-0128-03,ORD-SYN-C-0128,SHP-SYN-C-0128,2026-06-14T20:19:10+08:00,origin_departed,origin_departed,CAR-SYN-SLOW,ORIGIN-WH-SYN-WEST,CN-ZJ-HZ,,3
TRE-SYN-C-0128-04,ORD-SYN-C-0128,SHP-SYN-C-0128,2026-06-14T21:34:55+08:00,in_transit,in_transit,CAR-SYN-SLOW,LINEHAUL-SYN-01,CN-ZJ-HZ,,4
TRE-SYN-C-0128-05,ORD-SYN-C-0128,SHP-SYN-C-0128,2026-06-15T15:55:34+08:00,exception,exception,CAR-SYN-SLOW,LINEHAUL-SYN-01,CN-ZJ-HZ,SYNTHETIC_DELAY,5
TRE-SYN-C-0128-06,ORD-SYN-C-0128,SHP-SYN-C-0128,2026-06-16T10:16:13+08:00,arrived_at_hub,arrived_at_hub,CAR-SYN-SLOW,HUB-SYN-01,CN-ZJ-HZ,,6
TRE-SYN-C-0128-07,ORD-SYN-C-0128,SHP-SYN-C-0128,2026-06-16T18:45:57+08:00,departed_hub,departed_hub,CAR-SYN-SLOW,HUB-SYN-01,CN-ZJ-HZ,,7
TRE-SYN-C-0128-08,ORD-SYN-C-0128,SHP-SYN-C-0128,2026-06-19T00:47:38+08:00,arrived_at_destination_city,arrived_at_destination_city,CAR-SYN-SLOW,DEST-CN-ZJ-HZ,CN-ZJ-HZ,,8
TRE-SYN-C-0128-09,ORD-SYN-C-0128,SHP-SYN-C-0128,2026-06-20T18:35:32+08:00,out_for_delivery,out_for_delivery,CAR-SYN-SLOW,SITE-CN-ZJ-HZ,CN-ZJ-HZ,,9
TRE-SYN-C-0128-10,ORD-SYN-C-0128,SHP-SYN-C-0128,2026-06-21T14:58:09+08:00,delivered,delivered,CAR-SYN-SLOW,SITE-CN-ZJ-HZ,CN-ZJ-HZ,,10
TRE-SYN-C-0129-01,ORD-SYN-C-0129,SHP-SYN-C-0129,2026-06-13T15:18:03+08:00,shipment_created,shipment_created,CAR-SYN-FAST,ORIGIN-WH-SYN-EAST,CN-JS-NJ,,1
TRE-SYN-C-0129-02,ORD-SYN-C-0129,SHP-SYN-C-0129,2026-06-13T20:46:22+08:00,carrier_picked_up,carrier_picked_up,CAR-SYN-FAST,ORIGIN-WH-SYN-EAST,CN-JS-NJ,,2
TRE-SYN-C-0129-03,ORD-SYN-C-0129,SHP-SYN-C-0129,2026-06-13T21:59:32+08:00,origin_departed,origin_departed,CAR-SYN-FAST,ORIGIN-WH-SYN-EAST,CN-JS-NJ,,3
TRE-SYN-C-0129-04,ORD-SYN-C-0129,SHP-SYN-C-0129,2026-06-13T22:55:59+08:00,in_transit,in_transit,CAR-SYN-FAST,LINEHAUL-SYN-01,CN-JS-NJ,,4
TRE-SYN-C-0129-05,ORD-SYN-C-0129,SHP-SYN-C-0129,2026-06-14T11:30:05+08:00,arrived_at_hub,arrived_at_hub,CAR-SYN-FAST,HUB-SYN-01,CN-JS-NJ,,5
TRE-SYN-C-0129-06,ORD-SYN-C-0129,SHP-SYN-C-0129,2026-06-14T14:06:23+08:00,departed_hub,departed_hub,CAR-SYN-FAST,HUB-SYN-01,CN-JS-NJ,,6
TRE-SYN-C-0129-07,ORD-SYN-C-0129,SHP-SYN-C-0129,2026-06-15T04:30:17+08:00,arrived_at_destination_city,arrived_at_destination_city,CAR-SYN-FAST,DEST-CN-JS-NJ,CN-JS-NJ,,7
TRE-SYN-C-0129-08,ORD-SYN-C-0129,SHP-SYN-C-0129,2026-06-15T11:03:47+08:00,out_for_delivery,out_for_delivery,CAR-SYN-FAST,SITE-CN-JS-NJ,CN-JS-NJ,,8
TRE-SYN-C-0129-09,ORD-SYN-C-0129,SHP-SYN-C-0129,2026-06-15T14:12:27+08:00,delivered,delivered,CAR-SYN-FAST,SITE-CN-JS-NJ,CN-JS-NJ,,9
TRE-SYN-C-0130-01,ORD-SYN-C-0130,SHP-SYN-C-0130,2026-06-13T18:23:17+08:00,shipment_created,shipment_created,CAR-SYN-FAST,ORIGIN-WH-SYN-WEST,CN-JS-NJ,,1
TRE-SYN-C-0130-02,ORD-SYN-C-0130,SHP-SYN-C-0130,2026-06-13T23:20:39+08:00,carrier_picked_up,carrier_picked_up,CAR-SYN-FAST,ORIGIN-WH-SYN-WEST,CN-JS-NJ,,2
TRE-SYN-C-0130-03,ORD-SYN-C-0130,SHP-SYN-C-0130,2026-06-13T23:58:11+08:00,origin_departed,origin_departed,CAR-SYN-FAST,ORIGIN-WH-SYN-WEST,CN-JS-NJ,,3
TRE-SYN-C-0130-04,ORD-SYN-C-0130,SHP-SYN-C-0130,2026-06-14T00:28:52+08:00,in_transit,in_transit,CAR-SYN-FAST,LINEHAUL-SYN-01,CN-JS-NJ,,4
TRE-SYN-C-0130-05,ORD-SYN-C-0130,SHP-SYN-C-0130,2026-06-14T13:26:40+08:00,arrived_at_hub,arrived_at_hub,CAR-SYN-FAST,HUB-SYN-01,CN-JS-NJ,,5
TRE-SYN-C-0130-06,ORD-SYN-C-0130,SHP-SYN-C-0130,2026-06-14T17:06:24+08:00,departed_hub,departed_hub,CAR-SYN-FAST,HUB-SYN-01,CN-JS-NJ,,6
TRE-SYN-C-0130-07,ORD-SYN-C-0130,SHP-SYN-C-0130,2026-06-15T04:44:16+08:00,arrived_at_destination_city,arrived_at_destination_city,CAR-SYN-FAST,DEST-CN-JS-NJ,CN-JS-NJ,,7
TRE-SYN-C-0130-08,ORD-SYN-C-0130,SHP-SYN-C-0130,2026-06-15T12:55:26+08:00,out_for_delivery,out_for_delivery,CAR-SYN-FAST,SITE-CN-JS-NJ,CN-JS-NJ,,8
TRE-SYN-C-0130-09,ORD-SYN-C-0130,SHP-SYN-C-0130,2026-06-15T15:33:39+08:00,delivered,delivered,CAR-SYN-FAST,SITE-CN-JS-NJ,CN-JS-NJ,,9
TRE-SYN-C-0131-01,ORD-SYN-C-0131,SHP-SYN-C-0131,2026-06-14T21:02:20+08:00,shipment_created,shipment_created,CAR-SYN-STD,ORIGIN-WH-SYN-EAST,CN-HB-WH,,1
TRE-SYN-C-0131-02,ORD-SYN-C-0131,SHP-SYN-C-0131,2026-06-15T02:05:46+08:00,carrier_picked_up,carrier_picked_up,CAR-SYN-STD,ORIGIN-WH-SYN-EAST,CN-HB-WH,,2
TRE-SYN-C-0131-03,ORD-SYN-C-0131,SHP-SYN-C-0131,2026-06-15T03:09:19+08:00,origin_departed,origin_departed,CAR-SYN-STD,ORIGIN-WH-SYN-EAST,CN-HB-WH,,3
TRE-SYN-C-0131-04,ORD-SYN-C-0131,SHP-SYN-C-0131,2026-06-15T04:20:51+08:00,in_transit,in_transit,CAR-SYN-STD,LINEHAUL-SYN-01,CN-HB-WH,,4
TRE-SYN-C-0131-05,ORD-SYN-C-0131,SHP-SYN-C-0131,2026-06-15T14:09:29+08:00,arrived_at_hub,arrived_at_hub,CAR-SYN-STD,HUB-SYN-01,CN-HB-WH,,5
TRE-SYN-C-0131-06,ORD-SYN-C-0131,SHP-SYN-C-0131,2026-06-15T15:19:51+08:00,departed_hub,departed_hub,CAR-SYN-STD,HUB-SYN-01,CN-HB-WH,,6
TRE-SYN-C-0131-07,ORD-SYN-C-0131,SHP-SYN-C-0131,2026-06-16T07:02:58+08:00,arrived_at_destination_city,arrived_at_destination_city,CAR-SYN-STD,DEST-CN-HB-WH,CN-HB-WH,,7
TRE-SYN-C-0131-08,ORD-SYN-C-0131,SHP-SYN-C-0131,2026-06-16T12:47:09+08:00,out_for_delivery,out_for_delivery,CAR-SYN-STD,SITE-CN-HB-WH,CN-HB-WH,,8
TRE-SYN-C-0131-09,ORD-SYN-C-0131,SHP-SYN-C-0131,2026-06-16T17:05:37+08:00,delivered,delivered,CAR-SYN-STD,SITE-CN-HB-WH,CN-HB-WH,,9
TRE-SYN-C-0132-01,ORD-SYN-C-0132,SHP-SYN-C-0132,2026-06-14T13:13:50+08:00,shipment_created,shipment_created,CAR-SYN-SLOW,ORIGIN-WH-SYN-EAST,CN-JS-NJ,,1
TRE-SYN-C-0132-02,ORD-SYN-C-0132,SHP-SYN-C-0132,2026-06-15T08:56:38+08:00,carrier_picked_up,carrier_picked_up,CAR-SYN-SLOW,ORIGIN-WH-SYN-EAST,CN-JS-NJ,,2
TRE-SYN-C-0132-03,ORD-SYN-C-0132,SHP-SYN-C-0132,2026-06-15T10:04:58+08:00,origin_departed,origin_departed,CAR-SYN-SLOW,ORIGIN-WH-SYN-EAST,CN-JS-NJ,,3
TRE-SYN-C-0132-04,ORD-SYN-C-0132,SHP-SYN-C-0132,2026-06-15T11:02:09+08:00,in_transit,in_transit,CAR-SYN-SLOW,LINEHAUL-SYN-01,CN-JS-NJ,,4
TRE-SYN-C-0132-05,ORD-SYN-C-0132,SHP-SYN-C-0132,2026-06-16T07:43:07+08:00,exception,exception,CAR-SYN-SLOW,LINEHAUL-SYN-01,CN-JS-NJ,SYNTHETIC_DELAY,5
TRE-SYN-C-0132-06,ORD-SYN-C-0132,SHP-SYN-C-0132,2026-06-17T04:24:06+08:00,arrived_at_hub,arrived_at_hub,CAR-SYN-SLOW,HUB-SYN-01,CN-JS-NJ,,6
TRE-SYN-C-0132-07,ORD-SYN-C-0132,SHP-SYN-C-0132,2026-06-17T10:45:20+08:00,departed_hub,departed_hub,CAR-SYN-SLOW,HUB-SYN-01,CN-JS-NJ,,7
TRE-SYN-C-0132-08,ORD-SYN-C-0132,SHP-SYN-C-0132,2026-06-19T06:51:41+08:00,arrived_at_destination_city,arrived_at_destination_city,CAR-SYN-SLOW,DEST-CN-JS-NJ,CN-JS-NJ,,8
TRE-SYN-C-0132-09,ORD-SYN-C-0132,SHP-SYN-C-0132,2026-06-20T21:05:57+08:00,out_for_delivery,out_for_delivery,CAR-SYN-SLOW,SITE-CN-JS-NJ,CN-JS-NJ,,9
TRE-SYN-C-0132-10,ORD-SYN-C-0132,SHP-SYN-C-0132,2026-06-21T17:30:49+08:00,delivered,delivered,CAR-SYN-SLOW,SITE-CN-JS-NJ,CN-JS-NJ,,10
TRE-SYN-C-0133-01,ORD-SYN-C-0133,SHP-SYN-C-0133,2026-06-14T16:01:06+08:00,shipment_created,shipment_created,CAR-SYN-STD,ORIGIN-WH-SYN-EAST,CN-JS-NJ,,1
TRE-SYN-C-0133-02,ORD-SYN-C-0133,SHP-SYN-C-0133,2026-06-14T21:27:11+08:00,carrier_picked_up,carrier_picked_up,CAR-SYN-STD,ORIGIN-WH-SYN-EAST,CN-JS-NJ,,2
TRE-SYN-C-0133-03,ORD-SYN-C-0133,SHP-SYN-C-0133,2026-06-14T22:06:59+08:00,origin_departed,origin_departed,CAR-SYN-STD,ORIGIN-WH-SYN-EAST,CN-JS-NJ,,3
TRE-SYN-C-0133-04,ORD-SYN-C-0133,SHP-SYN-C-0133,2026-06-14T23:02:36+08:00,in_transit,in_transit,CAR-SYN-STD,LINEHAUL-SYN-01,CN-JS-NJ,,4
TRE-SYN-C-0133-05,ORD-SYN-C-0133,SHP-SYN-C-0133,2026-06-15T11:11:36+08:00,arrived_at_hub,arrived_at_hub,CAR-SYN-STD,HUB-SYN-01,CN-JS-NJ,,5
TRE-SYN-C-0133-06,ORD-SYN-C-0133,SHP-SYN-C-0133,2026-06-15T15:09:56+08:00,departed_hub,departed_hub,CAR-SYN-STD,HUB-SYN-01,CN-JS-NJ,,6
TRE-SYN-C-0133-07,ORD-SYN-C-0133,SHP-SYN-C-0133,2026-06-16T03:58:12+08:00,arrived_at_destination_city,arrived_at_destination_city,CAR-SYN-STD,DEST-CN-JS-NJ,CN-JS-NJ,,7
TRE-SYN-C-0133-08,ORD-SYN-C-0133,SHP-SYN-C-0133,2026-06-16T07:35:06+08:00,out_for_delivery,out_for_delivery,CAR-SYN-STD,SITE-CN-JS-NJ,CN-JS-NJ,,8
TRE-SYN-C-0133-09,ORD-SYN-C-0133,SHP-SYN-C-0133,2026-06-16T11:19:51+08:00,delivered,delivered,CAR-SYN-STD,SITE-CN-JS-NJ,CN-JS-NJ,,9
TRE-SYN-C-0134-01,ORD-SYN-C-0134,SHP-SYN-C-0134,2026-06-14T19:15:01+08:00,shipment_created,shipment_created,CAR-SYN-FAST,ORIGIN-WH-SYN-WEST,CN-ZJ-HZ,,1
TRE-SYN-C-0134-02,ORD-SYN-C-0134,SHP-SYN-C-0134,2026-06-15T03:08:55+08:00,carrier_picked_up,carrier_picked_up,CAR-SYN-FAST,ORIGIN-WH-SYN-WEST,CN-ZJ-HZ,,2
TRE-SYN-C-0134-03,ORD-SYN-C-0134,SHP-SYN-C-0134,2026-06-15T04:38:49+08:00,origin_departed,origin_departed,CAR-SYN-FAST,ORIGIN-WH-SYN-WEST,CN-ZJ-HZ,,3
TRE-SYN-C-0134-04,ORD-SYN-C-0134,SHP-SYN-C-0134,2026-06-15T05:44:25+08:00,in_transit,in_transit,CAR-SYN-FAST,LINEHAUL-SYN-01,CN-ZJ-HZ,,4
TRE-SYN-C-0134-05,ORD-SYN-C-0134,SHP-SYN-C-0134,2026-06-15T12:01:31+08:00,arrived_at_hub,arrived_at_hub,CAR-SYN-FAST,HUB-SYN-01,CN-ZJ-HZ,,5
TRE-SYN-C-0134-06,ORD-SYN-C-0134,SHP-SYN-C-0134,2026-06-15T13:16:03+08:00,departed_hub,departed_hub,CAR-SYN-FAST,HUB-SYN-01,CN-ZJ-HZ,,6
TRE-SYN-C-0134-07,ORD-SYN-C-0134,SHP-SYN-C-0134,2026-06-16T03:12:36+08:00,arrived_at_destination_city,arrived_at_destination_city,CAR-SYN-FAST,DEST-CN-ZJ-HZ,CN-ZJ-HZ,,7
TRE-SYN-C-0134-08,ORD-SYN-C-0134,SHP-SYN-C-0134,2026-06-16T09:50:32+08:00,out_for_delivery,out_for_delivery,CAR-SYN-FAST,SITE-CN-ZJ-HZ,CN-ZJ-HZ,,8
TRE-SYN-C-0134-09,ORD-SYN-C-0134,SHP-SYN-C-0134,2026-06-16T12:22:04+08:00,delivered,delivered,CAR-SYN-FAST,SITE-CN-ZJ-HZ,CN-ZJ-HZ,,9
TRE-SYN-C-0135-01,ORD-SYN-C-0135,SHP-SYN-C-0135,2026-06-14T22:34:54+08:00,shipment_created,shipment_created,CAR-SYN-SLOW,ORIGIN-WH-SYN-EAST,CN-JS-NJ,,1
TRE-SYN-C-0135-02,ORD-SYN-C-0135,SHP-SYN-C-0135,2026-06-16T04:05:06+08:00,carrier_picked_up,carrier_picked_up,CAR-SYN-SLOW,ORIGIN-WH-SYN-EAST,CN-JS-NJ,,2
TRE-SYN-C-0135-03,ORD-SYN-C-0135,SHP-SYN-C-0135,2026-06-16T05:16:44+08:00,origin_departed,origin_departed,CAR-SYN-SLOW,ORIGIN-WH-SYN-EAST,CN-JS-NJ,,3
TRE-SYN-C-0135-04,ORD-SYN-C-0135,SHP-SYN-C-0135,2026-06-16T06:13:32+08:00,in_transit,in_transit,CAR-SYN-SLOW,LINEHAUL-SYN-01,CN-JS-NJ,,4
TRE-SYN-C-0135-05,ORD-SYN-C-0135,SHP-SYN-C-0135,2026-06-18T05:31:09+08:00,arrived_at_hub,arrived_at_hub,CAR-SYN-SLOW,HUB-SYN-01,CN-JS-NJ,,5
TRE-SYN-C-0135-06,ORD-SYN-C-0135,SHP-SYN-C-0135,2026-06-18T12:46:01+08:00,departed_hub,departed_hub,CAR-SYN-SLOW,HUB-SYN-01,CN-JS-NJ,,6
TRE-SYN-C-0135-07,ORD-SYN-C-0135,SHP-SYN-C-0135,2026-06-20T18:35:20+08:00,arrived_at_destination_city,arrived_at_destination_city,CAR-SYN-SLOW,DEST-CN-JS-NJ,CN-JS-NJ,,7
TRE-SYN-C-0135-08,ORD-SYN-C-0135,SHP-SYN-C-0135,2026-06-22T11:24:17+08:00,out_for_delivery,out_for_delivery,CAR-SYN-SLOW,SITE-CN-JS-NJ,CN-JS-NJ,,8
TRE-SYN-C-0135-09,ORD-SYN-C-0135,SHP-SYN-C-0135,2026-06-23T04:05:33+08:00,delivered,delivered,CAR-SYN-SLOW,SITE-CN-JS-NJ,CN-JS-NJ,,9
TRE-SYN-C-0136-01,ORD-SYN-C-0136,SHP-SYN-C-0136,2026-06-14T13:51:38+08:00,shipment_created,shipment_created,CAR-SYN-STD,ORIGIN-WH-SYN-WEST,CN-ZJ-HZ,,1
TRE-SYN-C-0136-02,ORD-SYN-C-0136,SHP-SYN-C-0136,2026-06-14T18:05:52+08:00,carrier_picked_up,carrier_picked_up,CAR-SYN-STD,ORIGIN-WH-SYN-WEST,CN-ZJ-HZ,,2
TRE-SYN-C-0136-03,ORD-SYN-C-0136,SHP-SYN-C-0136,2026-06-14T19:12:03+08:00,origin_departed,origin_departed,CAR-SYN-STD,ORIGIN-WH-SYN-WEST,CN-ZJ-HZ,,3
TRE-SYN-C-0136-04,ORD-SYN-C-0136,SHP-SYN-C-0136,2026-06-14T20:10:28+08:00,in_transit,in_transit,CAR-SYN-STD,LINEHAUL-SYN-01,CN-ZJ-HZ,,4
TRE-SYN-C-0136-05,ORD-SYN-C-0136,SHP-SYN-C-0136,2026-06-15T06:54:09+08:00,arrived_at_hub,arrived_at_hub,CAR-SYN-STD,HUB-SYN-01,CN-ZJ-HZ,,5
TRE-SYN-C-0136-06,ORD-SYN-C-0136,SHP-SYN-C-0136,2026-06-15T09:27:09+08:00,departed_hub,departed_hub,CAR-SYN-STD,HUB-SYN-01,CN-ZJ-HZ,,6
TRE-SYN-C-0136-07,ORD-SYN-C-0136,SHP-SYN-C-0136,2026-06-15T21:18:42+08:00,arrived_at_destination_city,arrived_at_destination_city,CAR-SYN-STD,DEST-CN-ZJ-HZ,CN-ZJ-HZ,,7
TRE-SYN-C-0136-08,ORD-SYN-C-0136,SHP-SYN-C-0136,2026-06-16T04:31:32+08:00,out_for_delivery,out_for_delivery,CAR-SYN-STD,SITE-CN-ZJ-HZ,CN-ZJ-HZ,,8
TRE-SYN-C-0136-09,ORD-SYN-C-0136,SHP-SYN-C-0136,2026-06-16T08:19:55+08:00,delivered,delivered,CAR-SYN-STD,SITE-CN-ZJ-HZ,CN-ZJ-HZ,,9
TRE-SYN-C-0137-01,ORD-SYN-C-0137,SHP-SYN-C-0137,2026-06-14T17:27:09+08:00,shipment_created,shipment_created,CAR-SYN-STD,ORIGIN-WH-SYN-EAST,CN-SD-QD,,1
TRE-SYN-C-0137-02,ORD-SYN-C-0137,SHP-SYN-C-0137,2026-06-15T00:23:19+08:00,carrier_picked_up,carrier_picked_up,CAR-SYN-STD,ORIGIN-WH-SYN-EAST,CN-SD-QD,,2
TRE-SYN-C-0137-03,ORD-SYN-C-0137,SHP-SYN-C-0137,2026-06-15T01:22:07+08:00,origin_departed,origin_departed,CAR-SYN-STD,ORIGIN-WH-SYN-EAST,CN-SD-QD,,3
TRE-SYN-C-0137-04,ORD-SYN-C-0137,SHP-SYN-C-0137,2026-06-15T02:42:58+08:00,in_transit,in_transit,CAR-SYN-STD,LINEHAUL-SYN-01,CN-SD-QD,,4
TRE-SYN-C-0137-05,ORD-SYN-C-0137,SHP-SYN-C-0137,2026-06-15T11:22:31+08:00,arrived_at_hub,arrived_at_hub,CAR-SYN-STD,HUB-SYN-01,CN-SD-QD,,5
TRE-SYN-C-0137-06,ORD-SYN-C-0137,SHP-SYN-C-0137,2026-06-15T14:03:59+08:00,departed_hub,departed_hub,CAR-SYN-STD,HUB-SYN-01,CN-SD-QD,,6
TRE-SYN-C-0137-07,ORD-SYN-C-0137,SHP-SYN-C-0137,2026-06-16T04:50:08+08:00,arrived_at_destination_city,arrived_at_destination_city,CAR-SYN-STD,DEST-CN-SD-QD,CN-SD-QD,,7
TRE-SYN-C-0137-08,ORD-SYN-C-0137,SHP-SYN-C-0137,2026-06-16T08:55:21+08:00,out_for_delivery,out_for_delivery,CAR-SYN-STD,SITE-CN-SD-QD,CN-SD-QD,,8
TRE-SYN-C-0137-09,ORD-SYN-C-0137,SHP-SYN-C-0137,2026-06-16T11:01:35+08:00,delivered,delivered,CAR-SYN-STD,SITE-CN-SD-QD,CN-SD-QD,,9
TRE-SYN-C-0138-01,ORD-SYN-C-0138,SHP-SYN-C-0138,2026-06-14T20:02:20+08:00,shipment_created,shipment_created,CAR-SYN-FAST,ORIGIN-WH-SYN-WEST,CN-JS-NJ,,1
TRE-SYN-C-0138-02,ORD-SYN-C-0138,SHP-SYN-C-0138,2026-06-14T23:39:18+08:00,carrier_picked_up,carrier_picked_up,CAR-SYN-FAST,ORIGIN-WH-SYN-WEST,CN-JS-NJ,,2
TRE-SYN-C-0138-03,ORD-SYN-C-0138,SHP-SYN-C-0138,2026-06-15T00:40:31+08:00,origin_departed,origin_departed,CAR-SYN-FAST,ORIGIN-WH-SYN-WEST,CN-JS-NJ,,3
TRE-SYN-C-0138-04,ORD-SYN-C-0138,SHP-SYN-C-0138,2026-06-15T01:30:51+08:00,in_transit,in_transit,CAR-SYN-FAST,LINEHAUL-SYN-01,CN-JS-NJ,,4
TRE-SYN-C-0138-05,ORD-SYN-C-0138,SHP-SYN-C-0138,2026-06-15T12:32:48+08:00,arrived_at_hub,arrived_at_hub,CAR-SYN-FAST,HUB-SYN-01,CN-JS-NJ,,5
TRE-SYN-C-0138-06,ORD-SYN-C-0138,SHP-SYN-C-0138,2026-06-15T13:36:50+08:00,departed_hub,departed_hub,CAR-SYN-FAST,HUB-SYN-01,CN-JS-NJ,,6
TRE-SYN-C-0138-07,ORD-SYN-C-0138,SHP-SYN-C-0138,2026-06-15T22:52:08+08:00,arrived_at_destination_city,arrived_at_destination_city,CAR-SYN-FAST,DEST-CN-JS-NJ,CN-JS-NJ,,7
TRE-SYN-C-0138-08,ORD-SYN-C-0138,SHP-SYN-C-0138,2026-06-16T03:29:58+08:00,out_for_delivery,out_for_delivery,CAR-SYN-FAST,SITE-CN-JS-NJ,CN-JS-NJ,,8
TRE-SYN-C-0138-09,ORD-SYN-C-0138,SHP-SYN-C-0138,2026-06-16T07:25:10+08:00,delivered,delivered,CAR-SYN-FAST,SITE-CN-JS-NJ,CN-JS-NJ,,9
TRE-SYN-C-0139-01,ORD-SYN-C-0139,SHP-SYN-C-0139,2026-06-14T22:47:44+08:00,shipment_created,shipment_created,CAR-SYN-SLOW,ORIGIN-WH-SYN-EAST,CN-JS-NJ,,1
TRE-SYN-C-0139-02,ORD-SYN-C-0139,SHP-SYN-C-0139,2026-06-16T00:20:10+08:00,carrier_picked_up,carrier_picked_up,CAR-SYN-SLOW,ORIGIN-WH-SYN-EAST,CN-JS-NJ,,2
TRE-SYN-C-0139-03,ORD-SYN-C-0139,SHP-SYN-C-0139,2026-06-16T01:08:16+08:00,origin_departed,origin_departed,CAR-SYN-SLOW,ORIGIN-WH-SYN-EAST,CN-JS-NJ,,3
TRE-SYN-C-0139-04,ORD-SYN-C-0139,SHP-SYN-C-0139,2026-06-16T02:30:41+08:00,in_transit,in_transit,CAR-SYN-SLOW,LINEHAUL-SYN-01,CN-JS-NJ,,4
TRE-SYN-C-0139-05,ORD-SYN-C-0139,SHP-SYN-C-0139,2026-06-17T23:22:59+08:00,arrived_at_hub,arrived_at_hub,CAR-SYN-SLOW,HUB-SYN-01,CN-JS-NJ,,5
TRE-SYN-C-0139-06,ORD-SYN-C-0139,SHP-SYN-C-0139,2026-06-18T07:22:59+08:00,departed_hub,departed_hub,CAR-SYN-SLOW,HUB-SYN-01,CN-JS-NJ,,6
TRE-SYN-C-0139-07,ORD-SYN-C-0139,SHP-SYN-C-0139,2026-06-20T10:00:08+08:00,arrived_at_destination_city,arrived_at_destination_city,CAR-SYN-SLOW,DEST-CN-JS-NJ,CN-JS-NJ,,7
TRE-SYN-C-0139-08,ORD-SYN-C-0139,SHP-SYN-C-0139,2026-06-22T01:03:08+08:00,out_for_delivery,out_for_delivery,CAR-SYN-SLOW,SITE-CN-JS-NJ,CN-JS-NJ,,8
TRE-SYN-C-0139-09,ORD-SYN-C-0139,SHP-SYN-C-0139,2026-06-22T22:26:40+08:00,delivered,delivered,CAR-SYN-SLOW,SITE-CN-JS-NJ,CN-JS-NJ,,9
TRE-SYN-C-0140-01,ORD-SYN-C-0140,SHP-SYN-C-0140,2026-06-14T15:39:32+08:00,shipment_created,shipment_created,CAR-SYN-STD,ORIGIN-WH-SYN-EAST,CN-SD-QD,,1
TRE-SYN-C-0140-02,ORD-SYN-C-0140,SHP-SYN-C-0140,2026-06-14T19:45:41+08:00,carrier_picked_up,carrier_picked_up,CAR-SYN-STD,ORIGIN-WH-SYN-EAST,CN-SD-QD,,2
TRE-SYN-C-0140-03,ORD-SYN-C-0140,SHP-SYN-C-0140,2026-06-14T20:36:39+08:00,origin_departed,origin_departed,CAR-SYN-STD,ORIGIN-WH-SYN-EAST,CN-SD-QD,,3
TRE-SYN-C-0140-04,ORD-SYN-C-0140,SHP-SYN-C-0140,2026-06-14T21:50:14+08:00,in_transit,in_transit,CAR-SYN-STD,LINEHAUL-SYN-01,CN-SD-QD,,4
TRE-SYN-C-0140-05,ORD-SYN-C-0140,SHP-SYN-C-0140,2026-06-15T10:27:37+08:00,arrived_at_hub,arrived_at_hub,CAR-SYN-STD,HUB-SYN-01,CN-SD-QD,,5
TRE-SYN-C-0140-06,ORD-SYN-C-0140,SHP-SYN-C-0140,2026-06-15T14:09:30+08:00,departed_hub,departed_hub,CAR-SYN-STD,HUB-SYN-01,CN-SD-QD,,6
TRE-SYN-C-0140-07,ORD-SYN-C-0140,SHP-SYN-C-0140,2026-06-16T02:09:56+08:00,arrived_at_destination_city,arrived_at_destination_city,CAR-SYN-STD,DEST-CN-SD-QD,CN-SD-QD,,7
TRE-SYN-C-0140-08,ORD-SYN-C-0140,SHP-SYN-C-0140,2026-06-16T09:15:24+08:00,out_for_delivery,out_for_delivery,CAR-SYN-STD,SITE-CN-SD-QD,CN-SD-QD,,8
TRE-SYN-C-0140-09,ORD-SYN-C-0140,SHP-SYN-C-0140,2026-06-16T12:49:00+08:00,delivered,delivered,CAR-SYN-STD,SITE-CN-SD-QD,CN-SD-QD,,9
TRE-SYN-C-0141-01,ORD-SYN-C-0141,SHP-SYN-C-0141,2026-06-15T18:03:15+08:00,shipment_created,shipment_created,CAR-SYN-SLOW,ORIGIN-WH-SYN-EAST,CN-SD-QD,,1
TRE-SYN-C-0141-02,ORD-SYN-C-0141,SHP-SYN-C-0141,2026-06-16T14:33:17+08:00,carrier_picked_up,carrier_picked_up,CAR-SYN-SLOW,ORIGIN-WH-SYN-EAST,CN-SD-QD,,2
TRE-SYN-C-0141-03,ORD-SYN-C-0141,SHP-SYN-C-0141,2026-06-16T15:50:10+08:00,origin_departed,origin_departed,CAR-SYN-SLOW,ORIGIN-WH-SYN-EAST,CN-SD-QD,,3
TRE-SYN-C-0141-04,ORD-SYN-C-0141,SHP-SYN-C-0141,2026-06-16T17:17:47+08:00,in_transit,in_transit,CAR-SYN-SLOW,LINEHAUL-SYN-01,CN-SD-QD,,4
TRE-SYN-C-0141-05,ORD-SYN-C-0141,SHP-SYN-C-0141,2026-06-18T05:21:35+08:00,arrived_at_hub,arrived_at_hub,CAR-SYN-SLOW,HUB-SYN-01,CN-SD-QD,,5
TRE-SYN-C-0141-06,ORD-SYN-C-0141,SHP-SYN-C-0141,2026-06-18T14:01:52+08:00,departed_hub,departed_hub,CAR-SYN-SLOW,HUB-SYN-01,CN-SD-QD,,6
TRE-SYN-C-0141-07,ORD-SYN-C-0141,SHP-SYN-C-0141,2026-06-20T04:02:54+08:00,arrived_at_destination_city,arrived_at_destination_city,CAR-SYN-SLOW,DEST-CN-SD-QD,CN-SD-QD,,7
TRE-SYN-C-0141-08,ORD-SYN-C-0141,SHP-SYN-C-0141,2026-06-21T08:40:03+08:00,out_for_delivery,out_for_delivery,CAR-SYN-SLOW,SITE-CN-SD-QD,CN-SD-QD,,8
TRE-SYN-C-0141-09,ORD-SYN-C-0141,SHP-SYN-C-0141,2026-06-22T01:07:33+08:00,delivered,delivered,CAR-SYN-SLOW,SITE-CN-SD-QD,CN-SD-QD,,9
TRE-SYN-C-0142-01,ORD-SYN-C-0142,SHP-SYN-C-0142,2026-06-15T21:46:49+08:00,shipment_created,shipment_created,CAR-SYN-STD,ORIGIN-WH-SYN-EAST,CN-JS-NJ,,1
TRE-SYN-C-0142-02,ORD-SYN-C-0142,SHP-SYN-C-0142,2026-06-16T03:05:34+08:00,carrier_picked_up,carrier_picked_up,CAR-SYN-STD,ORIGIN-WH-SYN-EAST,CN-JS-NJ,,2
TRE-SYN-C-0142-03,ORD-SYN-C-0142,SHP-SYN-C-0142,2026-06-16T04:34:31+08:00,origin_departed,origin_departed,CAR-SYN-STD,ORIGIN-WH-SYN-EAST,CN-JS-NJ,,3
TRE-SYN-C-0142-04,ORD-SYN-C-0142,SHP-SYN-C-0142,2026-06-16T05:31:33+08:00,in_transit,in_transit,CAR-SYN-STD,LINEHAUL-SYN-01,CN-JS-NJ,,4
TRE-SYN-C-0142-05,ORD-SYN-C-0142,SHP-SYN-C-0142,2026-06-16T16:34:15+08:00,arrived_at_hub,arrived_at_hub,CAR-SYN-STD,HUB-SYN-01,CN-JS-NJ,,5
TRE-SYN-C-0142-06,ORD-SYN-C-0142,SHP-SYN-C-0142,2026-06-16T19:37:12+08:00,departed_hub,departed_hub,CAR-SYN-STD,HUB-SYN-01,CN-JS-NJ,,6
TRE-SYN-C-0142-07,ORD-SYN-C-0142,SHP-SYN-C-0142,2026-06-17T04:35:27+08:00,arrived_at_destination_city,arrived_at_destination_city,CAR-SYN-STD,DEST-CN-JS-NJ,CN-JS-NJ,,7
TRE-SYN-C-0142-08,ORD-SYN-C-0142,SHP-SYN-C-0142,2026-06-17T07:24:31+08:00,out_for_delivery,out_for_delivery,CAR-SYN-STD,SITE-CN-JS-NJ,CN-JS-NJ,,8
TRE-SYN-C-0142-09,ORD-SYN-C-0142,SHP-SYN-C-0142,2026-06-17T10:08:19+08:00,delivered,delivered,CAR-SYN-STD,SITE-CN-JS-NJ,CN-JS-NJ,,9
TRE-SYN-C-0143-01,ORD-SYN-C-0143,SHP-SYN-C-0143,2026-06-15T12:49:39+08:00,shipment_created,shipment_created,CAR-SYN-FAST,ORIGIN-WH-SYN-EAST,CN-JS-NJ,,1
TRE-SYN-C-0143-02,ORD-SYN-C-0143,SHP-SYN-C-0143,2026-06-15T19:21:38+08:00,carrier_picked_up,carrier_picked_up,CAR-SYN-FAST,ORIGIN-WH-SYN-EAST,CN-JS-NJ,,2
TRE-SYN-C-0143-03,ORD-SYN-C-0143,SHP-SYN-C-0143,2026-06-15T19:54:11+08:00,origin_departed,origin_departed,CAR-SYN-FAST,ORIGIN-WH-SYN-EAST,CN-JS-NJ,,3
TRE-SYN-C-0143-04,ORD-SYN-C-0143,SHP-SYN-C-0143,2026-06-15T20:40:58+08:00,in_transit,in_transit,CAR-SYN-FAST,LINEHAUL-SYN-01,CN-JS-NJ,,4
TRE-SYN-C-0143-05,ORD-SYN-C-0143,SHP-SYN-C-0143,2026-06-16T06:19:06+08:00,arrived_at_hub,arrived_at_hub,CAR-SYN-FAST,HUB-SYN-01,CN-JS-NJ,,5
TRE-SYN-C-0143-06,ORD-SYN-C-0143,SHP-SYN-C-0143,2026-06-16T07:19:59+08:00,departed_hub,departed_hub,CAR-SYN-FAST,HUB-SYN-01,CN-JS-NJ,,6
TRE-SYN-C-0143-07,ORD-SYN-C-0143,SHP-SYN-C-0143,2026-06-16T18:07:46+08:00,arrived_at_destination_city,arrived_at_destination_city,CAR-SYN-FAST,DEST-CN-JS-NJ,CN-JS-NJ,,7
TRE-SYN-C-0143-08,ORD-SYN-C-0143,SHP-SYN-C-0143,2026-06-17T02:48:37+08:00,out_for_delivery,out_for_delivery,CAR-SYN-FAST,SITE-CN-JS-NJ,CN-JS-NJ,,8
TRE-SYN-C-0143-09,ORD-SYN-C-0143,SHP-SYN-C-0143,2026-06-17T07:20:18+08:00,delivered,delivered,CAR-SYN-FAST,SITE-CN-JS-NJ,CN-JS-NJ,,9
TRE-SYN-C-0144-01,ORD-SYN-C-0144,SHP-SYN-C-0144,2026-06-15T16:34:11+08:00,shipment_created,shipment_created,CAR-SYN-STD,ORIGIN-WH-SYN-WEST,CN-ZJ-HZ,,1
TRE-SYN-C-0144-02,ORD-SYN-C-0144,SHP-SYN-C-0144,2026-06-15T22:47:21+08:00,carrier_picked_up,carrier_picked_up,CAR-SYN-STD,ORIGIN-WH-SYN-WEST,CN-ZJ-HZ,,2
TRE-SYN-C-0144-03,ORD-SYN-C-0144,SHP-SYN-C-0144,2026-06-15T23:22:55+08:00,origin_departed,origin_departed,CAR-SYN-STD,ORIGIN-WH-SYN-WEST,CN-ZJ-HZ,,3
TRE-SYN-C-0144-04,ORD-SYN-C-0144,SHP-SYN-C-0144,2026-06-16T00:39:05+08:00,in_transit,in_transit,CAR-SYN-STD,LINEHAUL-SYN-01,CN-ZJ-HZ,,4
TRE-SYN-C-0144-05,ORD-SYN-C-0144,SHP-SYN-C-0144,2026-06-16T11:51:25+08:00,arrived_at_hub,arrived_at_hub,CAR-SYN-STD,HUB-SYN-01,CN-ZJ-HZ,,5
TRE-SYN-C-0144-06,ORD-SYN-C-0144,SHP-SYN-C-0144,2026-06-16T12:54:49+08:00,departed_hub,departed_hub,CAR-SYN-STD,HUB-SYN-01,CN-ZJ-HZ,,6
TRE-SYN-C-0144-07,ORD-SYN-C-0144,SHP-SYN-C-0144,2026-06-17T00:31:34+08:00,arrived_at_destination_city,arrived_at_destination_city,CAR-SYN-STD,DEST-CN-ZJ-HZ,CN-ZJ-HZ,,7
TRE-SYN-C-0144-08,ORD-SYN-C-0144,SHP-SYN-C-0144,2026-06-17T05:19:38+08:00,out_for_delivery,out_for_delivery,CAR-SYN-STD,SITE-CN-ZJ-HZ,CN-ZJ-HZ,,8
TRE-SYN-C-0144-09,ORD-SYN-C-0144,SHP-SYN-C-0144,2026-06-17T06:38:49+08:00,delivered,delivered,CAR-SYN-STD,SITE-CN-ZJ-HZ,CN-ZJ-HZ,,9
TRE-SYN-C-0145-01,ORD-SYN-C-0145,SHP-SYN-C-0145,2026-06-15T18:28:02+08:00,shipment_created,shipment_created,CAR-SYN-FAST,ORIGIN-WH-SYN-WEST,CN-ZJ-HZ,,1
TRE-SYN-C-0145-02,ORD-SYN-C-0145,SHP-SYN-C-0145,2026-06-16T01:25:07+08:00,carrier_picked_up,carrier_picked_up,CAR-SYN-FAST,ORIGIN-WH-SYN-WEST,CN-ZJ-HZ,,2
TRE-SYN-C-0145-03,ORD-SYN-C-0145,SHP-SYN-C-0145,2026-06-16T02:38:35+08:00,origin_departed,origin_departed,CAR-SYN-FAST,ORIGIN-WH-SYN-WEST,CN-ZJ-HZ,,3
TRE-SYN-C-0145-04,ORD-SYN-C-0145,SHP-SYN-C-0145,2026-06-16T03:20:43+08:00,in_transit,in_transit,CAR-SYN-FAST,LINEHAUL-SYN-01,CN-ZJ-HZ,,4
TRE-SYN-C-0145-05,ORD-SYN-C-0145,SHP-SYN-C-0145,2026-06-16T13:46:35+08:00,arrived_at_hub,arrived_at_hub,CAR-SYN-FAST,HUB-SYN-01,CN-ZJ-HZ,,5
TRE-SYN-C-0145-06,ORD-SYN-C-0145,SHP-SYN-C-0145,2026-06-16T16:44:01+08:00,departed_hub,departed_hub,CAR-SYN-FAST,HUB-SYN-01,CN-ZJ-HZ,,6
TRE-SYN-C-0145-07,ORD-SYN-C-0145,SHP-SYN-C-0145,2026-06-17T08:36:50+08:00,arrived_at_destination_city,arrived_at_destination_city,CAR-SYN-FAST,DEST-CN-ZJ-HZ,CN-ZJ-HZ,,7
TRE-SYN-C-0145-08,ORD-SYN-C-0145,SHP-SYN-C-0145,2026-06-17T12:44:29+08:00,out_for_delivery,out_for_delivery,CAR-SYN-FAST,SITE-CN-ZJ-HZ,CN-ZJ-HZ,,8
TRE-SYN-C-0145-09,ORD-SYN-C-0145,SHP-SYN-C-0145,2026-06-17T13:49:03+08:00,delivered,delivered,CAR-SYN-FAST,SITE-CN-ZJ-HZ,CN-ZJ-HZ,,9
TRE-SYN-C-0146-01,ORD-SYN-C-0146,SHP-SYN-C-0146,2026-06-15T22:17:23+08:00,shipment_created,shipment_created,CAR-SYN-STD,ORIGIN-WH-SYN-EAST,CN-SD-QD,,1
TRE-SYN-C-0146-02,ORD-SYN-C-0146,SHP-SYN-C-0146,2026-06-16T02:20:38+08:00,carrier_picked_up,carrier_picked_up,CAR-SYN-STD,ORIGIN-WH-SYN-EAST,CN-SD-QD,,2
TRE-SYN-C-0146-03,ORD-SYN-C-0146,SHP-SYN-C-0146,2026-06-16T02:55:33+08:00,origin_departed,origin_departed,CAR-SYN-STD,ORIGIN-WH-SYN-EAST,CN-SD-QD,,3
TRE-SYN-C-0146-04,ORD-SYN-C-0146,SHP-SYN-C-0146,2026-06-16T03:53:48+08:00,in_transit,in_transit,CAR-SYN-STD,LINEHAUL-SYN-01,CN-SD-QD,,4
TRE-SYN-C-0146-05,ORD-SYN-C-0146,SHP-SYN-C-0146,2026-06-16T15:10:55+08:00,arrived_at_hub,arrived_at_hub,CAR-SYN-STD,HUB-SYN-01,CN-SD-QD,,5
TRE-SYN-C-0146-06,ORD-SYN-C-0146,SHP-SYN-C-0146,2026-06-16T18:31:57+08:00,departed_hub,departed_hub,CAR-SYN-STD,HUB-SYN-01,CN-SD-QD,,6
TRE-SYN-C-0146-07,ORD-SYN-C-0146,SHP-SYN-C-0146,2026-06-17T03:49:18+08:00,arrived_at_destination_city,arrived_at_destination_city,CAR-SYN-STD,DEST-CN-SD-QD,CN-SD-QD,,7
TRE-SYN-C-0146-08,ORD-SYN-C-0146,SHP-SYN-C-0146,2026-06-17T08:05:50+08:00,out_for_delivery,out_for_delivery,CAR-SYN-STD,SITE-CN-SD-QD,CN-SD-QD,,8
TRE-SYN-C-0146-09,ORD-SYN-C-0146,SHP-SYN-C-0146,2026-06-17T12:17:47+08:00,delivered,delivered,CAR-SYN-STD,SITE-CN-SD-QD,CN-SD-QD,,9
TRE-SYN-C-0147-01,ORD-SYN-C-0147,SHP-SYN-C-0147,2026-06-15T14:40:04+08:00,shipment_created,shipment_created,CAR-SYN-SLOW,ORIGIN-WH-SYN-WEST,CN-JS-NJ,,1
TRE-SYN-C-0147-02,ORD-SYN-C-0147,SHP-SYN-C-0147,2026-06-16T20:06:13+08:00,carrier_picked_up,carrier_picked_up,CAR-SYN-SLOW,ORIGIN-WH-SYN-WEST,CN-JS-NJ,,2
TRE-SYN-C-0147-03,ORD-SYN-C-0147,SHP-SYN-C-0147,2026-06-16T21:24:57+08:00,origin_departed,origin_departed,CAR-SYN-SLOW,ORIGIN-WH-SYN-WEST,CN-JS-NJ,,3
TRE-SYN-C-0147-04,ORD-SYN-C-0147,SHP-SYN-C-0147,2026-06-16T22:37:05+08:00,in_transit,in_transit,CAR-SYN-SLOW,LINEHAUL-SYN-01,CN-JS-NJ,,4
TRE-SYN-C-0147-05,ORD-SYN-C-0147,SHP-SYN-C-0147,2026-06-18T23:55:40+08:00,arrived_at_hub,arrived_at_hub,CAR-SYN-SLOW,HUB-SYN-01,CN-JS-NJ,,5
TRE-SYN-C-0147-06,ORD-SYN-C-0147,SHP-SYN-C-0147,2026-06-19T05:07:19+08:00,departed_hub,departed_hub,CAR-SYN-SLOW,HUB-SYN-01,CN-JS-NJ,,6
TRE-SYN-C-0147-07,ORD-SYN-C-0147,SHP-SYN-C-0147,2026-06-21T05:33:05+08:00,arrived_at_destination_city,arrived_at_destination_city,CAR-SYN-SLOW,DEST-CN-JS-NJ,CN-JS-NJ,,7
TRE-SYN-C-0147-08,ORD-SYN-C-0147,SHP-SYN-C-0147,2026-06-22T10:42:19+08:00,out_for_delivery,out_for_delivery,CAR-SYN-SLOW,SITE-CN-JS-NJ,CN-JS-NJ,,8
TRE-SYN-C-0147-09,ORD-SYN-C-0147,SHP-SYN-C-0147,2026-06-23T03:31:26+08:00,delivered,delivered,CAR-SYN-SLOW,SITE-CN-JS-NJ,CN-JS-NJ,,9
TRE-SYN-C-0148-01,ORD-SYN-C-0148,SHP-SYN-C-0148,2026-06-15T16:51:22+08:00,shipment_created,shipment_created,CAR-SYN-SLOW,ORIGIN-WH-SYN-EAST,CN-SD-QD,,1
TRE-SYN-C-0148-02,ORD-SYN-C-0148,SHP-SYN-C-0148,2026-06-16T16:20:50+08:00,carrier_picked_up,carrier_picked_up,CAR-SYN-SLOW,ORIGIN-WH-SYN-EAST,CN-SD-QD,,2
TRE-SYN-C-0148-03,ORD-SYN-C-0148,SHP-SYN-C-0148,2026-06-16T16:54:05+08:00,origin_departed,origin_departed,CAR-SYN-SLOW,ORIGIN-WH-SYN-EAST,CN-SD-QD,,3
TRE-SYN-C-0148-04,ORD-SYN-C-0148,SHP-SYN-C-0148,2026-06-16T17:31:30+08:00,in_transit,in_transit,CAR-SYN-SLOW,LINEHAUL-SYN-01,CN-SD-QD,,4
TRE-SYN-C-0148-05,ORD-SYN-C-0148,SHP-SYN-C-0148,2026-06-17T16:38:58+08:00,exception,exception,CAR-SYN-SLOW,LINEHAUL-SYN-01,CN-SD-QD,SYNTHETIC_DELAY,5
TRE-SYN-C-0148-06,ORD-SYN-C-0148,SHP-SYN-C-0148,2026-06-18T15:46:26+08:00,arrived_at_hub,arrived_at_hub,CAR-SYN-SLOW,HUB-SYN-01,CN-SD-QD,,6
TRE-SYN-C-0148-07,ORD-SYN-C-0148,SHP-SYN-C-0148,2026-06-19T00:44:25+08:00,departed_hub,departed_hub,CAR-SYN-SLOW,HUB-SYN-01,CN-SD-QD,,7
TRE-SYN-C-0148-08,ORD-SYN-C-0148,SHP-SYN-C-0148,2026-06-21T04:58:27+08:00,arrived_at_destination_city,arrived_at_destination_city,CAR-SYN-SLOW,DEST-CN-SD-QD,CN-SD-QD,,8
TRE-SYN-C-0148-09,ORD-SYN-C-0148,SHP-SYN-C-0148,2026-06-22T13:45:35+08:00,out_for_delivery,out_for_delivery,CAR-SYN-SLOW,SITE-CN-SD-QD,CN-SD-QD,,9
TRE-SYN-C-0148-10,ORD-SYN-C-0148,SHP-SYN-C-0148,2026-06-23T11:37:22+08:00,delivered,delivered,CAR-SYN-SLOW,SITE-CN-SD-QD,CN-SD-QD,,10
TRE-SYN-C-0149-01,ORD-SYN-C-0149,SHP-SYN-C-0149,2026-06-15T20:43:05+08:00,shipment_created,shipment_created,CAR-SYN-STD,ORIGIN-WH-SYN-EAST,CN-ZJ-HZ,,1
TRE-SYN-C-0149-02,ORD-SYN-C-0149,SHP-SYN-C-0149,2026-06-16T00:13:40+08:00,carrier_picked_up,carrier_picked_up,CAR-SYN-STD,ORIGIN-WH-SYN-EAST,CN-ZJ-HZ,,2
TRE-SYN-C-0149-03,ORD-SYN-C-0149,SHP-SYN-C-0149,2026-06-16T01:25:23+08:00,origin_departed,origin_departed,CAR-SYN-STD,ORIGIN-WH-SYN-EAST,CN-ZJ-HZ,,3
TRE-SYN-C-0149-04,ORD-SYN-C-0149,SHP-SYN-C-0149,2026-06-16T02:03:04+08:00,in_transit,in_transit,CAR-SYN-STD,LINEHAUL-SYN-01,CN-ZJ-HZ,,4
TRE-SYN-C-0149-05,ORD-SYN-C-0149,SHP-SYN-C-0149,2026-06-16T10:48:10+08:00,arrived_at_hub,arrived_at_hub,CAR-SYN-STD,HUB-SYN-01,CN-ZJ-HZ,,5
TRE-SYN-C-0149-06,ORD-SYN-C-0149,SHP-SYN-C-0149,2026-06-16T12:14:22+08:00,departed_hub,departed_hub,CAR-SYN-STD,HUB-SYN-01,CN-ZJ-HZ,,6
TRE-SYN-C-0149-07,ORD-SYN-C-0149,SHP-SYN-C-0149,2026-06-16T20:28:28+08:00,arrived_at_destination_city,arrived_at_destination_city,CAR-SYN-STD,DEST-CN-ZJ-HZ,CN-ZJ-HZ,,7
TRE-SYN-C-0149-08,ORD-SYN-C-0149,SHP-SYN-C-0149,2026-06-17T00:00:13+08:00,out_for_delivery,out_for_delivery,CAR-SYN-STD,SITE-CN-ZJ-HZ,CN-ZJ-HZ,,8
TRE-SYN-C-0149-09,ORD-SYN-C-0149,SHP-SYN-C-0149,2026-06-17T04:34:14+08:00,delivered,delivered,CAR-SYN-STD,SITE-CN-ZJ-HZ,CN-ZJ-HZ,,9
TRE-SYN-C-0150-01,ORD-SYN-C-0150,SHP-SYN-C-0150,2026-06-15T22:50:50+08:00,shipment_created,shipment_created,CAR-SYN-FAST,ORIGIN-WH-SYN-EAST,CN-JS-NJ,,1
TRE-SYN-C-0150-02,ORD-SYN-C-0150,SHP-SYN-C-0150,2026-06-16T01:59:38+08:00,carrier_picked_up,carrier_picked_up,CAR-SYN-FAST,ORIGIN-WH-SYN-EAST,CN-JS-NJ,,2
TRE-SYN-C-0150-03,ORD-SYN-C-0150,SHP-SYN-C-0150,2026-06-16T03:24:59+08:00,origin_departed,origin_departed,CAR-SYN-FAST,ORIGIN-WH-SYN-EAST,CN-JS-NJ,,3
TRE-SYN-C-0150-04,ORD-SYN-C-0150,SHP-SYN-C-0150,2026-06-16T04:50:01+08:00,in_transit,in_transit,CAR-SYN-FAST,LINEHAUL-SYN-01,CN-JS-NJ,,4
TRE-SYN-C-0150-05,ORD-SYN-C-0150,SHP-SYN-C-0150,2026-06-16T12:03:10+08:00,arrived_at_hub,arrived_at_hub,CAR-SYN-FAST,HUB-SYN-01,CN-JS-NJ,,5
TRE-SYN-C-0150-06,ORD-SYN-C-0150,SHP-SYN-C-0150,2026-06-16T14:12:30+08:00,departed_hub,departed_hub,CAR-SYN-FAST,HUB-SYN-01,CN-JS-NJ,,6
TRE-SYN-C-0150-07,ORD-SYN-C-0150,SHP-SYN-C-0150,2026-06-17T00:19:16+08:00,arrived_at_destination_city,arrived_at_destination_city,CAR-SYN-FAST,DEST-CN-JS-NJ,CN-JS-NJ,,7
TRE-SYN-C-0150-08,ORD-SYN-C-0150,SHP-SYN-C-0150,2026-06-17T05:12:34+08:00,out_for_delivery,out_for_delivery,CAR-SYN-FAST,SITE-CN-JS-NJ,CN-JS-NJ,,8
TRE-SYN-C-0150-09,ORD-SYN-C-0150,SHP-SYN-C-0150,2026-06-17T10:49:13+08:00,delivered,delivered,CAR-SYN-FAST,SITE-CN-JS-NJ,CN-JS-NJ,,9
TRE-SYN-C-0151-01,ORD-SYN-C-0151,SHP-SYN-C-0151,2026-06-16T15:11:01+08:00,shipment_created,shipment_created,CAR-SYN-FAST,ORIGIN-WH-SYN-EAST,CN-SD-QD,,1
TRE-SYN-C-0151-02,ORD-SYN-C-0151,SHP-SYN-C-0151,2026-06-16T20:27:05+08:00,carrier_picked_up,carrier_picked_up,CAR-SYN-FAST,ORIGIN-WH-SYN-EAST,CN-SD-QD,,2
TRE-SYN-C-0151-03,ORD-SYN-C-0151,SHP-SYN-C-0151,2026-06-16T21:02:07+08:00,origin_departed,origin_departed,CAR-SYN-FAST,ORIGIN-WH-SYN-EAST,CN-SD-QD,,3
TRE-SYN-C-0151-04,ORD-SYN-C-0151,SHP-SYN-C-0151,2026-06-16T22:20:28+08:00,in_transit,in_transit,CAR-SYN-FAST,LINEHAUL-SYN-01,CN-SD-QD,,4
TRE-SYN-C-0151-05,ORD-SYN-C-0151,SHP-SYN-C-0151,2026-06-17T10:38:11+08:00,arrived_at_hub,arrived_at_hub,CAR-SYN-FAST,HUB-SYN-01,CN-SD-QD,,5
TRE-SYN-C-0151-06,ORD-SYN-C-0151,SHP-SYN-C-0151,2026-06-17T14:37:43+08:00,departed_hub,departed_hub,CAR-SYN-FAST,HUB-SYN-01,CN-SD-QD,,6
TRE-SYN-C-0151-07,ORD-SYN-C-0151,SHP-SYN-C-0151,2026-06-18T01:08:55+08:00,arrived_at_destination_city,arrived_at_destination_city,CAR-SYN-FAST,DEST-CN-SD-QD,CN-SD-QD,,7
TRE-SYN-C-0151-08,ORD-SYN-C-0151,SHP-SYN-C-0151,2026-06-18T06:58:11+08:00,out_for_delivery,out_for_delivery,CAR-SYN-FAST,SITE-CN-SD-QD,CN-SD-QD,,8
TRE-SYN-C-0151-09,ORD-SYN-C-0151,SHP-SYN-C-0151,2026-06-18T10:40:58+08:00,delivered,delivered,CAR-SYN-FAST,SITE-CN-SD-QD,CN-SD-QD,,9
TRE-SYN-C-0152-01,ORD-SYN-C-0152,SHP-SYN-C-0152,2026-06-16T17:52:06+08:00,shipment_created,shipment_created,CAR-SYN-FAST,ORIGIN-WH-SYN-EAST,CN-HB-WH,,1
TRE-SYN-C-0152-02,ORD-SYN-C-0152,SHP-SYN-C-0152,2026-06-16T21:06:43+08:00,carrier_picked_up,carrier_picked_up,CAR-SYN-FAST,ORIGIN-WH-SYN-EAST,CN-HB-WH,,2
TRE-SYN-C-0152-03,ORD-SYN-C-0152,SHP-SYN-C-0152,2026-06-16T21:45:02+08:00,origin_departed,origin_departed,CAR-SYN-FAST,ORIGIN-WH-SYN-EAST,CN-HB-WH,,3
TRE-SYN-C-0152-04,ORD-SYN-C-0152,SHP-SYN-C-0152,2026-06-16T22:35:58+08:00,in_transit,in_transit,CAR-SYN-FAST,LINEHAUL-SYN-01,CN-HB-WH,,4
TRE-SYN-C-0152-05,ORD-SYN-C-0152,SHP-SYN-C-0152,2026-06-17T05:15:52+08:00,arrived_at_hub,arrived_at_hub,CAR-SYN-FAST,HUB-SYN-01,CN-HB-WH,,5
TRE-SYN-C-0152-06,ORD-SYN-C-0152,SHP-SYN-C-0152,2026-06-17T07:50:21+08:00,departed_hub,departed_hub,CAR-SYN-FAST,HUB-SYN-01,CN-HB-WH,,6
TRE-SYN-C-0152-07,ORD-SYN-C-0152,SHP-SYN-C-0152,2026-06-17T16:51:55+08:00,arrived_at_destination_city,arrived_at_destination_city,CAR-SYN-FAST,DEST-CN-HB-WH,CN-HB-WH,,7
TRE-SYN-C-0152-08,ORD-SYN-C-0152,SHP-SYN-C-0152,2026-06-17T21:43:59+08:00,out_for_delivery,out_for_delivery,CAR-SYN-FAST,SITE-CN-HB-WH,CN-HB-WH,,8
TRE-SYN-C-0152-09,ORD-SYN-C-0152,SHP-SYN-C-0152,2026-06-17T22:50:08+08:00,delivered,delivered,CAR-SYN-FAST,SITE-CN-HB-WH,CN-HB-WH,,9
TRE-SYN-C-0153-01,ORD-SYN-C-0153,SHP-SYN-C-0153,2026-06-16T21:16:52+08:00,shipment_created,shipment_created,CAR-SYN-SLOW,ORIGIN-WH-SYN-WEST,CN-HB-WH,,1
TRE-SYN-C-0153-02,ORD-SYN-C-0153,SHP-SYN-C-0153,2026-06-17T21:58:51+08:00,carrier_picked_up,carrier_picked_up,CAR-SYN-SLOW,ORIGIN-WH-SYN-WEST,CN-HB-WH,,2
TRE-SYN-C-0153-03,ORD-SYN-C-0153,SHP-SYN-C-0153,2026-06-17T22:50:51+08:00,origin_departed,origin_departed,CAR-SYN-SLOW,ORIGIN-WH-SYN-WEST,CN-HB-WH,,3
TRE-SYN-C-0153-04,ORD-SYN-C-0153,SHP-SYN-C-0153,2026-06-17T23:53:33+08:00,in_transit,in_transit,CAR-SYN-SLOW,LINEHAUL-SYN-01,CN-HB-WH,,4
TRE-SYN-C-0153-05,ORD-SYN-C-0153,SHP-SYN-C-0153,2026-06-19T22:52:34+08:00,arrived_at_hub,arrived_at_hub,CAR-SYN-SLOW,HUB-SYN-01,CN-HB-WH,,5
TRE-SYN-C-0153-06,ORD-SYN-C-0153,SHP-SYN-C-0153,2026-06-20T04:03:44+08:00,departed_hub,departed_hub,CAR-SYN-SLOW,HUB-SYN-01,CN-HB-WH,,6
TRE-SYN-C-0153-07,ORD-SYN-C-0153,SHP-SYN-C-0153,2026-06-22T04:14:41+08:00,arrived_at_destination_city,arrived_at_destination_city,CAR-SYN-SLOW,DEST-CN-HB-WH,CN-HB-WH,,7
TRE-SYN-C-0153-08,ORD-SYN-C-0153,SHP-SYN-C-0153,2026-06-23T13:01:06+08:00,out_for_delivery,out_for_delivery,CAR-SYN-SLOW,SITE-CN-HB-WH,CN-HB-WH,,8
TRE-SYN-C-0153-09,ORD-SYN-C-0153,SHP-SYN-C-0153,2026-06-24T06:29:53+08:00,delivered,delivered,CAR-SYN-SLOW,SITE-CN-HB-WH,CN-HB-WH,,9
TRE-SYN-C-0154-01,ORD-SYN-C-0154,SHP-SYN-C-0154,2026-06-16T13:43:42+08:00,shipment_created,shipment_created,CAR-SYN-SLOW,ORIGIN-WH-SYN-EAST,CN-JS-NJ,,1
TRE-SYN-C-0154-02,ORD-SYN-C-0154,SHP-SYN-C-0154,2026-06-17T18:53:22+08:00,carrier_picked_up,carrier_picked_up,CAR-SYN-SLOW,ORIGIN-WH-SYN-EAST,CN-JS-NJ,,2
TRE-SYN-C-0154-03,ORD-SYN-C-0154,SHP-SYN-C-0154,2026-06-17T19:28:08+08:00,origin_departed,origin_departed,CAR-SYN-SLOW,ORIGIN-WH-SYN-EAST,CN-JS-NJ,,3
TRE-SYN-C-0154-04,ORD-SYN-C-0154,SHP-SYN-C-0154,2026-06-17T20:03:17+08:00,in_transit,in_transit,CAR-SYN-SLOW,LINEHAUL-SYN-01,CN-JS-NJ,,4
TRE-SYN-C-0154-05,ORD-SYN-C-0154,SHP-SYN-C-0154,2026-06-18T21:21:59+08:00,exception,exception,CAR-SYN-SLOW,LINEHAUL-SYN-01,CN-JS-NJ,SYNTHETIC_DELAY,5
TRE-SYN-C-0154-06,ORD-SYN-C-0154,SHP-SYN-C-0154,2026-06-19T22:40:41+08:00,arrived_at_hub,arrived_at_hub,CAR-SYN-SLOW,HUB-SYN-01,CN-JS-NJ,,6
TRE-SYN-C-0154-07,ORD-SYN-C-0154,SHP-SYN-C-0154,2026-06-20T07:40:56+08:00,departed_hub,departed_hub,CAR-SYN-SLOW,HUB-SYN-01,CN-JS-NJ,,7
TRE-SYN-C-0154-08,ORD-SYN-C-0154,SHP-SYN-C-0154,2026-06-22T10:33:58+08:00,arrived_at_destination_city,arrived_at_destination_city,CAR-SYN-SLOW,DEST-CN-JS-NJ,CN-JS-NJ,,8
TRE-SYN-C-0154-09,ORD-SYN-C-0154,SHP-SYN-C-0154,2026-06-24T04:15:59+08:00,out_for_delivery,out_for_delivery,CAR-SYN-SLOW,SITE-CN-JS-NJ,CN-JS-NJ,,9
TRE-SYN-C-0154-10,ORD-SYN-C-0154,SHP-SYN-C-0154,2026-06-24T20:59:49+08:00,delivered,delivered,CAR-SYN-SLOW,SITE-CN-JS-NJ,CN-JS-NJ,,10
TRE-SYN-C-0155-01,ORD-SYN-C-0155,SHP-SYN-C-0155,2026-06-16T16:08:49+08:00,shipment_created,shipment_created,CAR-SYN-SLOW,ORIGIN-WH-SYN-WEST,CN-JS-NJ,,1
TRE-SYN-C-0155-02,ORD-SYN-C-0155,SHP-SYN-C-0155,2026-06-17T17:16:51+08:00,carrier_picked_up,carrier_picked_up,CAR-SYN-SLOW,ORIGIN-WH-SYN-WEST,CN-JS-NJ,,2
TRE-SYN-C-0155-03,ORD-SYN-C-0155,SHP-SYN-C-0155,2026-06-17T18:45:11+08:00,origin_departed,origin_departed,CAR-SYN-SLOW,ORIGIN-WH-SYN-WEST,CN-JS-NJ,,3
TRE-SYN-C-0155-04,ORD-SYN-C-0155,SHP-SYN-C-0155,2026-06-17T19:50:37+08:00,in_transit,in_transit,CAR-SYN-SLOW,LINEHAUL-SYN-01,CN-JS-NJ,,4
TRE-SYN-C-0155-05,ORD-SYN-C-0155,SHP-SYN-C-0155,2026-06-19T15:02:02+08:00,arrived_at_hub,arrived_at_hub,CAR-SYN-SLOW,HUB-SYN-01,CN-JS-NJ,,5
TRE-SYN-C-0155-06,ORD-SYN-C-0155,SHP-SYN-C-0155,2026-06-20T00:59:19+08:00,departed_hub,departed_hub,CAR-SYN-SLOW,HUB-SYN-01,CN-JS-NJ,,6
TRE-SYN-C-0155-07,ORD-SYN-C-0155,SHP-SYN-C-0155,2026-06-22T04:15:43+08:00,arrived_at_destination_city,arrived_at_destination_city,CAR-SYN-SLOW,DEST-CN-JS-NJ,CN-JS-NJ,,7
TRE-SYN-C-0155-08,ORD-SYN-C-0155,SHP-SYN-C-0155,2026-06-23T18:13:17+08:00,out_for_delivery,out_for_delivery,CAR-SYN-SLOW,SITE-CN-JS-NJ,CN-JS-NJ,,8
TRE-SYN-C-0155-09,ORD-SYN-C-0155,SHP-SYN-C-0155,2026-06-24T08:22:41+08:00,delivered,delivered,CAR-SYN-SLOW,SITE-CN-JS-NJ,CN-JS-NJ,,9
TRE-SYN-C-0156-01,ORD-SYN-C-0156,SHP-SYN-C-0156,2026-06-16T19:24:26+08:00,shipment_created,shipment_created,CAR-SYN-SLOW,ORIGIN-WH-SYN-EAST,CN-ZJ-HZ,,1
TRE-SYN-C-0156-02,ORD-SYN-C-0156,SHP-SYN-C-0156,2026-06-18T00:37:26+08:00,carrier_picked_up,carrier_picked_up,CAR-SYN-SLOW,ORIGIN-WH-SYN-EAST,CN-ZJ-HZ,,2
TRE-SYN-C-0156-03,ORD-SYN-C-0156,SHP-SYN-C-0156,2026-06-18T01:51:10+08:00,origin_departed,origin_departed,CAR-SYN-SLOW,ORIGIN-WH-SYN-EAST,CN-ZJ-HZ,,3
TRE-SYN-C-0156-04,ORD-SYN-C-0156,SHP-SYN-C-0156,2026-06-18T03:20:20+08:00,in_transit,in_transit,CAR-SYN-SLOW,LINEHAUL-SYN-01,CN-ZJ-HZ,,4
TRE-SYN-C-0156-05,ORD-SYN-C-0156,SHP-SYN-C-0156,2026-06-18T21:27:50+08:00,exception,exception,CAR-SYN-SLOW,LINEHAUL-SYN-01,CN-ZJ-HZ,SYNTHETIC_DELAY,5
TRE-SYN-C-0156-06,ORD-SYN-C-0156,SHP-SYN-C-0156,2026-06-19T15:35:19+08:00,arrived_at_hub,arrived_at_hub,CAR-SYN-SLOW,HUB-SYN-01,CN-ZJ-HZ,,6
TRE-SYN-C-0156-07,ORD-SYN-C-0156,SHP-SYN-C-0156,2026-06-20T01:29:36+08:00,departed_hub,departed_hub,CAR-SYN-SLOW,HUB-SYN-01,CN-ZJ-HZ,,7
TRE-SYN-C-0156-08,ORD-SYN-C-0156,SHP-SYN-C-0156,2026-06-21T19:23:36+08:00,arrived_at_destination_city,arrived_at_destination_city,CAR-SYN-SLOW,DEST-CN-ZJ-HZ,CN-ZJ-HZ,,8
TRE-SYN-C-0156-09,ORD-SYN-C-0156,SHP-SYN-C-0156,2026-06-23T09:51:22+08:00,out_for_delivery,out_for_delivery,CAR-SYN-SLOW,SITE-CN-ZJ-HZ,CN-ZJ-HZ,,9
TRE-SYN-C-0156-10,ORD-SYN-C-0156,SHP-SYN-C-0156,2026-06-24T06:07:21+08:00,delivered,delivered,CAR-SYN-SLOW,SITE-CN-ZJ-HZ,CN-ZJ-HZ,,10
TRE-SYN-C-0157-01,ORD-SYN-C-0157,SHP-SYN-C-0157,2026-06-16T21:54:19+08:00,shipment_created,shipment_created,CAR-SYN-STD,ORIGIN-WH-SYN-EAST,CN-ZJ-HZ,,1
TRE-SYN-C-0157-02,ORD-SYN-C-0157,SHP-SYN-C-0157,2026-06-17T04:27:17+08:00,carrier_picked_up,carrier_picked_up,CAR-SYN-STD,ORIGIN-WH-SYN-EAST,CN-ZJ-HZ,,2
TRE-SYN-C-0157-03,ORD-SYN-C-0157,SHP-SYN-C-0157,2026-06-17T05:44:39+08:00,origin_departed,origin_departed,CAR-SYN-STD,ORIGIN-WH-SYN-EAST,CN-ZJ-HZ,,3
TRE-SYN-C-0157-04,ORD-SYN-C-0157,SHP-SYN-C-0157,2026-06-17T06:23:30+08:00,in_transit,in_transit,CAR-SYN-STD,LINEHAUL-SYN-01,CN-ZJ-HZ,,4
TRE-SYN-C-0157-05,ORD-SYN-C-0157,SHP-SYN-C-0157,2026-06-17T14:37:49+08:00,arrived_at_hub,arrived_at_hub,CAR-SYN-STD,HUB-SYN-01,CN-ZJ-HZ,,5
TRE-SYN-C-0157-06,ORD-SYN-C-0157,SHP-SYN-C-0157,2026-06-17T16:39:00+08:00,departed_hub,departed_hub,CAR-SYN-STD,HUB-SYN-01,CN-ZJ-HZ,,6
TRE-SYN-C-0157-07,ORD-SYN-C-0157,SHP-SYN-C-0157,2026-06-18T02:20:14+08:00,arrived_at_destination_city,arrived_at_destination_city,CAR-SYN-STD,DEST-CN-ZJ-HZ,CN-ZJ-HZ,,7
TRE-SYN-C-0157-08,ORD-SYN-C-0157,SHP-SYN-C-0157,2026-06-18T05:47:33+08:00,out_for_delivery,out_for_delivery,CAR-SYN-STD,SITE-CN-ZJ-HZ,CN-ZJ-HZ,,8
TRE-SYN-C-0157-09,ORD-SYN-C-0157,SHP-SYN-C-0157,2026-06-18T08:08:21+08:00,delivered,delivered,CAR-SYN-STD,SITE-CN-ZJ-HZ,CN-ZJ-HZ,,9
TRE-SYN-C-0158-01,ORD-SYN-C-0158,SHP-SYN-C-0158,2026-06-16T14:27:54+08:00,shipment_created,shipment_created,CAR-SYN-FAST,ORIGIN-WH-SYN-EAST,CN-ZJ-HZ,,1
TRE-SYN-C-0158-02,ORD-SYN-C-0158,SHP-SYN-C-0158,2026-06-16T18:07:28+08:00,carrier_picked_up,carrier_picked_up,CAR-SYN-FAST,ORIGIN-WH-SYN-EAST,CN-ZJ-HZ,,2
TRE-SYN-C-0158-03,ORD-SYN-C-0158,SHP-SYN-C-0158,2026-06-16T19:29:34+08:00,origin_departed,origin_departed,CAR-SYN-FAST,ORIGIN-WH-SYN-EAST,CN-ZJ-HZ,,3
TRE-SYN-C-0158-04,ORD-SYN-C-0158,SHP-SYN-C-0158,2026-06-16T20:12:17+08:00,in_transit,in_transit,CAR-SYN-FAST,LINEHAUL-SYN-01,CN-ZJ-HZ,,4
TRE-SYN-C-0158-05,ORD-SYN-C-0158,SHP-SYN-C-0158,2026-06-17T06:32:00+08:00,arrived_at_hub,arrived_at_hub,CAR-SYN-FAST,HUB-SYN-01,CN-ZJ-HZ,,5
TRE-SYN-C-0158-06,ORD-SYN-C-0158,SHP-SYN-C-0158,2026-06-17T09:11:39+08:00,departed_hub,departed_hub,CAR-SYN-FAST,HUB-SYN-01,CN-ZJ-HZ,,6
TRE-SYN-C-0158-07,ORD-SYN-C-0158,SHP-SYN-C-0158,2026-06-17T20:03:20+08:00,arrived_at_destination_city,arrived_at_destination_city,CAR-SYN-FAST,DEST-CN-ZJ-HZ,CN-ZJ-HZ,,7
TRE-SYN-C-0158-08,ORD-SYN-C-0158,SHP-SYN-C-0158,2026-06-17T22:53:01+08:00,out_for_delivery,out_for_delivery,CAR-SYN-FAST,SITE-CN-ZJ-HZ,CN-ZJ-HZ,,8
TRE-SYN-C-0158-09,ORD-SYN-C-0158,SHP-SYN-C-0158,2026-06-17T23:56:09+08:00,delivered,delivered,CAR-SYN-FAST,SITE-CN-ZJ-HZ,CN-ZJ-HZ,,9
TRE-SYN-C-0159-01,ORD-SYN-C-0159,SHP-SYN-C-0159,2026-06-16T17:37:57+08:00,shipment_created,shipment_created,CAR-SYN-SLOW,ORIGIN-WH-SYN-EAST,CN-HB-WH,,1
TRE-SYN-C-0159-02,ORD-SYN-C-0159,SHP-SYN-C-0159,2026-06-17T13:56:43+08:00,carrier_picked_up,carrier_picked_up,CAR-SYN-SLOW,ORIGIN-WH-SYN-EAST,CN-HB-WH,,2
TRE-SYN-C-0159-03,ORD-SYN-C-0159,SHP-SYN-C-0159,2026-06-17T14:30:22+08:00,origin_departed,origin_departed,CAR-SYN-SLOW,ORIGIN-WH-SYN-EAST,CN-HB-WH,,3
TRE-SYN-C-0159-04,ORD-SYN-C-0159,SHP-SYN-C-0159,2026-06-17T15:52:15+08:00,in_transit,in_transit,CAR-SYN-SLOW,LINEHAUL-SYN-01,CN-HB-WH,,4
TRE-SYN-C-0159-05,ORD-SYN-C-0159,SHP-SYN-C-0159,2026-06-19T04:30:59+08:00,arrived_at_hub,arrived_at_hub,CAR-SYN-SLOW,HUB-SYN-01,CN-HB-WH,,5
TRE-SYN-C-0159-06,ORD-SYN-C-0159,SHP-SYN-C-0159,2026-06-19T13:54:37+08:00,departed_hub,departed_hub,CAR-SYN-SLOW,HUB-SYN-01,CN-HB-WH,,6
TRE-SYN-C-0159-07,ORD-SYN-C-0159,SHP-SYN-C-0159,2026-06-21T12:36:30+08:00,arrived_at_destination_city,arrived_at_destination_city,CAR-SYN-SLOW,DEST-CN-HB-WH,CN-HB-WH,,7
TRE-SYN-C-0159-08,ORD-SYN-C-0159,SHP-SYN-C-0159,2026-06-22T17:08:48+08:00,out_for_delivery,out_for_delivery,CAR-SYN-SLOW,SITE-CN-HB-WH,CN-HB-WH,,8
TRE-SYN-C-0159-09,ORD-SYN-C-0159,SHP-SYN-C-0159,2026-06-23T12:42:04+08:00,delivered,delivered,CAR-SYN-SLOW,SITE-CN-HB-WH,CN-HB-WH,,9
TRE-SYN-C-0160-01,ORD-SYN-C-0160,SHP-SYN-C-0160,2026-06-16T20:20:35+08:00,shipment_created,shipment_created,CAR-SYN-STD,ORIGIN-WH-SYN-EAST,CN-ZJ-HZ,,1
TRE-SYN-C-0160-02,ORD-SYN-C-0160,SHP-SYN-C-0160,2026-06-16T22:59:54+08:00,carrier_picked_up,carrier_picked_up,CAR-SYN-STD,ORIGIN-WH-SYN-EAST,CN-ZJ-HZ,,2
TRE-SYN-C-0160-03,ORD-SYN-C-0160,SHP-SYN-C-0160,2026-06-17T00:29:24+08:00,origin_departed,origin_departed,CAR-SYN-STD,ORIGIN-WH-SYN-EAST,CN-ZJ-HZ,,3
TRE-SYN-C-0160-04,ORD-SYN-C-0160,SHP-SYN-C-0160,2026-06-17T01:06:13+08:00,in_transit,in_transit,CAR-SYN-STD,LINEHAUL-SYN-01,CN-ZJ-HZ,,4
TRE-SYN-C-0160-05,ORD-SYN-C-0160,SHP-SYN-C-0160,2026-06-17T08:58:59+08:00,arrived_at_hub,arrived_at_hub,CAR-SYN-STD,HUB-SYN-01,CN-ZJ-HZ,,5
TRE-SYN-C-0160-06,ORD-SYN-C-0160,SHP-SYN-C-0160,2026-06-17T12:43:27+08:00,departed_hub,departed_hub,CAR-SYN-STD,HUB-SYN-01,CN-ZJ-HZ,,6
TRE-SYN-C-0160-07,ORD-SYN-C-0160,SHP-SYN-C-0160,2026-06-17T22:46:45+08:00,arrived_at_destination_city,arrived_at_destination_city,CAR-SYN-STD,DEST-CN-ZJ-HZ,CN-ZJ-HZ,,7
TRE-SYN-C-0160-08,ORD-SYN-C-0160,SHP-SYN-C-0160,2026-06-18T01:09:42+08:00,out_for_delivery,out_for_delivery,CAR-SYN-STD,SITE-CN-ZJ-HZ,CN-ZJ-HZ,,8
TRE-SYN-C-0160-09,ORD-SYN-C-0160,SHP-SYN-C-0160,2026-06-18T06:36:08+08:00,delivered,delivered,CAR-SYN-STD,SITE-CN-ZJ-HZ,CN-ZJ-HZ,,9
TRE-SYN-C-0161-01,ORD-SYN-C-0161,SHP-SYN-C-0161,2026-06-17T23:12:42+08:00,shipment_created,shipment_created,CAR-SYN-FAST,ORIGIN-WH-SYN-EAST,CN-ZJ-HZ,,1
TRE-SYN-C-0161-02,ORD-SYN-C-0161,SHP-SYN-C-0161,2026-06-18T03:17:58+08:00,carrier_picked_up,carrier_picked_up,CAR-SYN-FAST,ORIGIN-WH-SYN-EAST,CN-ZJ-HZ,,2
TRE-SYN-C-0161-03,ORD-SYN-C-0161,SHP-SYN-C-0161,2026-06-18T04:46:25+08:00,origin_departed,origin_departed,CAR-SYN-FAST,ORIGIN-WH-SYN-EAST,CN-ZJ-HZ,,3
TRE-SYN-C-0161-04,ORD-SYN-C-0161,SHP-SYN-C-0161,2026-06-18T06:12:45+08:00,in_transit,in_transit,CAR-SYN-FAST,LINEHAUL-SYN-01,CN-ZJ-HZ,,4
TRE-SYN-C-0161-05,ORD-SYN-C-0161,SHP-SYN-C-0161,2026-06-18T14:27:29+08:00,arrived_at_hub,arrived_at_hub,CAR-SYN-FAST,HUB-SYN-01,CN-ZJ-HZ,,5
TRE-SYN-C-0161-06,ORD-SYN-C-0161,SHP-SYN-C-0161,2026-06-18T15:35:44+08:00,departed_hub,departed_hub,CAR-SYN-FAST,HUB-SYN-01,CN-ZJ-HZ,,6
TRE-SYN-C-0161-07,ORD-SYN-C-0161,SHP-SYN-C-0161,2026-06-19T04:16:20+08:00,arrived_at_destination_city,arrived_at_destination_city,CAR-SYN-FAST,DEST-CN-ZJ-HZ,CN-ZJ-HZ,,7
TRE-SYN-C-0161-08,ORD-SYN-C-0161,SHP-SYN-C-0161,2026-06-19T08:04:25+08:00,out_for_delivery,out_for_delivery,CAR-SYN-FAST,SITE-CN-ZJ-HZ,CN-ZJ-HZ,,8
TRE-SYN-C-0161-09,ORD-SYN-C-0161,SHP-SYN-C-0161,2026-06-19T13:28:59+08:00,delivered,delivered,CAR-SYN-FAST,SITE-CN-ZJ-HZ,CN-ZJ-HZ,,9
TRE-SYN-C-0162-01,ORD-SYN-C-0162,SHP-SYN-C-0162,2026-06-17T14:55:07+08:00,shipment_created,shipment_created,CAR-SYN-FAST,ORIGIN-WH-SYN-WEST,CN-ZJ-HZ,,1
TRE-SYN-C-0162-02,ORD-SYN-C-0162,SHP-SYN-C-0162,2026-06-17T18:08:55+08:00,carrier_picked_up,carrier_picked_up,CAR-SYN-FAST,ORIGIN-WH-SYN-WEST,CN-ZJ-HZ,,2
TRE-SYN-C-0162-03,ORD-SYN-C-0162,SHP-SYN-C-0162,2026-06-17T18:39:30+08:00,origin_departed,origin_departed,CAR-SYN-FAST,ORIGIN-WH-SYN-WEST,CN-ZJ-HZ,,3
TRE-SYN-C-0162-04,ORD-SYN-C-0162,SHP-SYN-C-0162,2026-06-17T20:01:09+08:00,in_transit,in_transit,CAR-SYN-FAST,LINEHAUL-SYN-01,CN-ZJ-HZ,,4
TRE-SYN-C-0162-05,ORD-SYN-C-0162,SHP-SYN-C-0162,2026-06-18T08:15:10+08:00,arrived_at_hub,arrived_at_hub,CAR-SYN-FAST,HUB-SYN-01,CN-ZJ-HZ,,5
TRE-SYN-C-0162-06,ORD-SYN-C-0162,SHP-SYN-C-0162,2026-06-18T11:40:00+08:00,departed_hub,departed_hub,CAR-SYN-FAST,HUB-SYN-01,CN-ZJ-HZ,,6
TRE-SYN-C-0162-07,ORD-SYN-C-0162,SHP-SYN-C-0162,2026-06-18T21:44:29+08:00,arrived_at_destination_city,arrived_at_destination_city,CAR-SYN-FAST,DEST-CN-ZJ-HZ,CN-ZJ-HZ,,7
TRE-SYN-C-0162-08,ORD-SYN-C-0162,SHP-SYN-C-0162,2026-06-19T04:19:00+08:00,out_for_delivery,out_for_delivery,CAR-SYN-FAST,SITE-CN-ZJ-HZ,CN-ZJ-HZ,,8
TRE-SYN-C-0162-09,ORD-SYN-C-0162,SHP-SYN-C-0162,2026-06-19T10:06:13+08:00,delivered,delivered,CAR-SYN-FAST,SITE-CN-ZJ-HZ,CN-ZJ-HZ,,9
TRE-SYN-C-0163-01,ORD-SYN-C-0163,SHP-SYN-C-0163,2026-06-17T18:24:03+08:00,shipment_created,shipment_created,CAR-SYN-FAST,ORIGIN-WH-SYN-EAST,CN-HB-WH,,1
TRE-SYN-C-0163-02,ORD-SYN-C-0163,SHP-SYN-C-0163,2026-06-17T21:53:50+08:00,carrier_picked_up,carrier_picked_up,CAR-SYN-FAST,ORIGIN-WH-SYN-EAST,CN-HB-WH,,2
TRE-SYN-C-0163-03,ORD-SYN-C-0163,SHP-SYN-C-0163,2026-06-17T22:36:01+08:00,origin_departed,origin_departed,CAR-SYN-FAST,ORIGIN-WH-SYN-EAST,CN-HB-WH,,3
TRE-SYN-C-0163-04,ORD-SYN-C-0163,SHP-SYN-C-0163,2026-06-17T23:59:17+08:00,in_transit,in_transit,CAR-SYN-FAST,LINEHAUL-SYN-01,CN-HB-WH,,4
TRE-SYN-C-0163-05,ORD-SYN-C-0163,SHP-SYN-C-0163,2026-06-18T10:49:08+08:00,arrived_at_hub,arrived_at_hub,CAR-SYN-FAST,HUB-SYN-01,CN-HB-WH,,5
TRE-SYN-C-0163-06,ORD-SYN-C-0163,SHP-SYN-C-0163,2026-06-18T12:23:18+08:00,departed_hub,departed_hub,CAR-SYN-FAST,HUB-SYN-01,CN-HB-WH,,6
TRE-SYN-C-0163-07,ORD-SYN-C-0163,SHP-SYN-C-0163,2026-06-19T00:04:02+08:00,arrived_at_destination_city,arrived_at_destination_city,CAR-SYN-FAST,DEST-CN-HB-WH,CN-HB-WH,,7
TRE-SYN-C-0163-08,ORD-SYN-C-0163,SHP-SYN-C-0163,2026-06-19T03:51:37+08:00,out_for_delivery,out_for_delivery,CAR-SYN-FAST,SITE-CN-HB-WH,CN-HB-WH,,8
TRE-SYN-C-0163-09,ORD-SYN-C-0163,SHP-SYN-C-0163,2026-06-19T08:20:44+08:00,delivered,delivered,CAR-SYN-FAST,SITE-CN-HB-WH,CN-HB-WH,,9
TRE-SYN-C-0164-01,ORD-SYN-C-0164,SHP-SYN-C-0164,2026-06-17T21:56:19+08:00,shipment_created,shipment_created,CAR-SYN-STD,ORIGIN-WH-SYN-EAST,CN-JS-NJ,,1
TRE-SYN-C-0164-02,ORD-SYN-C-0164,SHP-SYN-C-0164,2026-06-18T00:53:48+08:00,carrier_picked_up,carrier_picked_up,CAR-SYN-STD,ORIGIN-WH-SYN-EAST,CN-JS-NJ,,2
TRE-SYN-C-0164-03,ORD-SYN-C-0164,SHP-SYN-C-0164,2026-06-18T01:36:11+08:00,origin_departed,origin_departed,CAR-SYN-STD,ORIGIN-WH-SYN-EAST,CN-JS-NJ,,3
TRE-SYN-C-0164-04,ORD-SYN-C-0164,SHP-SYN-C-0164,2026-06-18T02:49:51+08:00,in_transit,in_transit,CAR-SYN-STD,LINEHAUL-SYN-01,CN-JS-NJ,,4
TRE-SYN-C-0164-05,ORD-SYN-C-0164,SHP-SYN-C-0164,2026-06-18T09:08:14+08:00,arrived_at_hub,arrived_at_hub,CAR-SYN-STD,HUB-SYN-01,CN-JS-NJ,,5
TRE-SYN-C-0164-06,ORD-SYN-C-0164,SHP-SYN-C-0164,2026-06-18T10:09:54+08:00,departed_hub,departed_hub,CAR-SYN-STD,HUB-SYN-01,CN-JS-NJ,,6
TRE-SYN-C-0164-07,ORD-SYN-C-0164,SHP-SYN-C-0164,2026-06-18T20:48:25+08:00,arrived_at_destination_city,arrived_at_destination_city,CAR-SYN-STD,DEST-CN-JS-NJ,CN-JS-NJ,,7
TRE-SYN-C-0164-08,ORD-SYN-C-0164,SHP-SYN-C-0164,2026-06-19T04:23:37+08:00,out_for_delivery,out_for_delivery,CAR-SYN-STD,SITE-CN-JS-NJ,CN-JS-NJ,,8
TRE-SYN-C-0164-09,ORD-SYN-C-0164,SHP-SYN-C-0164,2026-06-19T05:46:03+08:00,delivered,delivered,CAR-SYN-STD,SITE-CN-JS-NJ,CN-JS-NJ,,9
TRE-SYN-C-0165-01,ORD-SYN-C-0165,SHP-SYN-C-0165,2026-06-17T13:07:17+08:00,shipment_created,shipment_created,CAR-SYN-STD,ORIGIN-WH-SYN-WEST,CN-SD-QD,,1
TRE-SYN-C-0165-02,ORD-SYN-C-0165,SHP-SYN-C-0165,2026-06-17T20:21:00+08:00,carrier_picked_up,carrier_picked_up,CAR-SYN-STD,ORIGIN-WH-SYN-WEST,CN-SD-QD,,2
TRE-SYN-C-0165-03,ORD-SYN-C-0165,SHP-SYN-C-0165,2026-06-17T21:40:24+08:00,origin_departed,origin_departed,CAR-SYN-STD,ORIGIN-WH-SYN-WEST,CN-SD-QD,,3
TRE-SYN-C-0165-04,ORD-SYN-C-0165,SHP-SYN-C-0165,2026-06-17T22:45:24+08:00,in_transit,in_transit,CAR-SYN-STD,LINEHAUL-SYN-01,CN-SD-QD,,4
TRE-SYN-C-0165-05,ORD-SYN-C-0165,SHP-SYN-C-0165,2026-06-18T06:33:14+08:00,arrived_at_hub,arrived_at_hub,CAR-SYN-STD,HUB-SYN-01,CN-SD-QD,,5
TRE-SYN-C-0165-06,ORD-SYN-C-0165,SHP-SYN-C-0165,2026-06-18T08:43:56+08:00,departed_hub,departed_hub,CAR-SYN-STD,HUB-SYN-01,CN-SD-QD,,6
TRE-SYN-C-0165-07,ORD-SYN-C-0165,SHP-SYN-C-0165,2026-06-18T17:00:30+08:00,arrived_at_destination_city,arrived_at_destination_city,CAR-SYN-STD,DEST-CN-SD-QD,CN-SD-QD,,7
TRE-SYN-C-0165-08,ORD-SYN-C-0165,SHP-SYN-C-0165,2026-06-18T19:51:33+08:00,out_for_delivery,out_for_delivery,CAR-SYN-STD,SITE-CN-SD-QD,CN-SD-QD,,8
TRE-SYN-C-0165-09,ORD-SYN-C-0165,SHP-SYN-C-0165,2026-06-18T22:13:39+08:00,delivered,delivered,CAR-SYN-STD,SITE-CN-SD-QD,CN-SD-QD,,9
TRE-SYN-C-0166-01,ORD-SYN-C-0166,SHP-SYN-C-0166,2026-06-17T16:19:16+08:00,shipment_created,shipment_created,CAR-SYN-FAST,ORIGIN-WH-SYN-WEST,CN-SD-QD,,1
TRE-SYN-C-0166-02,ORD-SYN-C-0166,SHP-SYN-C-0166,2026-06-18T00:00:20+08:00,carrier_picked_up,carrier_picked_up,CAR-SYN-FAST,ORIGIN-WH-SYN-WEST,CN-SD-QD,,2
TRE-SYN-C-0166-03,ORD-SYN-C-0166,SHP-SYN-C-0166,2026-06-18T01:25:02+08:00,origin_departed,origin_departed,CAR-SYN-FAST,ORIGIN-WH-SYN-WEST,CN-SD-QD,,3
TRE-SYN-C-0166-04,ORD-SYN-C-0166,SHP-SYN-C-0166,2026-06-18T02:12:22+08:00,in_transit,in_transit,CAR-SYN-FAST,LINEHAUL-SYN-01,CN-SD-QD,,4
TRE-SYN-C-0166-05,ORD-SYN-C-0166,SHP-SYN-C-0166,2026-06-18T12:26:38+08:00,arrived_at_hub,arrived_at_hub,CAR-SYN-FAST,HUB-SYN-01,CN-SD-QD,,5
TRE-SYN-C-0166-06,ORD-SYN-C-0166,SHP-SYN-C-0166,2026-06-18T15:31:41+08:00,departed_hub,departed_hub,CAR-SYN-FAST,HUB-SYN-01,CN-SD-QD,,6
TRE-SYN-C-0166-07,ORD-SYN-C-0166,SHP-SYN-C-0166,2026-06-19T04:26:38+08:00,arrived_at_destination_city,arrived_at_destination_city,CAR-SYN-FAST,DEST-CN-SD-QD,CN-SD-QD,,7
TRE-SYN-C-0166-08,ORD-SYN-C-0166,SHP-SYN-C-0166,2026-06-19T08:18:09+08:00,out_for_delivery,out_for_delivery,CAR-SYN-FAST,SITE-CN-SD-QD,CN-SD-QD,,8
TRE-SYN-C-0166-09,ORD-SYN-C-0166,SHP-SYN-C-0166,2026-06-19T13:21:00+08:00,delivered,delivered,CAR-SYN-FAST,SITE-CN-SD-QD,CN-SD-QD,,9
TRE-SYN-C-0167-01,ORD-SYN-C-0167,SHP-SYN-C-0167,2026-06-17T18:54:20+08:00,shipment_created,shipment_created,CAR-SYN-SLOW,ORIGIN-WH-SYN-EAST,CN-SD-QD,,1
TRE-SYN-C-0167-02,ORD-SYN-C-0167,SHP-SYN-C-0167,2026-06-18T23:44:11+08:00,carrier_picked_up,carrier_picked_up,CAR-SYN-SLOW,ORIGIN-WH-SYN-EAST,CN-SD-QD,,2
TRE-SYN-C-0167-03,ORD-SYN-C-0167,SHP-SYN-C-0167,2026-06-19T00:33:45+08:00,origin_departed,origin_departed,CAR-SYN-SLOW,ORIGIN-WH-SYN-EAST,CN-SD-QD,,3
TRE-SYN-C-0167-04,ORD-SYN-C-0167,SHP-SYN-C-0167,2026-06-19T01:29:28+08:00,in_transit,in_transit,CAR-SYN-SLOW,LINEHAUL-SYN-01,CN-SD-QD,,4
TRE-SYN-C-0167-05,ORD-SYN-C-0167,SHP-SYN-C-0167,2026-06-21T02:18:20+08:00,arrived_at_hub,arrived_at_hub,CAR-SYN-SLOW,HUB-SYN-01,CN-SD-QD,,5
TRE-SYN-C-0167-06,ORD-SYN-C-0167,SHP-SYN-C-0167,2026-06-21T08:31:35+08:00,departed_hub,departed_hub,CAR-SYN-SLOW,HUB-SYN-01,CN-SD-QD,,6
TRE-SYN-C-0167-07,ORD-SYN-C-0167,SHP-SYN-C-0167,2026-06-22T23:23:09+08:00,arrived_at_destination_city,arrived_at_destination_city,CAR-SYN-SLOW,DEST-CN-SD-QD,CN-SD-QD,,7
TRE-SYN-C-0167-08,ORD-SYN-C-0167,SHP-SYN-C-0167,2026-06-24T12:09:19+08:00,out_for_delivery,out_for_delivery,CAR-SYN-SLOW,SITE-CN-SD-QD,CN-SD-QD,,8
TRE-SYN-C-0167-09,ORD-SYN-C-0167,SHP-SYN-C-0167,2026-06-25T07:26:49+08:00,delivered,delivered,CAR-SYN-SLOW,SITE-CN-SD-QD,CN-SD-QD,,9
TRE-SYN-C-0168-01,ORD-SYN-C-0168,SHP-SYN-C-0168,2026-06-17T22:22:38+08:00,shipment_created,shipment_created,CAR-SYN-FAST,ORIGIN-WH-SYN-EAST,CN-SD-QD,,1
TRE-SYN-C-0168-02,ORD-SYN-C-0168,SHP-SYN-C-0168,2026-06-18T01:59:44+08:00,carrier_picked_up,carrier_picked_up,CAR-SYN-FAST,ORIGIN-WH-SYN-EAST,CN-SD-QD,,2
TRE-SYN-C-0168-03,ORD-SYN-C-0168,SHP-SYN-C-0168,2026-06-18T03:01:07+08:00,origin_departed,origin_departed,CAR-SYN-FAST,ORIGIN-WH-SYN-EAST,CN-SD-QD,,3
TRE-SYN-C-0168-04,ORD-SYN-C-0168,SHP-SYN-C-0168,2026-06-18T03:31:21+08:00,in_transit,in_transit,CAR-SYN-FAST,LINEHAUL-SYN-01,CN-SD-QD,,4
TRE-SYN-C-0168-05,ORD-SYN-C-0168,SHP-SYN-C-0168,2026-06-18T15:49:03+08:00,arrived_at_hub,arrived_at_hub,CAR-SYN-FAST,HUB-SYN-01,CN-SD-QD,,5
TRE-SYN-C-0168-06,ORD-SYN-C-0168,SHP-SYN-C-0168,2026-06-18T19:39:15+08:00,departed_hub,departed_hub,CAR-SYN-FAST,HUB-SYN-01,CN-SD-QD,,6
TRE-SYN-C-0168-07,ORD-SYN-C-0168,SHP-SYN-C-0168,2026-06-19T10:43:07+08:00,arrived_at_destination_city,arrived_at_destination_city,CAR-SYN-FAST,DEST-CN-SD-QD,CN-SD-QD,,7
TRE-SYN-C-0168-08,ORD-SYN-C-0168,SHP-SYN-C-0168,2026-06-19T14:57:25+08:00,out_for_delivery,out_for_delivery,CAR-SYN-FAST,SITE-CN-SD-QD,CN-SD-QD,,8
TRE-SYN-C-0168-09,ORD-SYN-C-0168,SHP-SYN-C-0168,2026-06-19T16:49:21+08:00,delivered,delivered,CAR-SYN-FAST,SITE-CN-SD-QD,CN-SD-QD,,9
TRE-SYN-C-0169-01,ORD-SYN-C-0169,SHP-SYN-C-0169,2026-06-17T14:45:45+08:00,shipment_created,shipment_created,CAR-SYN-SLOW,ORIGIN-WH-SYN-WEST,CN-HB-WH,,1
TRE-SYN-C-0169-02,ORD-SYN-C-0169,SHP-SYN-C-0169,2026-06-18T10:49:24+08:00,carrier_picked_up,carrier_picked_up,CAR-SYN-SLOW,ORIGIN-WH-SYN-WEST,CN-HB-WH,,2
TRE-SYN-C-0169-03,ORD-SYN-C-0169,SHP-SYN-C-0169,2026-06-18T12:01:20+08:00,origin_departed,origin_departed,CAR-SYN-SLOW,ORIGIN-WH-SYN-WEST,CN-HB-WH,,3
TRE-SYN-C-0169-04,ORD-SYN-C-0169,SHP-SYN-C-0169,2026-06-18T12:32:59+08:00,in_transit,in_transit,CAR-SYN-SLOW,LINEHAUL-SYN-01,CN-HB-WH,,4
TRE-SYN-C-0169-05,ORD-SYN-C-0169,SHP-SYN-C-0169,2026-06-20T11:57:19+08:00,arrived_at_hub,arrived_at_hub,CAR-SYN-SLOW,HUB-SYN-01,CN-HB-WH,,5
TRE-SYN-C-0169-06,ORD-SYN-C-0169,SHP-SYN-C-0169,2026-06-20T17:09:21+08:00,departed_hub,departed_hub,CAR-SYN-SLOW,HUB-SYN-01,CN-HB-WH,,6
TRE-SYN-C-0169-07,ORD-SYN-C-0169,SHP-SYN-C-0169,2026-06-22T20:52:39+08:00,arrived_at_destination_city,arrived_at_destination_city,CAR-SYN-SLOW,DEST-CN-HB-WH,CN-HB-WH,,7
TRE-SYN-C-0169-08,ORD-SYN-C-0169,SHP-SYN-C-0169,2026-06-24T04:56:20+08:00,out_for_delivery,out_for_delivery,CAR-SYN-SLOW,SITE-CN-HB-WH,CN-HB-WH,,8
TRE-SYN-C-0169-09,ORD-SYN-C-0169,SHP-SYN-C-0169,2026-06-25T02:25:48+08:00,delivered,delivered,CAR-SYN-SLOW,SITE-CN-HB-WH,CN-HB-WH,,9
TRE-SYN-C-0170-01,ORD-SYN-C-0170,SHP-SYN-C-0170,2026-06-17T17:15:39+08:00,shipment_created,shipment_created,CAR-SYN-SLOW,ORIGIN-WH-SYN-EAST,CN-ZJ-HZ,,1
TRE-SYN-C-0170-02,ORD-SYN-C-0170,SHP-SYN-C-0170,2026-06-18T21:40:41+08:00,carrier_picked_up,carrier_picked_up,CAR-SYN-SLOW,ORIGIN-WH-SYN-EAST,CN-ZJ-HZ,,2
TRE-SYN-C-0170-03,ORD-SYN-C-0170,SHP-SYN-C-0170,2026-06-18T22:37:09+08:00,origin_departed,origin_departed,CAR-SYN-SLOW,ORIGIN-WH-SYN-EAST,CN-ZJ-HZ,,3
TRE-SYN-C-0170-04,ORD-SYN-C-0170,SHP-SYN-C-0170,2026-06-19T00:05:46+08:00,in_transit,in_transit,CAR-SYN-SLOW,LINEHAUL-SYN-01,CN-ZJ-HZ,,4
TRE-SYN-C-0170-05,ORD-SYN-C-0170,SHP-SYN-C-0170,2026-06-19T20:41:35+08:00,exception,exception,CAR-SYN-SLOW,LINEHAUL-SYN-01,CN-ZJ-HZ,SYNTHETIC_DELAY,5
TRE-SYN-C-0170-06,ORD-SYN-C-0170,SHP-SYN-C-0170,2026-06-20T17:17:25+08:00,arrived_at_hub,arrived_at_hub,CAR-SYN-SLOW,HUB-SYN-01,CN-ZJ-HZ,,6
TRE-SYN-C-0170-07,ORD-SYN-C-0170,SHP-SYN-C-0170,2026-06-21T00:57:41+08:00,departed_hub,departed_hub,CAR-SYN-SLOW,HUB-SYN-01,CN-ZJ-HZ,,7
TRE-SYN-C-0170-08,ORD-SYN-C-0170,SHP-SYN-C-0170,2026-06-22T22:49:30+08:00,arrived_at_destination_city,arrived_at_destination_city,CAR-SYN-SLOW,DEST-CN-ZJ-HZ,CN-ZJ-HZ,,8
TRE-SYN-C-0170-09,ORD-SYN-C-0170,SHP-SYN-C-0170,2026-06-24T06:16:30+08:00,out_for_delivery,out_for_delivery,CAR-SYN-SLOW,SITE-CN-ZJ-HZ,CN-ZJ-HZ,,9
TRE-SYN-C-0170-10,ORD-SYN-C-0170,SHP-SYN-C-0170,2026-06-24T22:46:34+08:00,delivered,delivered,CAR-SYN-SLOW,SITE-CN-ZJ-HZ,CN-ZJ-HZ,,10
TRE-SYN-C-0171-01,ORD-SYN-C-0171,SHP-SYN-C-0171,2026-06-18T20:53:39+08:00,shipment_created,shipment_created,CAR-SYN-SLOW,ORIGIN-WH-SYN-EAST,CN-SD-QD,,1
TRE-SYN-C-0171-02,ORD-SYN-C-0171,SHP-SYN-C-0171,2026-06-19T17:11:00+08:00,carrier_picked_up,carrier_picked_up,CAR-SYN-SLOW,ORIGIN-WH-SYN-EAST,CN-SD-QD,,2
TRE-SYN-C-0171-03,ORD-SYN-C-0171,SHP-SYN-C-0171,2026-06-19T18:13:29+08:00,origin_departed,origin_departed,CAR-SYN-SLOW,ORIGIN-WH-SYN-EAST,CN-SD-QD,,3
TRE-SYN-C-0171-04,ORD-SYN-C-0171,SHP-SYN-C-0171,2026-06-19T19:38:19+08:00,in_transit,in_transit,CAR-SYN-SLOW,LINEHAUL-SYN-01,CN-SD-QD,,4
TRE-SYN-C-0171-05,ORD-SYN-C-0171,SHP-SYN-C-0171,2026-06-21T14:01:26+08:00,arrived_at_hub,arrived_at_hub,CAR-SYN-SLOW,HUB-SYN-01,CN-SD-QD,,5
TRE-SYN-C-0171-06,ORD-SYN-C-0171,SHP-SYN-C-0171,2026-06-21T23:40:36+08:00,departed_hub,departed_hub,CAR-SYN-SLOW,HUB-SYN-01,CN-SD-QD,,6
TRE-SYN-C-0171-07,ORD-SYN-C-0171,SHP-SYN-C-0171,2026-06-23T22:52:30+08:00,arrived_at_destination_city,arrived_at_destination_city,CAR-SYN-SLOW,DEST-CN-SD-QD,CN-SD-QD,,7
TRE-SYN-C-0171-08,ORD-SYN-C-0171,SHP-SYN-C-0171,2026-06-25T07:13:21+08:00,out_for_delivery,out_for_delivery,CAR-SYN-SLOW,SITE-CN-SD-QD,CN-SD-QD,,8
TRE-SYN-C-0171-09,ORD-SYN-C-0171,SHP-SYN-C-0171,2026-06-25T21:47:51+08:00,delivered,delivered,CAR-SYN-SLOW,SITE-CN-SD-QD,CN-SD-QD,,9
TRE-SYN-C-0172-01,ORD-SYN-C-0172,SHP-SYN-C-0172,2026-06-18T22:57:59+08:00,shipment_created,shipment_created,CAR-SYN-FAST,ORIGIN-WH-SYN-WEST,CN-SD-QD,,1
TRE-SYN-C-0172-02,ORD-SYN-C-0172,SHP-SYN-C-0172,2026-06-19T06:14:33+08:00,carrier_picked_up,carrier_picked_up,CAR-SYN-FAST,ORIGIN-WH-SYN-WEST,CN-SD-QD,,2
TRE-SYN-C-0172-03,ORD-SYN-C-0172,SHP-SYN-C-0172,2026-06-19T07:11:07+08:00,origin_departed,origin_departed,CAR-SYN-FAST,ORIGIN-WH-SYN-WEST,CN-SD-QD,,3
TRE-SYN-C-0172-04,ORD-SYN-C-0172,SHP-SYN-C-0172,2026-06-19T08:05:09+08:00,in_transit,in_transit,CAR-SYN-FAST,LINEHAUL-SYN-01,CN-SD-QD,,4
TRE-SYN-C-0172-05,ORD-SYN-C-0172,SHP-SYN-C-0172,2026-06-19T21:13:46+08:00,arrived_at_hub,arrived_at_hub,CAR-SYN-FAST,HUB-SYN-01,CN-SD-QD,,5
TRE-SYN-C-0172-06,ORD-SYN-C-0172,SHP-SYN-C-0172,2026-06-19T22:22:52+08:00,departed_hub,departed_hub,CAR-SYN-FAST,HUB-SYN-01,CN-SD-QD,,6
TRE-SYN-C-0172-07,ORD-SYN-C-0172,SHP-SYN-C-0172,2026-06-20T09:27:41+08:00,arrived_at_destination_city,arrived_at_destination_city,CAR-SYN-FAST,DEST-CN-SD-QD,CN-SD-QD,,7
TRE-SYN-C-0172-08,ORD-SYN-C-0172,SHP-SYN-C-0172,2026-06-20T12:53:40+08:00,out_for_delivery,out_for_delivery,CAR-SYN-FAST,SITE-CN-SD-QD,CN-SD-QD,,8
TRE-SYN-C-0172-09,ORD-SYN-C-0172,SHP-SYN-C-0172,2026-06-20T15:27:43+08:00,delivered,delivered,CAR-SYN-FAST,SITE-CN-SD-QD,CN-SD-QD,,9
TRE-SYN-C-0173-01,ORD-SYN-C-0173,SHP-SYN-C-0173,2026-06-18T15:27:01+08:00,shipment_created,shipment_created,CAR-SYN-STD,ORIGIN-WH-SYN-EAST,CN-HB-WH,,1
TRE-SYN-C-0173-02,ORD-SYN-C-0173,SHP-SYN-C-0173,2026-06-18T20:47:52+08:00,carrier_picked_up,carrier_picked_up,CAR-SYN-STD,ORIGIN-WH-SYN-EAST,CN-HB-WH,,2
TRE-SYN-C-0173-03,ORD-SYN-C-0173,SHP-SYN-C-0173,2026-06-18T21:36:40+08:00,origin_departed,origin_departed,CAR-SYN-STD,ORIGIN-WH-SYN-EAST,CN-HB-WH,,3
TRE-SYN-C-0173-04,ORD-SYN-C-0173,SHP-SYN-C-0173,2026-06-18T22:54:28+08:00,in_transit,in_transit,CAR-SYN-STD,LINEHAUL-SYN-01,CN-HB-WH,,4
TRE-SYN-C-0173-05,ORD-SYN-C-0173,SHP-SYN-C-0173,2026-06-19T05:44:25+08:00,arrived_at_hub,arrived_at_hub,CAR-SYN-STD,HUB-SYN-01,CN-HB-WH,,5
TRE-SYN-C-0173-06,ORD-SYN-C-0173,SHP-SYN-C-0173,2026-06-19T07:25:09+08:00,departed_hub,departed_hub,CAR-SYN-STD,HUB-SYN-01,CN-HB-WH,,6
TRE-SYN-C-0173-07,ORD-SYN-C-0173,SHP-SYN-C-0173,2026-06-19T22:17:20+08:00,arrived_at_destination_city,arrived_at_destination_city,CAR-SYN-STD,DEST-CN-HB-WH,CN-HB-WH,,7
TRE-SYN-C-0173-08,ORD-SYN-C-0173,SHP-SYN-C-0173,2026-06-20T02:06:42+08:00,out_for_delivery,out_for_delivery,CAR-SYN-STD,SITE-CN-HB-WH,CN-HB-WH,,8
TRE-SYN-C-0173-09,ORD-SYN-C-0173,SHP-SYN-C-0173,2026-06-20T04:05:04+08:00,delivered,delivered,CAR-SYN-STD,SITE-CN-HB-WH,CN-HB-WH,,9
TRE-SYN-C-0174-01,ORD-SYN-C-0174,SHP-SYN-C-0174,2026-06-18T18:01:34+08:00,shipment_created,shipment_created,CAR-SYN-FAST,ORIGIN-WH-SYN-WEST,CN-HB-WH,,1
TRE-SYN-C-0174-02,ORD-SYN-C-0174,SHP-SYN-C-0174,2026-06-18T21:55:37+08:00,carrier_picked_up,carrier_picked_up,CAR-SYN-FAST,ORIGIN-WH-SYN-WEST,CN-HB-WH,,2
TRE-SYN-C-0174-03,ORD-SYN-C-0174,SHP-SYN-C-0174,2026-06-18T23:13:33+08:00,origin_departed,origin_departed,CAR-SYN-FAST,ORIGIN-WH-SYN-WEST,CN-HB-WH,,3
TRE-SYN-C-0174-04,ORD-SYN-C-0174,SHP-SYN-C-0174,2026-06-19T00:14:31+08:00,in_transit,in_transit,CAR-SYN-FAST,LINEHAUL-SYN-01,CN-HB-WH,,4
TRE-SYN-C-0174-05,ORD-SYN-C-0174,SHP-SYN-C-0174,2026-06-19T05:59:28+08:00,arrived_at_hub,arrived_at_hub,CAR-SYN-FAST,HUB-SYN-01,CN-HB-WH,,5
TRE-SYN-C-0174-06,ORD-SYN-C-0174,SHP-SYN-C-0174,2026-06-19T08:13:55+08:00,departed_hub,departed_hub,CAR-SYN-FAST,HUB-SYN-01,CN-HB-WH,,6
TRE-SYN-C-0174-07,ORD-SYN-C-0174,SHP-SYN-C-0174,2026-06-19T23:02:12+08:00,arrived_at_destination_city,arrived_at_destination_city,CAR-SYN-FAST,DEST-CN-HB-WH,CN-HB-WH,,7
TRE-SYN-C-0174-08,ORD-SYN-C-0174,SHP-SYN-C-0174,2026-06-20T01:22:05+08:00,out_for_delivery,out_for_delivery,CAR-SYN-FAST,SITE-CN-HB-WH,CN-HB-WH,,8
TRE-SYN-C-0174-09,ORD-SYN-C-0174,SHP-SYN-C-0174,2026-06-20T03:13:47+08:00,delivered,delivered,CAR-SYN-FAST,SITE-CN-HB-WH,CN-HB-WH,,9
TRE-SYN-C-0175-01,ORD-SYN-C-0175,SHP-SYN-C-0175,2026-06-18T21:05:08+08:00,shipment_created,shipment_created,CAR-SYN-FAST,ORIGIN-WH-SYN-EAST,CN-ZJ-HZ,,1
TRE-SYN-C-0175-02,ORD-SYN-C-0175,SHP-SYN-C-0175,2026-06-19T04:17:05+08:00,carrier_picked_up,carrier_picked_up,CAR-SYN-FAST,ORIGIN-WH-SYN-EAST,CN-ZJ-HZ,,2
TRE-SYN-C-0175-03,ORD-SYN-C-0175,SHP-SYN-C-0175,2026-06-19T05:33:31+08:00,origin_departed,origin_departed,CAR-SYN-FAST,ORIGIN-WH-SYN-EAST,CN-ZJ-HZ,,3
TRE-SYN-C-0175-04,ORD-SYN-C-0175,SHP-SYN-C-0175,2026-06-19T06:05:28+08:00,in_transit,in_transit,CAR-SYN-FAST,LINEHAUL-SYN-01,CN-ZJ-HZ,,4
TRE-SYN-C-0175-05,ORD-SYN-C-0175,SHP-SYN-C-0175,2026-06-19T15:34:29+08:00,arrived_at_hub,arrived_at_hub,CAR-SYN-FAST,HUB-SYN-01,CN-ZJ-HZ,,5
TRE-SYN-C-0175-06,ORD-SYN-C-0175,SHP-SYN-C-0175,2026-06-19T18:39:16+08:00,departed_hub,departed_hub,CAR-SYN-FAST,HUB-SYN-01,CN-ZJ-HZ,,6
TRE-SYN-C-0175-07,ORD-SYN-C-0175,SHP-SYN-C-0175,2026-06-20T09:26:10+08:00,arrived_at_destination_city,arrived_at_destination_city,CAR-SYN-FAST,DEST-CN-ZJ-HZ,CN-ZJ-HZ,,7
TRE-SYN-C-0175-08,ORD-SYN-C-0175,SHP-SYN-C-0175,2026-06-20T12:23:24+08:00,out_for_delivery,out_for_delivery,CAR-SYN-FAST,SITE-CN-ZJ-HZ,CN-ZJ-HZ,,8
TRE-SYN-C-0175-09,ORD-SYN-C-0175,SHP-SYN-C-0175,2026-06-20T14:25:41+08:00,delivered,delivered,CAR-SYN-FAST,SITE-CN-ZJ-HZ,CN-ZJ-HZ,,9
TRE-SYN-C-0176-01,ORD-SYN-C-0176,SHP-SYN-C-0176,2026-06-18T13:34:42+08:00,shipment_created,shipment_created,CAR-SYN-SLOW,ORIGIN-WH-SYN-WEST,CN-SD-QD,,1
TRE-SYN-C-0176-02,ORD-SYN-C-0176,SHP-SYN-C-0176,2026-06-19T18:00:10+08:00,carrier_picked_up,carrier_picked_up,CAR-SYN-SLOW,ORIGIN-WH-SYN-WEST,CN-SD-QD,,2
TRE-SYN-C-0176-03,ORD-SYN-C-0176,SHP-SYN-C-0176,2026-06-19T19:21:21+08:00,origin_departed,origin_departed,CAR-SYN-SLOW,ORIGIN-WH-SYN-WEST,CN-SD-QD,,3
TRE-SYN-C-0176-04,ORD-SYN-C-0176,SHP-SYN-C-0176,2026-06-19T20:34:09+08:00,in_transit,in_transit,CAR-SYN-SLOW,LINEHAUL-SYN-01,CN-SD-QD,,4
TRE-SYN-C-0176-05,ORD-SYN-C-0176,SHP-SYN-C-0176,2026-06-20T15:29:07+08:00,exception,exception,CAR-SYN-SLOW,LINEHAUL-SYN-01,CN-SD-QD,SYNTHETIC_DELAY,5
TRE-SYN-C-0176-06,ORD-SYN-C-0176,SHP-SYN-C-0176,2026-06-21T10:24:06+08:00,arrived_at_hub,arrived_at_hub,CAR-SYN-SLOW,HUB-SYN-01,CN-SD-QD,,6
TRE-SYN-C-0176-07,ORD-SYN-C-0176,SHP-SYN-C-0176,2026-06-21T17:24:05+08:00,departed_hub,departed_hub,CAR-SYN-SLOW,HUB-SYN-01,CN-SD-QD,,7
TRE-SYN-C-0176-08,ORD-SYN-C-0176,SHP-SYN-C-0176,2026-06-23T21:04:10+08:00,arrived_at_destination_city,arrived_at_destination_city,CAR-SYN-SLOW,DEST-CN-SD-QD,CN-SD-QD,,8
TRE-SYN-C-0176-09,ORD-SYN-C-0176,SHP-SYN-C-0176,2026-06-25T06:07:22+08:00,out_for_delivery,out_for_delivery,CAR-SYN-SLOW,SITE-CN-SD-QD,CN-SD-QD,,9
TRE-SYN-C-0176-10,ORD-SYN-C-0176,SHP-SYN-C-0176,2026-06-26T01:26:42+08:00,delivered,delivered,CAR-SYN-SLOW,SITE-CN-SD-QD,CN-SD-QD,,10
TRE-SYN-C-0177-01,ORD-SYN-C-0177,SHP-SYN-C-0177,2026-06-18T16:25:37+08:00,shipment_created,shipment_created,CAR-SYN-SLOW,ORIGIN-WH-SYN-EAST,CN-JS-NJ,,1
TRE-SYN-C-0177-02,ORD-SYN-C-0177,SHP-SYN-C-0177,2026-06-19T19:22:22+08:00,carrier_picked_up,carrier_picked_up,CAR-SYN-SLOW,ORIGIN-WH-SYN-EAST,CN-JS-NJ,,2
TRE-SYN-C-0177-03,ORD-SYN-C-0177,SHP-SYN-C-0177,2026-06-19T20:28:33+08:00,origin_departed,origin_departed,CAR-SYN-SLOW,ORIGIN-WH-SYN-EAST,CN-JS-NJ,,3
TRE-SYN-C-0177-04,ORD-SYN-C-0177,SHP-SYN-C-0177,2026-06-19T21:42:14+08:00,in_transit,in_transit,CAR-SYN-SLOW,LINEHAUL-SYN-01,CN-JS-NJ,,4
TRE-SYN-C-0177-05,ORD-SYN-C-0177,SHP-SYN-C-0177,2026-06-21T20:14:41+08:00,arrived_at_hub,arrived_at_hub,CAR-SYN-SLOW,HUB-SYN-01,CN-JS-NJ,,5
TRE-SYN-C-0177-06,ORD-SYN-C-0177,SHP-SYN-C-0177,2026-06-22T01:56:02+08:00,departed_hub,departed_hub,CAR-SYN-SLOW,HUB-SYN-01,CN-JS-NJ,,6
TRE-SYN-C-0177-07,ORD-SYN-C-0177,SHP-SYN-C-0177,2026-06-23T20:48:03+08:00,arrived_at_destination_city,arrived_at_destination_city,CAR-SYN-SLOW,DEST-CN-JS-NJ,CN-JS-NJ,,7
TRE-SYN-C-0177-08,ORD-SYN-C-0177,SHP-SYN-C-0177,2026-06-25T04:26:52+08:00,out_for_delivery,out_for_delivery,CAR-SYN-SLOW,SITE-CN-JS-NJ,CN-JS-NJ,,8
TRE-SYN-C-0177-09,ORD-SYN-C-0177,SHP-SYN-C-0177,2026-06-25T20:12:14+08:00,delivered,delivered,CAR-SYN-SLOW,SITE-CN-JS-NJ,CN-JS-NJ,,9
TRE-SYN-C-0178-01,ORD-SYN-C-0178,SHP-SYN-C-0178,2026-06-18T19:34:12+08:00,shipment_created,shipment_created,CAR-SYN-STD,ORIGIN-WH-SYN-EAST,CN-ZJ-HZ,,1
TRE-SYN-C-0178-02,ORD-SYN-C-0178,SHP-SYN-C-0178,2026-06-18T22:27:05+08:00,carrier_picked_up,carrier_picked_up,CAR-SYN-STD,ORIGIN-WH-SYN-EAST,CN-ZJ-HZ,,2
TRE-SYN-C-0178-03,ORD-SYN-C-0178,SHP-SYN-C-0178,2026-06-18T23:36:30+08:00,origin_departed,origin_departed,CAR-SYN-STD,ORIGIN-WH-SYN-EAST,CN-ZJ-HZ,,3
TRE-SYN-C-0178-04,ORD-SYN-C-0178,SHP-SYN-C-0178,2026-06-19T00:55:46+08:00,in_transit,in_transit,CAR-SYN-STD,LINEHAUL-SYN-01,CN-ZJ-HZ,,4
TRE-SYN-C-0178-05,ORD-SYN-C-0178,SHP-SYN-C-0178,2026-06-19T11:16:53+08:00,arrived_at_hub,arrived_at_hub,CAR-SYN-STD,HUB-SYN-01,CN-ZJ-HZ,,5
TRE-SYN-C-0178-06,ORD-SYN-C-0178,SHP-SYN-C-0178,2026-06-19T12:35:37+08:00,departed_hub,departed_hub,CAR-SYN-STD,HUB-SYN-01,CN-ZJ-HZ,,6
TRE-SYN-C-0178-07,ORD-SYN-C-0178,SHP-SYN-C-0178,2026-06-20T01:15:51+08:00,arrived_at_destination_city,arrived_at_destination_city,CAR-SYN-STD,DEST-CN-ZJ-HZ,CN-ZJ-HZ,,7
TRE-SYN-C-0178-08,ORD-SYN-C-0178,SHP-SYN-C-0178,2026-06-20T07:02:54+08:00,out_for_delivery,out_for_delivery,CAR-SYN-STD,SITE-CN-ZJ-HZ,CN-ZJ-HZ,,8
TRE-SYN-C-0178-09,ORD-SYN-C-0178,SHP-SYN-C-0178,2026-06-20T08:40:36+08:00,delivered,delivered,CAR-SYN-STD,SITE-CN-ZJ-HZ,CN-ZJ-HZ,,9
TRE-SYN-C-0179-01,ORD-SYN-C-0179,SHP-SYN-C-0179,2026-06-18T22:01:34+08:00,shipment_created,shipment_created,CAR-SYN-STD,ORIGIN-WH-SYN-WEST,CN-SD-QD,,1
TRE-SYN-C-0179-02,ORD-SYN-C-0179,SHP-SYN-C-0179,2026-06-19T01:11:11+08:00,carrier_picked_up,carrier_picked_up,CAR-SYN-STD,ORIGIN-WH-SYN-WEST,CN-SD-QD,,2
TRE-SYN-C-0179-03,ORD-SYN-C-0179,SHP-SYN-C-0179,2026-06-19T02:18:25+08:00,origin_departed,origin_departed,CAR-SYN-STD,ORIGIN-WH-SYN-WEST,CN-SD-QD,,3
TRE-SYN-C-0179-04,ORD-SYN-C-0179,SHP-SYN-C-0179,2026-06-19T03:10:57+08:00,in_transit,in_transit,CAR-SYN-STD,LINEHAUL-SYN-01,CN-SD-QD,,4
TRE-SYN-C-0179-05,ORD-SYN-C-0179,SHP-SYN-C-0179,2026-06-19T14:34:42+08:00,arrived_at_hub,arrived_at_hub,CAR-SYN-STD,HUB-SYN-01,CN-SD-QD,,5
TRE-SYN-C-0179-06,ORD-SYN-C-0179,SHP-SYN-C-0179,2026-06-19T15:42:18+08:00,departed_hub,departed_hub,CAR-SYN-STD,HUB-SYN-01,CN-SD-QD,,6
TRE-SYN-C-0179-07,ORD-SYN-C-0179,SHP-SYN-C-0179,2026-06-20T00:29:31+08:00,arrived_at_destination_city,arrived_at_destination_city,CAR-SYN-STD,DEST-CN-SD-QD,CN-SD-QD,,7
TRE-SYN-C-0179-08,ORD-SYN-C-0179,SHP-SYN-C-0179,2026-06-20T04:38:08+08:00,out_for_delivery,out_for_delivery,CAR-SYN-STD,SITE-CN-SD-QD,CN-SD-QD,,8
TRE-SYN-C-0179-09,ORD-SYN-C-0179,SHP-SYN-C-0179,2026-06-20T06:12:46+08:00,delivered,delivered,CAR-SYN-STD,SITE-CN-SD-QD,CN-SD-QD,,9
TRE-SYN-C-0180-01,ORD-SYN-C-0180,SHP-SYN-C-0180,2026-06-18T14:39:40+08:00,shipment_created,shipment_created,CAR-SYN-FAST,ORIGIN-WH-SYN-EAST,CN-JS-NJ,,1
TRE-SYN-C-0180-02,ORD-SYN-C-0180,SHP-SYN-C-0180,2026-06-18T17:55:07+08:00,carrier_picked_up,carrier_picked_up,CAR-SYN-FAST,ORIGIN-WH-SYN-EAST,CN-JS-NJ,,2
TRE-SYN-C-0180-03,ORD-SYN-C-0180,SHP-SYN-C-0180,2026-06-18T19:13:29+08:00,origin_departed,origin_departed,CAR-SYN-FAST,ORIGIN-WH-SYN-EAST,CN-JS-NJ,,3
TRE-SYN-C-0180-04,ORD-SYN-C-0180,SHP-SYN-C-0180,2026-06-18T20:11:15+08:00,in_transit,in_transit,CAR-SYN-FAST,LINEHAUL-SYN-01,CN-JS-NJ,,4
TRE-SYN-C-0180-05,ORD-SYN-C-0180,SHP-SYN-C-0180,2026-06-19T02:42:08+08:00,arrived_at_hub,arrived_at_hub,CAR-SYN-FAST,HUB-SYN-01,CN-JS-NJ,,5
TRE-SYN-C-0180-06,ORD-SYN-C-0180,SHP-SYN-C-0180,2026-06-19T05:48:36+08:00,departed_hub,departed_hub,CAR-SYN-FAST,HUB-SYN-01,CN-JS-NJ,,6
TRE-SYN-C-0180-07,ORD-SYN-C-0180,SHP-SYN-C-0180,2026-06-19T17:12:22+08:00,arrived_at_destination_city,arrived_at_destination_city,CAR-SYN-FAST,DEST-CN-JS-NJ,CN-JS-NJ,,7
TRE-SYN-C-0180-08,ORD-SYN-C-0180,SHP-SYN-C-0180,2026-06-19T19:58:55+08:00,out_for_delivery,out_for_delivery,CAR-SYN-FAST,SITE-CN-JS-NJ,CN-JS-NJ,,8
TRE-SYN-C-0180-09,ORD-SYN-C-0180,SHP-SYN-C-0180,2026-06-19T21:32:06+08:00,delivered,delivered,CAR-SYN-FAST,SITE-CN-JS-NJ,CN-JS-NJ,,9
