event_id,order_id,event_time,event_code,raw_status,warehouse_id,quantity,quantity_unit,source_system
WHE-SYN-C-0001-01,ORD-SYN-C-0001,2026-06-01T12:26:36+08:00,order_received,order_received,WH-SYN-WEST,3,piece,synthetic_case_generator
WHE-SYN-C-0001-02,ORD-SYN-C-0001,2026-06-01T13:05:34+08:00,picking_started,picking_started,WH-SYN-WEST,3,piece,synthetic_case_generator
WHE-SYN-C-0001-03,ORD-SYN-C-0001,2026-06-01T13:52:32+08:00,picking_completed,picking_completed,WH-SYN-WEST,3,piece,synthetic_case_generator
WHE-SYN-C-0001-04,ORD-SYN-C-0001,2026-06-01T14:24:26+08:00,quality_check_started,quality_check_started,WH-SYN-WEST,3,piece,synthetic_case_generator
WHE-SYN-C-0001-05,ORD-SYN-C-0001,2026-06-01T14:57:15+08:00,quality_check_completed,quality_check_completed,WH-SYN-WEST,3,piece,synthetic_case_generator
WHE-SYN-C-0001-06,ORD-SYN-C-0001,2026-06-01T15:00:53+08:00,packing_started,packing_started,WH-SYN-WEST,3,piece,synthetic_case_generator
WHE-SYN-C-0001-07,ORD-SYN-C-0001,2026-06-01T15:35:04+08:00,packing_completed,packing_completed,WH-SYN-WEST,3,piece,synthetic_case_generator
WHE-SYN-C-0001-08,ORD-SYN-C-0001,2026-06-01T15:48:19+08:00,ready_to_ship,ready_to_ship,WH-SYN-WEST,3,piece,synthetic_case_generator
WHE-SYN-C-0001-09,ORD-SYN-C-0001,2026-06-01T15:56:37+08:00,shipped_from_warehouse,shipped_from_warehouse,WH-SYN-WEST,3,piece,synthetic_case_generator
WHE-SYN-C-0002-01,ORD-SYN-C-0002,2026-06-01T15:44:47+08:00,order_received,order_received,WH-SYN-EAST,1,piece,synthetic_case_generator
WHE-SYN-C-0002-02,ORD-SYN-C-0002,2026-06-01T16:27:42+08:00,picking_started,picking_started,WH-SYN-EAST,1,piece,synthetic_case_generator
WHE-SYN-C-0002-03,ORD-SYN-C-0002,2026-06-01T17:19:40+08:00,picking_completed,picking_completed,WH-SYN-EAST,1,piece,synthetic_case_generator
WHE-SYN-C-0002-04,ORD-SYN-C-0002,2026-06-01T17:42:37+08:00,quality_check_started,quality_check_started,WH-SYN-EAST,1,piece,synthetic_case_generator
WHE-SYN-C-0002-05,ORD-SYN-C-0002,2026-06-01T18:12:09+08:00,quality_check_completed,quality_check_completed,WH-SYN-EAST,1,piece,synthetic_case_generator
WHE-SYN-C-0002-06,ORD-SYN-C-0002,2026-06-01T18:15:42+08:00,packing_started,packing_started,WH-SYN-EAST,1,piece,synthetic_case_generator
WHE-SYN-C-0002-07,ORD-SYN-C-0002,2026-06-01T18:54:33+08:00,packing_completed,packing_completed,WH-SYN-EAST,1,piece,synthetic_case_generator
WHE-SYN-C-0002-08,ORD-SYN-C-0002,2026-06-01T19:15:35+08:00,ready_to_ship,ready_to_ship,WH-SYN-EAST,1,piece,synthetic_case_generator
WHE-SYN-C-0002-09,ORD-SYN-C-0002,2026-06-01T19:24:41+08:00,shipped_from_warehouse,shipped_from_warehouse,WH-SYN-EAST,1,piece,synthetic_case_generator
WHE-SYN-C-0003-01,ORD-SYN-C-0003,2026-06-01T19:10:10+08:00,order_received,order_received,WH-SYN-WEST,1,piece,synthetic_case_generator
WHE-SYN-C-0003-02,ORD-SYN-C-0003,2026-06-01T19:51:39+08:00,picking_started,picking_started,WH-SYN-WEST,1,piece,synthetic_case_generator
WHE-SYN-C-0003-03,ORD-SYN-C-0003,2026-06-01T20:45:30+08:00,picking_completed,picking_completed,WH-SYN-WEST,1,piece,synthetic_case_generator
WHE-SYN-C-0003-04,ORD-SYN-C-0003,2026-06-01T21:09:21+08:00,quality_check_started,quality_check_started,WH-SYN-WEST,1,piece,synthetic_case_generator
WHE-SYN-C-0003-05,ORD-SYN-C-0003,2026-06-01T21:41:50+08:00,quality_check_completed,quality_check_completed,WH-SYN-WEST,1,piece,synthetic_case_generator
WHE-SYN-C-0003-06,ORD-SYN-C-0003,2026-06-01T21:46:02+08:00,packing_started,packing_started,WH-SYN-WEST,1,piece,synthetic_case_generator
WHE-SYN-C-0003-07,ORD-SYN-C-0003,2026-06-01T22:19:06+08:00,packing_completed,packing_completed,WH-SYN-WEST,1,piece,synthetic_case_generator
WHE-SYN-C-0003-08,ORD-SYN-C-0003,2026-06-01T22:46:10+08:00,ready_to_ship,ready_to_ship,WH-SYN-WEST,1,piece,synthetic_case_generator
WHE-SYN-C-0003-09,ORD-SYN-C-0003,2026-06-01T22:51:27+08:00,shipped_from_warehouse,shipped_from_warehouse,WH-SYN-WEST,1,piece,synthetic_case_generator
WHE-SYN-C-0004-01,ORD-SYN-C-0004,2026-06-01T10:34:21+08:00,order_received,order_received,WH-SYN-EAST,2,piece,synthetic_case_generator
WHE-SYN-C-0004-02,ORD-SYN-C-0004,2026-06-01T11:06:23+08:00,picking_started,picking_started,WH-SYN-EAST,2,piece,synthetic_case_generator
WHE-SYN-C-0004-03,ORD-SYN-C-0004,2026-06-01T11:53:48+08:00,picking_completed,picking_completed,WH-SYN-EAST,2,piece,synthetic_case_generator
WHE-SYN-C-0004-04,ORD-SYN-C-0004,2026-06-01T12:18:46+08:00,quality_check_started,quality_check_started,WH-SYN-EAST,2,piece,synthetic_case_generator
WHE-SYN-C-0004-05,ORD-SYN-C-0004,2026-06-01T12:46:54+08:00,quality_check_completed,quality_check_completed,WH-SYN-EAST,2,piece,synthetic_case_generator
WHE-SYN-C-0004-06,ORD-SYN-C-0004,2026-06-01T12:55:05+08:00,packing_started,packing_started,WH-SYN-EAST,2,piece,synthetic_case_generator
WHE-SYN-C-0004-07,ORD-SYN-C-0004,2026-06-01T13:28:54+08:00,packing_completed,packing_completed,WH-SYN-EAST,2,piece,synthetic_case_generator
WHE-SYN-C-0004-08,ORD-SYN-C-0004,2026-06-01T13:47:43+08:00,ready_to_ship,ready_to_ship,WH-SYN-EAST,2,piece,synthetic_case_generator
WHE-SYN-C-0004-09,ORD-SYN-C-0004,2026-06-01T13:52:27+08:00,shipped_from_warehouse,shipped_from_warehouse,WH-SYN-EAST,2,piece,synthetic_case_generator
WHE-SYN-C-0005-01,ORD-SYN-C-0005,2026-06-01T13:58:02+08:00,order_received,order_received,WH-SYN-WEST,1,piece,synthetic_case_generator
WHE-SYN-C-0005-02,ORD-SYN-C-0005,2026-06-01T14:39:56+08:00,picking_started,picking_started,WH-SYN-WEST,1,piece,synthetic_case_generator
WHE-SYN-C-0005-03,ORD-SYN-C-0005,2026-06-01T15:23:55+08:00,picking_completed,picking_completed,WH-SYN-WEST,1,piece,synthetic_case_generator
WHE-SYN-C-0005-04,ORD-SYN-C-0005,2026-06-01T15:50:41+08:00,quality_check_started,quality_check_started,WH-SYN-WEST,1,piece,synthetic_case_generator
WHE-SYN-C-0005-05,ORD-SYN-C-0005,2026-06-01T16:16:51+08:00,quality_check_completed,quality_check_completed,WH-SYN-WEST,1,piece,synthetic_case_generator
WHE-SYN-C-0005-06,ORD-SYN-C-0005,2026-06-01T16:20:55+08:00,packing_started,packing_started,WH-SYN-WEST,1,piece,synthetic_case_generator
WHE-SYN-C-0005-07,ORD-SYN-C-0005,2026-06-01T16:57:41+08:00,packing_completed,packing_completed,WH-SYN-WEST,1,piece,synthetic_case_generator
WHE-SYN-C-0005-08,ORD-SYN-C-0005,2026-06-01T17:20:58+08:00,ready_to_ship,ready_to_ship,WH-SYN-WEST,1,piece,synthetic_case_generator
WHE-SYN-C-0005-09,ORD-SYN-C-0005,2026-06-01T17:26:10+08:00,shipped_from_warehouse,shipped_from_warehouse,WH-SYN-WEST,1,piece,synthetic_case_generator
WHE-SYN-C-0006-01,ORD-SYN-C-0006,2026-06-01T16:23:48+08:00,order_received,order_received,WH-SYN-EAST,2,piece,synthetic_case_generator
WHE-SYN-C-0006-02,ORD-SYN-C-0006,2026-06-01T17:11:20+08:00,picking_started,picking_started,WH-SYN-EAST,2,piece,synthetic_case_generator
WHE-SYN-C-0006-03,ORD-SYN-C-0006,2026-06-01T18:06:19+08:00,picking_completed,picking_completed,WH-SYN-EAST,2,piece,synthetic_case_generator
WHE-SYN-C-0006-04,ORD-SYN-C-0006,2026-06-01T18:37:01+08:00,quality_check_started,quality_check_started,WH-SYN-EAST,2,piece,synthetic_case_generator
WHE-SYN-C-0006-05,ORD-SYN-C-0006,2026-06-01T19:07:40+08:00,quality_check_completed,quality_check_completed,WH-SYN-EAST,2,piece,synthetic_case_generator
WHE-SYN-C-0006-06,ORD-SYN-C-0006,2026-06-01T19:10:59+08:00,packing_started,packing_started,WH-SYN-EAST,2,piece,synthetic_case_generator
WHE-SYN-C-0006-07,ORD-SYN-C-0006,2026-06-01T19:45:57+08:00,packing_completed,packing_completed,WH-SYN-EAST,2,piece,synthetic_case_generator
WHE-SYN-C-0006-08,ORD-SYN-C-0006,2026-06-01T20:11:10+08:00,ready_to_ship,ready_to_ship,WH-SYN-EAST,2,piece,synthetic_case_generator
WHE-SYN-C-0006-09,ORD-SYN-C-0006,2026-06-01T20:20:39+08:00,shipped_from_warehouse,shipped_from_warehouse,WH-SYN-EAST,2,piece,synthetic_case_generator
WHE-SYN-C-0007-01,ORD-SYN-C-0007,2026-06-01T19:49:11+08:00,order_received,order_received,WH-SYN-WEST,5,piece,synthetic_case_generator
WHE-SYN-C-0007-02,ORD-SYN-C-0007,2026-06-01T20:21:25+08:00,picking_started,picking_started,WH-SYN-WEST,5,piece,synthetic_case_generator
WHE-SYN-C-0007-03,ORD-SYN-C-0007,2026-06-01T21:08:58+08:00,picking_completed,picking_completed,WH-SYN-WEST,5,piece,synthetic_case_generator
WHE-SYN-C-0007-04,ORD-SYN-C-0007,2026-06-01T21:38:54+08:00,quality_check_started,quality_check_started,WH-SYN-WEST,5,piece,synthetic_case_generator
WHE-SYN-C-0007-05,ORD-SYN-C-0007,2026-06-01T22:07:39+08:00,quality_check_completed,quality_check_completed,WH-SYN-WEST,5,piece,synthetic_case_generator
WHE-SYN-C-0007-06,ORD-SYN-C-0007,2026-06-01T22:13:20+08:00,packing_started,packing_started,WH-SYN-WEST,5,piece,synthetic_case_generator
WHE-SYN-C-0007-07,ORD-SYN-C-0007,2026-06-01T22:44:30+08:00,packing_completed,packing_completed,WH-SYN-WEST,5,piece,synthetic_case_generator
WHE-SYN-C-0007-08,ORD-SYN-C-0007,2026-06-01T23:02:13+08:00,ready_to_ship,ready_to_ship,WH-SYN-WEST,5,piece,synthetic_case_generator
WHE-SYN-C-0007-09,ORD-SYN-C-0007,2026-06-01T23:06:10+08:00,shipped_from_warehouse,shipped_from_warehouse,WH-SYN-WEST,5,piece,synthetic_case_generator
WHE-SYN-C-0008-01,ORD-SYN-C-0008,2026-06-01T12:02:10+08:00,order_received,order_received,WH-SYN-WEST,1,piece,synthetic_case_generator
WHE-SYN-C-0008-02,ORD-SYN-C-0008,2026-06-01T12:54:21+08:00,picking_started,picking_started,WH-SYN-WEST,1,piece,synthetic_case_generator
WHE-SYN-C-0008-03,ORD-SYN-C-0008,2026-06-01T13:47:21+08:00,picking_completed,picking_completed,WH-SYN-WEST,1,piece,synthetic_case_generator
WHE-SYN-C-0008-04,ORD-SYN-C-0008,2026-06-01T14:13:26+08:00,quality_check_started,quality_check_started,WH-SYN-WEST,1,piece,synthetic_case_generator
WHE-SYN-C-0008-05,ORD-SYN-C-0008,2026-06-01T14:35:59+08:00,quality_check_completed,quality_check_completed,WH-SYN-WEST,1,piece,synthetic_case_generator
WHE-SYN-C-0008-06,ORD-SYN-C-0008,2026-06-01T14:45:44+08:00,packing_started,packing_started,WH-SYN-WEST,1,piece,synthetic_case_generator
WHE-SYN-C-0008-07,ORD-SYN-C-0008,2026-06-01T15:30:39+08:00,packing_completed,packing_completed,WH-SYN-WEST,1,piece,synthetic_case_generator
WHE-SYN-C-0008-08,ORD-SYN-C-0008,2026-06-01T15:46:44+08:00,ready_to_ship,ready_to_ship,WH-SYN-WEST,1,piece,synthetic_case_generator
WHE-SYN-C-0008-09,ORD-SYN-C-0008,2026-06-01T15:57:53+08:00,shipped_from_warehouse,shipped_from_warehouse,WH-SYN-WEST,1,piece,synthetic_case_generator
WHE-SYN-C-0009-01,ORD-SYN-C-0009,2026-06-01T14:29:10+08:00,order_received,order_received,WH-SYN-EAST,1,piece,synthetic_case_generator
WHE-SYN-C-0009-02,ORD-SYN-C-0009,2026-06-01T15:00:58+08:00,picking_started,picking_started,WH-SYN-EAST,1,piece,synthetic_case_generator
WHE-SYN-C-0009-03,ORD-SYN-C-0009,2026-06-01T15:44:21+08:00,picking_completed,picking_completed,WH-SYN-EAST,1,piece,synthetic_case_generator
WHE-SYN-C-0009-04,ORD-SYN-C-0009,2026-06-01T16:13:23+08:00,quality_check_started,quality_check_started,WH-SYN-EAST,1,piece,synthetic_case_generator
WHE-SYN-C-0009-05,ORD-SYN-C-0009,2026-06-01T16:45:43+08:00,quality_check_completed,quality_check_completed,WH-SYN-EAST,1,piece,synthetic_case_generator
WHE-SYN-C-0009-06,ORD-SYN-C-0009,2026-06-01T16:53:29+08:00,packing_started,packing_started,WH-SYN-EAST,1,piece,synthetic_case_generator
WHE-SYN-C-0009-07,ORD-SYN-C-0009,2026-06-01T17:27:18+08:00,packing_completed,packing_completed,WH-SYN-EAST,1,piece,synthetic_case_generator
WHE-SYN-C-0009-08,ORD-SYN-C-0009,2026-06-01T17:46:12+08:00,ready_to_ship,ready_to_ship,WH-SYN-EAST,1,piece,synthetic_case_generator
WHE-SYN-C-0009-09,ORD-SYN-C-0009,2026-06-01T17:56:43+08:00,shipped_from_warehouse,shipped_from_warehouse,WH-SYN-EAST,1,piece,synthetic_case_generator
WHE-SYN-C-0010-01,ORD-SYN-C-0010,2026-06-01T17:51:14+08:00,order_received,order_received,WH-SYN-EAST,4,piece,synthetic_case_generator
WHE-SYN-C-0010-02,ORD-SYN-C-0010,2026-06-01T18:28:02+08:00,picking_started,picking_started,WH-SYN-EAST,4,piece,synthetic_case_generator
WHE-SYN-C-0010-03,ORD-SYN-C-0010,2026-06-01T19:10:21+08:00,picking_completed,picking_completed,WH-SYN-EAST,4,piece,synthetic_case_generator
WHE-SYN-C-0010-04,ORD-SYN-C-0010,2026-06-01T19:40:37+08:00,quality_check_started,quality_check_started,WH-SYN-EAST,4,piece,synthetic_case_generator
WHE-SYN-C-0010-05,ORD-SYN-C-0010,2026-06-01T20:02:25+08:00,quality_check_completed,quality_check_completed,WH-SYN-EAST,4,piece,synthetic_case_generator
WHE-SYN-C-0010-06,ORD-SYN-C-0010,2026-06-01T20:09:43+08:00,packing_started,packing_started,WH-SYN-EAST,4,piece,synthetic_case_generator
WHE-SYN-C-0010-07,ORD-SYN-C-0010,2026-06-01T20:44:52+08:00,packing_completed,packing_completed,WH-SYN-EAST,4,piece,synthetic_case_generator
WHE-SYN-C-0010-08,ORD-SYN-C-0010,2026-06-01T21:13:16+08:00,ready_to_ship,ready_to_ship,WH-SYN-EAST,4,piece,synthetic_case_generator
WHE-SYN-C-0010-09,ORD-SYN-C-0010,2026-06-01T21:20:54+08:00,shipped_from_warehouse,shipped_from_warehouse,WH-SYN-EAST,4,piece,synthetic_case_generator
WHE-SYN-C-0011-01,ORD-SYN-C-0011,2026-06-02T09:31:03+08:00,order_received,order_received,WH-SYN-EAST,1,piece,synthetic_case_generator
WHE-SYN-C-0011-02,ORD-SYN-C-0011,2026-06-02T10:22:45+08:00,picking_started,picking_started,WH-SYN-EAST,1,piece,synthetic_case_generator
WHE-SYN-C-0011-03,ORD-SYN-C-0011,2026-06-02T11:14:36+08:00,picking_completed,picking_completed,WH-SYN-EAST,1,piece,synthetic_case_generator
WHE-SYN-C-0011-04,ORD-SYN-C-0011,2026-06-02T11:38:33+08:00,quality_check_started,quality_check_started,WH-SYN-EAST,1,piece,synthetic_case_generator
WHE-SYN-C-0011-05,ORD-SYN-C-0011,2026-06-02T12:08:45+08:00,quality_check_completed,quality_check_completed,WH-SYN-EAST,1,piece,synthetic_case_generator
WHE-SYN-C-0011-06,ORD-SYN-C-0011,2026-06-02T12:20:13+08:00,packing_started,packing_started,WH-SYN-EAST,1,piece,synthetic_case_generator
WHE-SYN-C-0011-07,ORD-SYN-C-0011,2026-06-02T13:01:36+08:00,packing_completed,packing_completed,WH-SYN-EAST,1,piece,synthetic_case_generator
WHE-SYN-C-0011-08,ORD-SYN-C-0011,2026-06-02T13:17:44+08:00,ready_to_ship,ready_to_ship,WH-SYN-EAST,1,piece,synthetic_case_generator
WHE-SYN-C-0011-09,ORD-SYN-C-0011,2026-06-02T13:21:00+08:00,shipped_from_warehouse,shipped_from_warehouse,WH-SYN-EAST,1,piece,synthetic_case_generator
WHE-SYN-C-0012-01,ORD-SYN-C-0012,2026-06-02T13:02:48+08:00,order_received,order_received,WH-SYN-EAST,2,piece,synthetic_case_generator
WHE-SYN-C-0012-02,ORD-SYN-C-0012,2026-06-02T13:47:36+08:00,picking_started,picking_started,WH-SYN-EAST,2,piece,synthetic_case_generator
WHE-SYN-C-0012-03,ORD-SYN-C-0012,2026-06-02T14:39:41+08:00,picking_completed,picking_completed,WH-SYN-EAST,2,piece,synthetic_case_generator
WHE-SYN-C-0012-04,ORD-SYN-C-0012,2026-06-02T15:10:39+08:00,quality_check_started,quality_check_started,WH-SYN-EAST,2,piece,synthetic_case_generator
WHE-SYN-C-0012-05,ORD-SYN-C-0012,2026-06-02T15:32:21+08:00,quality_check_completed,quality_check_completed,WH-SYN-EAST,2,piece,synthetic_case_generator
WHE-SYN-C-0012-06,ORD-SYN-C-0012,2026-06-02T15:36:48+08:00,packing_started,packing_started,WH-SYN-EAST,2,piece,synthetic_case_generator
WHE-SYN-C-0012-07,ORD-SYN-C-0012,2026-06-02T16:12:04+08:00,packing_completed,packing_completed,WH-SYN-EAST,2,piece,synthetic_case_generator
WHE-SYN-C-0012-08,ORD-SYN-C-0012,2026-06-02T16:29:47+08:00,ready_to_ship,ready_to_ship,WH-SYN-EAST,2,piece,synthetic_case_generator
WHE-SYN-C-0012-09,ORD-SYN-C-0012,2026-06-02T16:36:25+08:00,shipped_from_warehouse,shipped_from_warehouse,WH-SYN-EAST,2,piece,synthetic_case_generator
WHE-SYN-C-0013-01,ORD-SYN-C-0013,2026-06-02T15:13:01+08:00,order_received,order_received,WH-SYN-EAST,1,piece,synthetic_case_generator
WHE-SYN-C-0013-02,ORD-SYN-C-0013,2026-06-02T15:53:46+08:00,picking_started,picking_started,WH-SYN-EAST,1,piece,synthetic_case_generator
WHE-SYN-C-0013-03,ORD-SYN-C-0013,2026-06-02T16:47:18+08:00,picking_completed,picking_completed,WH-SYN-EAST,1,piece,synthetic_case_generator
WHE-SYN-C-0013-04,ORD-SYN-C-0013,2026-06-02T17:11:49+08:00,quality_check_started,quality_check_started,WH-SYN-EAST,1,piece,synthetic_case_generator
WHE-SYN-C-0013-05,ORD-SYN-C-0013,2026-06-02T17:40:30+08:00,quality_check_completed,quality_check_completed,WH-SYN-EAST,1,piece,synthetic_case_generator
WHE-SYN-C-0013-06,ORD-SYN-C-0013,2026-06-02T17:47:15+08:00,packing_started,packing_started,WH-SYN-EAST,1,piece,synthetic_case_generator
WHE-SYN-C-0013-07,ORD-SYN-C-0013,2026-06-02T18:30:40+08:00,packing_completed,packing_completed,WH-SYN-EAST,1,piece,synthetic_case_generator
WHE-SYN-C-0013-08,ORD-SYN-C-0013,2026-06-02T18:49:03+08:00,ready_to_ship,ready_to_ship,WH-SYN-EAST,1,piece,synthetic_case_generator
WHE-SYN-C-0013-09,ORD-SYN-C-0013,2026-06-02T18:54:52+08:00,shipped_from_warehouse,shipped_from_warehouse,WH-SYN-EAST,1,piece,synthetic_case_generator
WHE-SYN-C-0014-01,ORD-SYN-C-0014,2026-06-02T18:39:42+08:00,order_received,order_received,WH-SYN-EAST,4,piece,synthetic_case_generator
WHE-SYN-C-0014-02,ORD-SYN-C-0014,2026-06-02T19:15:29+08:00,picking_started,picking_started,WH-SYN-EAST,4,piece,synthetic_case_generator
WHE-SYN-C-0014-03,ORD-SYN-C-0014,2026-06-02T20:00:45+08:00,picking_completed,picking_completed,WH-SYN-EAST,4,piece,synthetic_case_generator
WHE-SYN-C-0014-04,ORD-SYN-C-0014,2026-06-02T20:25:41+08:00,quality_check_started,quality_check_started,WH-SYN-EAST,4,piece,synthetic_case_generator
WHE-SYN-C-0014-05,ORD-SYN-C-0014,2026-06-02T20:49:23+08:00,quality_check_completed,quality_check_completed,WH-SYN-EAST,4,piece,synthetic_case_generator
WHE-SYN-C-0014-06,ORD-SYN-C-0014,2026-06-02T20:58:05+08:00,packing_started,packing_started,WH-SYN-EAST,4,piece,synthetic_case_generator
WHE-SYN-C-0014-07,ORD-SYN-C-0014,2026-06-02T21:41:13+08:00,packing_completed,packing_completed,WH-SYN-EAST,4,piece,synthetic_case_generator
WHE-SYN-C-0014-08,ORD-SYN-C-0014,2026-06-02T22:03:54+08:00,ready_to_ship,ready_to_ship,WH-SYN-EAST,4,piece,synthetic_case_generator
WHE-SYN-C-0014-09,ORD-SYN-C-0014,2026-06-02T22:15:29+08:00,shipped_from_warehouse,shipped_from_warehouse,WH-SYN-EAST,4,piece,synthetic_case_generator
WHE-SYN-C-0015-01,ORD-SYN-C-0015,2026-06-02T11:15:34+08:00,order_received,order_received,WH-SYN-WEST,4,piece,synthetic_case_generator
WHE-SYN-C-0015-02,ORD-SYN-C-0015,2026-06-02T11:51:23+08:00,picking_started,picking_started,WH-SYN-WEST,4,piece,synthetic_case_generator
WHE-SYN-C-0015-03,ORD-SYN-C-0015,2026-06-02T12:45:03+08:00,picking_completed,picking_completed,WH-SYN-WEST,4,piece,synthetic_case_generator
WHE-SYN-C-0015-04,ORD-SYN-C-0015,2026-06-02T13:10:37+08:00,quality_check_started,quality_check_started,WH-SYN-WEST,4,piece,synthetic_case_generator
WHE-SYN-C-0015-05,ORD-SYN-C-0015,2026-06-02T13:41:13+08:00,quality_check_completed,quality_check_completed,WH-SYN-WEST,4,piece,synthetic_case_generator
WHE-SYN-C-0015-06,ORD-SYN-C-0015,2026-06-02T13:49:27+08:00,packing_started,packing_started,WH-SYN-WEST,4,piece,synthetic_case_generator
WHE-SYN-C-0015-07,ORD-SYN-C-0015,2026-06-02T14:21:44+08:00,packing_completed,packing_completed,WH-SYN-WEST,4,piece,synthetic_case_generator
WHE-SYN-C-0015-08,ORD-SYN-C-0015,2026-06-02T14:37:30+08:00,ready_to_ship,ready_to_ship,WH-SYN-WEST,4,piece,synthetic_case_generator
WHE-SYN-C-0015-09,ORD-SYN-C-0015,2026-06-02T14:48:27+08:00,shipped_from_warehouse,shipped_from_warehouse,WH-SYN-WEST,4,piece,synthetic_case_generator
WHE-SYN-C-0016-01,ORD-SYN-C-0016,2026-06-02T13:37:26+08:00,order_received,order_received,WH-SYN-EAST,4,piece,synthetic_case_generator
WHE-SYN-C-0016-02,ORD-SYN-C-0016,2026-06-02T14:18:05+08:00,picking_started,picking_started,WH-SYN-EAST,4,piece,synthetic_case_generator
WHE-SYN-C-0016-03,ORD-SYN-C-0016,2026-06-02T15:00:58+08:00,picking_completed,picking_completed,WH-SYN-EAST,4,piece,synthetic_case_generator
WHE-SYN-C-0016-04,ORD-SYN-C-0016,2026-06-02T15:31:48+08:00,quality_check_started,quality_check_started,WH-SYN-EAST,4,piece,synthetic_case_generator
WHE-SYN-C-0016-05,ORD-SYN-C-0016,2026-06-02T15:56:16+08:00,quality_check_completed,quality_check_completed,WH-SYN-EAST,4,piece,synthetic_case_generator
WHE-SYN-C-0016-06,ORD-SYN-C-0016,2026-06-02T16:01:25+08:00,packing_started,packing_started,WH-SYN-EAST,4,piece,synthetic_case_generator
WHE-SYN-C-0016-07,ORD-SYN-C-0016,2026-06-02T16:42:57+08:00,packing_completed,packing_completed,WH-SYN-EAST,4,piece,synthetic_case_generator
WHE-SYN-C-0016-08,ORD-SYN-C-0016,2026-06-02T17:10:39+08:00,ready_to_ship,ready_to_ship,WH-SYN-EAST,4,piece,synthetic_case_generator
WHE-SYN-C-0016-09,ORD-SYN-C-0016,2026-06-02T17:19:27+08:00,shipped_from_warehouse,shipped_from_warehouse,WH-SYN-EAST,4,piece,synthetic_case_generator
WHE-SYN-C-0017-01,ORD-SYN-C-0017,2026-06-02T16:49:38+08:00,order_received,order_received,WH-SYN-EAST,2,piece,synthetic_case_generator
WHE-SYN-C-0017-02,ORD-SYN-C-0017,2026-06-02T17:22:58+08:00,picking_started,picking_started,WH-SYN-EAST,2,piece,synthetic_case_generator
WHE-SYN-C-0017-03,ORD-SYN-C-0017,2026-06-02T18:15:31+08:00,picking_completed,picking_completed,WH-SYN-EAST,2,piece,synthetic_case_generator
WHE-SYN-C-0017-04,ORD-SYN-C-0017,2026-06-02T18:36:56+08:00,quality_check_started,quality_check_started,WH-SYN-EAST,2,piece,synthetic_case_generator
WHE-SYN-C-0017-05,ORD-SYN-C-0017,2026-06-02T18:59:06+08:00,quality_check_completed,quality_check_completed,WH-SYN-EAST,2,piece,synthetic_case_generator
WHE-SYN-C-0017-06,ORD-SYN-C-0017,2026-06-02T19:02:46+08:00,packing_started,packing_started,WH-SYN-EAST,2,piece,synthetic_case_generator
WHE-SYN-C-0017-07,ORD-SYN-C-0017,2026-06-02T19:43:07+08:00,packing_completed,packing_completed,WH-SYN-EAST,2,piece,synthetic_case_generator
WHE-SYN-C-0017-08,ORD-SYN-C-0017,2026-06-02T19:58:26+08:00,ready_to_ship,ready_to_ship,WH-SYN-EAST,2,piece,synthetic_case_generator
WHE-SYN-C-0017-09,ORD-SYN-C-0017,2026-06-02T20:08:17+08:00,shipped_from_warehouse,shipped_from_warehouse,WH-SYN-EAST,2,piece,synthetic_case_generator
WHE-SYN-C-0018-01,ORD-SYN-C-0018,2026-06-02T19:17:25+08:00,order_received,order_received,WH-SYN-WEST,5,piece,synthetic_case_generator
WHE-SYN-C-0018-02,ORD-SYN-C-0018,2026-06-02T20:04:04+08:00,picking_started,picking_started,WH-SYN-WEST,5,piece,synthetic_case_generator
WHE-SYN-C-0018-03,ORD-SYN-C-0018,2026-06-02T20:51:17+08:00,picking_completed,picking_completed,WH-SYN-WEST,5,piece,synthetic_case_generator
WHE-SYN-C-0018-04,ORD-SYN-C-0018,2026-06-02T21:19:47+08:00,quality_check_started,quality_check_started,WH-SYN-WEST,5,piece,synthetic_case_generator
WHE-SYN-C-0018-05,ORD-SYN-C-0018,2026-06-02T21:43:25+08:00,quality_check_completed,quality_check_completed,WH-SYN-WEST,5,piece,synthetic_case_generator
WHE-SYN-C-0018-06,ORD-SYN-C-0018,2026-06-02T21:50:08+08:00,packing_started,packing_started,WH-SYN-WEST,5,piece,synthetic_case_generator
WHE-SYN-C-0018-07,ORD-SYN-C-0018,2026-06-02T22:23:39+08:00,packing_completed,packing_completed,WH-SYN-WEST,5,piece,synthetic_case_generator
WHE-SYN-C-0018-08,ORD-SYN-C-0018,2026-06-02T22:53:32+08:00,ready_to_ship,ready_to_ship,WH-SYN-WEST,5,piece,synthetic_case_generator
WHE-SYN-C-0018-09,ORD-SYN-C-0018,2026-06-02T22:59:50+08:00,shipped_from_warehouse,shipped_from_warehouse,WH-SYN-WEST,5,piece,synthetic_case_generator
WHE-SYN-C-0019-01,ORD-SYN-C-0019,2026-06-02T11:52:33+08:00,order_received,order_received,WH-SYN-EAST,1,piece,synthetic_case_generator
WHE-SYN-C-0019-02,ORD-SYN-C-0019,2026-06-02T12:30:27+08:00,picking_started,picking_started,WH-SYN-EAST,1,piece,synthetic_case_generator
WHE-SYN-C-0019-03,ORD-SYN-C-0019,2026-06-02T13:13:10+08:00,picking_completed,picking_completed,WH-SYN-EAST,1,piece,synthetic_case_generator
WHE-SYN-C-0019-04,ORD-SYN-C-0019,2026-06-02T13:35:26+08:00,quality_check_started,quality_check_started,WH-SYN-EAST,1,piece,synthetic_case_generator
WHE-SYN-C-0019-05,ORD-SYN-C-0019,2026-06-02T13:57:39+08:00,quality_check_completed,quality_check_completed,WH-SYN-EAST,1,piece,synthetic_case_generator
WHE-SYN-C-0019-06,ORD-SYN-C-0019,2026-06-02T14:03:59+08:00,packing_started,packing_started,WH-SYN-EAST,1,piece,synthetic_case_generator
WHE-SYN-C-0019-07,ORD-SYN-C-0019,2026-06-02T14:40:25+08:00,packing_completed,packing_completed,WH-SYN-EAST,1,piece,synthetic_case_generator
WHE-SYN-C-0019-08,ORD-SYN-C-0019,2026-06-02T14:58:24+08:00,ready_to_ship,ready_to_ship,WH-SYN-EAST,1,piece,synthetic_case_generator
WHE-SYN-C-0019-09,ORD-SYN-C-0019,2026-06-02T15:03:30+08:00,shipped_from_warehouse,shipped_from_warehouse,WH-SYN-EAST,1,piece,synthetic_case_generator
WHE-SYN-C-0020-01,ORD-SYN-C-0020,2026-06-02T15:08:05+08:00,order_received,order_received,WH-SYN-WEST,2,piece,synthetic_case_generator
WHE-SYN-C-0020-02,ORD-SYN-C-0020,2026-06-02T15:56:43+08:00,picking_started,picking_started,WH-SYN-WEST,2,piece,synthetic_case_generator
WHE-SYN-C-0020-03,ORD-SYN-C-0020,2026-06-02T16:41:51+08:00,picking_completed,picking_completed,WH-SYN-WEST,2,piece,synthetic_case_generator
WHE-SYN-C-0020-04,ORD-SYN-C-0020,2026-06-02T17:14:14+08:00,quality_check_started,quality_check_started,WH-SYN-WEST,2,piece,synthetic_case_generator
WHE-SYN-C-0020-05,ORD-SYN-C-0020,2026-06-02T17:37:50+08:00,quality_check_completed,quality_check_completed,WH-SYN-WEST,2,piece,synthetic_case_generator
WHE-SYN-C-0020-06,ORD-SYN-C-0020,2026-06-02T17:46:57+08:00,packing_started,packing_started,WH-SYN-WEST,2,piece,synthetic_case_generator
WHE-SYN-C-0020-07,ORD-SYN-C-0020,2026-06-02T18:29:37+08:00,packing_completed,packing_completed,WH-SYN-WEST,2,piece,synthetic_case_generator
WHE-SYN-C-0020-08,ORD-SYN-C-0020,2026-06-02T18:39:35+08:00,ready_to_ship,ready_to_ship,WH-SYN-WEST,2,piece,synthetic_case_generator
WHE-SYN-C-0020-09,ORD-SYN-C-0020,2026-06-02T18:48:31+08:00,shipped_from_warehouse,shipped_from_warehouse,WH-SYN-WEST,2,piece,synthetic_case_generator
WHE-SYN-C-0021-01,ORD-SYN-C-0021,2026-06-03T17:45:49+08:00,order_received,order_received,WH-SYN-WEST,2,piece,synthetic_case_generator
WHE-SYN-C-0021-02,ORD-SYN-C-0021,2026-06-03T18:31:03+08:00,picking_started,picking_started,WH-SYN-WEST,2,piece,synthetic_case_generator
WHE-SYN-C-0021-03,ORD-SYN-C-0021,2026-06-03T19:14:19+08:00,picking_completed,picking_completed,WH-SYN-WEST,2,piece,synthetic_case_generator
WHE-SYN-C-0021-04,ORD-SYN-C-0021,2026-06-03T19:37:50+08:00,quality_check_started,quality_check_started,WH-SYN-WEST,2,piece,synthetic_case_generator
WHE-SYN-C-0021-05,ORD-SYN-C-0021,2026-06-03T20:03:01+08:00,quality_check_completed,quality_check_completed,WH-SYN-WEST,2,piece,synthetic_case_generator
WHE-SYN-C-0021-06,ORD-SYN-C-0021,2026-06-03T20:11:29+08:00,packing_started,packing_started,WH-SYN-WEST,2,piece,synthetic_case_generator
WHE-SYN-C-0021-07,ORD-SYN-C-0021,2026-06-03T20:42:17+08:00,packing_completed,packing_completed,WH-SYN-WEST,2,piece,synthetic_case_generator
WHE-SYN-C-0021-08,ORD-SYN-C-0021,2026-06-03T21:02:47+08:00,ready_to_ship,ready_to_ship,WH-SYN-WEST,2,piece,synthetic_case_generator
WHE-SYN-C-0021-09,ORD-SYN-C-0021,2026-06-03T21:12:32+08:00,shipped_from_warehouse,shipped_from_warehouse,WH-SYN-WEST,2,piece,synthetic_case_generator
WHE-SYN-C-0022-01,ORD-SYN-C-0022,2026-06-03T10:14:47+08:00,order_received,order_received,WH-SYN-WEST,5,piece,synthetic_case_generator
WHE-SYN-C-0022-02,ORD-SYN-C-0022,2026-06-03T10:45:40+08:00,picking_started,picking_started,WH-SYN-WEST,5,piece,synthetic_case_generator
WHE-SYN-C-0022-03,ORD-SYN-C-0022,2026-06-03T11:35:19+08:00,picking_completed,picking_completed,WH-SYN-WEST,5,piece,synthetic_case_generator
WHE-SYN-C-0022-04,ORD-SYN-C-0022,2026-06-03T12:07:53+08:00,quality_check_started,quality_check_started,WH-SYN-WEST,5,piece,synthetic_case_generator
WHE-SYN-C-0022-05,ORD-SYN-C-0022,2026-06-03T12:39:19+08:00,quality_check_completed,quality_check_completed,WH-SYN-WEST,5,piece,synthetic_case_generator
WHE-SYN-C-0022-06,ORD-SYN-C-0022,2026-06-03T12:48:48+08:00,packing_started,packing_started,WH-SYN-WEST,5,piece,synthetic_case_generator
WHE-SYN-C-0022-07,ORD-SYN-C-0022,2026-06-03T13:26:04+08:00,packing_completed,packing_completed,WH-SYN-WEST,5,piece,synthetic_case_generator
WHE-SYN-C-0022-08,ORD-SYN-C-0022,2026-06-03T13:54:07+08:00,ready_to_ship,ready_to_ship,WH-SYN-WEST,5,piece,synthetic_case_generator
WHE-SYN-C-0022-09,ORD-SYN-C-0022,2026-06-03T14:05:05+08:00,shipped_from_warehouse,shipped_from_warehouse,WH-SYN-WEST,5,piece,synthetic_case_generator
WHE-SYN-C-0023-01,ORD-SYN-C-0023,2026-06-03T12:33:39+08:00,order_received,order_received,WH-SYN-WEST,4,piece,synthetic_case_generator
WHE-SYN-C-0023-02,ORD-SYN-C-0023,2026-06-03T13:06:02+08:00,picking_started,picking_started,WH-SYN-WEST,4,piece,synthetic_case_generator
WHE-SYN-C-0023-03,ORD-SYN-C-0023,2026-06-03T14:02:28+08:00,picking_completed,picking_completed,WH-SYN-WEST,4,piece,synthetic_case_generator
WHE-SYN-C-0023-04,ORD-SYN-C-0023,2026-06-03T14:32:05+08:00,quality_check_started,quality_check_started,WH-SYN-WEST,4,piece,synthetic_case_generator
WHE-SYN-C-0023-05,ORD-SYN-C-0023,2026-06-03T14:58:30+08:00,quality_check_completed,quality_check_completed,WH-SYN-WEST,4,piece,synthetic_case_generator
WHE-SYN-C-0023-06,ORD-SYN-C-0023,2026-06-03T15:07:36+08:00,packing_started,packing_started,WH-SYN-WEST,4,piece,synthetic_case_generator
WHE-SYN-C-0023-07,ORD-SYN-C-0023,2026-06-03T15:41:46+08:00,packing_completed,packing_completed,WH-SYN-WEST,4,piece,synthetic_case_generator
WHE-SYN-C-0023-08,ORD-SYN-C-0023,2026-06-03T16:03:25+08:00,ready_to_ship,ready_to_ship,WH-SYN-WEST,4,piece,synthetic_case_generator
WHE-SYN-C-0023-09,ORD-SYN-C-0023,2026-06-03T16:10:28+08:00,shipped_from_warehouse,shipped_from_warehouse,WH-SYN-WEST,4,piece,synthetic_case_generator
WHE-SYN-C-0024-01,ORD-SYN-C-0024,2026-06-03T15:52:15+08:00,order_received,order_received,WH-SYN-EAST,1,piece,synthetic_case_generator
WHE-SYN-C-0024-02,ORD-SYN-C-0024,2026-06-03T16:36:24+08:00,picking_started,picking_started,WH-SYN-EAST,1,piece,synthetic_case_generator
WHE-SYN-C-0024-03,ORD-SYN-C-0024,2026-06-03T17:31:02+08:00,picking_completed,picking_completed,WH-SYN-EAST,1,piece,synthetic_case_generator
WHE-SYN-C-0024-04,ORD-SYN-C-0024,2026-06-03T17:57:02+08:00,quality_check_started,quality_check_started,WH-SYN-EAST,1,piece,synthetic_case_generator
WHE-SYN-C-0024-05,ORD-SYN-C-0024,2026-06-03T18:26:38+08:00,quality_check_completed,quality_check_completed,WH-SYN-EAST,1,piece,synthetic_case_generator
WHE-SYN-C-0024-06,ORD-SYN-C-0024,2026-06-03T18:37:14+08:00,packing_started,packing_started,WH-SYN-EAST,1,piece,synthetic_case_generator
WHE-SYN-C-0024-07,ORD-SYN-C-0024,2026-06-03T19:07:23+08:00,packing_completed,packing_completed,WH-SYN-EAST,1,piece,synthetic_case_generator
WHE-SYN-C-0024-08,ORD-SYN-C-0024,2026-06-03T19:26:15+08:00,ready_to_ship,ready_to_ship,WH-SYN-EAST,1,piece,synthetic_case_generator
WHE-SYN-C-0024-09,ORD-SYN-C-0024,2026-06-03T19:29:44+08:00,shipped_from_warehouse,shipped_from_warehouse,WH-SYN-EAST,1,piece,synthetic_case_generator
WHE-SYN-C-0025-01,ORD-SYN-C-0025,2026-06-03T18:26:58+08:00,order_received,order_received,WH-SYN-EAST,1,piece,synthetic_case_generator
WHE-SYN-C-0025-02,ORD-SYN-C-0025,2026-06-03T19:05:21+08:00,picking_started,picking_started,WH-SYN-EAST,1,piece,synthetic_case_generator
WHE-SYN-C-0025-03,ORD-SYN-C-0025,2026-06-03T19:58:56+08:00,picking_completed,picking_completed,WH-SYN-EAST,1,piece,synthetic_case_generator
WHE-SYN-C-0025-04,ORD-SYN-C-0025,2026-06-03T20:23:43+08:00,quality_check_started,quality_check_started,WH-SYN-EAST,1,piece,synthetic_case_generator
WHE-SYN-C-0025-05,ORD-SYN-C-0025,2026-06-03T20:47:45+08:00,quality_check_completed,quality_check_completed,WH-SYN-EAST,1,piece,synthetic_case_generator
WHE-SYN-C-0025-06,ORD-SYN-C-0025,2026-06-03T20:58:47+08:00,packing_started,packing_started,WH-SYN-EAST,1,piece,synthetic_case_generator
WHE-SYN-C-0025-07,ORD-SYN-C-0025,2026-06-03T21:37:05+08:00,packing_completed,packing_completed,WH-SYN-EAST,1,piece,synthetic_case_generator
WHE-SYN-C-0025-08,ORD-SYN-C-0025,2026-06-03T21:53:04+08:00,ready_to_ship,ready_to_ship,WH-SYN-EAST,1,piece,synthetic_case_generator
WHE-SYN-C-0025-09,ORD-SYN-C-0025,2026-06-03T22:04:59+08:00,shipped_from_warehouse,shipped_from_warehouse,WH-SYN-EAST,1,piece,synthetic_case_generator
WHE-SYN-C-0026-01,ORD-SYN-C-0026,2026-06-03T10:39:37+08:00,order_received,order_received,WH-SYN-WEST,5,piece,synthetic_case_generator
WHE-SYN-C-0026-02,ORD-SYN-C-0026,2026-06-03T11:13:53+08:00,picking_started,picking_started,WH-SYN-WEST,5,piece,synthetic_case_generator
WHE-SYN-C-0026-03,ORD-SYN-C-0026,2026-06-03T12:03:08+08:00,picking_completed,picking_completed,WH-SYN-WEST,5,piece,synthetic_case_generator
WHE-SYN-C-0026-04,ORD-SYN-C-0026,2026-06-03T12:34:24+08:00,quality_check_started,quality_check_started,WH-SYN-WEST,5,piece,synthetic_case_generator
WHE-SYN-C-0026-05,ORD-SYN-C-0026,2026-06-03T12:57:22+08:00,quality_check_completed,quality_check_completed,WH-SYN-WEST,5,piece,synthetic_case_generator
WHE-SYN-C-0026-06,ORD-SYN-C-0026,2026-06-03T13:08:48+08:00,packing_started,packing_started,WH-SYN-WEST,5,piece,synthetic_case_generator
WHE-SYN-C-0026-07,ORD-SYN-C-0026,2026-06-03T13:43:53+08:00,packing_completed,packing_completed,WH-SYN-WEST,5,piece,synthetic_case_generator
WHE-SYN-C-0026-08,ORD-SYN-C-0026,2026-06-03T14:08:20+08:00,ready_to_ship,ready_to_ship,WH-SYN-WEST,5,piece,synthetic_case_generator
WHE-SYN-C-0026-09,ORD-SYN-C-0026,2026-06-03T14:11:35+08:00,shipped_from_warehouse,shipped_from_warehouse,WH-SYN-WEST,5,piece,synthetic_case_generator
WHE-SYN-C-0027-01,ORD-SYN-C-0027,2026-06-03T13:58:03+08:00,order_received,order_received,WH-SYN-EAST,1,piece,synthetic_case_generator
WHE-SYN-C-0027-02,ORD-SYN-C-0027,2026-06-03T14:32:37+08:00,picking_started,picking_started,WH-SYN-EAST,1,piece,synthetic_case_generator
WHE-SYN-C-0027-03,ORD-SYN-C-0027,2026-06-03T15:16:28+08:00,picking_completed,picking_completed,WH-SYN-EAST,1,piece,synthetic_case_generator
WHE-SYN-C-0027-04,ORD-SYN-C-0027,2026-06-03T15:44:17+08:00,quality_check_started,quality_check_started,WH-SYN-EAST,1,piece,synthetic_case_generator
WHE-SYN-C-0027-05,ORD-SYN-C-0027,2026-06-03T16:15:44+08:00,quality_check_completed,quality_check_completed,WH-SYN-EAST,1,piece,synthetic_case_generator
WHE-SYN-C-0027-06,ORD-SYN-C-0027,2026-06-03T16:23:32+08:00,packing_started,packing_started,WH-SYN-EAST,1,piece,synthetic_case_generator
WHE-SYN-C-0027-07,ORD-SYN-C-0027,2026-06-03T17:03:37+08:00,packing_completed,packing_completed,WH-SYN-EAST,1,piece,synthetic_case_generator
WHE-SYN-C-0027-08,ORD-SYN-C-0027,2026-06-03T17:19:39+08:00,ready_to_ship,ready_to_ship,WH-SYN-EAST,1,piece,synthetic_case_generator
WHE-SYN-C-0027-09,ORD-SYN-C-0027,2026-06-03T17:30:56+08:00,shipped_from_warehouse,shipped_from_warehouse,WH-SYN-EAST,1,piece,synthetic_case_generator
WHE-SYN-C-0028-01,ORD-SYN-C-0028,2026-06-03T16:28:11+08:00,order_received,order_received,WH-SYN-EAST,2,piece,synthetic_case_generator
WHE-SYN-C-0028-02,ORD-SYN-C-0028,2026-06-03T17:17:55+08:00,picking_started,picking_started,WH-SYN-EAST,2,piece,synthetic_case_generator
WHE-SYN-C-0028-03,ORD-SYN-C-0028,2026-06-03T18:02:59+08:00,picking_completed,picking_completed,WH-SYN-EAST,2,piece,synthetic_case_generator
WHE-SYN-C-0028-04,ORD-SYN-C-0028,2026-06-03T18:28:22+08:00,quality_check_started,quality_check_started,WH-SYN-EAST,2,piece,synthetic_case_generator
WHE-SYN-C-0028-05,ORD-SYN-C-0028,2026-06-03T19:00:49+08:00,quality_check_completed,quality_check_completed,WH-SYN-EAST,2,piece,synthetic_case_generator
WHE-SYN-C-0028-06,ORD-SYN-C-0028,2026-06-03T19:07:46+08:00,packing_started,packing_started,WH-SYN-EAST,2,piece,synthetic_case_generator
WHE-SYN-C-0028-07,ORD-SYN-C-0028,2026-06-03T19:52:00+08:00,packing_completed,packing_completed,WH-SYN-EAST,2,piece,synthetic_case_generator
WHE-SYN-C-0028-08,ORD-SYN-C-0028,2026-06-03T20:17:45+08:00,ready_to_ship,ready_to_ship,WH-SYN-EAST,2,piece,synthetic_case_generator
WHE-SYN-C-0028-09,ORD-SYN-C-0028,2026-06-03T20:25:26+08:00,shipped_from_warehouse,shipped_from_warehouse,WH-SYN-EAST,2,piece,synthetic_case_generator
WHE-SYN-C-0029-01,ORD-SYN-C-0029,2026-06-03T19:57:43+08:00,order_received,order_received,WH-SYN-WEST,4,piece,synthetic_case_generator
WHE-SYN-C-0029-02,ORD-SYN-C-0029,2026-06-03T20:31:45+08:00,picking_started,picking_started,WH-SYN-WEST,4,piece,synthetic_case_generator
WHE-SYN-C-0029-03,ORD-SYN-C-0029,2026-06-03T21:14:42+08:00,picking_completed,picking_completed,WH-SYN-WEST,4,piece,synthetic_case_generator
WHE-SYN-C-0029-04,ORD-SYN-C-0029,2026-06-03T21:39:47+08:00,quality_check_started,quality_check_started,WH-SYN-WEST,4,piece,synthetic_case_generator
WHE-SYN-C-0029-05,ORD-SYN-C-0029,2026-06-03T22:08:47+08:00,quality_check_completed,quality_check_completed,WH-SYN-WEST,4,piece,synthetic_case_generator
WHE-SYN-C-0029-06,ORD-SYN-C-0029,2026-06-03T22:16:10+08:00,packing_started,packing_started,WH-SYN-WEST,4,piece,synthetic_case_generator
WHE-SYN-C-0029-07,ORD-SYN-C-0029,2026-06-03T22:55:37+08:00,packing_completed,packing_completed,WH-SYN-WEST,4,piece,synthetic_case_generator
WHE-SYN-C-0029-08,ORD-SYN-C-0029,2026-06-03T23:07:40+08:00,ready_to_ship,ready_to_ship,WH-SYN-WEST,4,piece,synthetic_case_generator
WHE-SYN-C-0029-09,ORD-SYN-C-0029,2026-06-03T23:11:59+08:00,shipped_from_warehouse,shipped_from_warehouse,WH-SYN-WEST,4,piece,synthetic_case_generator
WHE-SYN-C-0030-01,ORD-SYN-C-0030,2026-06-03T11:12:26+08:00,order_received,order_received,WH-SYN-WEST,1,piece,synthetic_case_generator
WHE-SYN-C-0030-02,ORD-SYN-C-0030,2026-06-03T11:59:10+08:00,picking_started,picking_started,WH-SYN-WEST,1,piece,synthetic_case_generator
WHE-SYN-C-0030-03,ORD-SYN-C-0030,2026-06-03T12:48:20+08:00,picking_completed,picking_completed,WH-SYN-WEST,1,piece,synthetic_case_generator
WHE-SYN-C-0030-04,ORD-SYN-C-0030,2026-06-03T13:12:07+08:00,quality_check_started,quality_check_started,WH-SYN-WEST,1,piece,synthetic_case_generator
WHE-SYN-C-0030-05,ORD-SYN-C-0030,2026-06-03T13:44:54+08:00,quality_check_completed,quality_check_completed,WH-SYN-WEST,1,piece,synthetic_case_generator
WHE-SYN-C-0030-06,ORD-SYN-C-0030,2026-06-03T13:52:07+08:00,packing_started,packing_started,WH-SYN-WEST,1,piece,synthetic_case_generator
WHE-SYN-C-0030-07,ORD-SYN-C-0030,2026-06-03T14:31:03+08:00,packing_completed,packing_completed,WH-SYN-WEST,1,piece,synthetic_case_generator
WHE-SYN-C-0030-08,ORD-SYN-C-0030,2026-06-03T14:40:11+08:00,ready_to_ship,ready_to_ship,WH-SYN-WEST,1,piece,synthetic_case_generator
WHE-SYN-C-0030-09,ORD-SYN-C-0030,2026-06-03T14:51:44+08:00,shipped_from_warehouse,shipped_from_warehouse,WH-SYN-WEST,1,piece,synthetic_case_generator
WHE-SYN-C-0031-01,ORD-SYN-C-0031,2026-06-04T14:59:23+08:00,order_received,order_received,WH-SYN-EAST,3,piece,synthetic_case_generator
WHE-SYN-C-0031-02,ORD-SYN-C-0031,2026-06-04T15:48:13+08:00,picking_started,picking_started,WH-SYN-EAST,3,piece,synthetic_case_generator
WHE-SYN-C-0031-03,ORD-SYN-C-0031,2026-06-04T16:33:41+08:00,picking_completed,picking_completed,WH-SYN-EAST,3,piece,synthetic_case_generator
WHE-SYN-C-0031-04,ORD-SYN-C-0031,2026-06-04T16:57:20+08:00,quality_check_started,quality_check_started,WH-SYN-EAST,3,piece,synthetic_case_generator
WHE-SYN-C-0031-05,ORD-SYN-C-0031,2026-06-04T17:27:31+08:00,quality_check_completed,quality_check_completed,WH-SYN-EAST,3,piece,synthetic_case_generator
WHE-SYN-C-0031-06,ORD-SYN-C-0031,2026-06-04T17:33:23+08:00,packing_started,packing_started,WH-SYN-EAST,3,piece,synthetic_case_generator
WHE-SYN-C-0031-07,ORD-SYN-C-0031,2026-06-04T18:08:49+08:00,packing_completed,packing_completed,WH-SYN-EAST,3,piece,synthetic_case_generator
WHE-SYN-C-0031-08,ORD-SYN-C-0031,2026-06-04T18:33:47+08:00,ready_to_ship,ready_to_ship,WH-SYN-EAST,3,piece,synthetic_case_generator
WHE-SYN-C-0031-09,ORD-SYN-C-0031,2026-06-04T18:39:34+08:00,shipped_from_warehouse,shipped_from_warehouse,WH-SYN-EAST,3,piece,synthetic_case_generator
WHE-SYN-C-0032-01,ORD-SYN-C-0032,2026-06-04T17:24:51+08:00,order_received,order_received,WH-SYN-WEST,4,piece,synthetic_case_generator
WHE-SYN-C-0032-02,ORD-SYN-C-0032,2026-06-04T18:14:50+08:00,picking_started,picking_started,WH-SYN-WEST,4,piece,synthetic_case_generator
WHE-SYN-C-0032-03,ORD-SYN-C-0032,2026-06-04T18:59:47+08:00,picking_completed,picking_completed,WH-SYN-WEST,4,piece,synthetic_case_generator
WHE-SYN-C-0032-04,ORD-SYN-C-0032,2026-06-04T19:24:39+08:00,quality_check_started,quality_check_started,WH-SYN-WEST,4,piece,synthetic_case_generator
WHE-SYN-C-0032-05,ORD-SYN-C-0032,2026-06-04T19:46:23+08:00,quality_check_completed,quality_check_completed,WH-SYN-WEST,4,piece,synthetic_case_generator
WHE-SYN-C-0032-06,ORD-SYN-C-0032,2026-06-04T19:56:56+08:00,packing_started,packing_started,WH-SYN-WEST,4,piece,synthetic_case_generator
WHE-SYN-C-0032-07,ORD-SYN-C-0032,2026-06-04T20:34:23+08:00,packing_completed,packing_completed,WH-SYN-WEST,4,piece,synthetic_case_generator
WHE-SYN-C-0032-08,ORD-SYN-C-0032,2026-06-04T20:59:31+08:00,ready_to_ship,ready_to_ship,WH-SYN-WEST,4,piece,synthetic_case_generator
WHE-SYN-C-0032-09,ORD-SYN-C-0032,2026-06-04T21:07:16+08:00,shipped_from_warehouse,shipped_from_warehouse,WH-SYN-WEST,4,piece,synthetic_case_generator
WHE-SYN-C-0033-01,ORD-SYN-C-0033,2026-06-04T09:39:28+08:00,order_received,order_received,WH-SYN-EAST,1,piece,synthetic_case_generator
WHE-SYN-C-0033-02,ORD-SYN-C-0033,2026-06-04T10:23:25+08:00,picking_started,picking_started,WH-SYN-EAST,1,piece,synthetic_case_generator
WHE-SYN-C-0033-03,ORD-SYN-C-0033,2026-06-04T11:10:38+08:00,picking_completed,picking_completed,WH-SYN-EAST,1,piece,synthetic_case_generator
WHE-SYN-C-0033-04,ORD-SYN-C-0033,2026-06-04T11:35:31+08:00,quality_check_started,quality_check_started,WH-SYN-EAST,1,piece,synthetic_case_generator
WHE-SYN-C-0033-05,ORD-SYN-C-0033,2026-06-04T12:01:08+08:00,quality_check_completed,quality_check_completed,WH-SYN-EAST,1,piece,synthetic_case_generator
WHE-SYN-C-0033-06,ORD-SYN-C-0033,2026-06-04T12:11:59+08:00,packing_started,packing_started,WH-SYN-EAST,1,piece,synthetic_case_generator
WHE-SYN-C-0033-07,ORD-SYN-C-0033,2026-06-04T12:42:54+08:00,packing_completed,packing_completed,WH-SYN-EAST,1,piece,synthetic_case_generator
WHE-SYN-C-0033-08,ORD-SYN-C-0033,2026-06-04T13:08:30+08:00,ready_to_ship,ready_to_ship,WH-SYN-EAST,1,piece,synthetic_case_generator
WHE-SYN-C-0033-09,ORD-SYN-C-0033,2026-06-04T13:13:07+08:00,shipped_from_warehouse,shipped_from_warehouse,WH-SYN-EAST,1,piece,synthetic_case_generator
WHE-SYN-C-0034-01,ORD-SYN-C-0034,2026-06-04T12:58:34+08:00,order_received,order_received,WH-SYN-WEST,4,piece,synthetic_case_generator
WHE-SYN-C-0034-02,ORD-SYN-C-0034,2026-06-04T13:40:43+08:00,picking_started,picking_started,WH-SYN-WEST,4,piece,synthetic_case_generator
WHE-SYN-C-0034-03,ORD-SYN-C-0034,2026-06-04T14:30:04+08:00,picking_completed,picking_completed,WH-SYN-WEST,4,piece,synthetic_case_generator
WHE-SYN-C-0034-04,ORD-SYN-C-0034,2026-06-04T14:56:32+08:00,quality_check_started,quality_check_started,WH-SYN-WEST,4,piece,synthetic_case_generator
WHE-SYN-C-0034-05,ORD-SYN-C-0034,2026-06-04T15:26:55+08:00,quality_check_completed,quality_check_completed,WH-SYN-WEST,4,piece,synthetic_case_generator
WHE-SYN-C-0034-06,ORD-SYN-C-0034,2026-06-04T15:37:44+08:00,packing_started,packing_started,WH-SYN-WEST,4,piece,synthetic_case_generator
WHE-SYN-C-0034-07,ORD-SYN-C-0034,2026-06-04T16:18:50+08:00,packing_completed,packing_completed,WH-SYN-WEST,4,piece,synthetic_case_generator
WHE-SYN-C-0034-08,ORD-SYN-C-0034,2026-06-04T16:41:01+08:00,ready_to_ship,ready_to_ship,WH-SYN-WEST,4,piece,synthetic_case_generator
WHE-SYN-C-0034-09,ORD-SYN-C-0034,2026-06-04T16:46:12+08:00,shipped_from_warehouse,shipped_from_warehouse,WH-SYN-WEST,4,piece,synthetic_case_generator
WHE-SYN-C-0035-01,ORD-SYN-C-0035,2026-06-04T15:35:37+08:00,order_received,order_received,WH-SYN-EAST,2,piece,synthetic_case_generator
WHE-SYN-C-0035-02,ORD-SYN-C-0035,2026-06-04T16:19:18+08:00,picking_started,picking_started,WH-SYN-EAST,2,piece,synthetic_case_generator
WHE-SYN-C-0035-03,ORD-SYN-C-0035,2026-06-04T17:04:13+08:00,picking_completed,picking_completed,WH-SYN-EAST,2,piece,synthetic_case_generator
WHE-SYN-C-0035-04,ORD-SYN-C-0035,2026-06-04T17:34:41+08:00,quality_check_started,quality_check_started,WH-SYN-EAST,2,piece,synthetic_case_generator
WHE-SYN-C-0035-05,ORD-SYN-C-0035,2026-06-04T17:59:04+08:00,quality_check_completed,quality_check_completed,WH-SYN-EAST,2,piece,synthetic_case_generator
WHE-SYN-C-0035-06,ORD-SYN-C-0035,2026-06-04T18:08:33+08:00,packing_started,packing_started,WH-SYN-EAST,2,piece,synthetic_case_generator
WHE-SYN-C-0035-07,ORD-SYN-C-0035,2026-06-04T18:48:13+08:00,packing_completed,packing_completed,WH-SYN-EAST,2,piece,synthetic_case_generator
WHE-SYN-C-0035-08,ORD-SYN-C-0035,2026-06-04T19:00:35+08:00,ready_to_ship,ready_to_ship,WH-SYN-EAST,2,piece,synthetic_case_generator
WHE-SYN-C-0035-09,ORD-SYN-C-0035,2026-06-04T19:07:58+08:00,shipped_from_warehouse,shipped_from_warehouse,WH-SYN-EAST,2,piece,synthetic_case_generator
WHE-SYN-C-0036-01,ORD-SYN-C-0036,2026-06-04T18:46:22+08:00,order_received,order_received,WH-SYN-EAST,5,piece,synthetic_case_generator
WHE-SYN-C-0036-02,ORD-SYN-C-0036,2026-06-04T19:26:41+08:00,picking_started,picking_started,WH-SYN-EAST,5,piece,synthetic_case_generator
WHE-SYN-C-0036-03,ORD-SYN-C-0036,2026-06-04T20:22:21+08:00,picking_completed,picking_completed,WH-SYN-EAST,5,piece,synthetic_case_generator
WHE-SYN-C-0036-04,ORD-SYN-C-0036,2026-06-04T20:54:09+08:00,quality_check_started,quality_check_started,WH-SYN-EAST,5,piece,synthetic_case_generator
WHE-SYN-C-0036-05,ORD-SYN-C-0036,2026-06-04T21:20:01+08:00,quality_check_completed,quality_check_completed,WH-SYN-EAST,5,piece,synthetic_case_generator
WHE-SYN-C-0036-06,ORD-SYN-C-0036,2026-06-04T21:27:46+08:00,packing_started,packing_started,WH-SYN-EAST,5,piece,synthetic_case_generator
WHE-SYN-C-0036-07,ORD-SYN-C-0036,2026-06-04T22:03:22+08:00,packing_completed,packing_completed,WH-SYN-EAST,5,piece,synthetic_case_generator
WHE-SYN-C-0036-08,ORD-SYN-C-0036,2026-06-04T22:20:11+08:00,ready_to_ship,ready_to_ship,WH-SYN-EAST,5,piece,synthetic_case_generator
WHE-SYN-C-0036-09,ORD-SYN-C-0036,2026-06-04T22:32:11+08:00,shipped_from_warehouse,shipped_from_warehouse,WH-SYN-EAST,5,piece,synthetic_case_generator
WHE-SYN-C-0037-01,ORD-SYN-C-0037,2026-06-04T10:10:46+08:00,order_received,order_received,WH-SYN-EAST,3,piece,synthetic_case_generator
WHE-SYN-C-0037-02,ORD-SYN-C-0037,2026-06-04T11:02:09+08:00,picking_started,picking_started,WH-SYN-EAST,3,piece,synthetic_case_generator
WHE-SYN-C-0037-03,ORD-SYN-C-0037,2026-06-04T11:58:55+08:00,picking_completed,picking_completed,WH-SYN-EAST,3,piece,synthetic_case_generator
WHE-SYN-C-0037-04,ORD-SYN-C-0037,2026-06-04T12:31:11+08:00,quality_check_started,quality_check_started,WH-SYN-EAST,3,piece,synthetic_case_generator
WHE-SYN-C-0037-05,ORD-SYN-C-0037,2026-06-04T12:52:34+08:00,quality_check_completed,quality_check_completed,WH-SYN-EAST,3,piece,synthetic_case_generator
WHE-SYN-C-0037-06,ORD-SYN-C-0037,2026-06-04T13:00:37+08:00,packing_started,packing_started,WH-SYN-EAST,3,piece,synthetic_case_generator
WHE-SYN-C-0037-07,ORD-SYN-C-0037,2026-06-04T13:40:00+08:00,packing_completed,packing_completed,WH-SYN-EAST,3,piece,synthetic_case_generator
WHE-SYN-C-0037-08,ORD-SYN-C-0037,2026-06-04T13:58:07+08:00,ready_to_ship,ready_to_ship,WH-SYN-EAST,3,piece,synthetic_case_generator
WHE-SYN-C-0037-09,ORD-SYN-C-0037,2026-06-04T14:03:27+08:00,shipped_from_warehouse,shipped_from_warehouse,WH-SYN-EAST,3,piece,synthetic_case_generator
WHE-SYN-C-0038-01,ORD-SYN-C-0038,2026-06-04T13:48:32+08:00,order_received,order_received,WH-SYN-EAST,1,piece,synthetic_case_generator
WHE-SYN-C-0038-02,ORD-SYN-C-0038,2026-06-04T14:39:39+08:00,picking_started,picking_started,WH-SYN-EAST,1,piece,synthetic_case_generator
WHE-SYN-C-0038-03,ORD-SYN-C-0038,2026-06-04T15:29:44+08:00,picking_completed,picking_completed,WH-SYN-EAST,1,piece,synthetic_case_generator
WHE-SYN-C-0038-04,ORD-SYN-C-0038,2026-06-04T15:55:25+08:00,quality_check_started,quality_check_started,WH-SYN-EAST,1,piece,synthetic_case_generator
WHE-SYN-C-0038-05,ORD-SYN-C-0038,2026-06-04T16:19:57+08:00,quality_check_completed,quality_check_completed,WH-SYN-EAST,1,piece,synthetic_case_generator
WHE-SYN-C-0038-06,ORD-SYN-C-0038,2026-06-04T16:25:16+08:00,packing_started,packing_started,WH-SYN-EAST,1,piece,synthetic_case_generator
WHE-SYN-C-0038-07,ORD-SYN-C-0038,2026-06-04T17:03:52+08:00,packing_completed,packing_completed,WH-SYN-EAST,1,piece,synthetic_case_generator
WHE-SYN-C-0038-08,ORD-SYN-C-0038,2026-06-04T17:33:41+08:00,ready_to_ship,ready_to_ship,WH-SYN-EAST,1,piece,synthetic_case_generator
WHE-SYN-C-0038-09,ORD-SYN-C-0038,2026-06-04T17:37:10+08:00,shipped_from_warehouse,shipped_from_warehouse,WH-SYN-EAST,1,piece,synthetic_case_generator
WHE-SYN-C-0039-01,ORD-SYN-C-0039,2026-06-04T17:00:48+08:00,order_received,order_received,WH-SYN-WEST,5,piece,synthetic_case_generator
WHE-SYN-C-0039-02,ORD-SYN-C-0039,2026-06-04T17:40:31+08:00,picking_started,picking_started,WH-SYN-WEST,5,piece,synthetic_case_generator
WHE-SYN-C-0039-03,ORD-SYN-C-0039,2026-06-04T18:28:43+08:00,picking_completed,picking_completed,WH-SYN-WEST,5,piece,synthetic_case_generator
WHE-SYN-C-0039-04,ORD-SYN-C-0039,2026-06-04T18:52:10+08:00,quality_check_started,quality_check_started,WH-SYN-WEST,5,piece,synthetic_case_generator
WHE-SYN-C-0039-05,ORD-SYN-C-0039,2026-06-04T19:20:55+08:00,quality_check_completed,quality_check_completed,WH-SYN-WEST,5,piece,synthetic_case_generator
WHE-SYN-C-0039-06,ORD-SYN-C-0039,2026-06-04T19:26:27+08:00,packing_started,packing_started,WH-SYN-WEST,5,piece,synthetic_case_generator
WHE-SYN-C-0039-07,ORD-SYN-C-0039,2026-06-04T20:11:03+08:00,packing_completed,packing_completed,WH-SYN-WEST,5,piece,synthetic_case_generator
WHE-SYN-C-0039-08,ORD-SYN-C-0039,2026-06-04T20:37:34+08:00,ready_to_ship,ready_to_ship,WH-SYN-WEST,5,piece,synthetic_case_generator
WHE-SYN-C-0039-09,ORD-SYN-C-0039,2026-06-04T20:41:50+08:00,shipped_from_warehouse,shipped_from_warehouse,WH-SYN-WEST,5,piece,synthetic_case_generator
WHE-SYN-C-0040-01,ORD-SYN-C-0040,2026-06-04T19:35:02+08:00,order_received,order_received,WH-SYN-EAST,3,piece,synthetic_case_generator
WHE-SYN-C-0040-02,ORD-SYN-C-0040,2026-06-04T20:19:41+08:00,picking_started,picking_started,WH-SYN-EAST,3,piece,synthetic_case_generator
WHE-SYN-C-0040-03,ORD-SYN-C-0040,2026-06-04T21:11:34+08:00,picking_completed,picking_completed,WH-SYN-EAST,3,piece,synthetic_case_generator
WHE-SYN-C-0040-04,ORD-SYN-C-0040,2026-06-04T21:41:43+08:00,quality_check_started,quality_check_started,WH-SYN-EAST,3,piece,synthetic_case_generator
WHE-SYN-C-0040-05,ORD-SYN-C-0040,2026-06-04T22:11:33+08:00,quality_check_completed,quality_check_completed,WH-SYN-EAST,3,piece,synthetic_case_generator
WHE-SYN-C-0040-06,ORD-SYN-C-0040,2026-06-04T22:19:19+08:00,packing_started,packing_started,WH-SYN-EAST,3,piece,synthetic_case_generator
WHE-SYN-C-0040-07,ORD-SYN-C-0040,2026-06-04T22:59:15+08:00,packing_completed,packing_completed,WH-SYN-EAST,3,piece,synthetic_case_generator
WHE-SYN-C-0040-08,ORD-SYN-C-0040,2026-06-04T23:24:14+08:00,ready_to_ship,ready_to_ship,WH-SYN-EAST,3,piece,synthetic_case_generator
WHE-SYN-C-0040-09,ORD-SYN-C-0040,2026-06-04T23:34:07+08:00,shipped_from_warehouse,shipped_from_warehouse,WH-SYN-EAST,3,piece,synthetic_case_generator
WHE-SYN-C-0041-01,ORD-SYN-C-0041,2026-06-05T11:53:22+08:00,order_received,order_received,WH-SYN-EAST,2,piece,synthetic_case_generator
WHE-SYN-C-0041-02,ORD-SYN-C-0041,2026-06-05T12:27:00+08:00,picking_started,picking_started,WH-SYN-EAST,2,piece,synthetic_case_generator
WHE-SYN-C-0041-03,ORD-SYN-C-0041,2026-06-05T13:17:29+08:00,picking_completed,picking_completed,WH-SYN-EAST,2,piece,synthetic_case_generator
WHE-SYN-C-0041-04,ORD-SYN-C-0041,2026-06-05T13:49:35+08:00,quality_check_started,quality_check_started,WH-SYN-EAST,2,piece,synthetic_case_generator
WHE-SYN-C-0041-05,ORD-SYN-C-0041,2026-06-05T14:12:36+08:00,quality_check_completed,quality_check_completed,WH-SYN-EAST,2,piece,synthetic_case_generator
WHE-SYN-C-0041-06,ORD-SYN-C-0041,2026-06-05T14:22:00+08:00,packing_started,packing_started,WH-SYN-EAST,2,piece,synthetic_case_generator
WHE-SYN-C-0041-07,ORD-SYN-C-0041,2026-06-05T14:55:46+08:00,packing_completed,packing_completed,WH-SYN-EAST,2,piece,synthetic_case_generator
WHE-SYN-C-0041-08,ORD-SYN-C-0041,2026-06-05T15:13:28+08:00,ready_to_ship,ready_to_ship,WH-SYN-EAST,2,piece,synthetic_case_generator
WHE-SYN-C-0041-09,ORD-SYN-C-0041,2026-06-05T15:21:36+08:00,shipped_from_warehouse,shipped_from_warehouse,WH-SYN-EAST,2,piece,synthetic_case_generator
WHE-SYN-C-0042-01,ORD-SYN-C-0042,2026-06-05T14:24:07+08:00,order_received,order_received,WH-SYN-WEST,2,piece,synthetic_case_generator
WHE-SYN-C-0042-02,ORD-SYN-C-0042,2026-06-05T14:57:10+08:00,picking_started,picking_started,WH-SYN-WEST,2,piece,synthetic_case_generator
WHE-SYN-C-0042-03,ORD-SYN-C-0042,2026-06-05T15:39:57+08:00,picking_completed,picking_completed,WH-SYN-WEST,2,piece,synthetic_case_generator
WHE-SYN-C-0042-04,ORD-SYN-C-0042,2026-06-05T16:08:36+08:00,quality_check_started,quality_check_started,WH-SYN-WEST,2,piece,synthetic_case_generator
WHE-SYN-C-0042-05,ORD-SYN-C-0042,2026-06-05T16:36:48+08:00,quality_check_completed,quality_check_completed,WH-SYN-WEST,2,piece,synthetic_case_generator
WHE-SYN-C-0042-06,ORD-SYN-C-0042,2026-06-05T16:47:53+08:00,packing_started,packing_started,WH-SYN-WEST,2,piece,synthetic_case_generator
WHE-SYN-C-0042-07,ORD-SYN-C-0042,2026-06-05T17:18:13+08:00,packing_completed,packing_completed,WH-SYN-WEST,2,piece,synthetic_case_generator
WHE-SYN-C-0042-08,ORD-SYN-C-0042,2026-06-05T17:30:29+08:00,ready_to_ship,ready_to_ship,WH-SYN-WEST,2,piece,synthetic_case_generator
WHE-SYN-C-0042-09,ORD-SYN-C-0042,2026-06-05T17:33:54+08:00,shipped_from_warehouse,shipped_from_warehouse,WH-SYN-WEST,2,piece,synthetic_case_generator
WHE-SYN-C-0043-01,ORD-SYN-C-0043,2026-06-05T17:52:07+08:00,order_received,order_received,WH-SYN-WEST,3,piece,synthetic_case_generator
WHE-SYN-C-0043-02,ORD-SYN-C-0043,2026-06-05T18:44:10+08:00,picking_started,picking_started,WH-SYN-WEST,3,piece,synthetic_case_generator
WHE-SYN-C-0043-03,ORD-SYN-C-0043,2026-06-05T19:31:49+08:00,picking_completed,picking_completed,WH-SYN-WEST,3,piece,synthetic_case_generator
WHE-SYN-C-0043-04,ORD-SYN-C-0043,2026-06-05T19:58:33+08:00,quality_check_started,quality_check_started,WH-SYN-WEST,3,piece,synthetic_case_generator
WHE-SYN-C-0043-05,ORD-SYN-C-0043,2026-06-05T20:25:39+08:00,quality_check_completed,quality_check_completed,WH-SYN-WEST,3,piece,synthetic_case_generator
WHE-SYN-C-0043-06,ORD-SYN-C-0043,2026-06-05T20:35:29+08:00,packing_started,packing_started,WH-SYN-WEST,3,piece,synthetic_case_generator
WHE-SYN-C-0043-07,ORD-SYN-C-0043,2026-06-05T21:14:11+08:00,packing_completed,packing_completed,WH-SYN-WEST,3,piece,synthetic_case_generator
WHE-SYN-C-0043-08,ORD-SYN-C-0043,2026-06-05T21:41:29+08:00,ready_to_ship,ready_to_ship,WH-SYN-WEST,3,piece,synthetic_case_generator
WHE-SYN-C-0043-09,ORD-SYN-C-0043,2026-06-05T21:46:56+08:00,shipped_from_warehouse,shipped_from_warehouse,WH-SYN-WEST,3,piece,synthetic_case_generator
WHE-SYN-C-0044-01,ORD-SYN-C-0044,2026-06-05T10:10:46+08:00,order_received,order_received,WH-SYN-WEST,3,piece,synthetic_case_generator
WHE-SYN-C-0044-02,ORD-SYN-C-0044,2026-06-05T10:58:51+08:00,picking_started,picking_started,WH-SYN-WEST,3,piece,synthetic_case_generator
WHE-SYN-C-0044-03,ORD-SYN-C-0044,2026-06-05T11:51:19+08:00,picking_completed,picking_completed,WH-SYN-WEST,3,piece,synthetic_case_generator
WHE-SYN-C-0044-04,ORD-SYN-C-0044,2026-06-05T12:24:07+08:00,quality_check_started,quality_check_started,WH-SYN-WEST,3,piece,synthetic_case_generator
WHE-SYN-C-0044-05,ORD-SYN-C-0044,2026-06-05T12:54:19+08:00,quality_check_completed,quality_check_completed,WH-SYN-WEST,3,piece,synthetic_case_generator
WHE-SYN-C-0044-06,ORD-SYN-C-0044,2026-06-05T13:02:43+08:00,packing_started,packing_started,WH-SYN-WEST,3,piece,synthetic_case_generator
WHE-SYN-C-0044-07,ORD-SYN-C-0044,2026-06-05T13:33:19+08:00,packing_completed,packing_completed,WH-SYN-WEST,3,piece,synthetic_case_generator
WHE-SYN-C-0044-08,ORD-SYN-C-0044,2026-06-05T14:02:20+08:00,ready_to_ship,ready_to_ship,WH-SYN-WEST,3,piece,synthetic_case_generator
WHE-SYN-C-0044-09,ORD-SYN-C-0044,2026-06-05T14:08:02+08:00,shipped_from_warehouse,shipped_from_warehouse,WH-SYN-WEST,3,piece,synthetic_case_generator
WHE-SYN-C-0045-01,ORD-SYN-C-0045,2026-06-05T12:35:52+08:00,order_received,order_received,WH-SYN-EAST,4,piece,synthetic_case_generator
WHE-SYN-C-0045-02,ORD-SYN-C-0045,2026-06-05T13:11:18+08:00,picking_started,picking_started,WH-SYN-EAST,4,piece,synthetic_case_generator
WHE-SYN-C-0045-03,ORD-SYN-C-0045,2026-06-05T13:58:37+08:00,picking_completed,picking_completed,WH-SYN-EAST,4,piece,synthetic_case_generator
WHE-SYN-C-0045-04,ORD-SYN-C-0045,2026-06-05T14:22:07+08:00,quality_check_started,quality_check_started,WH-SYN-EAST,4,piece,synthetic_case_generator
WHE-SYN-C-0045-05,ORD-SYN-C-0045,2026-06-05T14:52:38+08:00,quality_check_completed,quality_check_completed,WH-SYN-EAST,4,piece,synthetic_case_generator
WHE-SYN-C-0045-06,ORD-SYN-C-0045,2026-06-05T14:58:45+08:00,packing_started,packing_started,WH-SYN-EAST,4,piece,synthetic_case_generator
WHE-SYN-C-0045-07,ORD-SYN-C-0045,2026-06-05T15:42:32+08:00,packing_completed,packing_completed,WH-SYN-EAST,4,piece,synthetic_case_generator
WHE-SYN-C-0045-08,ORD-SYN-C-0045,2026-06-05T16:05:03+08:00,ready_to_ship,ready_to_ship,WH-SYN-EAST,4,piece,synthetic_case_generator
WHE-SYN-C-0045-09,ORD-SYN-C-0045,2026-06-05T16:09:32+08:00,shipped_from_warehouse,shipped_from_warehouse,WH-SYN-EAST,4,piece,synthetic_case_generator
WHE-SYN-C-0046-01,ORD-SYN-C-0046,2026-06-05T15:58:43+08:00,order_received,order_received,WH-SYN-EAST,5,piece,synthetic_case_generator
WHE-SYN-C-0046-02,ORD-SYN-C-0046,2026-06-05T16:29:52+08:00,picking_started,picking_started,WH-SYN-EAST,5,piece,synthetic_case_generator
WHE-SYN-C-0046-03,ORD-SYN-C-0046,2026-06-05T17:22:49+08:00,picking_completed,picking_completed,WH-SYN-EAST,5,piece,synthetic_case_generator
WHE-SYN-C-0046-04,ORD-SYN-C-0046,2026-06-05T17:54:46+08:00,quality_check_started,quality_check_started,WH-SYN-EAST,5,piece,synthetic_case_generator
WHE-SYN-C-0046-05,ORD-SYN-C-0046,2026-06-05T18:19:34+08:00,quality_check_completed,quality_check_completed,WH-SYN-EAST,5,piece,synthetic_case_generator
WHE-SYN-C-0046-06,ORD-SYN-C-0046,2026-06-05T18:26:59+08:00,packing_started,packing_started,WH-SYN-EAST,5,piece,synthetic_case_generator
WHE-SYN-C-0046-07,ORD-SYN-C-0046,2026-06-05T19:01:51+08:00,packing_completed,packing_completed,WH-SYN-EAST,5,piece,synthetic_case_generator
WHE-SYN-C-0046-08,ORD-SYN-C-0046,2026-06-05T19:16:45+08:00,ready_to_ship,ready_to_ship,WH-SYN-EAST,5,piece,synthetic_case_generator
WHE-SYN-C-0046-09,ORD-SYN-C-0046,2026-06-05T19:27:43+08:00,shipped_from_warehouse,shipped_from_warehouse,WH-SYN-EAST,5,piece,synthetic_case_generator
WHE-SYN-C-0047-01,ORD-SYN-C-0047,2026-06-05T18:30:54+08:00,order_received,order_received,WH-SYN-WEST,3,piece,synthetic_case_generator
WHE-SYN-C-0047-02,ORD-SYN-C-0047,2026-06-05T19:05:08+08:00,picking_started,picking_started,WH-SYN-WEST,3,piece,synthetic_case_generator
WHE-SYN-C-0047-03,ORD-SYN-C-0047,2026-06-05T20:00:05+08:00,picking_completed,picking_completed,WH-SYN-WEST,3,piece,synthetic_case_generator
WHE-SYN-C-0047-04,ORD-SYN-C-0047,2026-06-05T20:25:30+08:00,quality_check_started,quality_check_started,WH-SYN-WEST,3,piece,synthetic_case_generator
WHE-SYN-C-0047-05,ORD-SYN-C-0047,2026-06-05T20:48:28+08:00,quality_check_completed,quality_check_completed,WH-SYN-WEST,3,piece,synthetic_case_generator
WHE-SYN-C-0047-06,ORD-SYN-C-0047,2026-06-05T20:58:53+08:00,packing_started,packing_started,WH-SYN-WEST,3,piece,synthetic_case_generator
WHE-SYN-C-0047-07,ORD-SYN-C-0047,2026-06-05T21:40:33+08:00,packing_completed,packing_completed,WH-SYN-WEST,3,piece,synthetic_case_generator
WHE-SYN-C-0047-08,ORD-SYN-C-0047,2026-06-05T21:50:03+08:00,ready_to_ship,ready_to_ship,WH-SYN-WEST,3,piece,synthetic_case_generator
WHE-SYN-C-0047-09,ORD-SYN-C-0047,2026-06-05T21:53:25+08:00,shipped_from_warehouse,shipped_from_warehouse,WH-SYN-WEST,3,piece,synthetic_case_generator
WHE-SYN-C-0048-01,ORD-SYN-C-0048,2026-06-05T10:52:46+08:00,order_received,order_received,WH-SYN-EAST,4,piece,synthetic_case_generator
WHE-SYN-C-0048-02,ORD-SYN-C-0048,2026-06-05T11:46:42+08:00,picking_started,picking_started,WH-SYN-EAST,4,piece,synthetic_case_generator
WHE-SYN-C-0048-03,ORD-SYN-C-0048,2026-06-05T12:43:06+08:00,picking_completed,picking_completed,WH-SYN-EAST,4,piece,synthetic_case_generator
WHE-SYN-C-0048-04,ORD-SYN-C-0048,2026-06-05T13:08:38+08:00,quality_check_started,quality_check_started,WH-SYN-EAST,4,piece,synthetic_case_generator
WHE-SYN-C-0048-05,ORD-SYN-C-0048,2026-06-05T13:34:46+08:00,quality_check_completed,quality_check_completed,WH-SYN-EAST,4,piece,synthetic_case_generator
WHE-SYN-C-0048-06,ORD-SYN-C-0048,2026-06-05T13:43:34+08:00,packing_started,packing_started,WH-SYN-EAST,4,piece,synthetic_case_generator
WHE-SYN-C-0048-07,ORD-SYN-C-0048,2026-06-05T14:18:27+08:00,packing_completed,packing_completed,WH-SYN-EAST,4,piece,synthetic_case_generator
WHE-SYN-C-0048-08,ORD-SYN-C-0048,2026-06-05T14:29:03+08:00,ready_to_ship,ready_to_ship,WH-SYN-EAST,4,piece,synthetic_case_generator
WHE-SYN-C-0048-09,ORD-SYN-C-0048,2026-06-05T14:39:39+08:00,shipped_from_warehouse,shipped_from_warehouse,WH-SYN-EAST,4,piece,synthetic_case_generator
WHE-SYN-C-0049-01,ORD-SYN-C-0049,2026-06-05T14:07:47+08:00,order_received,order_received,WH-SYN-EAST,2,piece,synthetic_case_generator
WHE-SYN-C-0049-02,ORD-SYN-C-0049,2026-06-05T14:52:19+08:00,picking_started,picking_started,WH-SYN-EAST,2,piece,synthetic_case_generator
WHE-SYN-C-0049-03,ORD-SYN-C-0049,2026-06-05T15:39:46+08:00,picking_completed,picking_completed,WH-SYN-EAST,2,piece,synthetic_case_generator
WHE-SYN-C-0049-04,ORD-SYN-C-0049,2026-06-05T16:07:08+08:00,quality_check_started,quality_check_started,WH-SYN-EAST,2,piece,synthetic_case_generator
WHE-SYN-C-0049-05,ORD-SYN-C-0049,2026-06-05T16:31:43+08:00,quality_check_completed,quality_check_completed,WH-SYN-EAST,2,piece,synthetic_case_generator
WHE-SYN-C-0049-06,ORD-SYN-C-0049,2026-06-05T16:39:24+08:00,packing_started,packing_started,WH-SYN-EAST,2,piece,synthetic_case_generator
WHE-SYN-C-0049-07,ORD-SYN-C-0049,2026-06-05T17:10:27+08:00,packing_completed,packing_completed,WH-SYN-EAST,2,piece,synthetic_case_generator
WHE-SYN-C-0049-08,ORD-SYN-C-0049,2026-06-05T17:37:06+08:00,ready_to_ship,ready_to_ship,WH-SYN-EAST,2,piece,synthetic_case_generator
WHE-SYN-C-0049-09,ORD-SYN-C-0049,2026-06-05T17:41:49+08:00,shipped_from_warehouse,shipped_from_warehouse,WH-SYN-EAST,2,piece,synthetic_case_generator
WHE-SYN-C-0050-01,ORD-SYN-C-0050,2026-06-05T16:43:51+08:00,order_received,order_received,WH-SYN-EAST,3,piece,synthetic_case_generator
WHE-SYN-C-0050-02,ORD-SYN-C-0050,2026-06-05T17:32:35+08:00,picking_started,picking_started,WH-SYN-EAST,3,piece,synthetic_case_generator
WHE-SYN-C-0050-03,ORD-SYN-C-0050,2026-06-05T18:17:17+08:00,picking_completed,picking_completed,WH-SYN-EAST,3,piece,synthetic_case_generator
WHE-SYN-C-0050-04,ORD-SYN-C-0050,2026-06-05T18:47:02+08:00,quality_check_started,quality_check_started,WH-SYN-EAST,3,piece,synthetic_case_generator
WHE-SYN-C-0050-05,ORD-SYN-C-0050,2026-06-05T19:13:38+08:00,quality_check_completed,quality_check_completed,WH-SYN-EAST,3,piece,synthetic_case_generator
WHE-SYN-C-0050-06,ORD-SYN-C-0050,2026-06-05T19:19:38+08:00,packing_started,packing_started,WH-SYN-EAST,3,piece,synthetic_case_generator
WHE-SYN-C-0050-07,ORD-SYN-C-0050,2026-06-05T19:58:07+08:00,packing_completed,packing_completed,WH-SYN-EAST,3,piece,synthetic_case_generator
WHE-SYN-C-0050-08,ORD-SYN-C-0050,2026-06-05T20:15:58+08:00,ready_to_ship,ready_to_ship,WH-SYN-EAST,3,piece,synthetic_case_generator
WHE-SYN-C-0050-09,ORD-SYN-C-0050,2026-06-05T20:19:10+08:00,shipped_from_warehouse,shipped_from_warehouse,WH-SYN-EAST,3,piece,synthetic_case_generator
WHE-SYN-C-0051-01,ORD-SYN-C-0051,2026-06-06T20:06:15+08:00,order_received,order_received,WH-SYN-EAST,4,piece,synthetic_case_generator
WHE-SYN-C-0051-02,ORD-SYN-C-0051,2026-06-06T20:40:38+08:00,picking_started,picking_started,WH-SYN-EAST,4,piece,synthetic_case_generator
WHE-SYN-C-0051-03,ORD-SYN-C-0051,2026-06-06T21:26:07+08:00,picking_completed,picking_completed,WH-SYN-EAST,4,piece,synthetic_case_generator
WHE-SYN-C-0051-04,ORD-SYN-C-0051,2026-06-06T21:49:37+08:00,quality_check_started,quality_check_started,WH-SYN-EAST,4,piece,synthetic_case_generator
WHE-SYN-C-0051-05,ORD-SYN-C-0051,2026-06-06T22:13:56+08:00,quality_check_completed,quality_check_completed,WH-SYN-EAST,4,piece,synthetic_case_generator
WHE-SYN-C-0051-06,ORD-SYN-C-0051,2026-06-06T22:22:47+08:00,packing_started,packing_started,WH-SYN-EAST,4,piece,synthetic_case_generator
WHE-SYN-C-0051-07,ORD-SYN-C-0051,2026-06-06T22:56:18+08:00,packing_completed,packing_completed,WH-SYN-EAST,4,piece,synthetic_case_generator
WHE-SYN-C-0051-08,ORD-SYN-C-0051,2026-06-06T23:20:33+08:00,ready_to_ship,ready_to_ship,WH-SYN-EAST,4,piece,synthetic_case_generator
WHE-SYN-C-0051-09,ORD-SYN-C-0051,2026-06-06T23:27:08+08:00,shipped_from_warehouse,shipped_from_warehouse,WH-SYN-EAST,4,piece,synthetic_case_generator
WHE-SYN-C-0052-01,ORD-SYN-C-0052,2026-06-06T11:42:54+08:00,order_received,order_received,WH-SYN-EAST,4,piece,synthetic_case_generator
WHE-SYN-C-0052-02,ORD-SYN-C-0052,2026-06-06T12:29:30+08:00,picking_started,picking_started,WH-SYN-EAST,4,piece,synthetic_case_generator
WHE-SYN-C-0052-03,ORD-SYN-C-0052,2026-06-06T13:21:17+08:00,picking_completed,picking_completed,WH-SYN-EAST,4,piece,synthetic_case_generator
WHE-SYN-C-0052-04,ORD-SYN-C-0052,2026-06-06T13:45:49+08:00,quality_check_started,quality_check_started,WH-SYN-EAST,4,piece,synthetic_case_generator
WHE-SYN-C-0052-05,ORD-SYN-C-0052,2026-06-06T14:07:58+08:00,quality_check_completed,quality_check_completed,WH-SYN-EAST,4,piece,synthetic_case_generator
WHE-SYN-C-0052-06,ORD-SYN-C-0052,2026-06-06T14:19:06+08:00,packing_started,packing_started,WH-SYN-EAST,4,piece,synthetic_case_generator
WHE-SYN-C-0052-07,ORD-SYN-C-0052,2026-06-06T14:58:53+08:00,packing_completed,packing_completed,WH-SYN-EAST,4,piece,synthetic_case_generator
WHE-SYN-C-0052-08,ORD-SYN-C-0052,2026-06-06T15:17:12+08:00,ready_to_ship,ready_to_ship,WH-SYN-EAST,4,piece,synthetic_case_generator
WHE-SYN-C-0052-09,ORD-SYN-C-0052,2026-06-06T15:23:32+08:00,shipped_from_warehouse,shipped_from_warehouse,WH-SYN-EAST,4,piece,synthetic_case_generator
WHE-SYN-C-0053-01,ORD-SYN-C-0053,2026-06-06T14:56:40+08:00,order_received,order_received,WH-SYN-EAST,1,piece,synthetic_case_generator
WHE-SYN-C-0053-02,ORD-SYN-C-0053,2026-06-06T15:41:36+08:00,picking_started,picking_started,WH-SYN-EAST,1,piece,synthetic_case_generator
WHE-SYN-C-0053-03,ORD-SYN-C-0053,2026-06-06T16:26:08+08:00,picking_completed,picking_completed,WH-SYN-EAST,1,piece,synthetic_case_generator
WHE-SYN-C-0053-04,ORD-SYN-C-0053,2026-06-06T16:50:00+08:00,quality_check_started,quality_check_started,WH-SYN-EAST,1,piece,synthetic_case_generator
WHE-SYN-C-0053-05,ORD-SYN-C-0053,2026-06-06T17:21:15+08:00,quality_check_completed,quality_check_completed,WH-SYN-EAST,1,piece,synthetic_case_generator
WHE-SYN-C-0053-06,ORD-SYN-C-0053,2026-06-06T17:32:03+08:00,packing_started,packing_started,WH-SYN-EAST,1,piece,synthetic_case_generator
WHE-SYN-C-0053-07,ORD-SYN-C-0053,2026-06-06T18:05:55+08:00,packing_completed,packing_completed,WH-SYN-EAST,1,piece,synthetic_case_generator
WHE-SYN-C-0053-08,ORD-SYN-C-0053,2026-06-06T18:23:40+08:00,ready_to_ship,ready_to_ship,WH-SYN-EAST,1,piece,synthetic_case_generator
WHE-SYN-C-0053-09,ORD-SYN-C-0053,2026-06-06T18:31:17+08:00,shipped_from_warehouse,shipped_from_warehouse,WH-SYN-EAST,1,piece,synthetic_case_generator
WHE-SYN-C-0054-01,ORD-SYN-C-0054,2026-06-06T17:25:08+08:00,order_received,order_received,WH-SYN-EAST,4,piece,synthetic_case_generator
WHE-SYN-C-0054-02,ORD-SYN-C-0054,2026-06-06T18:04:06+08:00,picking_started,picking_started,WH-SYN-EAST,4,piece,synthetic_case_generator
WHE-SYN-C-0054-03,ORD-SYN-C-0054,2026-06-06T18:46:39+08:00,picking_completed,picking_completed,WH-SYN-EAST,4,piece,synthetic_case_generator
WHE-SYN-C-0054-04,ORD-SYN-C-0054,2026-06-06T19:09:32+08:00,quality_check_started,quality_check_started,WH-SYN-EAST,4,piece,synthetic_case_generator
WHE-SYN-C-0054-05,ORD-SYN-C-0054,2026-06-06T19:41:20+08:00,quality_check_completed,quality_check_completed,WH-SYN-EAST,4,piece,synthetic_case_generator
WHE-SYN-C-0054-06,ORD-SYN-C-0054,2026-06-06T19:46:39+08:00,packing_started,packing_started,WH-SYN-EAST,4,piece,synthetic_case_generator
WHE-SYN-C-0054-07,ORD-SYN-C-0054,2026-06-06T20:31:27+08:00,packing_completed,packing_completed,WH-SYN-EAST,4,piece,synthetic_case_generator
WHE-SYN-C-0054-08,ORD-SYN-C-0054,2026-06-06T20:58:00+08:00,ready_to_ship,ready_to_ship,WH-SYN-EAST,4,piece,synthetic_case_generator
WHE-SYN-C-0054-09,ORD-SYN-C-0054,2026-06-06T21:03:29+08:00,shipped_from_warehouse,shipped_from_warehouse,WH-SYN-EAST,4,piece,synthetic_case_generator
WHE-SYN-C-0055-01,ORD-SYN-C-0055,2026-06-06T09:48:56+08:00,order_received,order_received,WH-SYN-EAST,1,piece,synthetic_case_generator
WHE-SYN-C-0055-02,ORD-SYN-C-0055,2026-06-06T10:23:05+08:00,picking_started,picking_started,WH-SYN-EAST,1,piece,synthetic_case_generator
WHE-SYN-C-0055-03,ORD-SYN-C-0055,2026-06-06T11:18:39+08:00,picking_completed,picking_completed,WH-SYN-EAST,1,piece,synthetic_case_generator
WHE-SYN-C-0055-04,ORD-SYN-C-0055,2026-06-06T11:50:08+08:00,quality_check_started,quality_check_started,WH-SYN-EAST,1,piece,synthetic_case_generator
WHE-SYN-C-0055-05,ORD-SYN-C-0055,2026-06-06T12:13:39+08:00,quality_check_completed,quality_check_completed,WH-SYN-EAST,1,piece,synthetic_case_generator
WHE-SYN-C-0055-06,ORD-SYN-C-0055,2026-06-06T12:25:13+08:00,packing_started,packing_started,WH-SYN-EAST,1,piece,synthetic_case_generator
WHE-SYN-C-0055-07,ORD-SYN-C-0055,2026-06-06T12:57:37+08:00,packing_completed,packing_completed,WH-SYN-EAST,1,piece,synthetic_case_generator
WHE-SYN-C-0055-08,ORD-SYN-C-0055,2026-06-06T13:13:29+08:00,ready_to_ship,ready_to_ship,WH-SYN-EAST,1,piece,synthetic_case_generator
WHE-SYN-C-0055-09,ORD-SYN-C-0055,2026-06-06T13:20:31+08:00,shipped_from_warehouse,shipped_from_warehouse,WH-SYN-EAST,1,piece,synthetic_case_generator
WHE-SYN-C-0056-01,ORD-SYN-C-0056,2026-06-06T13:08:51+08:00,order_received,order_received,WH-SYN-WEST,4,piece,synthetic_case_generator
WHE-SYN-C-0056-02,ORD-SYN-C-0056,2026-06-06T14:02:07+08:00,picking_started,picking_started,WH-SYN-WEST,4,piece,synthetic_case_generator
WHE-SYN-C-0056-03,ORD-SYN-C-0056,2026-06-06T14:53:44+08:00,picking_completed,picking_completed,WH-SYN-WEST,4,piece,synthetic_case_generator
WHE-SYN-C-0056-04,ORD-SYN-C-0056,2026-06-06T15:20:36+08:00,quality_check_started,quality_check_started,WH-SYN-WEST,4,piece,synthetic_case_generator
WHE-SYN-C-0056-05,ORD-SYN-C-0056,2026-06-06T15:42:12+08:00,quality_check_completed,quality_check_completed,WH-SYN-WEST,4,piece,synthetic_case_generator
WHE-SYN-C-0056-06,ORD-SYN-C-0056,2026-06-06T15:45:32+08:00,packing_started,packing_started,WH-SYN-WEST,4,piece,synthetic_case_generator
WHE-SYN-C-0056-07,ORD-SYN-C-0056,2026-06-06T16:16:22+08:00,packing_completed,packing_completed,WH-SYN-WEST,4,piece,synthetic_case_generator
WHE-SYN-C-0056-08,ORD-SYN-C-0056,2026-06-06T16:26:44+08:00,ready_to_ship,ready_to_ship,WH-SYN-WEST,4,piece,synthetic_case_generator
WHE-SYN-C-0056-09,ORD-SYN-C-0056,2026-06-06T16:35:37+08:00,shipped_from_warehouse,shipped_from_warehouse,WH-SYN-WEST,4,piece,synthetic_case_generator
WHE-SYN-C-0057-01,ORD-SYN-C-0057,2026-06-06T15:29:52+08:00,order_received,order_received,WH-SYN-EAST,2,piece,synthetic_case_generator
WHE-SYN-C-0057-02,ORD-SYN-C-0057,2026-06-06T16:14:24+08:00,picking_started,picking_started,WH-SYN-EAST,2,piece,synthetic_case_generator
WHE-SYN-C-0057-03,ORD-SYN-C-0057,2026-06-06T17:07:46+08:00,picking_completed,picking_completed,WH-SYN-EAST,2,piece,synthetic_case_generator
WHE-SYN-C-0057-04,ORD-SYN-C-0057,2026-06-06T17:40:11+08:00,quality_check_started,quality_check_started,WH-SYN-EAST,2,piece,synthetic_case_generator
WHE-SYN-C-0057-05,ORD-SYN-C-0057,2026-06-06T18:08:45+08:00,quality_check_completed,quality_check_completed,WH-SYN-EAST,2,piece,synthetic_case_generator
WHE-SYN-C-0057-06,ORD-SYN-C-0057,2026-06-06T18:13:22+08:00,packing_started,packing_started,WH-SYN-EAST,2,piece,synthetic_case_generator
WHE-SYN-C-0057-07,ORD-SYN-C-0057,2026-06-06T18:44:12+08:00,packing_completed,packing_completed,WH-SYN-EAST,2,piece,synthetic_case_generator
WHE-SYN-C-0057-08,ORD-SYN-C-0057,2026-06-06T18:58:07+08:00,ready_to_ship,ready_to_ship,WH-SYN-EAST,2,piece,synthetic_case_generator
WHE-SYN-C-0057-09,ORD-SYN-C-0057,2026-06-06T19:01:46+08:00,shipped_from_warehouse,shipped_from_warehouse,WH-SYN-EAST,2,piece,synthetic_case_generator
WHE-SYN-C-0058-01,ORD-SYN-C-0058,2026-06-06T19:00:27+08:00,order_received,order_received,WH-SYN-EAST,3,piece,synthetic_case_generator
WHE-SYN-C-0058-02,ORD-SYN-C-0058,2026-06-06T19:45:37+08:00,picking_started,picking_started,WH-SYN-EAST,3,piece,synthetic_case_generator
WHE-SYN-C-0058-03,ORD-SYN-C-0058,2026-06-06T20:37:03+08:00,picking_completed,picking_completed,WH-SYN-EAST,3,piece,synthetic_case_generator
WHE-SYN-C-0058-04,ORD-SYN-C-0058,2026-06-06T21:04:02+08:00,quality_check_started,quality_check_started,WH-SYN-EAST,3,piece,synthetic_case_generator
WHE-SYN-C-0058-05,ORD-SYN-C-0058,2026-06-06T21:32:00+08:00,quality_check_completed,quality_check_completed,WH-SYN-EAST,3,piece,synthetic_case_generator
WHE-SYN-C-0058-06,ORD-SYN-C-0058,2026-06-06T21:37:43+08:00,packing_started,packing_started,WH-SYN-EAST,3,piece,synthetic_case_generator
WHE-SYN-C-0058-07,ORD-SYN-C-0058,2026-06-06T22:22:03+08:00,packing_completed,packing_completed,WH-SYN-EAST,3,piece,synthetic_case_generator
WHE-SYN-C-0058-08,ORD-SYN-C-0058,2026-06-06T22:37:40+08:00,ready_to_ship,ready_to_ship,WH-SYN-EAST,3,piece,synthetic_case_generator
WHE-SYN-C-0058-09,ORD-SYN-C-0058,2026-06-06T22:42:02+08:00,shipped_from_warehouse,shipped_from_warehouse,WH-SYN-EAST,3,piece,synthetic_case_generator
WHE-SYN-C-0059-01,ORD-SYN-C-0059,2026-06-06T10:29:36+08:00,order_received,order_received,WH-SYN-EAST,4,piece,synthetic_case_generator
WHE-SYN-C-0059-02,ORD-SYN-C-0059,2026-06-06T11:09:22+08:00,picking_started,picking_started,WH-SYN-EAST,4,piece,synthetic_case_generator
WHE-SYN-C-0059-03,ORD-SYN-C-0059,2026-06-06T11:55:00+08:00,picking_completed,picking_completed,WH-SYN-EAST,4,piece,synthetic_case_generator
WHE-SYN-C-0059-04,ORD-SYN-C-0059,2026-06-06T12:26:51+08:00,quality_check_started,quality_check_started,WH-SYN-EAST,4,piece,synthetic_case_generator
WHE-SYN-C-0059-05,ORD-SYN-C-0059,2026-06-06T12:52:44+08:00,quality_check_completed,quality_check_completed,WH-SYN-EAST,4,piece,synthetic_case_generator
WHE-SYN-C-0059-06,ORD-SYN-C-0059,2026-06-06T13:00:22+08:00,packing_started,packing_started,WH-SYN-EAST,4,piece,synthetic_case_generator
WHE-SYN-C-0059-07,ORD-SYN-C-0059,2026-06-06T13:31:09+08:00,packing_completed,packing_completed,WH-SYN-EAST,4,piece,synthetic_case_generator
WHE-SYN-C-0059-08,ORD-SYN-C-0059,2026-06-06T13:43:51+08:00,ready_to_ship,ready_to_ship,WH-SYN-EAST,4,piece,synthetic_case_generator
WHE-SYN-C-0059-09,ORD-SYN-C-0059,2026-06-06T13:54:34+08:00,shipped_from_warehouse,shipped_from_warehouse,WH-SYN-EAST,4,piece,synthetic_case_generator
WHE-SYN-C-0060-01,ORD-SYN-C-0060,2026-06-06T13:41:07+08:00,order_received,order_received,WH-SYN-EAST,3,piece,synthetic_case_generator
WHE-SYN-C-0060-02,ORD-SYN-C-0060,2026-06-06T14:15:00+08:00,picking_started,picking_started,WH-SYN-EAST,3,piece,synthetic_case_generator
WHE-SYN-C-0060-03,ORD-SYN-C-0060,2026-06-06T15:11:32+08:00,picking_completed,picking_completed,WH-SYN-EAST,3,piece,synthetic_case_generator
WHE-SYN-C-0060-04,ORD-SYN-C-0060,2026-06-06T15:36:57+08:00,quality_check_started,quality_check_started,WH-SYN-EAST,3,piece,synthetic_case_generator
WHE-SYN-C-0060-05,ORD-SYN-C-0060,2026-06-06T16:04:15+08:00,quality_check_completed,quality_check_completed,WH-SYN-EAST,3,piece,synthetic_case_generator
WHE-SYN-C-0060-06,ORD-SYN-C-0060,2026-06-06T16:13:18+08:00,packing_started,packing_started,WH-SYN-EAST,3,piece,synthetic_case_generator
WHE-SYN-C-0060-07,ORD-SYN-C-0060,2026-06-06T16:57:52+08:00,packing_completed,packing_completed,WH-SYN-EAST,3,piece,synthetic_case_generator
WHE-SYN-C-0060-08,ORD-SYN-C-0060,2026-06-06T17:08:36+08:00,ready_to_ship,ready_to_ship,WH-SYN-EAST,3,piece,synthetic_case_generator
WHE-SYN-C-0060-09,ORD-SYN-C-0060,2026-06-06T17:20:31+08:00,shipped_from_warehouse,shipped_from_warehouse,WH-SYN-EAST,3,piece,synthetic_case_generator
WHE-SYN-C-0061-01,ORD-SYN-C-0061,2026-06-07T16:20:42+08:00,order_received,order_received,WH-SYN-EAST,5,piece,synthetic_case_generator
WHE-SYN-C-0061-02,ORD-SYN-C-0061,2026-06-07T16:51:11+08:00,picking_started,picking_started,WH-SYN-EAST,5,piece,synthetic_case_generator
WHE-SYN-C-0061-03,ORD-SYN-C-0061,2026-06-07T17:37:55+08:00,picking_completed,picking_completed,WH-SYN-EAST,5,piece,synthetic_case_generator
WHE-SYN-C-0061-04,ORD-SYN-C-0061,2026-06-07T18:07:47+08:00,quality_check_started,quality_check_started,WH-SYN-EAST,5,piece,synthetic_case_generator
WHE-SYN-C-0061-05,ORD-SYN-C-0061,2026-06-07T18:37:01+08:00,quality_check_completed,quality_check_completed,WH-SYN-EAST,5,piece,synthetic_case_generator
WHE-SYN-C-0061-06,ORD-SYN-C-0061,2026-06-07T18:44:39+08:00,packing_started,packing_started,WH-SYN-EAST,5,piece,synthetic_case_generator
WHE-SYN-C-0061-07,ORD-SYN-C-0061,2026-06-07T19:16:25+08:00,packing_completed,packing_completed,WH-SYN-EAST,5,piece,synthetic_case_generator
WHE-SYN-C-0061-08,ORD-SYN-C-0061,2026-06-07T19:26:41+08:00,ready_to_ship,ready_to_ship,WH-SYN-EAST,5,piece,synthetic_case_generator
WHE-SYN-C-0061-09,ORD-SYN-C-0061,2026-06-07T19:37:00+08:00,shipped_from_warehouse,shipped_from_warehouse,WH-SYN-EAST,5,piece,synthetic_case_generator
WHE-SYN-C-0062-01,ORD-SYN-C-0062,2026-06-07T19:37:34+08:00,order_received,order_received,WH-SYN-EAST,1,piece,synthetic_case_generator
WHE-SYN-C-0062-02,ORD-SYN-C-0062,2026-06-07T20:08:03+08:00,picking_started,picking_started,WH-SYN-EAST,1,piece,synthetic_case_generator
WHE-SYN-C-0062-03,ORD-SYN-C-0062,2026-06-07T21:04:51+08:00,picking_completed,picking_completed,WH-SYN-EAST,1,piece,synthetic_case_generator
WHE-SYN-C-0062-04,ORD-SYN-C-0062,2026-06-07T21:36:43+08:00,quality_check_started,quality_check_started,WH-SYN-EAST,1,piece,synthetic_case_generator
WHE-SYN-C-0062-05,ORD-SYN-C-0062,2026-06-07T21:58:09+08:00,quality_check_completed,quality_check_completed,WH-SYN-EAST,1,piece,synthetic_case_generator
WHE-SYN-C-0062-06,ORD-SYN-C-0062,2026-06-07T22:06:58+08:00,packing_started,packing_started,WH-SYN-EAST,1,piece,synthetic_case_generator
WHE-SYN-C-0062-07,ORD-SYN-C-0062,2026-06-07T22:41:04+08:00,packing_completed,packing_completed,WH-SYN-EAST,1,piece,synthetic_case_generator
WHE-SYN-C-0062-08,ORD-SYN-C-0062,2026-06-07T22:57:38+08:00,ready_to_ship,ready_to_ship,WH-SYN-EAST,1,piece,synthetic_case_generator
WHE-SYN-C-0062-09,ORD-SYN-C-0062,2026-06-07T23:08:51+08:00,shipped_from_warehouse,shipped_from_warehouse,WH-SYN-EAST,1,piece,synthetic_case_generator
WHE-SYN-C-0063-01,ORD-SYN-C-0063,2026-06-07T12:02:44+08:00,order_received,order_received,WH-SYN-WEST,3,piece,synthetic_case_generator
WHE-SYN-C-0063-02,ORD-SYN-C-0063,2026-06-07T12:49:05+08:00,picking_started,picking_started,WH-SYN-WEST,3,piece,synthetic_case_generator
WHE-SYN-C-0063-03,ORD-SYN-C-0063,2026-06-07T13:36:19+08:00,picking_completed,picking_completed,WH-SYN-WEST,3,piece,synthetic_case_generator
WHE-SYN-C-0063-04,ORD-SYN-C-0063,2026-06-07T14:06:52+08:00,quality_check_started,quality_check_started,WH-SYN-WEST,3,piece,synthetic_case_generator
WHE-SYN-C-0063-05,ORD-SYN-C-0063,2026-06-07T14:29:00+08:00,quality_check_completed,quality_check_completed,WH-SYN-WEST,3,piece,synthetic_case_generator
WHE-SYN-C-0063-06,ORD-SYN-C-0063,2026-06-07T14:34:56+08:00,packing_started,packing_started,WH-SYN-WEST,3,piece,synthetic_case_generator
WHE-SYN-C-0063-07,ORD-SYN-C-0063,2026-06-07T15:06:21+08:00,packing_completed,packing_completed,WH-SYN-WEST,3,piece,synthetic_case_generator
WHE-SYN-C-0063-08,ORD-SYN-C-0063,2026-06-07T15:32:03+08:00,ready_to_ship,ready_to_ship,WH-SYN-WEST,3,piece,synthetic_case_generator
WHE-SYN-C-0063-09,ORD-SYN-C-0063,2026-06-07T15:35:26+08:00,shipped_from_warehouse,shipped_from_warehouse,WH-SYN-WEST,3,piece,synthetic_case_generator
WHE-SYN-C-0064-01,ORD-SYN-C-0064,2026-06-07T14:25:18+08:00,order_received,order_received,WH-SYN-WEST,2,piece,synthetic_case_generator
WHE-SYN-C-0064-02,ORD-SYN-C-0064,2026-06-07T15:06:04+08:00,picking_started,picking_started,WH-SYN-WEST,2,piece,synthetic_case_generator
WHE-SYN-C-0064-03,ORD-SYN-C-0064,2026-06-07T15:52:08+08:00,picking_completed,picking_completed,WH-SYN-WEST,2,piece,synthetic_case_generator
WHE-SYN-C-0064-04,ORD-SYN-C-0064,2026-06-07T16:20:03+08:00,quality_check_started,quality_check_started,WH-SYN-WEST,2,piece,synthetic_case_generator
WHE-SYN-C-0064-05,ORD-SYN-C-0064,2026-06-07T16:50:24+08:00,quality_check_completed,quality_check_completed,WH-SYN-WEST,2,piece,synthetic_case_generator
WHE-SYN-C-0064-06,ORD-SYN-C-0064,2026-06-07T17:00:01+08:00,packing_started,packing_started,WH-SYN-WEST,2,piece,synthetic_case_generator
WHE-SYN-C-0064-07,ORD-SYN-C-0064,2026-06-07T17:37:27+08:00,packing_completed,packing_completed,WH-SYN-WEST,2,piece,synthetic_case_generator
WHE-SYN-C-0064-08,ORD-SYN-C-0064,2026-06-07T18:03:49+08:00,ready_to_ship,ready_to_ship,WH-SYN-WEST,2,piece,synthetic_case_generator
WHE-SYN-C-0064-09,ORD-SYN-C-0064,2026-06-07T18:14:48+08:00,shipped_from_warehouse,shipped_from_warehouse,WH-SYN-WEST,2,piece,synthetic_case_generator
WHE-SYN-C-0065-01,ORD-SYN-C-0065,2026-06-07T17:56:14+08:00,order_received,order_received,WH-SYN-EAST,1,piece,synthetic_case_generator
WHE-SYN-C-0065-02,ORD-SYN-C-0065,2026-06-07T18:31:08+08:00,picking_started,picking_started,WH-SYN-EAST,1,piece,synthetic_case_generator
WHE-SYN-C-0065-03,ORD-SYN-C-0065,2026-06-07T19:19:12+08:00,picking_completed,picking_completed,WH-SYN-EAST,1,piece,synthetic_case_generator
WHE-SYN-C-0065-04,ORD-SYN-C-0065,2026-06-07T19:42:24+08:00,quality_check_started,quality_check_started,WH-SYN-EAST,1,piece,synthetic_case_generator
WHE-SYN-C-0065-05,ORD-SYN-C-0065,2026-06-07T20:05:19+08:00,quality_check_completed,quality_check_completed,WH-SYN-EAST,1,piece,synthetic_case_generator
WHE-SYN-C-0065-06,ORD-SYN-C-0065,2026-06-07T20:12:03+08:00,packing_started,packing_started,WH-SYN-EAST,1,piece,synthetic_case_generator
WHE-SYN-C-0065-07,ORD-SYN-C-0065,2026-06-07T20:55:44+08:00,packing_completed,packing_completed,WH-SYN-EAST,1,piece,synthetic_case_generator
WHE-SYN-C-0065-08,ORD-SYN-C-0065,2026-06-07T21:04:51+08:00,ready_to_ship,ready_to_ship,WH-SYN-EAST,1,piece,synthetic_case_generator
WHE-SYN-C-0065-09,ORD-SYN-C-0065,2026-06-07T21:15:32+08:00,shipped_from_warehouse,shipped_from_warehouse,WH-SYN-EAST,1,piece,synthetic_case_generator
WHE-SYN-C-0066-01,ORD-SYN-C-0066,2026-06-07T09:27:59+08:00,order_received,order_received,WH-SYN-EAST,5,piece,synthetic_case_generator
WHE-SYN-C-0066-02,ORD-SYN-C-0066,2026-06-07T10:01:33+08:00,picking_started,picking_started,WH-SYN-EAST,5,piece,synthetic_case_generator
WHE-SYN-C-0066-03,ORD-SYN-C-0066,2026-06-07T10:46:14+08:00,picking_completed,picking_completed,WH-SYN-EAST,5,piece,synthetic_case_generator
WHE-SYN-C-0066-04,ORD-SYN-C-0066,2026-06-07T11:07:38+08:00,quality_check_started,quality_check_started,WH-SYN-EAST,5,piece,synthetic_case_generator
WHE-SYN-C-0066-05,ORD-SYN-C-0066,2026-06-07T11:32:10+08:00,quality_check_completed,quality_check_completed,WH-SYN-EAST,5,piece,synthetic_case_generator
WHE-SYN-C-0066-06,ORD-SYN-C-0066,2026-06-07T11:37:06+08:00,packing_started,packing_started,WH-SYN-EAST,5,piece,synthetic_case_generator
WHE-SYN-C-0066-07,ORD-SYN-C-0066,2026-06-07T12:11:37+08:00,packing_completed,packing_completed,WH-SYN-EAST,5,piece,synthetic_case_generator
WHE-SYN-C-0066-08,ORD-SYN-C-0066,2026-06-07T12:31:31+08:00,ready_to_ship,ready_to_ship,WH-SYN-EAST,5,piece,synthetic_case_generator
WHE-SYN-C-0066-09,ORD-SYN-C-0066,2026-06-07T12:38:34+08:00,shipped_from_warehouse,shipped_from_warehouse,WH-SYN-EAST,5,piece,synthetic_case_generator
WHE-SYN-C-0067-01,ORD-SYN-C-0067,2026-06-07T12:37:05+08:00,order_received,order_received,WH-SYN-WEST,5,piece,synthetic_case_generator
WHE-SYN-C-0067-02,ORD-SYN-C-0067,2026-06-07T13:24:39+08:00,picking_started,picking_started,WH-SYN-WEST,5,piece,synthetic_case_generator
WHE-SYN-C-0067-03,ORD-SYN-C-0067,2026-06-07T14:21:28+08:00,picking_completed,picking_completed,WH-SYN-WEST,5,piece,synthetic_case_generator
WHE-SYN-C-0067-04,ORD-SYN-C-0067,2026-06-07T14:48:30+08:00,quality_check_started,quality_check_started,WH-SYN-WEST,5,piece,synthetic_case_generator
WHE-SYN-C-0067-05,ORD-SYN-C-0067,2026-06-07T15:14:31+08:00,quality_check_completed,quality_check_completed,WH-SYN-WEST,5,piece,synthetic_case_generator
WHE-SYN-C-0067-06,ORD-SYN-C-0067,2026-06-07T15:24:16+08:00,packing_started,packing_started,WH-SYN-WEST,5,piece,synthetic_case_generator
WHE-SYN-C-0067-07,ORD-SYN-C-0067,2026-06-07T15:57:24+08:00,packing_completed,packing_completed,WH-SYN-WEST,5,piece,synthetic_case_generator
WHE-SYN-C-0067-08,ORD-SYN-C-0067,2026-06-07T16:24:33+08:00,ready_to_ship,ready_to_ship,WH-SYN-WEST,5,piece,synthetic_case_generator
WHE-SYN-C-0067-09,ORD-SYN-C-0067,2026-06-07T16:33:42+08:00,shipped_from_warehouse,shipped_from_warehouse,WH-SYN-WEST,5,piece,synthetic_case_generator
WHE-SYN-C-0068-01,ORD-SYN-C-0068,2026-06-07T16:18:40+08:00,order_received,order_received,WH-SYN-EAST,3,piece,synthetic_case_generator
WHE-SYN-C-0068-02,ORD-SYN-C-0068,2026-06-07T16:58:28+08:00,picking_started,picking_started,WH-SYN-EAST,3,piece,synthetic_case_generator
WHE-SYN-C-0068-03,ORD-SYN-C-0068,2026-06-07T17:42:24+08:00,picking_completed,picking_completed,WH-SYN-EAST,3,piece,synthetic_case_generator
WHE-SYN-C-0068-04,ORD-SYN-C-0068,2026-06-07T18:11:11+08:00,quality_check_started,quality_check_started,WH-SYN-EAST,3,piece,synthetic_case_generator
WHE-SYN-C-0068-05,ORD-SYN-C-0068,2026-06-07T18:38:20+08:00,quality_check_completed,quality_check_completed,WH-SYN-EAST,3,piece,synthetic_case_generator
WHE-SYN-C-0068-06,ORD-SYN-C-0068,2026-06-07T18:49:48+08:00,packing_started,packing_started,WH-SYN-EAST,3,piece,synthetic_case_generator
WHE-SYN-C-0068-07,ORD-SYN-C-0068,2026-06-07T19:29:57+08:00,packing_completed,packing_completed,WH-SYN-EAST,3,piece,synthetic_case_generator
WHE-SYN-C-0068-08,ORD-SYN-C-0068,2026-06-07T19:39:59+08:00,ready_to_ship,ready_to_ship,WH-SYN-EAST,3,piece,synthetic_case_generator
WHE-SYN-C-0068-09,ORD-SYN-C-0068,2026-06-07T19:47:12+08:00,shipped_from_warehouse,shipped_from_warehouse,WH-SYN-EAST,3,piece,synthetic_case_generator
WHE-SYN-C-0069-01,ORD-SYN-C-0069,2026-06-07T18:38:32+08:00,order_received,order_received,WH-SYN-EAST,5,piece,synthetic_case_generator
WHE-SYN-C-0069-02,ORD-SYN-C-0069,2026-06-07T19:23:00+08:00,picking_started,picking_started,WH-SYN-EAST,5,piece,synthetic_case_generator
WHE-SYN-C-0069-03,ORD-SYN-C-0069,2026-06-07T20:06:24+08:00,picking_completed,picking_completed,WH-SYN-EAST,5,piece,synthetic_case_generator
WHE-SYN-C-0069-04,ORD-SYN-C-0069,2026-06-07T20:27:38+08:00,quality_check_started,quality_check_started,WH-SYN-EAST,5,piece,synthetic_case_generator
WHE-SYN-C-0069-05,ORD-SYN-C-0069,2026-06-07T20:59:03+08:00,quality_check_completed,quality_check_completed,WH-SYN-EAST,5,piece,synthetic_case_generator
WHE-SYN-C-0069-06,ORD-SYN-C-0069,2026-06-07T21:09:29+08:00,packing_started,packing_started,WH-SYN-EAST,5,piece,synthetic_case_generator
WHE-SYN-C-0069-07,ORD-SYN-C-0069,2026-06-07T21:43:27+08:00,packing_completed,packing_completed,WH-SYN-EAST,5,piece,synthetic_case_generator
WHE-SYN-C-0069-08,ORD-SYN-C-0069,2026-06-07T21:56:47+08:00,ready_to_ship,ready_to_ship,WH-SYN-EAST,5,piece,synthetic_case_generator
WHE-SYN-C-0069-09,ORD-SYN-C-0069,2026-06-07T22:07:05+08:00,shipped_from_warehouse,shipped_from_warehouse,WH-SYN-EAST,5,piece,synthetic_case_generator
WHE-SYN-C-0070-01,ORD-SYN-C-0070,2026-06-07T10:52:32+08:00,order_received,order_received,WH-SYN-WEST,5,piece,synthetic_case_generator
WHE-SYN-C-0070-02,ORD-SYN-C-0070,2026-06-07T11:28:45+08:00,picking_started,picking_started,WH-SYN-WEST,5,piece,synthetic_case_generator
WHE-SYN-C-0070-03,ORD-SYN-C-0070,2026-06-07T12:16:25+08:00,picking_completed,picking_completed,WH-SYN-WEST,5,piece,synthetic_case_generator
WHE-SYN-C-0070-04,ORD-SYN-C-0070,2026-06-07T12:42:54+08:00,quality_check_started,quality_check_started,WH-SYN-WEST,5,piece,synthetic_case_generator
WHE-SYN-C-0070-05,ORD-SYN-C-0070,2026-06-07T13:12:47+08:00,quality_check_completed,quality_check_completed,WH-SYN-WEST,5,piece,synthetic_case_generator
WHE-SYN-C-0070-06,ORD-SYN-C-0070,2026-06-07T13:20:00+08:00,packing_started,packing_started,WH-SYN-WEST,5,piece,synthetic_case_generator
WHE-SYN-C-0070-07,ORD-SYN-C-0070,2026-06-07T14:01:40+08:00,packing_completed,packing_completed,WH-SYN-WEST,5,piece,synthetic_case_generator
WHE-SYN-C-0070-08,ORD-SYN-C-0070,2026-06-07T14:29:21+08:00,ready_to_ship,ready_to_ship,WH-SYN-WEST,5,piece,synthetic_case_generator
WHE-SYN-C-0070-09,ORD-SYN-C-0070,2026-06-07T14:33:56+08:00,shipped_from_warehouse,shipped_from_warehouse,WH-SYN-WEST,5,piece,synthetic_case_generator
WHE-SYN-C-0071-01,ORD-SYN-C-0071,2026-06-08T13:24:36+08:00,order_received,order_received,WH-SYN-EAST,4,piece,synthetic_case_generator
WHE-SYN-C-0071-02,ORD-SYN-C-0071,2026-06-08T14:10:14+08:00,picking_started,picking_started,WH-SYN-EAST,4,piece,synthetic_case_generator
WHE-SYN-C-0071-03,ORD-SYN-C-0071,2026-06-08T15:05:46+08:00,picking_completed,picking_completed,WH-SYN-EAST,4,piece,synthetic_case_generator
WHE-SYN-C-0071-04,ORD-SYN-C-0071,2026-06-08T15:26:59+08:00,quality_check_started,quality_check_started,WH-SYN-EAST,4,piece,synthetic_case_generator
WHE-SYN-C-0071-05,ORD-SYN-C-0071,2026-06-08T15:58:19+08:00,quality_check_completed,quality_check_completed,WH-SYN-EAST,4,piece,synthetic_case_generator
WHE-SYN-C-0071-06,ORD-SYN-C-0071,2026-06-08T16:09:21+08:00,packing_started,packing_started,WH-SYN-EAST,4,piece,synthetic_case_generator
WHE-SYN-C-0071-07,ORD-SYN-C-0071,2026-06-08T16:48:59+08:00,packing_completed,packing_completed,WH-SYN-EAST,4,piece,synthetic_case_generator
WHE-SYN-C-0071-08,ORD-SYN-C-0071,2026-06-08T17:12:21+08:00,ready_to_ship,ready_to_ship,WH-SYN-EAST,4,piece,synthetic_case_generator
WHE-SYN-C-0071-09,ORD-SYN-C-0071,2026-06-08T17:18:40+08:00,shipped_from_warehouse,shipped_from_warehouse,WH-SYN-EAST,4,piece,synthetic_case_generator
WHE-SYN-C-0072-01,ORD-SYN-C-0072,2026-06-08T16:58:08+08:00,order_received,order_received,WH-SYN-EAST,1,piece,synthetic_case_generator
WHE-SYN-C-0072-02,ORD-SYN-C-0072,2026-06-08T17:34:02+08:00,picking_started,picking_started,WH-SYN-EAST,1,piece,synthetic_case_generator
WHE-SYN-C-0072-03,ORD-SYN-C-0072,2026-06-08T18:29:53+08:00,picking_completed,picking_completed,WH-SYN-EAST,1,piece,synthetic_case_generator
WHE-SYN-C-0072-04,ORD-SYN-C-0072,2026-06-08T18:54:27+08:00,quality_check_started,quality_check_started,WH-SYN-EAST,1,piece,synthetic_case_generator
WHE-SYN-C-0072-05,ORD-SYN-C-0072,2026-06-08T19:24:54+08:00,quality_check_completed,quality_check_completed,WH-SYN-EAST,1,piece,synthetic_case_generator
WHE-SYN-C-0072-06,ORD-SYN-C-0072,2026-06-08T19:29:38+08:00,packing_started,packing_started,WH-SYN-EAST,1,piece,synthetic_case_generator
WHE-SYN-C-0072-07,ORD-SYN-C-0072,2026-06-08T20:07:44+08:00,packing_completed,packing_completed,WH-SYN-EAST,1,piece,synthetic_case_generator
WHE-SYN-C-0072-08,ORD-SYN-C-0072,2026-06-08T20:19:46+08:00,ready_to_ship,ready_to_ship,WH-SYN-EAST,1,piece,synthetic_case_generator
WHE-SYN-C-0072-09,ORD-SYN-C-0072,2026-06-08T20:28:56+08:00,shipped_from_warehouse,shipped_from_warehouse,WH-SYN-EAST,1,piece,synthetic_case_generator
WHE-SYN-C-0073-01,ORD-SYN-C-0073,2026-06-08T19:19:55+08:00,order_received,order_received,WH-SYN-EAST,3,piece,synthetic_case_generator
WHE-SYN-C-0073-02,ORD-SYN-C-0073,2026-06-08T19:55:16+08:00,picking_started,picking_started,WH-SYN-EAST,3,piece,synthetic_case_generator
WHE-SYN-C-0073-03,ORD-SYN-C-0073,2026-06-08T20:45:22+08:00,picking_completed,picking_completed,WH-SYN-EAST,3,piece,synthetic_case_generator
WHE-SYN-C-0073-04,ORD-SYN-C-0073,2026-06-08T21:13:03+08:00,quality_check_started,quality_check_started,WH-SYN-EAST,3,piece,synthetic_case_generator
WHE-SYN-C-0073-05,ORD-SYN-C-0073,2026-06-08T21:38:25+08:00,quality_check_completed,quality_check_completed,WH-SYN-EAST,3,piece,synthetic_case_generator
WHE-SYN-C-0073-06,ORD-SYN-C-0073,2026-06-08T21:41:52+08:00,packing_started,packing_started,WH-SYN-EAST,3,piece,synthetic_case_generator
WHE-SYN-C-0073-07,ORD-SYN-C-0073,2026-06-08T22:19:59+08:00,packing_completed,packing_completed,WH-SYN-EAST,3,piece,synthetic_case_generator
WHE-SYN-C-0073-08,ORD-SYN-C-0073,2026-06-08T22:32:20+08:00,ready_to_ship,ready_to_ship,WH-SYN-EAST,3,piece,synthetic_case_generator
WHE-SYN-C-0073-09,ORD-SYN-C-0073,2026-06-08T22:41:09+08:00,shipped_from_warehouse,shipped_from_warehouse,WH-SYN-EAST,3,piece,synthetic_case_generator
WHE-SYN-C-0074-01,ORD-SYN-C-0074,2026-06-08T11:44:36+08:00,order_received,order_received,WH-SYN-WEST,1,piece,synthetic_case_generator
WHE-SYN-C-0074-02,ORD-SYN-C-0074,2026-06-08T12:17:50+08:00,picking_started,picking_started,WH-SYN-WEST,1,piece,synthetic_case_generator
WHE-SYN-C-0074-03,ORD-SYN-C-0074,2026-06-08T13:08:06+08:00,picking_completed,picking_completed,WH-SYN-WEST,1,piece,synthetic_case_generator
WHE-SYN-C-0074-04,ORD-SYN-C-0074,2026-06-08T13:33:23+08:00,quality_check_started,quality_check_started,WH-SYN-WEST,1,piece,synthetic_case_generator
WHE-SYN-C-0074-05,ORD-SYN-C-0074,2026-06-08T14:02:09+08:00,quality_check_completed,quality_check_completed,WH-SYN-WEST,1,piece,synthetic_case_generator
WHE-SYN-C-0074-06,ORD-SYN-C-0074,2026-06-08T14:13:02+08:00,packing_started,packing_started,WH-SYN-WEST,1,piece,synthetic_case_generator
WHE-SYN-C-0074-07,ORD-SYN-C-0074,2026-06-08T14:56:20+08:00,packing_completed,packing_completed,WH-SYN-WEST,1,piece,synthetic_case_generator
WHE-SYN-C-0074-08,ORD-SYN-C-0074,2026-06-08T15:25:34+08:00,ready_to_ship,ready_to_ship,WH-SYN-WEST,1,piece,synthetic_case_generator
WHE-SYN-C-0074-09,ORD-SYN-C-0074,2026-06-08T15:29:16+08:00,shipped_from_warehouse,shipped_from_warehouse,WH-SYN-WEST,1,piece,synthetic_case_generator
WHE-SYN-C-0075-01,ORD-SYN-C-0075,2026-06-08T15:03:23+08:00,order_received,order_received,WH-SYN-WEST,2,piece,synthetic_case_generator
WHE-SYN-C-0075-02,ORD-SYN-C-0075,2026-06-08T15:37:40+08:00,picking_started,picking_started,WH-SYN-WEST,2,piece,synthetic_case_generator
WHE-SYN-C-0075-03,ORD-SYN-C-0075,2026-06-08T16:27:02+08:00,picking_completed,picking_completed,WH-SYN-WEST,2,piece,synthetic_case_generator
WHE-SYN-C-0075-04,ORD-SYN-C-0075,2026-06-08T16:56:30+08:00,quality_check_started,quality_check_started,WH-SYN-WEST,2,piece,synthetic_case_generator
WHE-SYN-C-0075-05,ORD-SYN-C-0075,2026-06-08T17:27:25+08:00,quality_check_completed,quality_check_completed,WH-SYN-WEST,2,piece,synthetic_case_generator
WHE-SYN-C-0075-06,ORD-SYN-C-0075,2026-06-08T17:36:53+08:00,packing_started,packing_started,WH-SYN-WEST,2,piece,synthetic_case_generator
WHE-SYN-C-0075-07,ORD-SYN-C-0075,2026-06-08T18:13:31+08:00,packing_completed,packing_completed,WH-SYN-WEST,2,piece,synthetic_case_generator
WHE-SYN-C-0075-08,ORD-SYN-C-0075,2026-06-08T18:30:02+08:00,ready_to_ship,ready_to_ship,WH-SYN-WEST,2,piece,synthetic_case_generator
WHE-SYN-C-0075-09,ORD-SYN-C-0075,2026-06-08T18:38:32+08:00,shipped_from_warehouse,shipped_from_warehouse,WH-SYN-WEST,2,piece,synthetic_case_generator
WHE-SYN-C-0076-01,ORD-SYN-C-0076,2026-06-08T17:32:30+08:00,order_received,order_received,WH-SYN-WEST,1,piece,synthetic_case_generator
WHE-SYN-C-0076-02,ORD-SYN-C-0076,2026-06-08T18:21:44+08:00,picking_started,picking_started,WH-SYN-WEST,1,piece,synthetic_case_generator
WHE-SYN-C-0076-03,ORD-SYN-C-0076,2026-06-08T19:10:44+08:00,picking_completed,picking_completed,WH-SYN-WEST,1,piece,synthetic_case_generator
WHE-SYN-C-0076-04,ORD-SYN-C-0076,2026-06-08T19:34:54+08:00,quality_check_started,quality_check_started,WH-SYN-WEST,1,piece,synthetic_case_generator
WHE-SYN-C-0076-05,ORD-SYN-C-0076,2026-06-08T20:02:08+08:00,quality_check_completed,quality_check_completed,WH-SYN-WEST,1,piece,synthetic_case_generator
WHE-SYN-C-0076-06,ORD-SYN-C-0076,2026-06-08T20:08:56+08:00,packing_started,packing_started,WH-SYN-WEST,1,piece,synthetic_case_generator
WHE-SYN-C-0076-07,ORD-SYN-C-0076,2026-06-08T20:43:05+08:00,packing_completed,packing_completed,WH-SYN-WEST,1,piece,synthetic_case_generator
WHE-SYN-C-0076-08,ORD-SYN-C-0076,2026-06-08T21:02:16+08:00,ready_to_ship,ready_to_ship,WH-SYN-WEST,1,piece,synthetic_case_generator
WHE-SYN-C-0076-09,ORD-SYN-C-0076,2026-06-08T21:08:42+08:00,shipped_from_warehouse,shipped_from_warehouse,WH-SYN-WEST,1,piece,synthetic_case_generator
WHE-SYN-C-0077-01,ORD-SYN-C-0077,2026-06-08T10:00:37+08:00,order_received,order_received,WH-SYN-EAST,1,piece,synthetic_case_generator
WHE-SYN-C-0077-02,ORD-SYN-C-0077,2026-06-08T10:32:17+08:00,picking_started,picking_started,WH-SYN-EAST,1,piece,synthetic_case_generator
WHE-SYN-C-0077-03,ORD-SYN-C-0077,2026-06-08T11:28:03+08:00,picking_completed,picking_completed,WH-SYN-EAST,1,piece,synthetic_case_generator
WHE-SYN-C-0077-04,ORD-SYN-C-0077,2026-06-08T11:58:00+08:00,quality_check_started,quality_check_started,WH-SYN-EAST,1,piece,synthetic_case_generator
WHE-SYN-C-0077-05,ORD-SYN-C-0077,2026-06-08T12:24:28+08:00,quality_check_completed,quality_check_completed,WH-SYN-EAST,1,piece,synthetic_case_generator
WHE-SYN-C-0077-06,ORD-SYN-C-0077,2026-06-08T12:32:07+08:00,packing_started,packing_started,WH-SYN-EAST,1,piece,synthetic_case_generator
WHE-SYN-C-0077-07,ORD-SYN-C-0077,2026-06-08T13:09:21+08:00,packing_completed,packing_completed,WH-SYN-EAST,1,piece,synthetic_case_generator
WHE-SYN-C-0077-08,ORD-SYN-C-0077,2026-06-08T13:20:13+08:00,ready_to_ship,ready_to_ship,WH-SYN-EAST,1,piece,synthetic_case_generator
WHE-SYN-C-0077-09,ORD-SYN-C-0077,2026-06-08T13:29:23+08:00,shipped_from_warehouse,shipped_from_warehouse,WH-SYN-EAST,1,piece,synthetic_case_generator
WHE-SYN-C-0078-01,ORD-SYN-C-0078,2026-06-08T12:14:01+08:00,order_received,order_received,WH-SYN-WEST,4,piece,synthetic_case_generator
WHE-SYN-C-0078-02,ORD-SYN-C-0078,2026-06-08T13:05:34+08:00,picking_started,picking_started,WH-SYN-WEST,4,piece,synthetic_case_generator
WHE-SYN-C-0078-03,ORD-SYN-C-0078,2026-06-08T13:55:57+08:00,picking_completed,picking_completed,WH-SYN-WEST,4,piece,synthetic_case_generator
WHE-SYN-C-0078-04,ORD-SYN-C-0078,2026-06-08T14:19:53+08:00,quality_check_started,quality_check_started,WH-SYN-WEST,4,piece,synthetic_case_generator
WHE-SYN-C-0078-05,ORD-SYN-C-0078,2026-06-08T14:47:51+08:00,quality_check_completed,quality_check_completed,WH-SYN-WEST,4,piece,synthetic_case_generator
WHE-SYN-C-0078-06,ORD-SYN-C-0078,2026-06-08T14:59:48+08:00,packing_started,packing_started,WH-SYN-WEST,4,piece,synthetic_case_generator
WHE-SYN-C-0078-07,ORD-SYN-C-0078,2026-06-08T15:37:22+08:00,packing_completed,packing_completed,WH-SYN-WEST,4,piece,synthetic_case_generator
WHE-SYN-C-0078-08,ORD-SYN-C-0078,2026-06-08T15:55:41+08:00,ready_to_ship,ready_to_ship,WH-SYN-WEST,4,piece,synthetic_case_generator
WHE-SYN-C-0078-09,ORD-SYN-C-0078,2026-06-08T15:59:55+08:00,shipped_from_warehouse,shipped_from_warehouse,WH-SYN-WEST,4,piece,synthetic_case_generator
WHE-SYN-C-0079-01,ORD-SYN-C-0079,2026-06-08T15:39:07+08:00,order_received,order_received,WH-SYN-EAST,2,piece,synthetic_case_generator
WHE-SYN-C-0079-02,ORD-SYN-C-0079,2026-06-08T16:25:29+08:00,picking_started,picking_started,WH-SYN-EAST,2,piece,synthetic_case_generator
WHE-SYN-C-0079-03,ORD-SYN-C-0079,2026-06-08T17:14:42+08:00,picking_completed,picking_completed,WH-SYN-EAST,2,piece,synthetic_case_generator
WHE-SYN-C-0079-04,ORD-SYN-C-0079,2026-06-08T17:46:53+08:00,quality_check_started,quality_check_started,WH-SYN-EAST,2,piece,synthetic_case_generator
WHE-SYN-C-0079-05,ORD-SYN-C-0079,2026-06-08T18:17:03+08:00,quality_check_completed,quality_check_completed,WH-SYN-EAST,2,piece,synthetic_case_generator
WHE-SYN-C-0079-06,ORD-SYN-C-0079,2026-06-08T18:24:41+08:00,packing_started,packing_started,WH-SYN-EAST,2,piece,synthetic_case_generator
WHE-SYN-C-0079-07,ORD-SYN-C-0079,2026-06-08T19:04:53+08:00,packing_completed,packing_completed,WH-SYN-EAST,2,piece,synthetic_case_generator
WHE-SYN-C-0079-08,ORD-SYN-C-0079,2026-06-08T19:26:16+08:00,ready_to_ship,ready_to_ship,WH-SYN-EAST,2,piece,synthetic_case_generator
WHE-SYN-C-0079-09,ORD-SYN-C-0079,2026-06-08T19:34:50+08:00,shipped_from_warehouse,shipped_from_warehouse,WH-SYN-EAST,2,piece,synthetic_case_generator
WHE-SYN-C-0080-01,ORD-SYN-C-0080,2026-06-08T19:09:57+08:00,order_received,order_received,WH-SYN-EAST,3,piece,synthetic_case_generator
WHE-SYN-C-0080-02,ORD-SYN-C-0080,2026-06-08T20:00:49+08:00,picking_started,picking_started,WH-SYN-EAST,3,piece,synthetic_case_generator
WHE-SYN-C-0080-03,ORD-SYN-C-0080,2026-06-08T20:43:48+08:00,picking_completed,picking_completed,WH-SYN-EAST,3,piece,synthetic_case_generator
WHE-SYN-C-0080-04,ORD-SYN-C-0080,2026-06-08T21:07:14+08:00,quality_check_started,quality_check_started,WH-SYN-EAST,3,piece,synthetic_case_generator
WHE-SYN-C-0080-05,ORD-SYN-C-0080,2026-06-08T21:38:11+08:00,quality_check_completed,quality_check_completed,WH-SYN-EAST,3,piece,synthetic_case_generator
WHE-SYN-C-0080-06,ORD-SYN-C-0080,2026-06-08T21:43:52+08:00,packing_started,packing_started,WH-SYN-EAST,3,piece,synthetic_case_generator
WHE-SYN-C-0080-07,ORD-SYN-C-0080,2026-06-08T22:22:26+08:00,packing_completed,packing_completed,WH-SYN-EAST,3,piece,synthetic_case_generator
WHE-SYN-C-0080-08,ORD-SYN-C-0080,2026-06-08T22:49:28+08:00,ready_to_ship,ready_to_ship,WH-SYN-EAST,3,piece,synthetic_case_generator
WHE-SYN-C-0080-09,ORD-SYN-C-0080,2026-06-08T22:59:36+08:00,shipped_from_warehouse,shipped_from_warehouse,WH-SYN-EAST,3,piece,synthetic_case_generator
WHE-SYN-C-0081-01,ORD-SYN-C-0081,2026-06-09T10:45:03+08:00,order_received,order_received,WH-SYN-EAST,4,piece,synthetic_case_generator
WHE-SYN-C-0081-02,ORD-SYN-C-0081,2026-06-09T11:35:53+08:00,picking_started,picking_started,WH-SYN-EAST,4,piece,synthetic_case_generator
WHE-SYN-C-0081-03,ORD-SYN-C-0081,2026-06-09T12:31:59+08:00,picking_completed,picking_completed,WH-SYN-EAST,4,piece,synthetic_case_generator
WHE-SYN-C-0081-04,ORD-SYN-C-0081,2026-06-09T12:53:56+08:00,quality_check_started,quality_check_started,WH-SYN-EAST,4,piece,synthetic_case_generator
WHE-SYN-C-0081-05,ORD-SYN-C-0081,2026-06-09T13:26:54+08:00,quality_check_completed,quality_check_completed,WH-SYN-EAST,4,piece,synthetic_case_generator
WHE-SYN-C-0081-06,ORD-SYN-C-0081,2026-06-09T13:38:18+08:00,packing_started,packing_started,WH-SYN-EAST,4,piece,synthetic_case_generator
WHE-SYN-C-0081-07,ORD-SYN-C-0081,2026-06-09T14:21:01+08:00,packing_completed,packing_completed,WH-SYN-EAST,4,piece,synthetic_case_generator
WHE-SYN-C-0081-08,ORD-SYN-C-0081,2026-06-09T14:43:07+08:00,ready_to_ship,ready_to_ship,WH-SYN-EAST,4,piece,synthetic_case_generator
WHE-SYN-C-0081-09,ORD-SYN-C-0081,2026-06-09T14:50:12+08:00,shipped_from_warehouse,shipped_from_warehouse,WH-SYN-EAST,4,piece,synthetic_case_generator
WHE-SYN-C-0082-01,ORD-SYN-C-0082,2026-06-09T14:06:48+08:00,order_received,order_received,WH-SYN-EAST,1,piece,synthetic_case_generator
WHE-SYN-C-0082-02,ORD-SYN-C-0082,2026-06-09T14:53:45+08:00,picking_started,picking_started,WH-SYN-EAST,1,piece,synthetic_case_generator
WHE-SYN-C-0082-03,ORD-SYN-C-0082,2026-06-09T15:47:29+08:00,picking_completed,picking_completed,WH-SYN-EAST,1,piece,synthetic_case_generator
WHE-SYN-C-0082-04,ORD-SYN-C-0082,2026-06-09T16:18:50+08:00,quality_check_started,quality_check_started,WH-SYN-EAST,1,piece,synthetic_case_generator
WHE-SYN-C-0082-05,ORD-SYN-C-0082,2026-06-09T16:42:42+08:00,quality_check_completed,quality_check_completed,WH-SYN-EAST,1,piece,synthetic_case_generator
WHE-SYN-C-0082-06,ORD-SYN-C-0082,2026-06-09T16:46:07+08:00,packing_started,packing_started,WH-SYN-EAST,1,piece,synthetic_case_generator
WHE-SYN-C-0082-07,ORD-SYN-C-0082,2026-06-09T17:26:05+08:00,packing_completed,packing_completed,WH-SYN-EAST,1,piece,synthetic_case_generator
WHE-SYN-C-0082-08,ORD-SYN-C-0082,2026-06-09T17:53:52+08:00,ready_to_ship,ready_to_ship,WH-SYN-EAST,1,piece,synthetic_case_generator
WHE-SYN-C-0082-09,ORD-SYN-C-0082,2026-06-09T18:03:30+08:00,shipped_from_warehouse,shipped_from_warehouse,WH-SYN-EAST,1,piece,synthetic_case_generator
WHE-SYN-C-0083-01,ORD-SYN-C-0083,2026-06-09T16:25:18+08:00,order_received,order_received,WH-SYN-EAST,5,piece,synthetic_case_generator
WHE-SYN-C-0083-02,ORD-SYN-C-0083,2026-06-09T17:10:40+08:00,picking_started,picking_started,WH-SYN-EAST,5,piece,synthetic_case_generator
WHE-SYN-C-0083-03,ORD-SYN-C-0083,2026-06-09T18:04:32+08:00,picking_completed,picking_completed,WH-SYN-EAST,5,piece,synthetic_case_generator
WHE-SYN-C-0083-04,ORD-SYN-C-0083,2026-06-09T18:29:15+08:00,quality_check_started,quality_check_started,WH-SYN-EAST,5,piece,synthetic_case_generator
WHE-SYN-C-0083-05,ORD-SYN-C-0083,2026-06-09T19:01:07+08:00,quality_check_completed,quality_check_completed,WH-SYN-EAST,5,piece,synthetic_case_generator
WHE-SYN-C-0083-06,ORD-SYN-C-0083,2026-06-09T19:09:11+08:00,packing_started,packing_started,WH-SYN-EAST,5,piece,synthetic_case_generator
WHE-SYN-C-0083-07,ORD-SYN-C-0083,2026-06-09T19:53:10+08:00,packing_completed,packing_completed,WH-SYN-EAST,5,piece,synthetic_case_generator
WHE-SYN-C-0083-08,ORD-SYN-C-0083,2026-06-09T20:20:47+08:00,ready_to_ship,ready_to_ship,WH-SYN-EAST,5,piece,synthetic_case_generator
WHE-SYN-C-0083-09,ORD-SYN-C-0083,2026-06-09T20:25:42+08:00,shipped_from_warehouse,shipped_from_warehouse,WH-SYN-EAST,5,piece,synthetic_case_generator
WHE-SYN-C-0084-01,ORD-SYN-C-0084,2026-06-09T19:46:53+08:00,order_received,order_received,WH-SYN-WEST,2,piece,synthetic_case_generator
WHE-SYN-C-0084-02,ORD-SYN-C-0084,2026-06-09T20:18:53+08:00,picking_started,picking_started,WH-SYN-WEST,2,piece,synthetic_case_generator
WHE-SYN-C-0084-03,ORD-SYN-C-0084,2026-06-09T21:02:07+08:00,picking_completed,picking_completed,WH-SYN-WEST,2,piece,synthetic_case_generator
WHE-SYN-C-0084-04,ORD-SYN-C-0084,2026-06-09T21:23:49+08:00,quality_check_started,quality_check_started,WH-SYN-WEST,2,piece,synthetic_case_generator
WHE-SYN-C-0084-05,ORD-SYN-C-0084,2026-06-09T21:53:08+08:00,quality_check_completed,quality_check_completed,WH-SYN-WEST,2,piece,synthetic_case_generator
WHE-SYN-C-0084-06,ORD-SYN-C-0084,2026-06-09T22:00:12+08:00,packing_started,packing_started,WH-SYN-WEST,2,piece,synthetic_case_generator
WHE-SYN-C-0084-07,ORD-SYN-C-0084,2026-06-09T22:41:17+08:00,packing_completed,packing_completed,WH-SYN-WEST,2,piece,synthetic_case_generator
WHE-SYN-C-0084-08,ORD-SYN-C-0084,2026-06-09T23:03:37+08:00,ready_to_ship,ready_to_ship,WH-SYN-WEST,2,piece,synthetic_case_generator
WHE-SYN-C-0084-09,ORD-SYN-C-0084,2026-06-09T23:15:29+08:00,shipped_from_warehouse,shipped_from_warehouse,WH-SYN-WEST,2,piece,synthetic_case_generator
WHE-SYN-C-0085-01,ORD-SYN-C-0085,2026-06-09T11:26:20+08:00,order_received,order_received,WH-SYN-WEST,2,piece,synthetic_case_generator
WHE-SYN-C-0085-02,ORD-SYN-C-0085,2026-06-09T12:04:15+08:00,picking_started,picking_started,WH-SYN-WEST,2,piece,synthetic_case_generator
WHE-SYN-C-0085-03,ORD-SYN-C-0085,2026-06-09T12:57:35+08:00,picking_completed,picking_completed,WH-SYN-WEST,2,piece,synthetic_case_generator
WHE-SYN-C-0085-04,ORD-SYN-C-0085,2026-06-09T13:26:43+08:00,quality_check_started,quality_check_started,WH-SYN-WEST,2,piece,synthetic_case_generator
WHE-SYN-C-0085-05,ORD-SYN-C-0085,2026-06-09T13:53:47+08:00,quality_check_completed,quality_check_completed,WH-SYN-WEST,2,piece,synthetic_case_generator
WHE-SYN-C-0085-06,ORD-SYN-C-0085,2026-06-09T14:02:36+08:00,packing_started,packing_started,WH-SYN-WEST,2,piece,synthetic_case_generator
WHE-SYN-C-0085-07,ORD-SYN-C-0085,2026-06-09T14:35:29+08:00,packing_completed,packing_completed,WH-SYN-WEST,2,piece,synthetic_case_generator
WHE-SYN-C-0085-08,ORD-SYN-C-0085,2026-06-09T14:44:52+08:00,ready_to_ship,ready_to_ship,WH-SYN-WEST,2,piece,synthetic_case_generator
WHE-SYN-C-0085-09,ORD-SYN-C-0085,2026-06-09T14:50:05+08:00,shipped_from_warehouse,shipped_from_warehouse,WH-SYN-WEST,2,piece,synthetic_case_generator
WHE-SYN-C-0086-01,ORD-SYN-C-0086,2026-06-09T14:38:41+08:00,order_received,order_received,WH-SYN-WEST,3,piece,synthetic_case_generator
WHE-SYN-C-0086-02,ORD-SYN-C-0086,2026-06-09T15:31:41+08:00,picking_started,picking_started,WH-SYN-WEST,3,piece,synthetic_case_generator
WHE-SYN-C-0086-03,ORD-SYN-C-0086,2026-06-09T16:27:08+08:00,picking_completed,picking_completed,WH-SYN-WEST,3,piece,synthetic_case_generator
WHE-SYN-C-0086-04,ORD-SYN-C-0086,2026-06-09T16:55:23+08:00,quality_check_started,quality_check_started,WH-SYN-WEST,3,piece,synthetic_case_generator
WHE-SYN-C-0086-05,ORD-SYN-C-0086,2026-06-09T17:26:41+08:00,quality_check_completed,quality_check_completed,WH-SYN-WEST,3,piece,synthetic_case_generator
WHE-SYN-C-0086-06,ORD-SYN-C-0086,2026-06-09T17:30:26+08:00,packing_started,packing_started,WH-SYN-WEST,3,piece,synthetic_case_generator
WHE-SYN-C-0086-07,ORD-SYN-C-0086,2026-06-09T18:10:07+08:00,packing_completed,packing_completed,WH-SYN-WEST,3,piece,synthetic_case_generator
WHE-SYN-C-0086-08,ORD-SYN-C-0086,2026-06-09T18:37:02+08:00,ready_to_ship,ready_to_ship,WH-SYN-WEST,3,piece,synthetic_case_generator
WHE-SYN-C-0086-09,ORD-SYN-C-0086,2026-06-09T18:41:56+08:00,shipped_from_warehouse,shipped_from_warehouse,WH-SYN-WEST,3,piece,synthetic_case_generator
WHE-SYN-C-0087-01,ORD-SYN-C-0087,2026-06-09T18:13:01+08:00,order_received,order_received,WH-SYN-WEST,2,piece,synthetic_case_generator
WHE-SYN-C-0087-02,ORD-SYN-C-0087,2026-06-09T18:54:27+08:00,picking_started,picking_started,WH-SYN-WEST,2,piece,synthetic_case_generator
WHE-SYN-C-0087-03,ORD-SYN-C-0087,2026-06-09T19:50:28+08:00,picking_completed,picking_completed,WH-SYN-WEST,2,piece,synthetic_case_generator
WHE-SYN-C-0087-04,ORD-SYN-C-0087,2026-06-09T20:18:36+08:00,quality_check_started,quality_check_started,WH-SYN-WEST,2,piece,synthetic_case_generator
WHE-SYN-C-0087-05,ORD-SYN-C-0087,2026-06-09T20:44:32+08:00,quality_check_completed,quality_check_completed,WH-SYN-WEST,2,piece,synthetic_case_generator
WHE-SYN-C-0087-06,ORD-SYN-C-0087,2026-06-09T20:52:36+08:00,packing_started,packing_started,WH-SYN-WEST,2,piece,synthetic_case_generator
WHE-SYN-C-0087-07,ORD-SYN-C-0087,2026-06-09T21:27:19+08:00,packing_completed,packing_completed,WH-SYN-WEST,2,piece,synthetic_case_generator
WHE-SYN-C-0087-08,ORD-SYN-C-0087,2026-06-09T21:38:21+08:00,ready_to_ship,ready_to_ship,WH-SYN-WEST,2,piece,synthetic_case_generator
WHE-SYN-C-0087-09,ORD-SYN-C-0087,2026-06-09T21:47:10+08:00,shipped_from_warehouse,shipped_from_warehouse,WH-SYN-WEST,2,piece,synthetic_case_generator
WHE-SYN-C-0088-01,ORD-SYN-C-0088,2026-06-09T09:23:23+08:00,order_received,order_received,WH-SYN-EAST,5,piece,synthetic_case_generator
WHE-SYN-C-0088-02,ORD-SYN-C-0088,2026-06-09T10:04:14+08:00,picking_started,picking_started,WH-SYN-EAST,5,piece,synthetic_case_generator
WHE-SYN-C-0088-03,ORD-SYN-C-0088,2026-06-09T10:49:37+08:00,picking_completed,picking_completed,WH-SYN-EAST,5,piece,synthetic_case_generator
WHE-SYN-C-0088-04,ORD-SYN-C-0088,2026-06-09T11:17:22+08:00,quality_check_started,quality_check_started,WH-SYN-EAST,5,piece,synthetic_case_generator
WHE-SYN-C-0088-05,ORD-SYN-C-0088,2026-06-09T11:42:50+08:00,quality_check_completed,quality_check_completed,WH-SYN-EAST,5,piece,synthetic_case_generator
WHE-SYN-C-0088-06,ORD-SYN-C-0088,2026-06-09T11:50:23+08:00,packing_started,packing_started,WH-SYN-EAST,5,piece,synthetic_case_generator
WHE-SYN-C-0088-07,ORD-SYN-C-0088,2026-06-09T12:31:17+08:00,packing_completed,packing_completed,WH-SYN-EAST,5,piece,synthetic_case_generator
WHE-SYN-C-0088-08,ORD-SYN-C-0088,2026-06-09T12:58:28+08:00,ready_to_ship,ready_to_ship,WH-SYN-EAST,5,piece,synthetic_case_generator
WHE-SYN-C-0088-09,ORD-SYN-C-0088,2026-06-09T13:06:45+08:00,shipped_from_warehouse,shipped_from_warehouse,WH-SYN-EAST,5,piece,synthetic_case_generator
WHE-SYN-C-0089-01,ORD-SYN-C-0089,2026-06-09T12:50:38+08:00,order_received,order_received,WH-SYN-EAST,4,piece,synthetic_case_generator
WHE-SYN-C-0089-02,ORD-SYN-C-0089,2026-06-09T13:38:38+08:00,picking_started,picking_started,WH-SYN-EAST,4,piece,synthetic_case_generator
WHE-SYN-C-0089-03,ORD-SYN-C-0089,2026-06-09T14:23:23+08:00,picking_completed,picking_completed,WH-SYN-EAST,4,piece,synthetic_case_generator
WHE-SYN-C-0089-04,ORD-SYN-C-0089,2026-06-09T14:45:27+08:00,quality_check_started,quality_check_started,WH-SYN-EAST,4,piece,synthetic_case_generator
WHE-SYN-C-0089-05,ORD-SYN-C-0089,2026-06-09T15:12:54+08:00,quality_check_completed,quality_check_completed,WH-SYN-EAST,4,piece,synthetic_case_generator
WHE-SYN-C-0089-06,ORD-SYN-C-0089,2026-06-09T15:18:18+08:00,packing_started,packing_started,WH-SYN-EAST,4,piece,synthetic_case_generator
WHE-SYN-C-0089-07,ORD-SYN-C-0089,2026-06-09T15:48:25+08:00,packing_completed,packing_completed,WH-SYN-EAST,4,piece,synthetic_case_generator
WHE-SYN-C-0089-08,ORD-SYN-C-0089,2026-06-09T16:06:08+08:00,ready_to_ship,ready_to_ship,WH-SYN-EAST,4,piece,synthetic_case_generator
WHE-SYN-C-0089-09,ORD-SYN-C-0089,2026-06-09T16:12:07+08:00,shipped_from_warehouse,shipped_from_warehouse,WH-SYN-EAST,4,piece,synthetic_case_generator
WHE-SYN-C-0090-01,ORD-SYN-C-0090,2026-06-09T15:23:44+08:00,order_received,order_received,WH-SYN-WEST,1,piece,synthetic_case_generator
WHE-SYN-C-0090-02,ORD-SYN-C-0090,2026-06-09T15:54:21+08:00,picking_started,picking_started,WH-SYN-WEST,1,piece,synthetic_case_generator
WHE-SYN-C-0090-03,ORD-SYN-C-0090,2026-06-09T16:41:05+08:00,picking_completed,picking_completed,WH-SYN-WEST,1,piece,synthetic_case_generator
WHE-SYN-C-0090-04,ORD-SYN-C-0090,2026-06-09T17:07:09+08:00,quality_check_started,quality_check_started,WH-SYN-WEST,1,piece,synthetic_case_generator
WHE-SYN-C-0090-05,ORD-SYN-C-0090,2026-06-09T17:32:16+08:00,quality_check_completed,quality_check_completed,WH-SYN-WEST,1,piece,synthetic_case_generator
WHE-SYN-C-0090-06,ORD-SYN-C-0090,2026-06-09T17:40:51+08:00,packing_started,packing_started,WH-SYN-WEST,1,piece,synthetic_case_generator
WHE-SYN-C-0090-07,ORD-SYN-C-0090,2026-06-09T18:15:00+08:00,packing_completed,packing_completed,WH-SYN-WEST,1,piece,synthetic_case_generator
WHE-SYN-C-0090-08,ORD-SYN-C-0090,2026-06-09T18:41:24+08:00,ready_to_ship,ready_to_ship,WH-SYN-WEST,1,piece,synthetic_case_generator
WHE-SYN-C-0090-09,ORD-SYN-C-0090,2026-06-09T18:45:02+08:00,shipped_from_warehouse,shipped_from_warehouse,WH-SYN-WEST,1,piece,synthetic_case_generator
WHE-SYN-C-0091-01,ORD-SYN-C-0091,2026-06-10T18:59:00+08:00,order_received,order_received,WH-SYN-EAST,3,piece,synthetic_case_generator
WHE-SYN-C-0091-02,ORD-SYN-C-0091,2026-06-10T19:47:44+08:00,picking_started,picking_started,WH-SYN-EAST,3,piece,synthetic_case_generator
WHE-SYN-C-0091-03,ORD-SYN-C-0091,2026-06-10T20:43:23+08:00,picking_completed,picking_completed,WH-SYN-EAST,3,piece,synthetic_case_generator
WHE-SYN-C-0091-04,ORD-SYN-C-0091,2026-06-10T21:10:45+08:00,quality_check_started,quality_check_started,WH-SYN-EAST,3,piece,synthetic_case_generator
WHE-SYN-C-0091-05,ORD-SYN-C-0091,2026-06-10T21:42:21+08:00,quality_check_completed,quality_check_completed,WH-SYN-EAST,3,piece,synthetic_case_generator
WHE-SYN-C-0091-06,ORD-SYN-C-0091,2026-06-10T21:52:14+08:00,packing_started,packing_started,WH-SYN-EAST,3,piece,synthetic_case_generator
WHE-SYN-C-0091-07,ORD-SYN-C-0091,2026-06-10T22:31:15+08:00,packing_completed,packing_completed,WH-SYN-EAST,3,piece,synthetic_case_generator
WHE-SYN-C-0091-08,ORD-SYN-C-0091,2026-06-10T22:51:25+08:00,ready_to_ship,ready_to_ship,WH-SYN-EAST,3,piece,synthetic_case_generator
WHE-SYN-C-0091-09,ORD-SYN-C-0091,2026-06-10T22:56:42+08:00,shipped_from_warehouse,shipped_from_warehouse,WH-SYN-EAST,3,piece,synthetic_case_generator
WHE-SYN-C-0092-01,ORD-SYN-C-0092,2026-06-10T10:10:12+08:00,order_received,order_received,WH-SYN-EAST,2,piece,synthetic_case_generator
WHE-SYN-C-0092-02,ORD-SYN-C-0092,2026-06-10T11:03:44+08:00,picking_started,picking_started,WH-SYN-EAST,2,piece,synthetic_case_generator
WHE-SYN-C-0092-03,ORD-SYN-C-0092,2026-06-10T11:50:26+08:00,picking_completed,picking_completed,WH-SYN-EAST,2,piece,synthetic_case_generator
WHE-SYN-C-0092-04,ORD-SYN-C-0092,2026-06-10T12:12:04+08:00,quality_check_started,quality_check_started,WH-SYN-EAST,2,piece,synthetic_case_generator
WHE-SYN-C-0092-05,ORD-SYN-C-0092,2026-06-10T12:36:33+08:00,quality_check_completed,quality_check_completed,WH-SYN-EAST,2,piece,synthetic_case_generator
WHE-SYN-C-0092-06,ORD-SYN-C-0092,2026-06-10T12:40:11+08:00,packing_started,packing_started,WH-SYN-EAST,2,piece,synthetic_case_generator
WHE-SYN-C-0092-07,ORD-SYN-C-0092,2026-06-10T13:23:13+08:00,packing_completed,packing_completed,WH-SYN-EAST,2,piece,synthetic_case_generator
WHE-SYN-C-0092-08,ORD-SYN-C-0092,2026-06-10T13:51:17+08:00,ready_to_ship,ready_to_ship,WH-SYN-EAST,2,piece,synthetic_case_generator
WHE-SYN-C-0092-09,ORD-SYN-C-0092,2026-06-10T13:58:45+08:00,shipped_from_warehouse,shipped_from_warehouse,WH-SYN-EAST,2,piece,synthetic_case_generator
WHE-SYN-C-0093-01,ORD-SYN-C-0093,2026-06-10T13:36:36+08:00,order_received,order_received,WH-SYN-EAST,4,piece,synthetic_case_generator
WHE-SYN-C-0093-02,ORD-SYN-C-0093,2026-06-10T14:28:04+08:00,picking_started,picking_started,WH-SYN-EAST,4,piece,synthetic_case_generator
WHE-SYN-C-0093-03,ORD-SYN-C-0093,2026-06-10T15:17:05+08:00,picking_completed,picking_completed,WH-SYN-EAST,4,piece,synthetic_case_generator
WHE-SYN-C-0093-04,ORD-SYN-C-0093,2026-06-10T15:45:01+08:00,quality_check_started,quality_check_started,WH-SYN-EAST,4,piece,synthetic_case_generator
WHE-SYN-C-0093-05,ORD-SYN-C-0093,2026-06-10T16:13:38+08:00,quality_check_completed,quality_check_completed,WH-SYN-EAST,4,piece,synthetic_case_generator
WHE-SYN-C-0093-06,ORD-SYN-C-0093,2026-06-10T16:20:49+08:00,packing_started,packing_started,WH-SYN-EAST,4,piece,synthetic_case_generator
WHE-SYN-C-0093-07,ORD-SYN-C-0093,2026-06-10T17:02:35+08:00,packing_completed,packing_completed,WH-SYN-EAST,4,piece,synthetic_case_generator
WHE-SYN-C-0093-08,ORD-SYN-C-0093,2026-06-10T17:23:15+08:00,ready_to_ship,ready_to_ship,WH-SYN-EAST,4,piece,synthetic_case_generator
WHE-SYN-C-0093-09,ORD-SYN-C-0093,2026-06-10T17:34:28+08:00,shipped_from_warehouse,shipped_from_warehouse,WH-SYN-EAST,4,piece,synthetic_case_generator
WHE-SYN-C-0094-01,ORD-SYN-C-0094,2026-06-10T17:08:53+08:00,order_received,order_received,WH-SYN-WEST,5,piece,synthetic_case_generator
WHE-SYN-C-0094-02,ORD-SYN-C-0094,2026-06-10T17:40:28+08:00,picking_started,picking_started,WH-SYN-WEST,5,piece,synthetic_case_generator
WHE-SYN-C-0094-03,ORD-SYN-C-0094,2026-06-10T18:32:24+08:00,picking_completed,picking_completed,WH-SYN-WEST,5,piece,synthetic_case_generator
WHE-SYN-C-0094-04,ORD-SYN-C-0094,2026-06-10T19:01:15+08:00,quality_check_started,quality_check_started,WH-SYN-WEST,5,piece,synthetic_case_generator
WHE-SYN-C-0094-05,ORD-SYN-C-0094,2026-06-10T19:32:16+08:00,quality_check_completed,quality_check_completed,WH-SYN-WEST,5,piece,synthetic_case_generator
WHE-SYN-C-0094-06,ORD-SYN-C-0094,2026-06-10T19:37:35+08:00,packing_started,packing_started,WH-SYN-WEST,5,piece,synthetic_case_generator
WHE-SYN-C-0094-07,ORD-SYN-C-0094,2026-06-10T20:16:08+08:00,packing_completed,packing_completed,WH-SYN-WEST,5,piece,synthetic_case_generator
WHE-SYN-C-0094-08,ORD-SYN-C-0094,2026-06-10T20:31:31+08:00,ready_to_ship,ready_to_ship,WH-SYN-WEST,5,piece,synthetic_case_generator
WHE-SYN-C-0094-09,ORD-SYN-C-0094,2026-06-10T20:37:22+08:00,shipped_from_warehouse,shipped_from_warehouse,WH-SYN-WEST,5,piece,synthetic_case_generator
WHE-SYN-C-0095-01,ORD-SYN-C-0095,2026-06-10T19:24:21+08:00,order_received,order_received,WH-SYN-EAST,2,piece,synthetic_case_generator
WHE-SYN-C-0095-02,ORD-SYN-C-0095,2026-06-10T20:02:05+08:00,picking_started,picking_started,WH-SYN-EAST,2,piece,synthetic_case_generator
WHE-SYN-C-0095-03,ORD-SYN-C-0095,2026-06-10T20:56:32+08:00,picking_completed,picking_completed,WH-SYN-EAST,2,piece,synthetic_case_generator
WHE-SYN-C-0095-04,ORD-SYN-C-0095,2026-06-10T21:25:28+08:00,quality_check_started,quality_check_started,WH-SYN-EAST,2,piece,synthetic_case_generator
WHE-SYN-C-0095-05,ORD-SYN-C-0095,2026-06-10T21:48:12+08:00,quality_check_completed,quality_check_completed,WH-SYN-EAST,2,piece,synthetic_case_generator
WHE-SYN-C-0095-06,ORD-SYN-C-0095,2026-06-10T22:00:10+08:00,packing_started,packing_started,WH-SYN-EAST,2,piece,synthetic_case_generator
WHE-SYN-C-0095-07,ORD-SYN-C-0095,2026-06-10T22:35:57+08:00,packing_completed,packing_completed,WH-SYN-EAST,2,piece,synthetic_case_generator
WHE-SYN-C-0095-08,ORD-SYN-C-0095,2026-06-10T23:01:59+08:00,ready_to_ship,ready_to_ship,WH-SYN-EAST,2,piece,synthetic_case_generator
WHE-SYN-C-0095-09,ORD-SYN-C-0095,2026-06-10T23:06:12+08:00,shipped_from_warehouse,shipped_from_warehouse,WH-SYN-EAST,2,piece,synthetic_case_generator
WHE-SYN-C-0096-01,ORD-SYN-C-0096,2026-06-10T11:48:30+08:00,order_received,order_received,WH-SYN-WEST,5,piece,synthetic_case_generator
WHE-SYN-C-0096-02,ORD-SYN-C-0096,2026-06-10T12:27:08+08:00,picking_started,picking_started,WH-SYN-WEST,5,piece,synthetic_case_generator
WHE-SYN-C-0096-03,ORD-SYN-C-0096,2026-06-10T13:10:21+08:00,picking_completed,picking_completed,WH-SYN-WEST,5,piece,synthetic_case_generator
WHE-SYN-C-0096-04,ORD-SYN-C-0096,2026-06-10T13:35:44+08:00,quality_check_started,quality_check_started,WH-SYN-WEST,5,piece,synthetic_case_generator
WHE-SYN-C-0096-05,ORD-SYN-C-0096,2026-06-10T14:05:07+08:00,quality_check_completed,quality_check_completed,WH-SYN-WEST,5,piece,synthetic_case_generator
WHE-SYN-C-0096-06,ORD-SYN-C-0096,2026-06-10T14:08:45+08:00,packing_started,packing_started,WH-SYN-WEST,5,piece,synthetic_case_generator
WHE-SYN-C-0096-07,ORD-SYN-C-0096,2026-06-10T14:53:29+08:00,packing_completed,packing_completed,WH-SYN-WEST,5,piece,synthetic_case_generator
WHE-SYN-C-0096-08,ORD-SYN-C-0096,2026-06-10T15:19:36+08:00,ready_to_ship,ready_to_ship,WH-SYN-WEST,5,piece,synthetic_case_generator
WHE-SYN-C-0096-09,ORD-SYN-C-0096,2026-06-10T15:29:00+08:00,shipped_from_warehouse,shipped_from_warehouse,WH-SYN-WEST,5,piece,synthetic_case_generator
WHE-SYN-C-0097-01,ORD-SYN-C-0097,2026-06-10T14:07:51+08:00,order_received,order_received,WH-SYN-EAST,3,piece,synthetic_case_generator
WHE-SYN-C-0097-02,ORD-SYN-C-0097,2026-06-10T14:46:06+08:00,picking_started,picking_started,WH-SYN-EAST,3,piece,synthetic_case_generator
WHE-SYN-C-0097-03,ORD-SYN-C-0097,2026-06-10T15:37:57+08:00,picking_completed,picking_completed,WH-SYN-EAST,3,piece,synthetic_case_generator
WHE-SYN-C-0097-04,ORD-SYN-C-0097,2026-06-10T16:10:41+08:00,quality_check_started,quality_check_started,WH-SYN-EAST,3,piece,synthetic_case_generator
WHE-SYN-C-0097-05,ORD-SYN-C-0097,2026-06-10T16:41:41+08:00,quality_check_completed,quality_check_completed,WH-SYN-EAST,3,piece,synthetic_case_generator
WHE-SYN-C-0097-06,ORD-SYN-C-0097,2026-06-10T16:45:59+08:00,packing_started,packing_started,WH-SYN-EAST,3,piece,synthetic_case_generator
WHE-SYN-C-0097-07,ORD-SYN-C-0097,2026-06-10T17:30:58+08:00,packing_completed,packing_completed,WH-SYN-EAST,3,piece,synthetic_case_generator
WHE-SYN-C-0097-08,ORD-SYN-C-0097,2026-06-10T17:53:36+08:00,ready_to_ship,ready_to_ship,WH-SYN-EAST,3,piece,synthetic_case_generator
WHE-SYN-C-0097-09,ORD-SYN-C-0097,2026-06-10T18:01:14+08:00,shipped_from_warehouse,shipped_from_warehouse,WH-SYN-EAST,3,piece,synthetic_case_generator
WHE-SYN-C-0098-01,ORD-SYN-C-0098,2026-06-10T17:47:41+08:00,order_received,order_received,WH-SYN-EAST,5,piece,synthetic_case_generator
WHE-SYN-C-0098-02,ORD-SYN-C-0098,2026-06-10T18:22:41+08:00,picking_started,picking_started,WH-SYN-EAST,5,piece,synthetic_case_generator
WHE-SYN-C-0098-03,ORD-SYN-C-0098,2026-06-10T19:17:29+08:00,picking_completed,picking_completed,WH-SYN-EAST,5,piece,synthetic_case_generator
WHE-SYN-C-0098-04,ORD-SYN-C-0098,2026-06-10T19:45:13+08:00,quality_check_started,quality_check_started,WH-SYN-EAST,5,piece,synthetic_case_generator
WHE-SYN-C-0098-05,ORD-SYN-C-0098,2026-06-10T20:17:29+08:00,quality_check_completed,quality_check_completed,WH-SYN-EAST,5,piece,synthetic_case_generator
WHE-SYN-C-0098-06,ORD-SYN-C-0098,2026-06-10T20:22:07+08:00,packing_started,packing_started,WH-SYN-EAST,5,piece,synthetic_case_generator
WHE-SYN-C-0098-07,ORD-SYN-C-0098,2026-06-10T21:03:27+08:00,packing_completed,packing_completed,WH-SYN-EAST,5,piece,synthetic_case_generator
WHE-SYN-C-0098-08,ORD-SYN-C-0098,2026-06-10T21:18:58+08:00,ready_to_ship,ready_to_ship,WH-SYN-EAST,5,piece,synthetic_case_generator
WHE-SYN-C-0098-09,ORD-SYN-C-0098,2026-06-10T21:26:09+08:00,shipped_from_warehouse,shipped_from_warehouse,WH-SYN-EAST,5,piece,synthetic_case_generator
WHE-SYN-C-0099-01,ORD-SYN-C-0099,2026-06-10T10:00:36+08:00,order_received,order_received,WH-SYN-WEST,3,piece,synthetic_case_generator
WHE-SYN-C-0099-02,ORD-SYN-C-0099,2026-06-10T10:53:58+08:00,picking_started,picking_started,WH-SYN-WEST,3,piece,synthetic_case_generator
WHE-SYN-C-0099-03,ORD-SYN-C-0099,2026-06-10T11:40:43+08:00,picking_completed,picking_completed,WH-SYN-WEST,3,piece,synthetic_case_generator
WHE-SYN-C-0099-04,ORD-SYN-C-0099,2026-06-10T12:12:58+08:00,quality_check_started,quality_check_started,WH-SYN-WEST,3,piece,synthetic_case_generator
WHE-SYN-C-0099-05,ORD-SYN-C-0099,2026-06-10T12:45:00+08:00,quality_check_completed,quality_check_completed,WH-SYN-WEST,3,piece,synthetic_case_generator
WHE-SYN-C-0099-06,ORD-SYN-C-0099,2026-06-10T12:54:08+08:00,packing_started,packing_started,WH-SYN-WEST,3,piece,synthetic_case_generator
WHE-SYN-C-0099-07,ORD-SYN-C-0099,2026-06-10T13:37:13+08:00,packing_completed,packing_completed,WH-SYN-WEST,3,piece,synthetic_case_generator
WHE-SYN-C-0099-08,ORD-SYN-C-0099,2026-06-10T13:55:50+08:00,ready_to_ship,ready_to_ship,WH-SYN-WEST,3,piece,synthetic_case_generator
WHE-SYN-C-0099-09,ORD-SYN-C-0099,2026-06-10T14:06:10+08:00,shipped_from_warehouse,shipped_from_warehouse,WH-SYN-WEST,3,piece,synthetic_case_generator
WHE-SYN-C-0100-01,ORD-SYN-C-0100,2026-06-10T12:22:21+08:00,order_received,order_received,WH-SYN-EAST,5,piece,synthetic_case_generator
WHE-SYN-C-0100-02,ORD-SYN-C-0100,2026-06-10T13:06:08+08:00,picking_started,picking_started,WH-SYN-EAST,5,piece,synthetic_case_generator
WHE-SYN-C-0100-03,ORD-SYN-C-0100,2026-06-10T13:49:11+08:00,picking_completed,picking_completed,WH-SYN-EAST,5,piece,synthetic_case_generator
WHE-SYN-C-0100-04,ORD-SYN-C-0100,2026-06-10T14:13:30+08:00,quality_check_started,quality_check_started,WH-SYN-EAST,5,piece,synthetic_case_generator
WHE-SYN-C-0100-05,ORD-SYN-C-0100,2026-06-10T14:42:01+08:00,quality_check_completed,quality_check_completed,WH-SYN-EAST,5,piece,synthetic_case_generator
WHE-SYN-C-0100-06,ORD-SYN-C-0100,2026-06-10T14:50:12+08:00,packing_started,packing_started,WH-SYN-EAST,5,piece,synthetic_case_generator
WHE-SYN-C-0100-07,ORD-SYN-C-0100,2026-06-10T15:30:16+08:00,packing_completed,packing_completed,WH-SYN-EAST,5,piece,synthetic_case_generator
WHE-SYN-C-0100-08,ORD-SYN-C-0100,2026-06-10T15:56:35+08:00,ready_to_ship,ready_to_ship,WH-SYN-EAST,5,piece,synthetic_case_generator
WHE-SYN-C-0100-09,ORD-SYN-C-0100,2026-06-10T16:03:18+08:00,shipped_from_warehouse,shipped_from_warehouse,WH-SYN-EAST,5,piece,synthetic_case_generator
WHE-SYN-C-0101-01,ORD-SYN-C-0101,2026-06-11T15:59:21+08:00,order_received,order_received,WH-SYN-EAST,4,piece,synthetic_case_generator
WHE-SYN-C-0101-02,ORD-SYN-C-0101,2026-06-11T16:41:02+08:00,picking_started,picking_started,WH-SYN-EAST,4,piece,synthetic_case_generator
WHE-SYN-C-0101-03,ORD-SYN-C-0101,2026-06-11T17:26:23+08:00,picking_completed,picking_completed,WH-SYN-EAST,4,piece,synthetic_case_generator
WHE-SYN-C-0101-04,ORD-SYN-C-0101,2026-06-11T17:55:46+08:00,quality_check_started,quality_check_started,WH-SYN-EAST,4,piece,synthetic_case_generator
WHE-SYN-C-0101-05,ORD-SYN-C-0101,2026-06-11T18:17:41+08:00,quality_check_completed,quality_check_completed,WH-SYN-EAST,4,piece,synthetic_case_generator
WHE-SYN-C-0101-06,ORD-SYN-C-0101,2026-06-11T18:22:36+08:00,packing_started,packing_started,WH-SYN-EAST,4,piece,synthetic_case_generator
WHE-SYN-C-0101-07,ORD-SYN-C-0101,2026-06-11T18:59:18+08:00,packing_completed,packing_completed,WH-SYN-EAST,4,piece,synthetic_case_generator
WHE-SYN-C-0101-08,ORD-SYN-C-0101,2026-06-11T19:14:06+08:00,ready_to_ship,ready_to_ship,WH-SYN-EAST,4,piece,synthetic_case_generator
WHE-SYN-C-0101-09,ORD-SYN-C-0101,2026-06-11T19:17:36+08:00,shipped_from_warehouse,shipped_from_warehouse,WH-SYN-EAST,4,piece,synthetic_case_generator
WHE-SYN-C-0102-01,ORD-SYN-C-0102,2026-06-11T18:34:04+08:00,order_received,order_received,WH-SYN-EAST,2,piece,synthetic_case_generator
WHE-SYN-C-0102-02,ORD-SYN-C-0102,2026-06-11T19:07:49+08:00,picking_started,picking_started,WH-SYN-EAST,2,piece,synthetic_case_generator
WHE-SYN-C-0102-03,ORD-SYN-C-0102,2026-06-11T19:58:37+08:00,picking_completed,picking_completed,WH-SYN-EAST,2,piece,synthetic_case_generator
WHE-SYN-C-0102-04,ORD-SYN-C-0102,2026-06-11T20:30:26+08:00,quality_check_started,quality_check_started,WH-SYN-EAST,2,piece,synthetic_case_generator
WHE-SYN-C-0102-05,ORD-SYN-C-0102,2026-06-11T21:02:04+08:00,quality_check_completed,quality_check_completed,WH-SYN-EAST,2,piece,synthetic_case_generator
WHE-SYN-C-0102-06,ORD-SYN-C-0102,2026-06-11T21:12:53+08:00,packing_started,packing_started,WH-SYN-EAST,2,piece,synthetic_case_generator
WHE-SYN-C-0102-07,ORD-SYN-C-0102,2026-06-11T21:42:55+08:00,packing_completed,packing_completed,WH-SYN-EAST,2,piece,synthetic_case_generator
WHE-SYN-C-0102-08,ORD-SYN-C-0102,2026-06-11T22:06:28+08:00,ready_to_ship,ready_to_ship,WH-SYN-EAST,2,piece,synthetic_case_generator
WHE-SYN-C-0102-09,ORD-SYN-C-0102,2026-06-11T22:11:19+08:00,shipped_from_warehouse,shipped_from_warehouse,WH-SYN-EAST,2,piece,synthetic_case_generator
WHE-SYN-C-0103-01,ORD-SYN-C-0103,2026-06-11T10:45:51+08:00,order_received,order_received,WH-SYN-WEST,3,piece,synthetic_case_generator
WHE-SYN-C-0103-02,ORD-SYN-C-0103,2026-06-11T11:28:58+08:00,picking_started,picking_started,WH-SYN-WEST,3,piece,synthetic_case_generator
WHE-SYN-C-0103-03,ORD-SYN-C-0103,2026-06-11T12:25:42+08:00,picking_completed,picking_completed,WH-SYN-WEST,3,piece,synthetic_case_generator
WHE-SYN-C-0103-04,ORD-SYN-C-0103,2026-06-11T12:50:32+08:00,quality_check_started,quality_check_started,WH-SYN-WEST,3,piece,synthetic_case_generator
WHE-SYN-C-0103-05,ORD-SYN-C-0103,2026-06-11T13:21:18+08:00,quality_check_completed,quality_check_completed,WH-SYN-WEST,3,piece,synthetic_case_generator
WHE-SYN-C-0103-06,ORD-SYN-C-0103,2026-06-11T13:30:37+08:00,packing_started,packing_started,WH-SYN-WEST,3,piece,synthetic_case_generator
WHE-SYN-C-0103-07,ORD-SYN-C-0103,2026-06-11T14:13:38+08:00,packing_completed,packing_completed,WH-SYN-WEST,3,piece,synthetic_case_generator
WHE-SYN-C-0103-08,ORD-SYN-C-0103,2026-06-11T14:25:46+08:00,ready_to_ship,ready_to_ship,WH-SYN-WEST,3,piece,synthetic_case_generator
WHE-SYN-C-0103-09,ORD-SYN-C-0103,2026-06-11T14:31:18+08:00,shipped_from_warehouse,shipped_from_warehouse,WH-SYN-WEST,3,piece,synthetic_case_generator
WHE-SYN-C-0104-01,ORD-SYN-C-0104,2026-06-11T14:20:10+08:00,order_received,order_received,WH-SYN-EAST,5,piece,synthetic_case_generator
WHE-SYN-C-0104-02,ORD-SYN-C-0104,2026-06-11T14:56:22+08:00,picking_started,picking_started,WH-SYN-EAST,5,piece,synthetic_case_generator
WHE-SYN-C-0104-03,ORD-SYN-C-0104,2026-06-11T15:39:28+08:00,picking_completed,picking_completed,WH-SYN-EAST,5,piece,synthetic_case_generator
WHE-SYN-C-0104-04,ORD-SYN-C-0104,2026-06-11T16:09:41+08:00,quality_check_started,quality_check_started,WH-SYN-EAST,5,piece,synthetic_case_generator
WHE-SYN-C-0104-05,ORD-SYN-C-0104,2026-06-11T16:42:13+08:00,quality_check_completed,quality_check_completed,WH-SYN-EAST,5,piece,synthetic_case_generator
WHE-SYN-C-0104-06,ORD-SYN-C-0104,2026-06-11T16:50:26+08:00,packing_started,packing_started,WH-SYN-EAST,5,piece,synthetic_case_generator
WHE-SYN-C-0104-07,ORD-SYN-C-0104,2026-06-11T17:29:05+08:00,packing_completed,packing_completed,WH-SYN-EAST,5,piece,synthetic_case_generator
WHE-SYN-C-0104-08,ORD-SYN-C-0104,2026-06-11T17:48:52+08:00,ready_to_ship,ready_to_ship,WH-SYN-EAST,5,piece,synthetic_case_generator
WHE-SYN-C-0104-09,ORD-SYN-C-0104,2026-06-11T17:54:04+08:00,shipped_from_warehouse,shipped_from_warehouse,WH-SYN-EAST,5,piece,synthetic_case_generator
WHE-SYN-C-0105-01,ORD-SYN-C-0105,2026-06-11T16:46:24+08:00,order_received,order_received,WH-SYN-EAST,1,piece,synthetic_case_generator
WHE-SYN-C-0105-02,ORD-SYN-C-0105,2026-06-11T17:21:13+08:00,picking_started,picking_started,WH-SYN-EAST,1,piece,synthetic_case_generator
WHE-SYN-C-0105-03,ORD-SYN-C-0105,2026-06-11T18:14:23+08:00,picking_completed,picking_completed,WH-SYN-EAST,1,piece,synthetic_case_generator
WHE-SYN-C-0105-04,ORD-SYN-C-0105,2026-06-11T18:39:48+08:00,quality_check_started,quality_check_started,WH-SYN-EAST,1,piece,synthetic_case_generator
WHE-SYN-C-0105-05,ORD-SYN-C-0105,2026-06-11T19:05:41+08:00,quality_check_completed,quality_check_completed,WH-SYN-EAST,1,piece,synthetic_case_generator
WHE-SYN-C-0105-06,ORD-SYN-C-0105,2026-06-11T19:15:37+08:00,packing_started,packing_started,WH-SYN-EAST,1,piece,synthetic_case_generator
WHE-SYN-C-0105-07,ORD-SYN-C-0105,2026-06-11T19:53:20+08:00,packing_completed,packing_completed,WH-SYN-EAST,1,piece,synthetic_case_generator
WHE-SYN-C-0105-08,ORD-SYN-C-0105,2026-06-11T20:13:14+08:00,ready_to_ship,ready_to_ship,WH-SYN-EAST,1,piece,synthetic_case_generator
WHE-SYN-C-0105-09,ORD-SYN-C-0105,2026-06-11T20:20:18+08:00,shipped_from_warehouse,shipped_from_warehouse,WH-SYN-EAST,1,piece,synthetic_case_generator
WHE-SYN-C-0106-01,ORD-SYN-C-0106,2026-06-11T20:01:12+08:00,order_received,order_received,WH-SYN-EAST,5,piece,synthetic_case_generator
WHE-SYN-C-0106-02,ORD-SYN-C-0106,2026-06-11T20:49:37+08:00,picking_started,picking_started,WH-SYN-EAST,5,piece,synthetic_case_generator
WHE-SYN-C-0106-03,ORD-SYN-C-0106,2026-06-11T21:40:44+08:00,picking_completed,picking_completed,WH-SYN-EAST,5,piece,synthetic_case_generator
WHE-SYN-C-0106-04,ORD-SYN-C-0106,2026-06-11T22:04:21+08:00,quality_check_started,quality_check_started,WH-SYN-EAST,5,piece,synthetic_case_generator
WHE-SYN-C-0106-05,ORD-SYN-C-0106,2026-06-11T22:32:38+08:00,quality_check_completed,quality_check_completed,WH-SYN-EAST,5,piece,synthetic_case_generator
WHE-SYN-C-0106-06,ORD-SYN-C-0106,2026-06-11T22:42:13+08:00,packing_started,packing_started,WH-SYN-EAST,5,piece,synthetic_case_generator
WHE-SYN-C-0106-07,ORD-SYN-C-0106,2026-06-11T23:20:22+08:00,packing_completed,packing_completed,WH-SYN-EAST,5,piece,synthetic_case_generator
WHE-SYN-C-0106-08,ORD-SYN-C-0106,2026-06-11T23:30:02+08:00,ready_to_ship,ready_to_ship,WH-SYN-EAST,5,piece,synthetic_case_generator
WHE-SYN-C-0106-09,ORD-SYN-C-0106,2026-06-11T23:40:53+08:00,shipped_from_warehouse,shipped_from_warehouse,WH-SYN-EAST,5,piece,synthetic_case_generator
WHE-SYN-C-0107-01,ORD-SYN-C-0107,2026-06-11T11:26:15+08:00,order_received,order_received,WH-SYN-EAST,4,piece,synthetic_case_generator
WHE-SYN-C-0107-02,ORD-SYN-C-0107,2026-06-11T12:05:43+08:00,picking_started,picking_started,WH-SYN-EAST,4,piece,synthetic_case_generator
WHE-SYN-C-0107-03,ORD-SYN-C-0107,2026-06-11T12:59:12+08:00,picking_completed,picking_completed,WH-SYN-EAST,4,piece,synthetic_case_generator
WHE-SYN-C-0107-04,ORD-SYN-C-0107,2026-06-11T13:31:13+08:00,quality_check_started,quality_check_started,WH-SYN-EAST,4,piece,synthetic_case_generator
WHE-SYN-C-0107-05,ORD-SYN-C-0107,2026-06-11T13:59:30+08:00,quality_check_completed,quality_check_completed,WH-SYN-EAST,4,piece,synthetic_case_generator
WHE-SYN-C-0107-06,ORD-SYN-C-0107,2026-06-11T14:10:31+08:00,packing_started,packing_started,WH-SYN-EAST,4,piece,synthetic_case_generator
WHE-SYN-C-0107-07,ORD-SYN-C-0107,2026-06-11T14:49:01+08:00,packing_completed,packing_completed,WH-SYN-EAST,4,piece,synthetic_case_generator
WHE-SYN-C-0107-08,ORD-SYN-C-0107,2026-06-11T15:07:19+08:00,ready_to_ship,ready_to_ship,WH-SYN-EAST,4,piece,synthetic_case_generator
WHE-SYN-C-0107-09,ORD-SYN-C-0107,2026-06-11T15:16:15+08:00,shipped_from_warehouse,shipped_from_warehouse,WH-SYN-EAST,4,piece,synthetic_case_generator
WHE-SYN-C-0108-01,ORD-SYN-C-0108,2026-06-11T14:55:14+08:00,order_received,order_received,WH-SYN-EAST,5,piece,synthetic_case_generator
WHE-SYN-C-0108-02,ORD-SYN-C-0108,2026-06-11T15:32:57+08:00,picking_started,picking_started,WH-SYN-EAST,5,piece,synthetic_case_generator
WHE-SYN-C-0108-03,ORD-SYN-C-0108,2026-06-11T16:21:00+08:00,picking_completed,picking_completed,WH-SYN-EAST,5,piece,synthetic_case_generator
WHE-SYN-C-0108-04,ORD-SYN-C-0108,2026-06-11T16:43:33+08:00,quality_check_started,quality_check_started,WH-SYN-EAST,5,piece,synthetic_case_generator
WHE-SYN-C-0108-05,ORD-SYN-C-0108,2026-06-11T17:10:32+08:00,quality_check_completed,quality_check_completed,WH-SYN-EAST,5,piece,synthetic_case_generator
WHE-SYN-C-0108-06,ORD-SYN-C-0108,2026-06-11T17:19:47+08:00,packing_started,packing_started,WH-SYN-EAST,5,piece,synthetic_case_generator
WHE-SYN-C-0108-07,ORD-SYN-C-0108,2026-06-11T17:53:42+08:00,packing_completed,packing_completed,WH-SYN-EAST,5,piece,synthetic_case_generator
WHE-SYN-C-0108-08,ORD-SYN-C-0108,2026-06-11T18:09:47+08:00,ready_to_ship,ready_to_ship,WH-SYN-EAST,5,piece,synthetic_case_generator
WHE-SYN-C-0108-09,ORD-SYN-C-0108,2026-06-11T18:13:57+08:00,shipped_from_warehouse,shipped_from_warehouse,WH-SYN-EAST,5,piece,synthetic_case_generator
WHE-SYN-C-0109-01,ORD-SYN-C-0109,2026-06-11T18:18:18+08:00,order_received,order_received,WH-SYN-WEST,3,piece,synthetic_case_generator
WHE-SYN-C-0109-02,ORD-SYN-C-0109,2026-06-11T18:50:53+08:00,picking_started,picking_started,WH-SYN-WEST,3,piece,synthetic_case_generator
WHE-SYN-C-0109-03,ORD-SYN-C-0109,2026-06-11T19:40:34+08:00,picking_completed,picking_completed,WH-SYN-WEST,3,piece,synthetic_case_generator
WHE-SYN-C-0109-04,ORD-SYN-C-0109,2026-06-11T20:09:25+08:00,quality_check_started,quality_check_started,WH-SYN-WEST,3,piece,synthetic_case_generator
WHE-SYN-C-0109-05,ORD-SYN-C-0109,2026-06-11T20:33:28+08:00,quality_check_completed,quality_check_completed,WH-SYN-WEST,3,piece,synthetic_case_generator
WHE-SYN-C-0109-06,ORD-SYN-C-0109,2026-06-11T20:43:04+08:00,packing_started,packing_started,WH-SYN-WEST,3,piece,synthetic_case_generator
WHE-SYN-C-0109-07,ORD-SYN-C-0109,2026-06-11T21:19:27+08:00,packing_completed,packing_completed,WH-SYN-WEST,3,piece,synthetic_case_generator
WHE-SYN-C-0109-08,ORD-SYN-C-0109,2026-06-11T21:29:44+08:00,ready_to_ship,ready_to_ship,WH-SYN-WEST,3,piece,synthetic_case_generator
WHE-SYN-C-0109-09,ORD-SYN-C-0109,2026-06-11T21:40:08+08:00,shipped_from_warehouse,shipped_from_warehouse,WH-SYN-WEST,3,piece,synthetic_case_generator
WHE-SYN-C-0110-01,ORD-SYN-C-0110,2026-06-11T09:31:18+08:00,order_received,order_received,WH-SYN-EAST,4,piece,synthetic_case_generator
WHE-SYN-C-0110-02,ORD-SYN-C-0110,2026-06-11T10:23:28+08:00,picking_started,picking_started,WH-SYN-EAST,4,piece,synthetic_case_generator
WHE-SYN-C-0110-03,ORD-SYN-C-0110,2026-06-11T11:10:09+08:00,picking_completed,picking_completed,WH-SYN-EAST,4,piece,synthetic_case_generator
WHE-SYN-C-0110-04,ORD-SYN-C-0110,2026-06-11T11:41:48+08:00,quality_check_started,quality_check_started,WH-SYN-EAST,4,piece,synthetic_case_generator
WHE-SYN-C-0110-05,ORD-SYN-C-0110,2026-06-11T12:04:47+08:00,quality_check_completed,quality_check_completed,WH-SYN-EAST,4,piece,synthetic_case_generator
WHE-SYN-C-0110-06,ORD-SYN-C-0110,2026-06-11T12:16:36+08:00,packing_started,packing_started,WH-SYN-EAST,4,piece,synthetic_case_generator
WHE-SYN-C-0110-07,ORD-SYN-C-0110,2026-06-11T13:00:05+08:00,packing_completed,packing_completed,WH-SYN-EAST,4,piece,synthetic_case_generator
WHE-SYN-C-0110-08,ORD-SYN-C-0110,2026-06-11T13:27:31+08:00,ready_to_ship,ready_to_ship,WH-SYN-EAST,4,piece,synthetic_case_generator
WHE-SYN-C-0110-09,ORD-SYN-C-0110,2026-06-11T13:32:25+08:00,shipped_from_warehouse,shipped_from_warehouse,WH-SYN-EAST,4,piece,synthetic_case_generator
WHE-SYN-C-0111-01,ORD-SYN-C-0111,2026-06-12T13:15:19+08:00,order_received,order_received,WH-SYN-WEST,2,piece,synthetic_case_generator
WHE-SYN-C-0111-02,ORD-SYN-C-0111,2026-06-12T14:01:50+08:00,picking_started,picking_started,WH-SYN-WEST,2,piece,synthetic_case_generator
WHE-SYN-C-0111-03,ORD-SYN-C-0111,2026-06-12T14:49:49+08:00,picking_completed,picking_completed,WH-SYN-WEST,2,piece,synthetic_case_generator
WHE-SYN-C-0111-04,ORD-SYN-C-0111,2026-06-12T15:11:10+08:00,quality_check_started,quality_check_started,WH-SYN-WEST,2,piece,synthetic_case_generator
WHE-SYN-C-0111-05,ORD-SYN-C-0111,2026-06-12T15:35:56+08:00,quality_check_completed,quality_check_completed,WH-SYN-WEST,2,piece,synthetic_case_generator
WHE-SYN-C-0111-06,ORD-SYN-C-0111,2026-06-12T15:39:27+08:00,packing_started,packing_started,WH-SYN-WEST,2,piece,synthetic_case_generator
WHE-SYN-C-0111-07,ORD-SYN-C-0111,2026-06-12T16:12:12+08:00,packing_completed,packing_completed,WH-SYN-WEST,2,piece,synthetic_case_generator
WHE-SYN-C-0111-08,ORD-SYN-C-0111,2026-06-12T16:24:42+08:00,ready_to_ship,ready_to_ship,WH-SYN-WEST,2,piece,synthetic_case_generator
WHE-SYN-C-0111-09,ORD-SYN-C-0111,2026-06-12T16:30:38+08:00,shipped_from_warehouse,shipped_from_warehouse,WH-SYN-WEST,2,piece,synthetic_case_generator
WHE-SYN-C-0112-01,ORD-SYN-C-0112,2026-06-12T15:39:14+08:00,order_received,order_received,WH-SYN-EAST,4,piece,synthetic_case_generator
WHE-SYN-C-0112-02,ORD-SYN-C-0112,2026-06-12T16:27:18+08:00,picking_started,picking_started,WH-SYN-EAST,4,piece,synthetic_case_generator
WHE-SYN-C-0112-03,ORD-SYN-C-0112,2026-06-12T17:17:38+08:00,picking_completed,picking_completed,WH-SYN-EAST,4,piece,synthetic_case_generator
WHE-SYN-C-0112-04,ORD-SYN-C-0112,2026-06-12T17:39:49+08:00,quality_check_started,quality_check_started,WH-SYN-EAST,4,piece,synthetic_case_generator
WHE-SYN-C-0112-05,ORD-SYN-C-0112,2026-06-12T18:02:05+08:00,quality_check_completed,quality_check_completed,WH-SYN-EAST,4,piece,synthetic_case_generator
WHE-SYN-C-0112-06,ORD-SYN-C-0112,2026-06-12T18:07:11+08:00,packing_started,packing_started,WH-SYN-EAST,4,piece,synthetic_case_generator
WHE-SYN-C-0112-07,ORD-SYN-C-0112,2026-06-12T18:43:56+08:00,packing_completed,packing_completed,WH-SYN-EAST,4,piece,synthetic_case_generator
WHE-SYN-C-0112-08,ORD-SYN-C-0112,2026-06-12T18:57:25+08:00,ready_to_ship,ready_to_ship,WH-SYN-EAST,4,piece,synthetic_case_generator
WHE-SYN-C-0112-09,ORD-SYN-C-0112,2026-06-12T19:02:20+08:00,shipped_from_warehouse,shipped_from_warehouse,WH-SYN-EAST,4,piece,synthetic_case_generator
WHE-SYN-C-0113-01,ORD-SYN-C-0113,2026-06-12T19:03:08+08:00,order_received,order_received,WH-SYN-WEST,3,piece,synthetic_case_generator
WHE-SYN-C-0113-02,ORD-SYN-C-0113,2026-06-12T19:35:47+08:00,picking_started,picking_started,WH-SYN-WEST,3,piece,synthetic_case_generator
WHE-SYN-C-0113-03,ORD-SYN-C-0113,2026-06-12T20:28:29+08:00,picking_completed,picking_completed,WH-SYN-WEST,3,piece,synthetic_case_generator
WHE-SYN-C-0113-04,ORD-SYN-C-0113,2026-06-12T20:59:13+08:00,quality_check_started,quality_check_started,WH-SYN-WEST,3,piece,synthetic_case_generator
WHE-SYN-C-0113-05,ORD-SYN-C-0113,2026-06-12T21:21:32+08:00,quality_check_completed,quality_check_completed,WH-SYN-WEST,3,piece,synthetic_case_generator
WHE-SYN-C-0113-06,ORD-SYN-C-0113,2026-06-12T21:32:44+08:00,packing_started,packing_started,WH-SYN-WEST,3,piece,synthetic_case_generator
WHE-SYN-C-0113-07,ORD-SYN-C-0113,2026-06-12T22:05:37+08:00,packing_completed,packing_completed,WH-SYN-WEST,3,piece,synthetic_case_generator
WHE-SYN-C-0113-08,ORD-SYN-C-0113,2026-06-12T22:29:58+08:00,ready_to_ship,ready_to_ship,WH-SYN-WEST,3,piece,synthetic_case_generator
WHE-SYN-C-0113-09,ORD-SYN-C-0113,2026-06-12T22:41:12+08:00,shipped_from_warehouse,shipped_from_warehouse,WH-SYN-WEST,3,piece,synthetic_case_generator
WHE-SYN-C-0114-01,ORD-SYN-C-0114,2026-06-12T10:30:31+08:00,order_received,order_received,WH-SYN-EAST,2,piece,synthetic_case_generator
WHE-SYN-C-0114-02,ORD-SYN-C-0114,2026-06-12T11:13:20+08:00,picking_started,picking_started,WH-SYN-EAST,2,piece,synthetic_case_generator
WHE-SYN-C-0114-03,ORD-SYN-C-0114,2026-06-12T12:06:15+08:00,picking_completed,picking_completed,WH-SYN-EAST,2,piece,synthetic_case_generator
WHE-SYN-C-0114-04,ORD-SYN-C-0114,2026-06-12T12:31:28+08:00,quality_check_started,quality_check_started,WH-SYN-EAST,2,piece,synthetic_case_generator
WHE-SYN-C-0114-05,ORD-SYN-C-0114,2026-06-12T12:57:00+08:00,quality_check_completed,quality_check_completed,WH-SYN-EAST,2,piece,synthetic_case_generator
WHE-SYN-C-0114-06,ORD-SYN-C-0114,2026-06-12T13:07:49+08:00,packing_started,packing_started,WH-SYN-EAST,2,piece,synthetic_case_generator
WHE-SYN-C-0114-07,ORD-SYN-C-0114,2026-06-12T13:41:16+08:00,packing_completed,packing_completed,WH-SYN-EAST,2,piece,synthetic_case_generator
WHE-SYN-C-0114-08,ORD-SYN-C-0114,2026-06-12T13:58:52+08:00,ready_to_ship,ready_to_ship,WH-SYN-EAST,2,piece,synthetic_case_generator
WHE-SYN-C-0114-09,ORD-SYN-C-0114,2026-06-12T14:10:48+08:00,shipped_from_warehouse,shipped_from_warehouse,WH-SYN-EAST,2,piece,synthetic_case_generator
WHE-SYN-C-0115-01,ORD-SYN-C-0115,2026-06-12T13:40:32+08:00,order_received,order_received,WH-SYN-WEST,1,piece,synthetic_case_generator
WHE-SYN-C-0115-02,ORD-SYN-C-0115,2026-06-12T14:29:31+08:00,picking_started,picking_started,WH-SYN-WEST,1,piece,synthetic_case_generator
WHE-SYN-C-0115-03,ORD-SYN-C-0115,2026-06-12T15:15:34+08:00,picking_completed,picking_completed,WH-SYN-WEST,1,piece,synthetic_case_generator
WHE-SYN-C-0115-04,ORD-SYN-C-0115,2026-06-12T15:44:10+08:00,quality_check_started,quality_check_started,WH-SYN-WEST,1,piece,synthetic_case_generator
WHE-SYN-C-0115-05,ORD-SYN-C-0115,2026-06-12T16:07:12+08:00,quality_check_completed,quality_check_completed,WH-SYN-WEST,1,piece,synthetic_case_generator
WHE-SYN-C-0115-06,ORD-SYN-C-0115,2026-06-12T16:16:56+08:00,packing_started,packing_started,WH-SYN-WEST,1,piece,synthetic_case_generator
WHE-SYN-C-0115-07,ORD-SYN-C-0115,2026-06-12T16:58:14+08:00,packing_completed,packing_completed,WH-SYN-WEST,1,piece,synthetic_case_generator
WHE-SYN-C-0115-08,ORD-SYN-C-0115,2026-06-12T17:11:31+08:00,ready_to_ship,ready_to_ship,WH-SYN-WEST,1,piece,synthetic_case_generator
WHE-SYN-C-0115-09,ORD-SYN-C-0115,2026-06-12T17:22:30+08:00,shipped_from_warehouse,shipped_from_warehouse,WH-SYN-WEST,1,piece,synthetic_case_generator
WHE-SYN-C-0116-01,ORD-SYN-C-0116,2026-06-12T17:17:14+08:00,order_received,order_received,WH-SYN-EAST,5,piece,synthetic_case_generator
WHE-SYN-C-0116-02,ORD-SYN-C-0116,2026-06-12T18:01:11+08:00,picking_started,picking_started,WH-SYN-EAST,5,piece,synthetic_case_generator
WHE-SYN-C-0116-03,ORD-SYN-C-0116,2026-06-12T18:51:10+08:00,picking_completed,picking_completed,WH-SYN-EAST,5,piece,synthetic_case_generator
WHE-SYN-C-0116-04,ORD-SYN-C-0116,2026-06-12T19:15:54+08:00,quality_check_started,quality_check_started,WH-SYN-EAST,5,piece,synthetic_case_generator
WHE-SYN-C-0116-05,ORD-SYN-C-0116,2026-06-12T19:47:29+08:00,quality_check_completed,quality_check_completed,WH-SYN-EAST,5,piece,synthetic_case_generator
WHE-SYN-C-0116-06,ORD-SYN-C-0116,2026-06-12T19:52:03+08:00,packing_started,packing_started,WH-SYN-EAST,5,piece,synthetic_case_generator
WHE-SYN-C-0116-07,ORD-SYN-C-0116,2026-06-12T20:31:28+08:00,packing_completed,packing_completed,WH-SYN-EAST,5,piece,synthetic_case_generator
WHE-SYN-C-0116-08,ORD-SYN-C-0116,2026-06-12T20:59:15+08:00,ready_to_ship,ready_to_ship,WH-SYN-EAST,5,piece,synthetic_case_generator
WHE-SYN-C-0116-09,ORD-SYN-C-0116,2026-06-12T21:02:31+08:00,shipped_from_warehouse,shipped_from_warehouse,WH-SYN-EAST,5,piece,synthetic_case_generator
WHE-SYN-C-0117-01,ORD-SYN-C-0117,2026-06-12T19:29:24+08:00,order_received,order_received,WH-SYN-EAST,3,piece,synthetic_case_generator
WHE-SYN-C-0117-02,ORD-SYN-C-0117,2026-06-12T20:00:41+08:00,picking_started,picking_started,WH-SYN-EAST,3,piece,synthetic_case_generator
WHE-SYN-C-0117-03,ORD-SYN-C-0117,2026-06-12T20:56:26+08:00,picking_completed,picking_completed,WH-SYN-EAST,3,piece,synthetic_case_generator
WHE-SYN-C-0117-04,ORD-SYN-C-0117,2026-06-12T21:25:29+08:00,quality_check_started,quality_check_started,WH-SYN-EAST,3,piece,synthetic_case_generator
WHE-SYN-C-0117-05,ORD-SYN-C-0117,2026-06-12T21:48:43+08:00,quality_check_completed,quality_check_completed,WH-SYN-EAST,3,piece,synthetic_case_generator
WHE-SYN-C-0117-06,ORD-SYN-C-0117,2026-06-12T21:57:50+08:00,packing_started,packing_started,WH-SYN-EAST,3,piece,synthetic_case_generator
WHE-SYN-C-0117-07,ORD-SYN-C-0117,2026-06-12T22:30:03+08:00,packing_completed,packing_completed,WH-SYN-EAST,3,piece,synthetic_case_generator
WHE-SYN-C-0117-08,ORD-SYN-C-0117,2026-06-12T22:55:17+08:00,ready_to_ship,ready_to_ship,WH-SYN-EAST,3,piece,synthetic_case_generator
WHE-SYN-C-0117-09,ORD-SYN-C-0117,2026-06-12T23:06:04+08:00,shipped_from_warehouse,shipped_from_warehouse,WH-SYN-EAST,3,piece,synthetic_case_generator
WHE-SYN-C-0118-01,ORD-SYN-C-0118,2026-06-12T11:52:59+08:00,order_received,order_received,WH-SYN-EAST,5,piece,synthetic_case_generator
WHE-SYN-C-0118-02,ORD-SYN-C-0118,2026-06-12T12:45:13+08:00,picking_started,picking_started,WH-SYN-EAST,5,piece,synthetic_case_generator
WHE-SYN-C-0118-03,ORD-SYN-C-0118,2026-06-12T13:31:54+08:00,picking_completed,picking_completed,WH-SYN-EAST,5,piece,synthetic_case_generator
WHE-SYN-C-0118-04,ORD-SYN-C-0118,2026-06-12T13:54:43+08:00,quality_check_started,quality_check_started,WH-SYN-EAST,5,piece,synthetic_case_generator
WHE-SYN-C-0118-05,ORD-SYN-C-0118,2026-06-12T14:24:36+08:00,quality_check_completed,quality_check_completed,WH-SYN-EAST,5,piece,synthetic_case_generator
WHE-SYN-C-0118-06,ORD-SYN-C-0118,2026-06-12T14:30:54+08:00,packing_started,packing_started,WH-SYN-EAST,5,piece,synthetic_case_generator
WHE-SYN-C-0118-07,ORD-SYN-C-0118,2026-06-12T15:08:43+08:00,packing_completed,packing_completed,WH-SYN-EAST,5,piece,synthetic_case_generator
WHE-SYN-C-0118-08,ORD-SYN-C-0118,2026-06-12T15:19:08+08:00,ready_to_ship,ready_to_ship,WH-SYN-EAST,5,piece,synthetic_case_generator
WHE-SYN-C-0118-09,ORD-SYN-C-0118,2026-06-12T15:30:38+08:00,shipped_from_warehouse,shipped_from_warehouse,WH-SYN-EAST,5,piece,synthetic_case_generator
WHE-SYN-C-0119-01,ORD-SYN-C-0119,2026-06-12T14:21:49+08:00,order_received,order_received,WH-SYN-EAST,1,piece,synthetic_case_generator
WHE-SYN-C-0119-02,ORD-SYN-C-0119,2026-06-12T14:53:34+08:00,picking_started,picking_started,WH-SYN-EAST,1,piece,synthetic_case_generator
WHE-SYN-C-0119-03,ORD-SYN-C-0119,2026-06-12T15:43:03+08:00,picking_completed,picking_completed,WH-SYN-EAST,1,piece,synthetic_case_generator
WHE-SYN-C-0119-04,ORD-SYN-C-0119,2026-06-12T16:07:00+08:00,quality_check_started,quality_check_started,WH-SYN-EAST,1,piece,synthetic_case_generator
WHE-SYN-C-0119-05,ORD-SYN-C-0119,2026-06-12T16:29:49+08:00,quality_check_completed,quality_check_completed,WH-SYN-EAST,1,piece,synthetic_case_generator
WHE-SYN-C-0119-06,ORD-SYN-C-0119,2026-06-12T16:39:35+08:00,packing_started,packing_started,WH-SYN-EAST,1,piece,synthetic_case_generator
WHE-SYN-C-0119-07,ORD-SYN-C-0119,2026-06-12T17:18:48+08:00,packing_completed,packing_completed,WH-SYN-EAST,1,piece,synthetic_case_generator
WHE-SYN-C-0119-08,ORD-SYN-C-0119,2026-06-12T17:33:17+08:00,ready_to_ship,ready_to_ship,WH-SYN-EAST,1,piece,synthetic_case_generator
WHE-SYN-C-0119-09,ORD-SYN-C-0119,2026-06-12T17:39:31+08:00,shipped_from_warehouse,shipped_from_warehouse,WH-SYN-EAST,1,piece,synthetic_case_generator
WHE-SYN-C-0120-01,ORD-SYN-C-0120,2026-06-12T17:50:04+08:00,order_received,order_received,WH-SYN-WEST,2,piece,synthetic_case_generator
WHE-SYN-C-0120-02,ORD-SYN-C-0120,2026-06-12T18:25:21+08:00,picking_started,picking_started,WH-SYN-WEST,2,piece,synthetic_case_generator
WHE-SYN-C-0120-03,ORD-SYN-C-0120,2026-06-12T19:10:19+08:00,picking_completed,picking_completed,WH-SYN-WEST,2,piece,synthetic_case_generator
WHE-SYN-C-0120-04,ORD-SYN-C-0120,2026-06-12T19:31:26+08:00,quality_check_started,quality_check_started,WH-SYN-WEST,2,piece,synthetic_case_generator
WHE-SYN-C-0120-05,ORD-SYN-C-0120,2026-06-12T19:58:10+08:00,quality_check_completed,quality_check_completed,WH-SYN-WEST,2,piece,synthetic_case_generator
WHE-SYN-C-0120-06,ORD-SYN-C-0120,2026-06-12T20:09:46+08:00,packing_started,packing_started,WH-SYN-WEST,2,piece,synthetic_case_generator
WHE-SYN-C-0120-07,ORD-SYN-C-0120,2026-06-12T20:53:15+08:00,packing_completed,packing_completed,WH-SYN-WEST,2,piece,synthetic_case_generator
WHE-SYN-C-0120-08,ORD-SYN-C-0120,2026-06-12T21:11:13+08:00,ready_to_ship,ready_to_ship,WH-SYN-WEST,2,piece,synthetic_case_generator
WHE-SYN-C-0120-09,ORD-SYN-C-0120,2026-06-12T21:22:47+08:00,shipped_from_warehouse,shipped_from_warehouse,WH-SYN-WEST,2,piece,synthetic_case_generator
WHE-SYN-C-0121-01,ORD-SYN-C-0121,2026-06-13T09:30:49+08:00,order_received,order_received,WH-SYN-EAST,1,piece,synthetic_case_generator
WHE-SYN-C-0121-02,ORD-SYN-C-0121,2026-06-13T10:19:30+08:00,picking_started,picking_started,WH-SYN-EAST,1,piece,synthetic_case_generator
WHE-SYN-C-0121-03,ORD-SYN-C-0121,2026-06-13T11:09:11+08:00,picking_completed,picking_completed,WH-SYN-EAST,1,piece,synthetic_case_generator
WHE-SYN-C-0121-04,ORD-SYN-C-0121,2026-06-13T11:41:52+08:00,quality_check_started,quality_check_started,WH-SYN-EAST,1,piece,synthetic_case_generator
WHE-SYN-C-0121-05,ORD-SYN-C-0121,2026-06-13T12:11:41+08:00,quality_check_completed,quality_check_completed,WH-SYN-EAST,1,piece,synthetic_case_generator
WHE-SYN-C-0121-06,ORD-SYN-C-0121,2026-06-13T12:21:49+08:00,packing_started,packing_started,WH-SYN-EAST,1,piece,synthetic_case_generator
WHE-SYN-C-0121-07,ORD-SYN-C-0121,2026-06-13T13:03:28+08:00,packing_completed,packing_completed,WH-SYN-EAST,1,piece,synthetic_case_generator
WHE-SYN-C-0121-08,ORD-SYN-C-0121,2026-06-13T13:23:06+08:00,ready_to_ship,ready_to_ship,WH-SYN-EAST,1,piece,synthetic_case_generator
WHE-SYN-C-0121-09,ORD-SYN-C-0121,2026-06-13T13:34:08+08:00,shipped_from_warehouse,shipped_from_warehouse,WH-SYN-EAST,1,piece,synthetic_case_generator
WHE-SYN-C-0122-01,ORD-SYN-C-0122,2026-06-13T12:47:56+08:00,order_received,order_received,WH-SYN-EAST,1,piece,synthetic_case_generator
WHE-SYN-C-0122-02,ORD-SYN-C-0122,2026-06-13T13:28:38+08:00,picking_started,picking_started,WH-SYN-EAST,1,piece,synthetic_case_generator
WHE-SYN-C-0122-03,ORD-SYN-C-0122,2026-06-13T14:19:27+08:00,picking_completed,picking_completed,WH-SYN-EAST,1,piece,synthetic_case_generator
WHE-SYN-C-0122-04,ORD-SYN-C-0122,2026-06-13T14:46:32+08:00,quality_check_started,quality_check_started,WH-SYN-EAST,1,piece,synthetic_case_generator
WHE-SYN-C-0122-05,ORD-SYN-C-0122,2026-06-13T15:10:39+08:00,quality_check_completed,quality_check_completed,WH-SYN-EAST,1,piece,synthetic_case_generator
WHE-SYN-C-0122-06,ORD-SYN-C-0122,2026-06-13T15:15:53+08:00,packing_started,packing_started,WH-SYN-EAST,1,piece,synthetic_case_generator
WHE-SYN-C-0122-07,ORD-SYN-C-0122,2026-06-13T15:46:01+08:00,packing_completed,packing_completed,WH-SYN-EAST,1,piece,synthetic_case_generator
WHE-SYN-C-0122-08,ORD-SYN-C-0122,2026-06-13T16:07:29+08:00,ready_to_ship,ready_to_ship,WH-SYN-EAST,1,piece,synthetic_case_generator
WHE-SYN-C-0122-09,ORD-SYN-C-0122,2026-06-13T16:13:16+08:00,shipped_from_warehouse,shipped_from_warehouse,WH-SYN-EAST,1,piece,synthetic_case_generator
WHE-SYN-C-0123-01,ORD-SYN-C-0123,2026-06-13T16:16:41+08:00,order_received,order_received,WH-SYN-EAST,2,piece,synthetic_case_generator
WHE-SYN-C-0123-02,ORD-SYN-C-0123,2026-06-13T17:09:13+08:00,picking_started,picking_started,WH-SYN-EAST,2,piece,synthetic_case_generator
WHE-SYN-C-0123-03,ORD-SYN-C-0123,2026-06-13T18:03:31+08:00,picking_completed,picking_completed,WH-SYN-EAST,2,piece,synthetic_case_generator
WHE-SYN-C-0123-04,ORD-SYN-C-0123,2026-06-13T18:32:13+08:00,quality_check_started,quality_check_started,WH-SYN-EAST,2,piece,synthetic_case_generator
WHE-SYN-C-0123-05,ORD-SYN-C-0123,2026-06-13T18:54:44+08:00,quality_check_completed,quality_check_completed,WH-SYN-EAST,2,piece,synthetic_case_generator
WHE-SYN-C-0123-06,ORD-SYN-C-0123,2026-06-13T18:58:44+08:00,packing_started,packing_started,WH-SYN-EAST,2,piece,synthetic_case_generator
WHE-SYN-C-0123-07,ORD-SYN-C-0123,2026-06-13T19:37:33+08:00,packing_completed,packing_completed,WH-SYN-EAST,2,piece,synthetic_case_generator
WHE-SYN-C-0123-08,ORD-SYN-C-0123,2026-06-13T20:04:59+08:00,ready_to_ship,ready_to_ship,WH-SYN-EAST,2,piece,synthetic_case_generator
WHE-SYN-C-0123-09,ORD-SYN-C-0123,2026-06-13T20:09:55+08:00,shipped_from_warehouse,shipped_from_warehouse,WH-SYN-EAST,2,piece,synthetic_case_generator
WHE-SYN-C-0124-01,ORD-SYN-C-0124,2026-06-13T18:30:59+08:00,order_received,order_received,WH-SYN-WEST,1,piece,synthetic_case_generator
WHE-SYN-C-0124-02,ORD-SYN-C-0124,2026-06-13T19:18:16+08:00,picking_started,picking_started,WH-SYN-WEST,1,piece,synthetic_case_generator
WHE-SYN-C-0124-03,ORD-SYN-C-0124,2026-06-13T20:11:04+08:00,picking_completed,picking_completed,WH-SYN-WEST,1,piece,synthetic_case_generator
WHE-SYN-C-0124-04,ORD-SYN-C-0124,2026-06-13T20:43:56+08:00,quality_check_started,quality_check_started,WH-SYN-WEST,1,piece,synthetic_case_generator
WHE-SYN-C-0124-05,ORD-SYN-C-0124,2026-06-13T21:07:59+08:00,quality_check_completed,quality_check_completed,WH-SYN-WEST,1,piece,synthetic_case_generator
WHE-SYN-C-0124-06,ORD-SYN-C-0124,2026-06-13T21:11:28+08:00,packing_started,packing_started,WH-SYN-WEST,1,piece,synthetic_case_generator
WHE-SYN-C-0124-07,ORD-SYN-C-0124,2026-06-13T21:54:59+08:00,packing_completed,packing_completed,WH-SYN-WEST,1,piece,synthetic_case_generator
WHE-SYN-C-0124-08,ORD-SYN-C-0124,2026-06-13T22:24:50+08:00,ready_to_ship,ready_to_ship,WH-SYN-WEST,1,piece,synthetic_case_generator
WHE-SYN-C-0124-09,ORD-SYN-C-0124,2026-06-13T22:33:23+08:00,shipped_from_warehouse,shipped_from_warehouse,WH-SYN-WEST,1,piece,synthetic_case_generator
WHE-SYN-C-0125-01,ORD-SYN-C-0125,2026-06-13T11:05:59+08:00,order_received,order_received,WH-SYN-EAST,1,piece,synthetic_case_generator
WHE-SYN-C-0125-02,ORD-SYN-C-0125,2026-06-13T11:47:15+08:00,picking_started,picking_started,WH-SYN-EAST,1,piece,synthetic_case_generator
WHE-SYN-C-0125-03,ORD-SYN-C-0125,2026-06-13T12:36:54+08:00,picking_completed,picking_completed,WH-SYN-EAST,1,piece,synthetic_case_generator
WHE-SYN-C-0125-04,ORD-SYN-C-0125,2026-06-13T13:02:57+08:00,quality_check_started,quality_check_started,WH-SYN-EAST,1,piece,synthetic_case_generator
WHE-SYN-C-0125-05,ORD-SYN-C-0125,2026-06-13T13:33:19+08:00,quality_check_completed,quality_check_completed,WH-SYN-EAST,1,piece,synthetic_case_generator
WHE-SYN-C-0125-06,ORD-SYN-C-0125,2026-06-13T13:38:36+08:00,packing_started,packing_started,WH-SYN-EAST,1,piece,synthetic_case_generator
WHE-SYN-C-0125-07,ORD-SYN-C-0125,2026-06-13T14:13:37+08:00,packing_completed,packing_completed,WH-SYN-EAST,1,piece,synthetic_case_generator
WHE-SYN-C-0125-08,ORD-SYN-C-0125,2026-06-13T14:26:07+08:00,ready_to_ship,ready_to_ship,WH-SYN-EAST,1,piece,synthetic_case_generator
WHE-SYN-C-0125-09,ORD-SYN-C-0125,2026-06-13T14:29:54+08:00,shipped_from_warehouse,shipped_from_warehouse,WH-SYN-EAST,1,piece,synthetic_case_generator
WHE-SYN-C-0126-01,ORD-SYN-C-0126,2026-06-13T13:27:28+08:00,order_received,order_received,WH-SYN-WEST,3,piece,synthetic_case_generator
WHE-SYN-C-0126-02,ORD-SYN-C-0126,2026-06-13T14:05:45+08:00,picking_started,picking_started,WH-SYN-WEST,3,piece,synthetic_case_generator
WHE-SYN-C-0126-03,ORD-SYN-C-0126,2026-06-13T15:00:28+08:00,picking_completed,picking_completed,WH-SYN-WEST,3,piece,synthetic_case_generator
WHE-SYN-C-0126-04,ORD-SYN-C-0126,2026-06-13T15:25:59+08:00,quality_check_started,quality_check_started,WH-SYN-WEST,3,piece,synthetic_case_generator
WHE-SYN-C-0126-05,ORD-SYN-C-0126,2026-06-13T15:49:13+08:00,quality_check_completed,quality_check_completed,WH-SYN-WEST,3,piece,synthetic_case_generator
WHE-SYN-C-0126-06,ORD-SYN-C-0126,2026-06-13T15:59:12+08:00,packing_started,packing_started,WH-SYN-WEST,3,piece,synthetic_case_generator
WHE-SYN-C-0126-07,ORD-SYN-C-0126,2026-06-13T16:29:52+08:00,packing_completed,packing_completed,WH-SYN-WEST,3,piece,synthetic_case_generator
WHE-SYN-C-0126-08,ORD-SYN-C-0126,2026-06-13T16:48:51+08:00,ready_to_ship,ready_to_ship,WH-SYN-WEST,3,piece,synthetic_case_generator
WHE-SYN-C-0126-09,ORD-SYN-C-0126,2026-06-13T16:52:47+08:00,shipped_from_warehouse,shipped_from_warehouse,WH-SYN-WEST,3,piece,synthetic_case_generator
WHE-SYN-C-0127-01,ORD-SYN-C-0127,2026-06-13T16:44:53+08:00,order_received,order_received,WH-SYN-EAST,1,piece,synthetic_case_generator
WHE-SYN-C-0127-02,ORD-SYN-C-0127,2026-06-13T17:33:34+08:00,picking_started,picking_started,WH-SYN-EAST,1,piece,synthetic_case_generator
WHE-SYN-C-0127-03,ORD-SYN-C-0127,2026-06-13T18:29:47+08:00,picking_completed,picking_completed,WH-SYN-EAST,1,piece,synthetic_case_generator
WHE-SYN-C-0127-04,ORD-SYN-C-0127,2026-06-13T19:02:46+08:00,quality_check_started,quality_check_started,WH-SYN-EAST,1,piece,synthetic_case_generator
WHE-SYN-C-0127-05,ORD-SYN-C-0127,2026-06-13T19:25:42+08:00,quality_check_completed,quality_check_completed,WH-SYN-EAST,1,piece,synthetic_case_generator
WHE-SYN-C-0127-06,ORD-SYN-C-0127,2026-06-13T19:30:32+08:00,packing_started,packing_started,WH-SYN-EAST,1,piece,synthetic_case_generator
WHE-SYN-C-0127-07,ORD-SYN-C-0127,2026-06-13T20:05:33+08:00,packing_completed,packing_completed,WH-SYN-EAST,1,piece,synthetic_case_generator
WHE-SYN-C-0127-08,ORD-SYN-C-0127,2026-06-13T20:17:18+08:00,ready_to_ship,ready_to_ship,WH-SYN-EAST,1,piece,synthetic_case_generator
WHE-SYN-C-0127-09,ORD-SYN-C-0127,2026-06-13T20:20:40+08:00,shipped_from_warehouse,shipped_from_warehouse,WH-SYN-EAST,1,piece,synthetic_case_generator
WHE-SYN-C-0128-01,ORD-SYN-C-0128,2026-06-13T20:04:13+08:00,order_received,order_received,WH-SYN-WEST,2,piece,synthetic_case_generator
WHE-SYN-C-0128-02,ORD-SYN-C-0128,2026-06-13T20:45:41+08:00,picking_started,picking_started,WH-SYN-WEST,2,piece,synthetic_case_generator
WHE-SYN-C-0128-03,ORD-SYN-C-0128,2026-06-13T21:40:51+08:00,picking_completed,picking_completed,WH-SYN-WEST,2,piece,synthetic_case_generator
WHE-SYN-C-0128-04,ORD-SYN-C-0128,2026-06-13T22:13:43+08:00,quality_check_started,quality_check_started,WH-SYN-WEST,2,piece,synthetic_case_generator
WHE-SYN-C-0128-05,ORD-SYN-C-0128,2026-06-13T22:45:48+08:00,quality_check_completed,quality_check_completed,WH-SYN-WEST,2,piece,synthetic_case_generator
WHE-SYN-C-0128-06,ORD-SYN-C-0128,2026-06-13T22:51:10+08:00,packing_started,packing_started,WH-SYN-WEST,2,piece,synthetic_case_generator
WHE-SYN-C-0128-07,ORD-SYN-C-0128,2026-06-13T23:32:31+08:00,packing_completed,packing_completed,WH-SYN-WEST,2,piece,synthetic_case_generator
WHE-SYN-C-0128-08,ORD-SYN-C-0128,2026-06-13T23:55:48+08:00,ready_to_ship,ready_to_ship,WH-SYN-WEST,2,piece,synthetic_case_generator
WHE-SYN-C-0128-09,ORD-SYN-C-0128,2026-06-14T00:03:52+08:00,shipped_from_warehouse,shipped_from_warehouse,WH-SYN-WEST,2,piece,synthetic_case_generator
WHE-SYN-C-0129-01,ORD-SYN-C-0129,2026-06-13T11:31:18+08:00,order_received,order_received,WH-SYN-EAST,5,piece,synthetic_case_generator
WHE-SYN-C-0129-02,ORD-SYN-C-0129,2026-06-13T12:16:18+08:00,picking_started,picking_started,WH-SYN-EAST,5,piece,synthetic_case_generator
WHE-SYN-C-0129-03,ORD-SYN-C-0129,2026-06-13T13:04:40+08:00,picking_completed,picking_completed,WH-SYN-EAST,5,piece,synthetic_case_generator
WHE-SYN-C-0129-04,ORD-SYN-C-0129,2026-06-13T13:34:37+08:00,quality_check_started,quality_check_started,WH-SYN-EAST,5,piece,synthetic_case_generator
WHE-SYN-C-0129-05,ORD-SYN-C-0129,2026-06-13T14:06:14+08:00,quality_check_completed,quality_check_completed,WH-SYN-EAST,5,piece,synthetic_case_generator
WHE-SYN-C-0129-06,ORD-SYN-C-0129,2026-06-13T14:15:09+08:00,packing_started,packing_started,WH-SYN-EAST,5,piece,synthetic_case_generator
WHE-SYN-C-0129-07,ORD-SYN-C-0129,2026-06-13T14:50:33+08:00,packing_completed,packing_completed,WH-SYN-EAST,5,piece,synthetic_case_generator
WHE-SYN-C-0129-08,ORD-SYN-C-0129,2026-06-13T15:18:03+08:00,ready_to_ship,ready_to_ship,WH-SYN-EAST,5,piece,synthetic_case_generator
WHE-SYN-C-0129-09,ORD-SYN-C-0129,2026-06-13T15:24:12+08:00,shipped_from_warehouse,shipped_from_warehouse,WH-SYN-EAST,5,piece,synthetic_case_generator
WHE-SYN-C-0130-01,ORD-SYN-C-0130,2026-06-13T14:55:31+08:00,order_received,order_received,WH-SYN-WEST,1,piece,synthetic_case_generator
WHE-SYN-C-0130-02,ORD-SYN-C-0130,2026-06-13T15:38:34+08:00,picking_started,picking_started,WH-SYN-WEST,1,piece,synthetic_case_generator
WHE-SYN-C-0130-03,ORD-SYN-C-0130,2026-06-13T16:21:22+08:00,picking_completed,picking_completed,WH-SYN-WEST,1,piece,synthetic_case_generator
WHE-SYN-C-0130-04,ORD-SYN-C-0130,2026-06-13T16:49:43+08:00,quality_check_started,quality_check_started,WH-SYN-WEST,1,piece,synthetic_case_generator
WHE-SYN-C-0130-05,ORD-SYN-C-0130,2026-06-13T17:14:19+08:00,quality_check_completed,quality_check_completed,WH-SYN-WEST,1,piece,synthetic_case_generator
WHE-SYN-C-0130-06,ORD-SYN-C-0130,2026-06-13T17:21:19+08:00,packing_started,packing_started,WH-SYN-WEST,1,piece,synthetic_case_generator
WHE-SYN-C-0130-07,ORD-SYN-C-0130,2026-06-13T18:00:26+08:00,packing_completed,packing_completed,WH-SYN-WEST,1,piece,synthetic_case_generator
WHE-SYN-C-0130-08,ORD-SYN-C-0130,2026-06-13T18:23:17+08:00,ready_to_ship,ready_to_ship,WH-SYN-WEST,1,piece,synthetic_case_generator
WHE-SYN-C-0130-09,ORD-SYN-C-0130,2026-06-13T18:34:26+08:00,shipped_from_warehouse,shipped_from_warehouse,WH-SYN-WEST,1,piece,synthetic_case_generator
WHE-SYN-C-0131-01,ORD-SYN-C-0131,2026-06-14T17:26:44+08:00,order_received,order_received,WH-SYN-EAST,2,piece,synthetic_case_generator
WHE-SYN-C-0131-02,ORD-SYN-C-0131,2026-06-14T18:15:10+08:00,picking_started,picking_started,WH-SYN-EAST,2,piece,synthetic_case_generator
WHE-SYN-C-0131-03,ORD-SYN-C-0131,2026-06-14T18:57:25+08:00,picking_completed,picking_completed,WH-SYN-EAST,2,piece,synthetic_case_generator
WHE-SYN-C-0131-04,ORD-SYN-C-0131,2026-06-14T19:30:08+08:00,quality_check_started,quality_check_started,WH-SYN-EAST,2,piece,synthetic_case_generator
WHE-SYN-C-0131-05,ORD-SYN-C-0131,2026-06-14T19:54:00+08:00,quality_check_completed,quality_check_completed,WH-SYN-EAST,2,piece,synthetic_case_generator
WHE-SYN-C-0131-06,ORD-SYN-C-0131,2026-06-14T20:04:52+08:00,packing_started,packing_started,WH-SYN-EAST,2,piece,synthetic_case_generator
WHE-SYN-C-0131-07,ORD-SYN-C-0131,2026-06-14T20:38:53+08:00,packing_completed,packing_completed,WH-SYN-EAST,2,piece,synthetic_case_generator
WHE-SYN-C-0131-08,ORD-SYN-C-0131,2026-06-14T21:02:20+08:00,ready_to_ship,ready_to_ship,WH-SYN-EAST,2,piece,synthetic_case_generator
WHE-SYN-C-0131-09,ORD-SYN-C-0131,2026-06-14T21:06:04+08:00,shipped_from_warehouse,shipped_from_warehouse,WH-SYN-EAST,2,piece,synthetic_case_generator
WHE-SYN-C-0132-01,ORD-SYN-C-0132,2026-06-14T09:51:20+08:00,order_received,order_received,WH-SYN-EAST,2,piece,synthetic_case_generator
WHE-SYN-C-0132-02,ORD-SYN-C-0132,2026-06-14T10:28:41+08:00,picking_started,picking_started,WH-SYN-EAST,2,piece,synthetic_case_generator
WHE-SYN-C-0132-03,ORD-SYN-C-0132,2026-06-14T11:13:14+08:00,picking_completed,picking_completed,WH-SYN-EAST,2,piece,synthetic_case_generator
WHE-SYN-C-0132-04,ORD-SYN-C-0132,2026-06-14T11:40:52+08:00,quality_check_started,quality_check_started,WH-SYN-EAST,2,piece,synthetic_case_generator
WHE-SYN-C-0132-05,ORD-SYN-C-0132,2026-06-14T12:09:50+08:00,quality_check_completed,quality_check_completed,WH-SYN-EAST,2,piece,synthetic_case_generator
WHE-SYN-C-0132-06,ORD-SYN-C-0132,2026-06-14T12:20:34+08:00,packing_started,packing_started,WH-SYN-EAST,2,piece,synthetic_case_generator
WHE-SYN-C-0132-07,ORD-SYN-C-0132,2026-06-14T12:58:53+08:00,packing_completed,packing_completed,WH-SYN-EAST,2,piece,synthetic_case_generator
WHE-SYN-C-0132-08,ORD-SYN-C-0132,2026-06-14T13:13:50+08:00,ready_to_ship,ready_to_ship,WH-SYN-EAST,2,piece,synthetic_case_generator
WHE-SYN-C-0132-09,ORD-SYN-C-0132,2026-06-14T13:25:10+08:00,shipped_from_warehouse,shipped_from_warehouse,WH-SYN-EAST,2,piece,synthetic_case_generator
WHE-SYN-C-0133-01,ORD-SYN-C-0133,2026-06-14T12:27:27+08:00,order_received,order_received,WH-SYN-EAST,3,piece,synthetic_case_generator
WHE-SYN-C-0133-02,ORD-SYN-C-0133,2026-06-14T13:15:41+08:00,picking_started,picking_started,WH-SYN-EAST,3,piece,synthetic_case_generator
WHE-SYN-C-0133-03,ORD-SYN-C-0133,2026-06-14T14:03:44+08:00,picking_completed,picking_completed,WH-SYN-EAST,3,piece,synthetic_case_generator
WHE-SYN-C-0133-04,ORD-SYN-C-0133,2026-06-14T14:33:22+08:00,quality_check_started,quality_check_started,WH-SYN-EAST,3,piece,synthetic_case_generator
WHE-SYN-C-0133-05,ORD-SYN-C-0133,2026-06-14T15:00:35+08:00,quality_check_completed,quality_check_completed,WH-SYN-EAST,3,piece,synthetic_case_generator
WHE-SYN-C-0133-06,ORD-SYN-C-0133,2026-06-14T15:04:19+08:00,packing_started,packing_started,WH-SYN-EAST,3,piece,synthetic_case_generator
WHE-SYN-C-0133-07,ORD-SYN-C-0133,2026-06-14T15:45:57+08:00,packing_completed,packing_completed,WH-SYN-EAST,3,piece,synthetic_case_generator
WHE-SYN-C-0133-08,ORD-SYN-C-0133,2026-06-14T16:01:06+08:00,ready_to_ship,ready_to_ship,WH-SYN-EAST,3,piece,synthetic_case_generator
WHE-SYN-C-0133-09,ORD-SYN-C-0133,2026-06-14T16:06:13+08:00,shipped_from_warehouse,shipped_from_warehouse,WH-SYN-EAST,3,piece,synthetic_case_generator
WHE-SYN-C-0134-01,ORD-SYN-C-0134,2026-06-14T15:45:22+08:00,order_received,order_received,WH-SYN-WEST,3,piece,synthetic_case_generator
WHE-SYN-C-0134-02,ORD-SYN-C-0134,2026-06-14T16:17:50+08:00,picking_started,picking_started,WH-SYN-WEST,3,piece,synthetic_case_generator
WHE-SYN-C-0134-03,ORD-SYN-C-0134,2026-06-14T17:03:31+08:00,picking_completed,picking_completed,WH-SYN-WEST,3,piece,synthetic_case_generator
WHE-SYN-C-0134-04,ORD-SYN-C-0134,2026-06-14T17:31:55+08:00,quality_check_started,quality_check_started,WH-SYN-WEST,3,piece,synthetic_case_generator
WHE-SYN-C-0134-05,ORD-SYN-C-0134,2026-06-14T18:00:57+08:00,quality_check_completed,quality_check_completed,WH-SYN-WEST,3,piece,synthetic_case_generator
WHE-SYN-C-0134-06,ORD-SYN-C-0134,2026-06-14T18:08:38+08:00,packing_started,packing_started,WH-SYN-WEST,3,piece,synthetic_case_generator
WHE-SYN-C-0134-07,ORD-SYN-C-0134,2026-06-14T18:45:36+08:00,packing_completed,packing_completed,WH-SYN-WEST,3,piece,synthetic_case_generator
WHE-SYN-C-0134-08,ORD-SYN-C-0134,2026-06-14T19:15:01+08:00,ready_to_ship,ready_to_ship,WH-SYN-WEST,3,piece,synthetic_case_generator
WHE-SYN-C-0134-09,ORD-SYN-C-0134,2026-06-14T19:26:04+08:00,shipped_from_warehouse,shipped_from_warehouse,WH-SYN-WEST,3,piece,synthetic_case_generator
WHE-SYN-C-0135-01,ORD-SYN-C-0135,2026-06-14T19:08:03+08:00,order_received,order_received,WH-SYN-EAST,3,piece,synthetic_case_generator
WHE-SYN-C-0135-02,ORD-SYN-C-0135,2026-06-14T19:39:49+08:00,picking_started,picking_started,WH-SYN-EAST,3,piece,synthetic_case_generator
WHE-SYN-C-0135-03,ORD-SYN-C-0135,2026-06-14T20:30:01+08:00,picking_completed,picking_completed,WH-SYN-EAST,3,piece,synthetic_case_generator
WHE-SYN-C-0135-04,ORD-SYN-C-0135,2026-06-14T20:52:27+08:00,quality_check_started,quality_check_started,WH-SYN-EAST,3,piece,synthetic_case_generator
WHE-SYN-C-0135-05,ORD-SYN-C-0135,2026-06-14T21:24:52+08:00,quality_check_completed,quality_check_completed,WH-SYN-EAST,3,piece,synthetic_case_generator
WHE-SYN-C-0135-06,ORD-SYN-C-0135,2026-06-14T21:34:20+08:00,packing_started,packing_started,WH-SYN-EAST,3,piece,synthetic_case_generator
WHE-SYN-C-0135-07,ORD-SYN-C-0135,2026-06-14T22:17:28+08:00,packing_completed,packing_completed,WH-SYN-EAST,3,piece,synthetic_case_generator
WHE-SYN-C-0135-08,ORD-SYN-C-0135,2026-06-14T22:34:54+08:00,ready_to_ship,ready_to_ship,WH-SYN-EAST,3,piece,synthetic_case_generator
WHE-SYN-C-0135-09,ORD-SYN-C-0135,2026-06-14T22:41:20+08:00,shipped_from_warehouse,shipped_from_warehouse,WH-SYN-EAST,3,piece,synthetic_case_generator
WHE-SYN-C-0136-01,ORD-SYN-C-0136,2026-06-14T10:23:04+08:00,order_received,order_received,WH-SYN-WEST,4,piece,synthetic_case_generator
WHE-SYN-C-0136-02,ORD-SYN-C-0136,2026-06-14T10:57:40+08:00,picking_started,picking_started,WH-SYN-WEST,4,piece,synthetic_case_generator
WHE-SYN-C-0136-03,ORD-SYN-C-0136,2026-06-14T11:47:42+08:00,picking_completed,picking_completed,WH-SYN-WEST,4,piece,synthetic_case_generator
WHE-SYN-C-0136-04,ORD-SYN-C-0136,2026-06-14T12:17:49+08:00,quality_check_started,quality_check_started,WH-SYN-WEST,4,piece,synthetic_case_generator
WHE-SYN-C-0136-05,ORD-SYN-C-0136,2026-06-14T12:43:42+08:00,quality_check_completed,quality_check_completed,WH-SYN-WEST,4,piece,synthetic_case_generator
WHE-SYN-C-0136-06,ORD-SYN-C-0136,2026-06-14T12:53:27+08:00,packing_started,packing_started,WH-SYN-WEST,4,piece,synthetic_case_generator
WHE-SYN-C-0136-07,ORD-SYN-C-0136,2026-06-14T13:27:13+08:00,packing_completed,packing_completed,WH-SYN-WEST,4,piece,synthetic_case_generator
WHE-SYN-C-0136-08,ORD-SYN-C-0136,2026-06-14T13:51:38+08:00,ready_to_ship,ready_to_ship,WH-SYN-WEST,4,piece,synthetic_case_generator
WHE-SYN-C-0136-09,ORD-SYN-C-0136,2026-06-14T14:00:41+08:00,shipped_from_warehouse,shipped_from_warehouse,WH-SYN-WEST,4,piece,synthetic_case_generator
WHE-SYN-C-0137-01,ORD-SYN-C-0137,2026-06-14T14:01:06+08:00,order_received,order_received,WH-SYN-EAST,3,piece,synthetic_case_generator
WHE-SYN-C-0137-02,ORD-SYN-C-0137,2026-06-14T14:33:09+08:00,picking_started,picking_started,WH-SYN-EAST,3,piece,synthetic_case_generator
WHE-SYN-C-0137-03,ORD-SYN-C-0137,2026-06-14T15:23:49+08:00,picking_completed,picking_completed,WH-SYN-EAST,3,piece,synthetic_case_generator
WHE-SYN-C-0137-04,ORD-SYN-C-0137,2026-06-14T15:47:26+08:00,quality_check_started,quality_check_started,WH-SYN-EAST,3,piece,synthetic_case_generator
WHE-SYN-C-0137-05,ORD-SYN-C-0137,2026-06-14T16:16:28+08:00,quality_check_completed,quality_check_completed,WH-SYN-EAST,3,piece,synthetic_case_generator
WHE-SYN-C-0137-06,ORD-SYN-C-0137,2026-06-14T16:22:17+08:00,packing_started,packing_started,WH-SYN-EAST,3,piece,synthetic_case_generator
WHE-SYN-C-0137-07,ORD-SYN-C-0137,2026-06-14T17:03:39+08:00,packing_completed,packing_completed,WH-SYN-EAST,3,piece,synthetic_case_generator
WHE-SYN-C-0137-08,ORD-SYN-C-0137,2026-06-14T17:27:09+08:00,ready_to_ship,ready_to_ship,WH-SYN-EAST,3,piece,synthetic_case_generator
WHE-SYN-C-0137-09,ORD-SYN-C-0137,2026-06-14T17:35:58+08:00,shipped_from_warehouse,shipped_from_warehouse,WH-SYN-EAST,3,piece,synthetic_case_generator
WHE-SYN-C-0138-01,ORD-SYN-C-0138,2026-06-14T16:19:40+08:00,order_received,order_received,WH-SYN-WEST,4,piece,synthetic_case_generator
WHE-SYN-C-0138-02,ORD-SYN-C-0138,2026-06-14T17:12:13+08:00,picking_started,picking_started,WH-SYN-WEST,4,piece,synthetic_case_generator
WHE-SYN-C-0138-03,ORD-SYN-C-0138,2026-06-14T17:54:32+08:00,picking_completed,picking_completed,WH-SYN-WEST,4,piece,synthetic_case_generator
WHE-SYN-C-0138-04,ORD-SYN-C-0138,2026-06-14T18:20:29+08:00,quality_check_started,quality_check_started,WH-SYN-WEST,4,piece,synthetic_case_generator
WHE-SYN-C-0138-05,ORD-SYN-C-0138,2026-06-14T18:49:56+08:00,quality_check_completed,quality_check_completed,WH-SYN-WEST,4,piece,synthetic_case_generator
WHE-SYN-C-0138-06,ORD-SYN-C-0138,2026-06-14T18:59:26+08:00,packing_started,packing_started,WH-SYN-WEST,4,piece,synthetic_case_generator
WHE-SYN-C-0138-07,ORD-SYN-C-0138,2026-06-14T19:42:17+08:00,packing_completed,packing_completed,WH-SYN-WEST,4,piece,synthetic_case_generator
WHE-SYN-C-0138-08,ORD-SYN-C-0138,2026-06-14T20:02:20+08:00,ready_to_ship,ready_to_ship,WH-SYN-WEST,4,piece,synthetic_case_generator
WHE-SYN-C-0138-09,ORD-SYN-C-0138,2026-06-14T20:09:04+08:00,shipped_from_warehouse,shipped_from_warehouse,WH-SYN-WEST,4,piece,synthetic_case_generator
WHE-SYN-C-0139-01,ORD-SYN-C-0139,2026-06-14T19:42:50+08:00,order_received,order_received,WH-SYN-EAST,2,piece,synthetic_case_generator
WHE-SYN-C-0139-02,ORD-SYN-C-0139,2026-06-14T20:22:21+08:00,picking_started,picking_started,WH-SYN-EAST,2,piece,synthetic_case_generator
WHE-SYN-C-0139-03,ORD-SYN-C-0139,2026-06-14T21:04:50+08:00,picking_completed,picking_completed,WH-SYN-EAST,2,piece,synthetic_case_generator
WHE-SYN-C-0139-04,ORD-SYN-C-0139,2026-06-14T21:29:04+08:00,quality_check_started,quality_check_started,WH-SYN-EAST,2,piece,synthetic_case_generator
WHE-SYN-C-0139-05,ORD-SYN-C-0139,2026-06-14T21:50:26+08:00,quality_check_completed,quality_check_completed,WH-SYN-EAST,2,piece,synthetic_case_generator
WHE-SYN-C-0139-06,ORD-SYN-C-0139,2026-06-14T21:59:53+08:00,packing_started,packing_started,WH-SYN-EAST,2,piece,synthetic_case_generator
WHE-SYN-C-0139-07,ORD-SYN-C-0139,2026-06-14T22:36:52+08:00,packing_completed,packing_completed,WH-SYN-EAST,2,piece,synthetic_case_generator
WHE-SYN-C-0139-08,ORD-SYN-C-0139,2026-06-14T22:47:44+08:00,ready_to_ship,ready_to_ship,WH-SYN-EAST,2,piece,synthetic_case_generator
WHE-SYN-C-0139-09,ORD-SYN-C-0139,2026-06-14T22:58:39+08:00,shipped_from_warehouse,shipped_from_warehouse,WH-SYN-EAST,2,piece,synthetic_case_generator
WHE-SYN-C-0140-01,ORD-SYN-C-0140,2026-06-14T12:03:23+08:00,order_received,order_received,WH-SYN-EAST,4,piece,synthetic_case_generator
WHE-SYN-C-0140-02,ORD-SYN-C-0140,2026-06-14T12:52:57+08:00,picking_started,picking_started,WH-SYN-EAST,4,piece,synthetic_case_generator
WHE-SYN-C-0140-03,ORD-SYN-C-0140,2026-06-14T13:43:12+08:00,picking_completed,picking_completed,WH-SYN-EAST,4,piece,synthetic_case_generator
WHE-SYN-C-0140-04,ORD-SYN-C-0140,2026-06-14T14:09:26+08:00,quality_check_started,quality_check_started,WH-SYN-EAST,4,piece,synthetic_case_generator
WHE-SYN-C-0140-05,ORD-SYN-C-0140,2026-06-14T14:40:16+08:00,quality_check_completed,quality_check_completed,WH-SYN-EAST,4,piece,synthetic_case_generator
WHE-SYN-C-0140-06,ORD-SYN-C-0140,2026-06-14T14:46:23+08:00,packing_started,packing_started,WH-SYN-EAST,4,piece,synthetic_case_generator
WHE-SYN-C-0140-07,ORD-SYN-C-0140,2026-06-14T15:21:24+08:00,packing_completed,packing_completed,WH-SYN-EAST,4,piece,synthetic_case_generator
WHE-SYN-C-0140-08,ORD-SYN-C-0140,2026-06-14T15:39:32+08:00,ready_to_ship,ready_to_ship,WH-SYN-EAST,4,piece,synthetic_case_generator
WHE-SYN-C-0140-09,ORD-SYN-C-0140,2026-06-14T15:46:49+08:00,shipped_from_warehouse,shipped_from_warehouse,WH-SYN-EAST,4,piece,synthetic_case_generator
WHE-SYN-C-0141-01,ORD-SYN-C-0141,2026-06-15T14:37:39+08:00,order_received,order_received,WH-SYN-EAST,3,piece,synthetic_case_generator
WHE-SYN-C-0141-02,ORD-SYN-C-0141,2026-06-15T15:20:53+08:00,picking_started,picking_started,WH-SYN-EAST,3,piece,synthetic_case_generator
WHE-SYN-C-0141-03,ORD-SYN-C-0141,2026-06-15T16:13:05+08:00,picking_completed,picking_completed,WH-SYN-EAST,3,piece,synthetic_case_generator
WHE-SYN-C-0141-04,ORD-SYN-C-0141,2026-06-15T16:42:12+08:00,quality_check_started,quality_check_started,WH-SYN-EAST,3,piece,synthetic_case_generator
WHE-SYN-C-0141-05,ORD-SYN-C-0141,2026-06-15T17:08:13+08:00,quality_check_completed,quality_check_completed,WH-SYN-EAST,3,piece,synthetic_case_generator
WHE-SYN-C-0141-06,ORD-SYN-C-0141,2026-06-15T17:18:08+08:00,packing_started,packing_started,WH-SYN-EAST,3,piece,synthetic_case_generator
WHE-SYN-C-0141-07,ORD-SYN-C-0141,2026-06-15T17:53:43+08:00,packing_completed,packing_completed,WH-SYN-EAST,3,piece,synthetic_case_generator
WHE-SYN-C-0141-08,ORD-SYN-C-0141,2026-06-15T18:03:15+08:00,ready_to_ship,ready_to_ship,WH-SYN-EAST,3,piece,synthetic_case_generator
WHE-SYN-C-0141-09,ORD-SYN-C-0141,2026-06-15T18:07:02+08:00,shipped_from_warehouse,shipped_from_warehouse,WH-SYN-EAST,3,piece,synthetic_case_generator
WHE-SYN-C-0142-01,ORD-SYN-C-0142,2026-06-15T18:11:36+08:00,order_received,order_received,WH-SYN-EAST,3,piece,synthetic_case_generator
WHE-SYN-C-0142-02,ORD-SYN-C-0142,2026-06-15T18:50:45+08:00,picking_started,picking_started,WH-SYN-EAST,3,piece,synthetic_case_generator
WHE-SYN-C-0142-03,ORD-SYN-C-0142,2026-06-15T19:38:49+08:00,picking_completed,picking_completed,WH-SYN-EAST,3,piece,synthetic_case_generator
WHE-SYN-C-0142-04,ORD-SYN-C-0142,2026-06-15T20:10:53+08:00,quality_check_started,quality_check_started,WH-SYN-EAST,3,piece,synthetic_case_generator
WHE-SYN-C-0142-05,ORD-SYN-C-0142,2026-06-15T20:38:47+08:00,quality_check_completed,quality_check_completed,WH-SYN-EAST,3,piece,synthetic_case_generator
WHE-SYN-C-0142-06,ORD-SYN-C-0142,2026-06-15T20:50:36+08:00,packing_started,packing_started,WH-SYN-EAST,3,piece,synthetic_case_generator
WHE-SYN-C-0142-07,ORD-SYN-C-0142,2026-06-15T21:26:46+08:00,packing_completed,packing_completed,WH-SYN-EAST,3,piece,synthetic_case_generator
WHE-SYN-C-0142-08,ORD-SYN-C-0142,2026-06-15T21:46:49+08:00,ready_to_ship,ready_to_ship,WH-SYN-EAST,3,piece,synthetic_case_generator
WHE-SYN-C-0142-09,ORD-SYN-C-0142,2026-06-15T21:57:27+08:00,shipped_from_warehouse,shipped_from_warehouse,WH-SYN-EAST,3,piece,synthetic_case_generator
WHE-SYN-C-0143-01,ORD-SYN-C-0143,2026-06-15T09:25:28+08:00,order_received,order_received,WH-SYN-EAST,2,piece,synthetic_case_generator
WHE-SYN-C-0143-02,ORD-SYN-C-0143,2026-06-15T10:02:05+08:00,picking_started,picking_started,WH-SYN-EAST,2,piece,synthetic_case_generator
WHE-SYN-C-0143-03,ORD-SYN-C-0143,2026-06-15T10:53:04+08:00,picking_completed,picking_completed,WH-SYN-EAST,2,piece,synthetic_case_generator
WHE-SYN-C-0143-04,ORD-SYN-C-0143,2026-06-15T11:24:44+08:00,quality_check_started,quality_check_started,WH-SYN-EAST,2,piece,synthetic_case_generator
WHE-SYN-C-0143-05,ORD-SYN-C-0143,2026-06-15T11:47:40+08:00,quality_check_completed,quality_check_completed,WH-SYN-EAST,2,piece,synthetic_case_generator
WHE-SYN-C-0143-06,ORD-SYN-C-0143,2026-06-15T11:50:58+08:00,packing_started,packing_started,WH-SYN-EAST,2,piece,synthetic_case_generator
WHE-SYN-C-0143-07,ORD-SYN-C-0143,2026-06-15T12:31:36+08:00,packing_completed,packing_completed,WH-SYN-EAST,2,piece,synthetic_case_generator
WHE-SYN-C-0143-08,ORD-SYN-C-0143,2026-06-15T12:49:39+08:00,ready_to_ship,ready_to_ship,WH-SYN-EAST,2,piece,synthetic_case_generator
WHE-SYN-C-0143-09,ORD-SYN-C-0143,2026-06-15T12:59:51+08:00,shipped_from_warehouse,shipped_from_warehouse,WH-SYN-EAST,2,piece,synthetic_case_generator
WHE-SYN-C-0144-01,ORD-SYN-C-0144,2026-06-15T12:53:31+08:00,order_received,order_received,WH-SYN-WEST,4,piece,synthetic_case_generator
WHE-SYN-C-0144-02,ORD-SYN-C-0144,2026-06-15T13:36:22+08:00,picking_started,picking_started,WH-SYN-WEST,4,piece,synthetic_case_generator
WHE-SYN-C-0144-03,ORD-SYN-C-0144,2026-06-15T14:27:45+08:00,picking_completed,picking_completed,WH-SYN-WEST,4,piece,synthetic_case_generator
WHE-SYN-C-0144-04,ORD-SYN-C-0144,2026-06-15T14:59:48+08:00,quality_check_started,quality_check_started,WH-SYN-WEST,4,piece,synthetic_case_generator
WHE-SYN-C-0144-05,ORD-SYN-C-0144,2026-06-15T15:22:11+08:00,quality_check_completed,quality_check_completed,WH-SYN-WEST,4,piece,synthetic_case_generator
WHE-SYN-C-0144-06,ORD-SYN-C-0144,2026-06-15T15:31:02+08:00,packing_started,packing_started,WH-SYN-WEST,4,piece,synthetic_case_generator
WHE-SYN-C-0144-07,ORD-SYN-C-0144,2026-06-15T16:04:20+08:00,packing_completed,packing_completed,WH-SYN-WEST,4,piece,synthetic_case_generator
WHE-SYN-C-0144-08,ORD-SYN-C-0144,2026-06-15T16:34:11+08:00,ready_to_ship,ready_to_ship,WH-SYN-WEST,4,piece,synthetic_case_generator
WHE-SYN-C-0144-09,ORD-SYN-C-0144,2026-06-15T16:39:44+08:00,shipped_from_warehouse,shipped_from_warehouse,WH-SYN-WEST,4,piece,synthetic_case_generator
WHE-SYN-C-0145-01,ORD-SYN-C-0145,2026-06-15T15:15:54+08:00,order_received,order_received,WH-SYN-WEST,4,piece,synthetic_case_generator
WHE-SYN-C-0145-02,ORD-SYN-C-0145,2026-06-15T15:51:00+08:00,picking_started,picking_started,WH-SYN-WEST,4,piece,synthetic_case_generator
WHE-SYN-C-0145-03,ORD-SYN-C-0145,2026-06-15T16:40:35+08:00,picking_completed,picking_completed,WH-SYN-WEST,4,piece,synthetic_case_generator
WHE-SYN-C-0145-04,ORD-SYN-C-0145,2026-06-15T17:08:45+08:00,quality_check_started,quality_check_started,WH-SYN-WEST,4,piece,synthetic_case_generator
WHE-SYN-C-0145-05,ORD-SYN-C-0145,2026-06-15T17:38:07+08:00,quality_check_completed,quality_check_completed,WH-SYN-WEST,4,piece,synthetic_case_generator
WHE-SYN-C-0145-06,ORD-SYN-C-0145,2026-06-15T17:44:52+08:00,packing_started,packing_started,WH-SYN-WEST,4,piece,synthetic_case_generator
WHE-SYN-C-0145-07,ORD-SYN-C-0145,2026-06-15T18:15:35+08:00,packing_completed,packing_completed,WH-SYN-WEST,4,piece,synthetic_case_generator
WHE-SYN-C-0145-08,ORD-SYN-C-0145,2026-06-15T18:28:02+08:00,ready_to_ship,ready_to_ship,WH-SYN-WEST,4,piece,synthetic_case_generator
WHE-SYN-C-0145-09,ORD-SYN-C-0145,2026-06-15T18:33:38+08:00,shipped_from_warehouse,shipped_from_warehouse,WH-SYN-WEST,4,piece,synthetic_case_generator
WHE-SYN-C-0146-01,ORD-SYN-C-0146,2026-06-15T18:42:37+08:00,order_received,order_received,WH-SYN-EAST,4,piece,synthetic_case_generator
WHE-SYN-C-0146-02,ORD-SYN-C-0146,2026-06-15T19:36:26+08:00,picking_started,picking_started,WH-SYN-EAST,4,piece,synthetic_case_generator
WHE-SYN-C-0146-03,ORD-SYN-C-0146,2026-06-15T20:19:41+08:00,picking_completed,picking_completed,WH-SYN-EAST,4,piece,synthetic_case_generator
WHE-SYN-C-0146-04,ORD-SYN-C-0146,2026-06-15T20:46:22+08:00,quality_check_started,quality_check_started,WH-SYN-EAST,4,piece,synthetic_case_generator
WHE-SYN-C-0146-05,ORD-SYN-C-0146,2026-06-15T21:15:58+08:00,quality_check_completed,quality_check_completed,WH-SYN-EAST,4,piece,synthetic_case_generator
WHE-SYN-C-0146-06,ORD-SYN-C-0146,2026-06-15T21:19:26+08:00,packing_started,packing_started,WH-SYN-EAST,4,piece,synthetic_case_generator
WHE-SYN-C-0146-07,ORD-SYN-C-0146,2026-06-15T21:59:29+08:00,packing_completed,packing_completed,WH-SYN-EAST,4,piece,synthetic_case_generator
WHE-SYN-C-0146-08,ORD-SYN-C-0146,2026-06-15T22:17:23+08:00,ready_to_ship,ready_to_ship,WH-SYN-EAST,4,piece,synthetic_case_generator
WHE-SYN-C-0146-09,ORD-SYN-C-0146,2026-06-15T22:21:42+08:00,shipped_from_warehouse,shipped_from_warehouse,WH-SYN-EAST,4,piece,synthetic_case_generator
WHE-SYN-C-0147-01,ORD-SYN-C-0147,2026-06-15T11:00:25+08:00,order_received,order_received,WH-SYN-WEST,2,piece,synthetic_case_generator
WHE-SYN-C-0147-02,ORD-SYN-C-0147,2026-06-15T11:48:13+08:00,picking_started,picking_started,WH-SYN-WEST,2,piece,synthetic_case_generator
WHE-SYN-C-0147-03,ORD-SYN-C-0147,2026-06-15T12:38:51+08:00,picking_completed,picking_completed,WH-SYN-WEST,2,piece,synthetic_case_generator
WHE-SYN-C-0147-04,ORD-SYN-C-0147,2026-06-15T13:02:58+08:00,quality_check_started,quality_check_started,WH-SYN-WEST,2,piece,synthetic_case_generator
WHE-SYN-C-0147-05,ORD-SYN-C-0147,2026-06-15T13:24:42+08:00,quality_check_completed,quality_check_completed,WH-SYN-WEST,2,piece,synthetic_case_generator
WHE-SYN-C-0147-06,ORD-SYN-C-0147,2026-06-15T13:35:58+08:00,packing_started,packing_started,WH-SYN-WEST,2,piece,synthetic_case_generator
WHE-SYN-C-0147-07,ORD-SYN-C-0147,2026-06-15T14:19:09+08:00,packing_completed,packing_completed,WH-SYN-WEST,2,piece,synthetic_case_generator
WHE-SYN-C-0147-08,ORD-SYN-C-0147,2026-06-15T14:40:04+08:00,ready_to_ship,ready_to_ship,WH-SYN-WEST,2,piece,synthetic_case_generator
WHE-SYN-C-0147-09,ORD-SYN-C-0147,2026-06-15T14:44:00+08:00,shipped_from_warehouse,shipped_from_warehouse,WH-SYN-WEST,2,piece,synthetic_case_generator
WHE-SYN-C-0148-01,ORD-SYN-C-0148,2026-06-15T13:27:46+08:00,order_received,order_received,WH-SYN-EAST,3,piece,synthetic_case_generator
WHE-SYN-C-0148-02,ORD-SYN-C-0148,2026-06-15T14:08:33+08:00,picking_started,picking_started,WH-SYN-EAST,3,piece,synthetic_case_generator
WHE-SYN-C-0148-03,ORD-SYN-C-0148,2026-06-15T14:59:36+08:00,picking_completed,picking_completed,WH-SYN-EAST,3,piece,synthetic_case_generator
WHE-SYN-C-0148-04,ORD-SYN-C-0148,2026-06-15T15:21:01+08:00,quality_check_started,quality_check_started,WH-SYN-EAST,3,piece,synthetic_case_generator
WHE-SYN-C-0148-05,ORD-SYN-C-0148,2026-06-15T15:53:31+08:00,quality_check_completed,quality_check_completed,WH-SYN-EAST,3,piece,synthetic_case_generator
WHE-SYN-C-0148-06,ORD-SYN-C-0148,2026-06-15T15:59:43+08:00,packing_started,packing_started,WH-SYN-EAST,3,piece,synthetic_case_generator
WHE-SYN-C-0148-07,ORD-SYN-C-0148,2026-06-15T16:41:21+08:00,packing_completed,packing_completed,WH-SYN-EAST,3,piece,synthetic_case_generator
WHE-SYN-C-0148-08,ORD-SYN-C-0148,2026-06-15T16:51:22+08:00,ready_to_ship,ready_to_ship,WH-SYN-EAST,3,piece,synthetic_case_generator
WHE-SYN-C-0148-09,ORD-SYN-C-0148,2026-06-15T16:54:52+08:00,shipped_from_warehouse,shipped_from_warehouse,WH-SYN-EAST,3,piece,synthetic_case_generator
WHE-SYN-C-0149-01,ORD-SYN-C-0149,2026-06-15T16:56:49+08:00,order_received,order_received,WH-SYN-EAST,1,piece,synthetic_case_generator
WHE-SYN-C-0149-02,ORD-SYN-C-0149,2026-06-15T17:47:34+08:00,picking_started,picking_started,WH-SYN-EAST,1,piece,synthetic_case_generator
WHE-SYN-C-0149-03,ORD-SYN-C-0149,2026-06-15T18:44:21+08:00,picking_completed,picking_completed,WH-SYN-EAST,1,piece,synthetic_case_generator
WHE-SYN-C-0149-04,ORD-SYN-C-0149,2026-06-15T19:10:27+08:00,quality_check_started,quality_check_started,WH-SYN-EAST,1,piece,synthetic_case_generator
WHE-SYN-C-0149-05,ORD-SYN-C-0149,2026-06-15T19:42:31+08:00,quality_check_completed,quality_check_completed,WH-SYN-EAST,1,piece,synthetic_case_generator
WHE-SYN-C-0149-06,ORD-SYN-C-0149,2026-06-15T19:48:36+08:00,packing_started,packing_started,WH-SYN-EAST,1,piece,synthetic_case_generator
WHE-SYN-C-0149-07,ORD-SYN-C-0149,2026-06-15T20:22:22+08:00,packing_completed,packing_completed,WH-SYN-EAST,1,piece,synthetic_case_generator
WHE-SYN-C-0149-08,ORD-SYN-C-0149,2026-06-15T20:43:05+08:00,ready_to_ship,ready_to_ship,WH-SYN-EAST,1,piece,synthetic_case_generator
WHE-SYN-C-0149-09,ORD-SYN-C-0149,2026-06-15T20:50:23+08:00,shipped_from_warehouse,shipped_from_warehouse,WH-SYN-EAST,1,piece,synthetic_case_generator
WHE-SYN-C-0150-01,ORD-SYN-C-0150,2026-06-15T19:11:28+08:00,order_received,order_received,WH-SYN-EAST,4,piece,synthetic_case_generator
WHE-SYN-C-0150-02,ORD-SYN-C-0150,2026-06-15T19:57:43+08:00,picking_started,picking_started,WH-SYN-EAST,4,piece,synthetic_case_generator
WHE-SYN-C-0150-03,ORD-SYN-C-0150,2026-06-15T20:52:12+08:00,picking_completed,picking_completed,WH-SYN-EAST,4,piece,synthetic_case_generator
WHE-SYN-C-0150-04,ORD-SYN-C-0150,2026-06-15T21:16:56+08:00,quality_check_started,quality_check_started,WH-SYN-EAST,4,piece,synthetic_case_generator
WHE-SYN-C-0150-05,ORD-SYN-C-0150,2026-06-15T21:47:19+08:00,quality_check_completed,quality_check_completed,WH-SYN-EAST,4,piece,synthetic_case_generator
WHE-SYN-C-0150-06,ORD-SYN-C-0150,2026-06-15T21:52:12+08:00,packing_started,packing_started,WH-SYN-EAST,4,piece,synthetic_case_generator
WHE-SYN-C-0150-07,ORD-SYN-C-0150,2026-06-15T22:29:49+08:00,packing_completed,packing_completed,WH-SYN-EAST,4,piece,synthetic_case_generator
WHE-SYN-C-0150-08,ORD-SYN-C-0150,2026-06-15T22:50:50+08:00,ready_to_ship,ready_to_ship,WH-SYN-EAST,4,piece,synthetic_case_generator
WHE-SYN-C-0150-09,ORD-SYN-C-0150,2026-06-15T22:56:25+08:00,shipped_from_warehouse,shipped_from_warehouse,WH-SYN-EAST,4,piece,synthetic_case_generator
WHE-SYN-C-0151-01,ORD-SYN-C-0151,2026-06-16T11:48:36+08:00,order_received,order_received,WH-SYN-EAST,2,piece,synthetic_case_generator
WHE-SYN-C-0151-02,ORD-SYN-C-0151,2026-06-16T12:38:19+08:00,picking_started,picking_started,WH-SYN-EAST,2,piece,synthetic_case_generator
WHE-SYN-C-0151-03,ORD-SYN-C-0151,2026-06-16T13:24:50+08:00,picking_completed,picking_completed,WH-SYN-EAST,2,piece,synthetic_case_generator
WHE-SYN-C-0151-04,ORD-SYN-C-0151,2026-06-16T13:48:01+08:00,quality_check_started,quality_check_started,WH-SYN-EAST,2,piece,synthetic_case_generator
WHE-SYN-C-0151-05,ORD-SYN-C-0151,2026-06-16T14:09:08+08:00,quality_check_completed,quality_check_completed,WH-SYN-EAST,2,piece,synthetic_case_generator
WHE-SYN-C-0151-06,ORD-SYN-C-0151,2026-06-16T14:15:20+08:00,packing_started,packing_started,WH-SYN-EAST,2,piece,synthetic_case_generator
WHE-SYN-C-0151-07,ORD-SYN-C-0151,2026-06-16T14:55:22+08:00,packing_completed,packing_completed,WH-SYN-EAST,2,piece,synthetic_case_generator
WHE-SYN-C-0151-08,ORD-SYN-C-0151,2026-06-16T15:11:01+08:00,ready_to_ship,ready_to_ship,WH-SYN-EAST,2,piece,synthetic_case_generator
WHE-SYN-C-0151-09,ORD-SYN-C-0151,2026-06-16T15:16:30+08:00,shipped_from_warehouse,shipped_from_warehouse,WH-SYN-EAST,2,piece,synthetic_case_generator
WHE-SYN-C-0152-01,ORD-SYN-C-0152,2026-06-16T14:11:37+08:00,order_received,order_received,WH-SYN-EAST,5,piece,synthetic_case_generator
WHE-SYN-C-0152-02,ORD-SYN-C-0152,2026-06-16T14:54:59+08:00,picking_started,picking_started,WH-SYN-EAST,5,piece,synthetic_case_generator
WHE-SYN-C-0152-03,ORD-SYN-C-0152,2026-06-16T15:37:31+08:00,picking_completed,picking_completed,WH-SYN-EAST,5,piece,synthetic_case_generator
WHE-SYN-C-0152-04,ORD-SYN-C-0152,2026-06-16T16:08:16+08:00,quality_check_started,quality_check_started,WH-SYN-EAST,5,piece,synthetic_case_generator
WHE-SYN-C-0152-05,ORD-SYN-C-0152,2026-06-16T16:41:02+08:00,quality_check_completed,quality_check_completed,WH-SYN-EAST,5,piece,synthetic_case_generator
WHE-SYN-C-0152-06,ORD-SYN-C-0152,2026-06-16T16:50:12+08:00,packing_started,packing_started,WH-SYN-EAST,5,piece,synthetic_case_generator
WHE-SYN-C-0152-07,ORD-SYN-C-0152,2026-06-16T17:22:36+08:00,packing_completed,packing_completed,WH-SYN-EAST,5,piece,synthetic_case_generator
WHE-SYN-C-0152-08,ORD-SYN-C-0152,2026-06-16T17:52:06+08:00,ready_to_ship,ready_to_ship,WH-SYN-EAST,5,piece,synthetic_case_generator
WHE-SYN-C-0152-09,ORD-SYN-C-0152,2026-06-16T17:57:29+08:00,shipped_from_warehouse,shipped_from_warehouse,WH-SYN-EAST,5,piece,synthetic_case_generator
WHE-SYN-C-0153-01,ORD-SYN-C-0153,2026-06-16T17:47:49+08:00,order_received,order_received,WH-SYN-WEST,3,piece,synthetic_case_generator
WHE-SYN-C-0153-02,ORD-SYN-C-0153,2026-06-16T18:22:15+08:00,picking_started,picking_started,WH-SYN-WEST,3,piece,synthetic_case_generator
WHE-SYN-C-0153-03,ORD-SYN-C-0153,2026-06-16T19:17:12+08:00,picking_completed,picking_completed,WH-SYN-WEST,3,piece,synthetic_case_generator
WHE-SYN-C-0153-04,ORD-SYN-C-0153,2026-06-16T19:49:33+08:00,quality_check_started,quality_check_started,WH-SYN-WEST,3,piece,synthetic_case_generator
WHE-SYN-C-0153-05,ORD-SYN-C-0153,2026-06-16T20:17:20+08:00,quality_check_completed,quality_check_completed,WH-SYN-WEST,3,piece,synthetic_case_generator
WHE-SYN-C-0153-06,ORD-SYN-C-0153,2026-06-16T20:21:50+08:00,packing_started,packing_started,WH-SYN-WEST,3,piece,synthetic_case_generator
WHE-SYN-C-0153-07,ORD-SYN-C-0153,2026-06-16T20:54:14+08:00,packing_completed,packing_completed,WH-SYN-WEST,3,piece,synthetic_case_generator
WHE-SYN-C-0153-08,ORD-SYN-C-0153,2026-06-16T21:16:52+08:00,ready_to_ship,ready_to_ship,WH-SYN-WEST,3,piece,synthetic_case_generator
WHE-SYN-C-0153-09,ORD-SYN-C-0153,2026-06-16T21:23:08+08:00,shipped_from_warehouse,shipped_from_warehouse,WH-SYN-WEST,3,piece,synthetic_case_generator
WHE-SYN-C-0154-01,ORD-SYN-C-0154,2026-06-16T10:11:39+08:00,order_received,order_received,WH-SYN-EAST,4,piece,synthetic_case_generator
WHE-SYN-C-0154-02,ORD-SYN-C-0154,2026-06-16T11:04:30+08:00,picking_started,picking_started,WH-SYN-EAST,4,piece,synthetic_case_generator
WHE-SYN-C-0154-03,ORD-SYN-C-0154,2026-06-16T11:49:25+08:00,picking_completed,picking_completed,WH-SYN-EAST,4,piece,synthetic_case_generator
WHE-SYN-C-0154-04,ORD-SYN-C-0154,2026-06-16T12:21:56+08:00,quality_check_started,quality_check_started,WH-SYN-EAST,4,piece,synthetic_case_generator
WHE-SYN-C-0154-05,ORD-SYN-C-0154,2026-06-16T12:43:17+08:00,quality_check_completed,quality_check_completed,WH-SYN-EAST,4,piece,synthetic_case_generator
WHE-SYN-C-0154-06,ORD-SYN-C-0154,2026-06-16T12:49:54+08:00,packing_started,packing_started,WH-SYN-EAST,4,piece,synthetic_case_generator
WHE-SYN-C-0154-07,ORD-SYN-C-0154,2026-06-16T13:29:58+08:00,packing_completed,packing_completed,WH-SYN-EAST,4,piece,synthetic_case_generator
WHE-SYN-C-0154-08,ORD-SYN-C-0154,2026-06-16T13:43:42+08:00,ready_to_ship,ready_to_ship,WH-SYN-EAST,4,piece,synthetic_case_generator
WHE-SYN-C-0154-09,ORD-SYN-C-0154,2026-06-16T13:47:17+08:00,shipped_from_warehouse,shipped_from_warehouse,WH-SYN-EAST,4,piece,synthetic_case_generator
WHE-SYN-C-0155-01,ORD-SYN-C-0155,2026-06-16T12:36:43+08:00,order_received,order_received,WH-SYN-WEST,5,piece,synthetic_case_generator
WHE-SYN-C-0155-02,ORD-SYN-C-0155,2026-06-16T13:11:39+08:00,picking_started,picking_started,WH-SYN-WEST,5,piece,synthetic_case_generator
WHE-SYN-C-0155-03,ORD-SYN-C-0155,2026-06-16T14:06:24+08:00,picking_completed,picking_completed,WH-SYN-WEST,5,piece,synthetic_case_generator
WHE-SYN-C-0155-04,ORD-SYN-C-0155,2026-06-16T14:36:24+08:00,quality_check_started,quality_check_started,WH-SYN-WEST,5,piece,synthetic_case_generator
WHE-SYN-C-0155-05,ORD-SYN-C-0155,2026-06-16T15:02:54+08:00,quality_check_completed,quality_check_completed,WH-SYN-WEST,5,piece,synthetic_case_generator
WHE-SYN-C-0155-06,ORD-SYN-C-0155,2026-06-16T15:12:01+08:00,packing_started,packing_started,WH-SYN-WEST,5,piece,synthetic_case_generator
WHE-SYN-C-0155-07,ORD-SYN-C-0155,2026-06-16T15:52:50+08:00,packing_completed,packing_completed,WH-SYN-WEST,5,piece,synthetic_case_generator
WHE-SYN-C-0155-08,ORD-SYN-C-0155,2026-06-16T16:08:49+08:00,ready_to_ship,ready_to_ship,WH-SYN-WEST,5,piece,synthetic_case_generator
WHE-SYN-C-0155-09,ORD-SYN-C-0155,2026-06-16T16:13:35+08:00,shipped_from_warehouse,shipped_from_warehouse,WH-SYN-WEST,5,piece,synthetic_case_generator
WHE-SYN-C-0156-01,ORD-SYN-C-0156,2026-06-16T15:57:05+08:00,order_received,order_received,WH-SYN-EAST,1,piece,synthetic_case_generator
WHE-SYN-C-0156-02,ORD-SYN-C-0156,2026-06-16T16:38:07+08:00,picking_started,picking_started,WH-SYN-EAST,1,piece,synthetic_case_generator
WHE-SYN-C-0156-03,ORD-SYN-C-0156,2026-06-16T17:27:49+08:00,picking_completed,picking_completed,WH-SYN-EAST,1,piece,synthetic_case_generator
WHE-SYN-C-0156-04,ORD-SYN-C-0156,2026-06-16T17:52:35+08:00,quality_check_started,quality_check_started,WH-SYN-EAST,1,piece,synthetic_case_generator
WHE-SYN-C-0156-05,ORD-SYN-C-0156,2026-06-16T18:22:51+08:00,quality_check_completed,quality_check_completed,WH-SYN-EAST,1,piece,synthetic_case_generator
WHE-SYN-C-0156-06,ORD-SYN-C-0156,2026-06-16T18:32:16+08:00,packing_started,packing_started,WH-SYN-EAST,1,piece,synthetic_case_generator
WHE-SYN-C-0156-07,ORD-SYN-C-0156,2026-06-16T19:02:41+08:00,packing_completed,packing_completed,WH-SYN-EAST,1,piece,synthetic_case_generator
WHE-SYN-C-0156-08,ORD-SYN-C-0156,2026-06-16T19:24:26+08:00,ready_to_ship,ready_to_ship,WH-SYN-EAST,1,piece,synthetic_case_generator
WHE-SYN-C-0156-09,ORD-SYN-C-0156,2026-06-16T19:29:02+08:00,shipped_from_warehouse,shipped_from_warehouse,WH-SYN-EAST,1,piece,synthetic_case_generator
WHE-SYN-C-0157-01,ORD-SYN-C-0157,2026-06-16T18:14:16+08:00,order_received,order_received,WH-SYN-EAST,1,piece,synthetic_case_generator
WHE-SYN-C-0157-02,ORD-SYN-C-0157,2026-06-16T19:02:18+08:00,picking_started,picking_started,WH-SYN-EAST,1,piece,synthetic_case_generator
WHE-SYN-C-0157-03,ORD-SYN-C-0157,2026-06-16T19:51:16+08:00,picking_completed,picking_completed,WH-SYN-EAST,1,piece,synthetic_case_generator
WHE-SYN-C-0157-04,ORD-SYN-C-0157,2026-06-16T20:15:58+08:00,quality_check_started,quality_check_started,WH-SYN-EAST,1,piece,synthetic_case_generator
WHE-SYN-C-0157-05,ORD-SYN-C-0157,2026-06-16T20:39:31+08:00,quality_check_completed,quality_check_completed,WH-SYN-EAST,1,piece,synthetic_case_generator
WHE-SYN-C-0157-06,ORD-SYN-C-0157,2026-06-16T20:46:22+08:00,packing_started,packing_started,WH-SYN-EAST,1,piece,synthetic_case_generator
WHE-SYN-C-0157-07,ORD-SYN-C-0157,2026-06-16T21:25:14+08:00,packing_completed,packing_completed,WH-SYN-EAST,1,piece,synthetic_case_generator
WHE-SYN-C-0157-08,ORD-SYN-C-0157,2026-06-16T21:54:19+08:00,ready_to_ship,ready_to_ship,WH-SYN-EAST,1,piece,synthetic_case_generator
WHE-SYN-C-0157-09,ORD-SYN-C-0157,2026-06-16T22:01:34+08:00,shipped_from_warehouse,shipped_from_warehouse,WH-SYN-EAST,1,piece,synthetic_case_generator
WHE-SYN-C-0158-01,ORD-SYN-C-0158,2026-06-16T10:47:30+08:00,order_received,order_received,WH-SYN-EAST,5,piece,synthetic_case_generator
WHE-SYN-C-0158-02,ORD-SYN-C-0158,2026-06-16T11:36:55+08:00,picking_started,picking_started,WH-SYN-EAST,5,piece,synthetic_case_generator
WHE-SYN-C-0158-03,ORD-SYN-C-0158,2026-06-16T12:22:09+08:00,picking_completed,picking_completed,WH-SYN-EAST,5,piece,synthetic_case_generator
WHE-SYN-C-0158-04,ORD-SYN-C-0158,2026-06-16T12:49:31+08:00,quality_check_started,quality_check_started,WH-SYN-EAST,5,piece,synthetic_case_generator
WHE-SYN-C-0158-05,ORD-SYN-C-0158,2026-06-16T13:11:54+08:00,quality_check_completed,quality_check_completed,WH-SYN-EAST,5,piece,synthetic_case_generator
WHE-SYN-C-0158-06,ORD-SYN-C-0158,2026-06-16T13:17:41+08:00,packing_started,packing_started,WH-SYN-EAST,5,piece,synthetic_case_generator
WHE-SYN-C-0158-07,ORD-SYN-C-0158,2026-06-16T14:00:15+08:00,packing_completed,packing_completed,WH-SYN-EAST,5,piece,synthetic_case_generator
WHE-SYN-C-0158-08,ORD-SYN-C-0158,2026-06-16T14:27:54+08:00,ready_to_ship,ready_to_ship,WH-SYN-EAST,5,piece,synthetic_case_generator
WHE-SYN-C-0158-09,ORD-SYN-C-0158,2026-06-16T14:33:10+08:00,shipped_from_warehouse,shipped_from_warehouse,WH-SYN-EAST,5,piece,synthetic_case_generator
WHE-SYN-C-0159-01,ORD-SYN-C-0159,2026-06-16T14:10:44+08:00,order_received,order_received,WH-SYN-EAST,5,piece,synthetic_case_generator
WHE-SYN-C-0159-02,ORD-SYN-C-0159,2026-06-16T14:48:35+08:00,picking_started,picking_started,WH-SYN-EAST,5,piece,synthetic_case_generator
WHE-SYN-C-0159-03,ORD-SYN-C-0159,2026-06-16T15:34:56+08:00,picking_completed,picking_completed,WH-SYN-EAST,5,piece,synthetic_case_generator
WHE-SYN-C-0159-04,ORD-SYN-C-0159,2026-06-16T16:00:33+08:00,quality_check_started,quality_check_started,WH-SYN-EAST,5,piece,synthetic_case_generator
WHE-SYN-C-0159-05,ORD-SYN-C-0159,2026-06-16T16:31:53+08:00,quality_check_completed,quality_check_completed,WH-SYN-EAST,5,piece,synthetic_case_generator
WHE-SYN-C-0159-06,ORD-SYN-C-0159,2026-06-16T16:34:56+08:00,packing_started,packing_started,WH-SYN-EAST,5,piece,synthetic_case_generator
WHE-SYN-C-0159-07,ORD-SYN-C-0159,2026-06-16T17:12:12+08:00,packing_completed,packing_completed,WH-SYN-EAST,5,piece,synthetic_case_generator
WHE-SYN-C-0159-08,ORD-SYN-C-0159,2026-06-16T17:37:57+08:00,ready_to_ship,ready_to_ship,WH-SYN-EAST,5,piece,synthetic_case_generator
WHE-SYN-C-0159-09,ORD-SYN-C-0159,2026-06-16T17:43:38+08:00,shipped_from_warehouse,shipped_from_warehouse,WH-SYN-EAST,5,piece,synthetic_case_generator
WHE-SYN-C-0160-01,ORD-SYN-C-0160,2026-06-16T16:35:41+08:00,order_received,order_received,WH-SYN-EAST,3,piece,synthetic_case_generator
WHE-SYN-C-0160-02,ORD-SYN-C-0160,2026-06-16T17:26:39+08:00,picking_started,picking_started,WH-SYN-EAST,3,piece,synthetic_case_generator
WHE-SYN-C-0160-03,ORD-SYN-C-0160,2026-06-16T18:17:27+08:00,picking_completed,picking_completed,WH-SYN-EAST,3,piece,synthetic_case_generator
WHE-SYN-C-0160-04,ORD-SYN-C-0160,2026-06-16T18:47:42+08:00,quality_check_started,quality_check_started,WH-SYN-EAST,3,piece,synthetic_case_generator
WHE-SYN-C-0160-05,ORD-SYN-C-0160,2026-06-16T19:10:38+08:00,quality_check_completed,quality_check_completed,WH-SYN-EAST,3,piece,synthetic_case_generator
WHE-SYN-C-0160-06,ORD-SYN-C-0160,2026-06-16T19:21:17+08:00,packing_started,packing_started,WH-SYN-EAST,3,piece,synthetic_case_generator
WHE-SYN-C-0160-07,ORD-SYN-C-0160,2026-06-16T19:51:59+08:00,packing_completed,packing_completed,WH-SYN-EAST,3,piece,synthetic_case_generator
WHE-SYN-C-0160-08,ORD-SYN-C-0160,2026-06-16T20:20:35+08:00,ready_to_ship,ready_to_ship,WH-SYN-EAST,3,piece,synthetic_case_generator
WHE-SYN-C-0160-09,ORD-SYN-C-0160,2026-06-16T20:32:27+08:00,shipped_from_warehouse,shipped_from_warehouse,WH-SYN-EAST,3,piece,synthetic_case_generator
WHE-SYN-C-0161-01,ORD-SYN-C-0161,2026-06-17T19:53:34+08:00,order_received,order_received,WH-SYN-EAST,4,piece,synthetic_case_generator
WHE-SYN-C-0161-02,ORD-SYN-C-0161,2026-06-17T20:31:59+08:00,picking_started,picking_started,WH-SYN-EAST,4,piece,synthetic_case_generator
WHE-SYN-C-0161-03,ORD-SYN-C-0161,2026-06-17T21:26:04+08:00,picking_completed,picking_completed,WH-SYN-EAST,4,piece,synthetic_case_generator
WHE-SYN-C-0161-04,ORD-SYN-C-0161,2026-06-17T21:53:23+08:00,quality_check_started,quality_check_started,WH-SYN-EAST,4,piece,synthetic_case_generator
WHE-SYN-C-0161-05,ORD-SYN-C-0161,2026-06-17T22:20:21+08:00,quality_check_completed,quality_check_completed,WH-SYN-EAST,4,piece,synthetic_case_generator
WHE-SYN-C-0161-06,ORD-SYN-C-0161,2026-06-17T22:25:15+08:00,packing_started,packing_started,WH-SYN-EAST,4,piece,synthetic_case_generator
WHE-SYN-C-0161-07,ORD-SYN-C-0161,2026-06-17T22:58:44+08:00,packing_completed,packing_completed,WH-SYN-EAST,4,piece,synthetic_case_generator
WHE-SYN-C-0161-08,ORD-SYN-C-0161,2026-06-17T23:12:42+08:00,ready_to_ship,ready_to_ship,WH-SYN-EAST,4,piece,synthetic_case_generator
WHE-SYN-C-0161-09,ORD-SYN-C-0161,2026-06-17T23:20:42+08:00,shipped_from_warehouse,shipped_from_warehouse,WH-SYN-EAST,4,piece,synthetic_case_generator
WHE-SYN-C-0162-01,ORD-SYN-C-0162,2026-06-17T11:33:01+08:00,order_received,order_received,WH-SYN-WEST,3,piece,synthetic_case_generator
WHE-SYN-C-0162-02,ORD-SYN-C-0162,2026-06-17T12:09:32+08:00,picking_started,picking_started,WH-SYN-WEST,3,piece,synthetic_case_generator
WHE-SYN-C-0162-03,ORD-SYN-C-0162,2026-06-17T12:59:17+08:00,picking_completed,picking_completed,WH-SYN-WEST,3,piece,synthetic_case_generator
WHE-SYN-C-0162-04,ORD-SYN-C-0162,2026-06-17T13:28:45+08:00,quality_check_started,quality_check_started,WH-SYN-WEST,3,piece,synthetic_case_generator
WHE-SYN-C-0162-05,ORD-SYN-C-0162,2026-06-17T13:54:25+08:00,quality_check_completed,quality_check_completed,WH-SYN-WEST,3,piece,synthetic_case_generator
WHE-SYN-C-0162-06,ORD-SYN-C-0162,2026-06-17T14:04:00+08:00,packing_started,packing_started,WH-SYN-WEST,3,piece,synthetic_case_generator
WHE-SYN-C-0162-07,ORD-SYN-C-0162,2026-06-17T14:36:23+08:00,packing_completed,packing_completed,WH-SYN-WEST,3,piece,synthetic_case_generator
WHE-SYN-C-0162-08,ORD-SYN-C-0162,2026-06-17T14:55:07+08:00,ready_to_ship,ready_to_ship,WH-SYN-WEST,3,piece,synthetic_case_generator
WHE-SYN-C-0162-09,ORD-SYN-C-0162,2026-06-17T14:59:26+08:00,shipped_from_warehouse,shipped_from_warehouse,WH-SYN-WEST,3,piece,synthetic_case_generator
WHE-SYN-C-0163-01,ORD-SYN-C-0163,2026-06-17T14:41:09+08:00,order_received,order_received,WH-SYN-EAST,5,piece,synthetic_case_generator
WHE-SYN-C-0163-02,ORD-SYN-C-0163,2026-06-17T15:34:18+08:00,picking_started,picking_started,WH-SYN-EAST,5,piece,synthetic_case_generator
WHE-SYN-C-0163-03,ORD-SYN-C-0163,2026-06-17T16:18:47+08:00,picking_completed,picking_completed,WH-SYN-EAST,5,piece,synthetic_case_generator
WHE-SYN-C-0163-04,ORD-SYN-C-0163,2026-06-17T16:40:37+08:00,quality_check_started,quality_check_started,WH-SYN-EAST,5,piece,synthetic_case_generator
WHE-SYN-C-0163-05,ORD-SYN-C-0163,2026-06-17T17:05:36+08:00,quality_check_completed,quality_check_completed,WH-SYN-EAST,5,piece,synthetic_case_generator
WHE-SYN-C-0163-06,ORD-SYN-C-0163,2026-06-17T17:16:48+08:00,packing_started,packing_started,WH-SYN-EAST,5,piece,synthetic_case_generator
WHE-SYN-C-0163-07,ORD-SYN-C-0163,2026-06-17T17:55:00+08:00,packing_completed,packing_completed,WH-SYN-EAST,5,piece,synthetic_case_generator
WHE-SYN-C-0163-08,ORD-SYN-C-0163,2026-06-17T18:24:03+08:00,ready_to_ship,ready_to_ship,WH-SYN-EAST,5,piece,synthetic_case_generator
WHE-SYN-C-0163-09,ORD-SYN-C-0163,2026-06-17T18:31:17+08:00,shipped_from_warehouse,shipped_from_warehouse,WH-SYN-EAST,5,piece,synthetic_case_generator
WHE-SYN-C-0164-01,ORD-SYN-C-0164,2026-06-17T18:21:50+08:00,order_received,order_received,WH-SYN-EAST,3,piece,synthetic_case_generator
WHE-SYN-C-0164-02,ORD-SYN-C-0164,2026-06-17T19:04:47+08:00,picking_started,picking_started,WH-SYN-EAST,3,piece,synthetic_case_generator
WHE-SYN-C-0164-03,ORD-SYN-C-0164,2026-06-17T19:48:47+08:00,picking_completed,picking_completed,WH-SYN-EAST,3,piece,synthetic_case_generator
WHE-SYN-C-0164-04,ORD-SYN-C-0164,2026-06-17T20:20:47+08:00,quality_check_started,quality_check_started,WH-SYN-EAST,3,piece,synthetic_case_generator
WHE-SYN-C-0164-05,ORD-SYN-C-0164,2026-06-17T20:46:33+08:00,quality_check_completed,quality_check_completed,WH-SYN-EAST,3,piece,synthetic_case_generator
WHE-SYN-C-0164-06,ORD-SYN-C-0164,2026-06-17T20:53:35+08:00,packing_started,packing_started,WH-SYN-EAST,3,piece,synthetic_case_generator
WHE-SYN-C-0164-07,ORD-SYN-C-0164,2026-06-17T21:29:01+08:00,packing_completed,packing_completed,WH-SYN-EAST,3,piece,synthetic_case_generator
WHE-SYN-C-0164-08,ORD-SYN-C-0164,2026-06-17T21:56:19+08:00,ready_to_ship,ready_to_ship,WH-SYN-EAST,3,piece,synthetic_case_generator
WHE-SYN-C-0164-09,ORD-SYN-C-0164,2026-06-17T22:03:22+08:00,shipped_from_warehouse,shipped_from_warehouse,WH-SYN-EAST,3,piece,synthetic_case_generator
WHE-SYN-C-0165-01,ORD-SYN-C-0165,2026-06-17T09:43:11+08:00,order_received,order_received,WH-SYN-WEST,4,piece,synthetic_case_generator
WHE-SYN-C-0165-02,ORD-SYN-C-0165,2026-06-17T10:18:18+08:00,picking_started,picking_started,WH-SYN-WEST,4,piece,synthetic_case_generator
WHE-SYN-C-0165-03,ORD-SYN-C-0165,2026-06-17T11:00:22+08:00,picking_completed,picking_completed,WH-SYN-WEST,4,piece,synthetic_case_generator
WHE-SYN-C-0165-04,ORD-SYN-C-0165,2026-06-17T11:24:30+08:00,quality_check_started,quality_check_started,WH-SYN-WEST,4,piece,synthetic_case_generator
WHE-SYN-C-0165-05,ORD-SYN-C-0165,2026-06-17T11:55:18+08:00,quality_check_completed,quality_check_completed,WH-SYN-WEST,4,piece,synthetic_case_generator
WHE-SYN-C-0165-06,ORD-SYN-C-0165,2026-06-17T11:59:04+08:00,packing_started,packing_started,WH-SYN-WEST,4,piece,synthetic_case_generator
WHE-SYN-C-0165-07,ORD-SYN-C-0165,2026-06-17T12:41:06+08:00,packing_completed,packing_completed,WH-SYN-WEST,4,piece,synthetic_case_generator
WHE-SYN-C-0165-08,ORD-SYN-C-0165,2026-06-17T13:07:17+08:00,ready_to_ship,ready_to_ship,WH-SYN-WEST,4,piece,synthetic_case_generator
WHE-SYN-C-0165-09,ORD-SYN-C-0165,2026-06-17T13:18:56+08:00,shipped_from_warehouse,shipped_from_warehouse,WH-SYN-WEST,4,piece,synthetic_case_generator
WHE-SYN-C-0166-01,ORD-SYN-C-0166,2026-06-17T12:53:20+08:00,order_received,order_received,WH-SYN-WEST,4,piece,synthetic_case_generator
WHE-SYN-C-0166-02,ORD-SYN-C-0166,2026-06-17T13:38:08+08:00,picking_started,picking_started,WH-SYN-WEST,4,piece,synthetic_case_generator
WHE-SYN-C-0166-03,ORD-SYN-C-0166,2026-06-17T14:28:31+08:00,picking_completed,picking_completed,WH-SYN-WEST,4,piece,synthetic_case_generator
WHE-SYN-C-0166-04,ORD-SYN-C-0166,2026-06-17T14:53:06+08:00,quality_check_started,quality_check_started,WH-SYN-WEST,4,piece,synthetic_case_generator
WHE-SYN-C-0166-05,ORD-SYN-C-0166,2026-06-17T15:16:29+08:00,quality_check_completed,quality_check_completed,WH-SYN-WEST,4,piece,synthetic_case_generator
WHE-SYN-C-0166-06,ORD-SYN-C-0166,2026-06-17T15:20:18+08:00,packing_started,packing_started,WH-SYN-WEST,4,piece,synthetic_case_generator
WHE-SYN-C-0166-07,ORD-SYN-C-0166,2026-06-17T15:52:15+08:00,packing_completed,packing_completed,WH-SYN-WEST,4,piece,synthetic_case_generator
WHE-SYN-C-0166-08,ORD-SYN-C-0166,2026-06-17T16:19:16+08:00,ready_to_ship,ready_to_ship,WH-SYN-WEST,4,piece,synthetic_case_generator
WHE-SYN-C-0166-09,ORD-SYN-C-0166,2026-06-17T16:27:37+08:00,shipped_from_warehouse,shipped_from_warehouse,WH-SYN-WEST,4,piece,synthetic_case_generator
WHE-SYN-C-0167-01,ORD-SYN-C-0167,2026-06-17T15:21:08+08:00,order_received,order_received,WH-SYN-EAST,2,piece,synthetic_case_generator
WHE-SYN-C-0167-02,ORD-SYN-C-0167,2026-06-17T16:00:25+08:00,picking_started,picking_started,WH-SYN-EAST,2,piece,synthetic_case_generator
WHE-SYN-C-0167-03,ORD-SYN-C-0167,2026-06-17T16:55:00+08:00,picking_completed,picking_completed,WH-SYN-EAST,2,piece,synthetic_case_generator
WHE-SYN-C-0167-04,ORD-SYN-C-0167,2026-06-17T17:24:36+08:00,quality_check_started,quality_check_started,WH-SYN-EAST,2,piece,synthetic_case_generator
WHE-SYN-C-0167-05,ORD-SYN-C-0167,2026-06-17T17:50:15+08:00,quality_check_completed,quality_check_completed,WH-SYN-EAST,2,piece,synthetic_case_generator
WHE-SYN-C-0167-06,ORD-SYN-C-0167,2026-06-17T17:54:16+08:00,packing_started,packing_started,WH-SYN-EAST,2,piece,synthetic_case_generator
WHE-SYN-C-0167-07,ORD-SYN-C-0167,2026-06-17T18:26:01+08:00,packing_completed,packing_completed,WH-SYN-EAST,2,piece,synthetic_case_generator
WHE-SYN-C-0167-08,ORD-SYN-C-0167,2026-06-17T18:54:20+08:00,ready_to_ship,ready_to_ship,WH-SYN-EAST,2,piece,synthetic_case_generator
WHE-SYN-C-0167-09,ORD-SYN-C-0167,2026-06-17T19:04:35+08:00,shipped_from_warehouse,shipped_from_warehouse,WH-SYN-EAST,2,piece,synthetic_case_generator
WHE-SYN-C-0168-01,ORD-SYN-C-0168,2026-06-17T18:57:31+08:00,order_received,order_received,WH-SYN-EAST,5,piece,synthetic_case_generator
WHE-SYN-C-0168-02,ORD-SYN-C-0168,2026-06-17T19:32:06+08:00,picking_started,picking_started,WH-SYN-EAST,5,piece,synthetic_case_generator
WHE-SYN-C-0168-03,ORD-SYN-C-0168,2026-06-17T20:24:43+08:00,picking_completed,picking_completed,WH-SYN-EAST,5,piece,synthetic_case_generator
WHE-SYN-C-0168-04,ORD-SYN-C-0168,2026-06-17T20:49:37+08:00,quality_check_started,quality_check_started,WH-SYN-EAST,5,piece,synthetic_case_generator
WHE-SYN-C-0168-05,ORD-SYN-C-0168,2026-06-17T21:13:17+08:00,quality_check_completed,quality_check_completed,WH-SYN-EAST,5,piece,synthetic_case_generator
WHE-SYN-C-0168-06,ORD-SYN-C-0168,2026-06-17T21:24:31+08:00,packing_started,packing_started,WH-SYN-EAST,5,piece,synthetic_case_generator
WHE-SYN-C-0168-07,ORD-SYN-C-0168,2026-06-17T21:58:06+08:00,packing_completed,packing_completed,WH-SYN-EAST,5,piece,synthetic_case_generator
WHE-SYN-C-0168-08,ORD-SYN-C-0168,2026-06-17T22:22:38+08:00,ready_to_ship,ready_to_ship,WH-SYN-EAST,5,piece,synthetic_case_generator
WHE-SYN-C-0168-09,ORD-SYN-C-0168,2026-06-17T22:31:38+08:00,shipped_from_warehouse,shipped_from_warehouse,WH-SYN-EAST,5,piece,synthetic_case_generator
WHE-SYN-C-0169-01,ORD-SYN-C-0169,2026-06-17T11:15:19+08:00,order_received,order_received,WH-SYN-WEST,5,piece,synthetic_case_generator
WHE-SYN-C-0169-02,ORD-SYN-C-0169,2026-06-17T11:54:12+08:00,picking_started,picking_started,WH-SYN-WEST,5,piece,synthetic_case_generator
WHE-SYN-C-0169-03,ORD-SYN-C-0169,2026-06-17T12:37:59+08:00,picking_completed,picking_completed,WH-SYN-WEST,5,piece,synthetic_case_generator
WHE-SYN-C-0169-04,ORD-SYN-C-0169,2026-06-17T13:00:33+08:00,quality_check_started,quality_check_started,WH-SYN-WEST,5,piece,synthetic_case_generator
WHE-SYN-C-0169-05,ORD-SYN-C-0169,2026-06-17T13:26:05+08:00,quality_check_completed,quality_check_completed,WH-SYN-WEST,5,piece,synthetic_case_generator
WHE-SYN-C-0169-06,ORD-SYN-C-0169,2026-06-17T13:35:54+08:00,packing_started,packing_started,WH-SYN-WEST,5,piece,synthetic_case_generator
WHE-SYN-C-0169-07,ORD-SYN-C-0169,2026-06-17T14:16:04+08:00,packing_completed,packing_completed,WH-SYN-WEST,5,piece,synthetic_case_generator
WHE-SYN-C-0169-08,ORD-SYN-C-0169,2026-06-17T14:45:45+08:00,ready_to_ship,ready_to_ship,WH-SYN-WEST,5,piece,synthetic_case_generator
WHE-SYN-C-0169-09,ORD-SYN-C-0169,2026-06-17T14:51:16+08:00,shipped_from_warehouse,shipped_from_warehouse,WH-SYN-WEST,5,piece,synthetic_case_generator
WHE-SYN-C-0170-01,ORD-SYN-C-0170,2026-06-17T13:38:14+08:00,order_received,order_received,WH-SYN-EAST,4,piece,synthetic_case_generator
WHE-SYN-C-0170-02,ORD-SYN-C-0170,2026-06-17T14:19:09+08:00,picking_started,picking_started,WH-SYN-EAST,4,piece,synthetic_case_generator
WHE-SYN-C-0170-03,ORD-SYN-C-0170,2026-06-17T15:10:51+08:00,picking_completed,picking_completed,WH-SYN-EAST,4,piece,synthetic_case_generator
WHE-SYN-C-0170-04,ORD-SYN-C-0170,2026-06-17T15:40:05+08:00,quality_check_started,quality_check_started,WH-SYN-EAST,4,piece,synthetic_case_generator
WHE-SYN-C-0170-05,ORD-SYN-C-0170,2026-06-17T16:09:10+08:00,quality_check_completed,quality_check_completed,WH-SYN-EAST,4,piece,synthetic_case_generator
WHE-SYN-C-0170-06,ORD-SYN-C-0170,2026-06-17T16:17:35+08:00,packing_started,packing_started,WH-SYN-EAST,4,piece,synthetic_case_generator
WHE-SYN-C-0170-07,ORD-SYN-C-0170,2026-06-17T16:52:23+08:00,packing_completed,packing_completed,WH-SYN-EAST,4,piece,synthetic_case_generator
WHE-SYN-C-0170-08,ORD-SYN-C-0170,2026-06-17T17:15:39+08:00,ready_to_ship,ready_to_ship,WH-SYN-EAST,4,piece,synthetic_case_generator
WHE-SYN-C-0170-09,ORD-SYN-C-0170,2026-06-17T17:25:55+08:00,shipped_from_warehouse,shipped_from_warehouse,WH-SYN-EAST,4,piece,synthetic_case_generator
WHE-SYN-C-0171-01,ORD-SYN-C-0171,2026-06-18T17:20:17+08:00,order_received,order_received,WH-SYN-EAST,2,piece,synthetic_case_generator
WHE-SYN-C-0171-02,ORD-SYN-C-0171,2026-06-18T18:00:23+08:00,picking_started,picking_started,WH-SYN-EAST,2,piece,synthetic_case_generator
WHE-SYN-C-0171-03,ORD-SYN-C-0171,2026-06-18T18:52:55+08:00,picking_completed,picking_completed,WH-SYN-EAST,2,piece,synthetic_case_generator
WHE-SYN-C-0171-04,ORD-SYN-C-0171,2026-06-18T19:15:03+08:00,quality_check_started,quality_check_started,WH-SYN-EAST,2,piece,synthetic_case_generator
WHE-SYN-C-0171-05,ORD-SYN-C-0171,2026-06-18T19:41:03+08:00,quality_check_completed,quality_check_completed,WH-SYN-EAST,2,piece,synthetic_case_generator
WHE-SYN-C-0171-06,ORD-SYN-C-0171,2026-06-18T19:45:00+08:00,packing_started,packing_started,WH-SYN-EAST,2,piece,synthetic_case_generator
WHE-SYN-C-0171-07,ORD-SYN-C-0171,2026-06-18T20:27:03+08:00,packing_completed,packing_completed,WH-SYN-EAST,2,piece,synthetic_case_generator
WHE-SYN-C-0171-08,ORD-SYN-C-0171,2026-06-18T20:53:39+08:00,ready_to_ship,ready_to_ship,WH-SYN-EAST,2,piece,synthetic_case_generator
WHE-SYN-C-0171-09,ORD-SYN-C-0171,2026-06-18T21:05:37+08:00,shipped_from_warehouse,shipped_from_warehouse,WH-SYN-EAST,2,piece,synthetic_case_generator
WHE-SYN-C-0172-01,ORD-SYN-C-0172,2026-06-18T19:35:16+08:00,order_received,order_received,WH-SYN-WEST,2,piece,synthetic_case_generator
WHE-SYN-C-0172-02,ORD-SYN-C-0172,2026-06-18T20:12:34+08:00,picking_started,picking_started,WH-SYN-WEST,2,piece,synthetic_case_generator
WHE-SYN-C-0172-03,ORD-SYN-C-0172,2026-06-18T20:55:49+08:00,picking_completed,picking_completed,WH-SYN-WEST,2,piece,synthetic_case_generator
WHE-SYN-C-0172-04,ORD-SYN-C-0172,2026-06-18T21:20:40+08:00,quality_check_started,quality_check_started,WH-SYN-WEST,2,piece,synthetic_case_generator
WHE-SYN-C-0172-05,ORD-SYN-C-0172,2026-06-18T21:48:04+08:00,quality_check_completed,quality_check_completed,WH-SYN-WEST,2,piece,synthetic_case_generator
WHE-SYN-C-0172-06,ORD-SYN-C-0172,2026-06-18T21:56:04+08:00,packing_started,packing_started,WH-SYN-WEST,2,piece,synthetic_case_generator
WHE-SYN-C-0172-07,ORD-SYN-C-0172,2026-06-18T22:36:17+08:00,packing_completed,packing_completed,WH-SYN-WEST,2,piece,synthetic_case_generator
WHE-SYN-C-0172-08,ORD-SYN-C-0172,2026-06-18T22:57:59+08:00,ready_to_ship,ready_to_ship,WH-SYN-WEST,2,piece,synthetic_case_generator
WHE-SYN-C-0172-09,ORD-SYN-C-0172,2026-06-18T23:04:43+08:00,shipped_from_warehouse,shipped_from_warehouse,WH-SYN-WEST,2,piece,synthetic_case_generator
WHE-SYN-C-0173-01,ORD-SYN-C-0173,2026-06-18T11:54:07+08:00,order_received,order_received,WH-SYN-EAST,5,piece,synthetic_case_generator
WHE-SYN-C-0173-02,ORD-SYN-C-0173,2026-06-18T12:35:46+08:00,picking_started,picking_started,WH-SYN-EAST,5,piece,synthetic_case_generator
WHE-SYN-C-0173-03,ORD-SYN-C-0173,2026-06-18T13:25:09+08:00,picking_completed,picking_completed,WH-SYN-EAST,5,piece,synthetic_case_generator
WHE-SYN-C-0173-04,ORD-SYN-C-0173,2026-06-18T13:51:55+08:00,quality_check_started,quality_check_started,WH-SYN-EAST,5,piece,synthetic_case_generator
WHE-SYN-C-0173-05,ORD-SYN-C-0173,2026-06-18T14:17:17+08:00,quality_check_completed,quality_check_completed,WH-SYN-EAST,5,piece,synthetic_case_generator
WHE-SYN-C-0173-06,ORD-SYN-C-0173,2026-06-18T14:26:32+08:00,packing_started,packing_started,WH-SYN-EAST,5,piece,synthetic_case_generator
WHE-SYN-C-0173-07,ORD-SYN-C-0173,2026-06-18T15:08:40+08:00,packing_completed,packing_completed,WH-SYN-EAST,5,piece,synthetic_case_generator
WHE-SYN-C-0173-08,ORD-SYN-C-0173,2026-06-18T15:27:01+08:00,ready_to_ship,ready_to_ship,WH-SYN-EAST,5,piece,synthetic_case_generator
WHE-SYN-C-0173-09,ORD-SYN-C-0173,2026-06-18T15:34:17+08:00,shipped_from_warehouse,shipped_from_warehouse,WH-SYN-EAST,5,piece,synthetic_case_generator
WHE-SYN-C-0174-01,ORD-SYN-C-0174,2026-06-18T14:29:32+08:00,order_received,order_received,WH-SYN-WEST,4,piece,synthetic_case_generator
WHE-SYN-C-0174-02,ORD-SYN-C-0174,2026-06-18T15:00:05+08:00,picking_started,picking_started,WH-SYN-WEST,4,piece,synthetic_case_generator
WHE-SYN-C-0174-03,ORD-SYN-C-0174,2026-06-18T15:51:46+08:00,picking_completed,picking_completed,WH-SYN-WEST,4,piece,synthetic_case_generator
WHE-SYN-C-0174-04,ORD-SYN-C-0174,2026-06-18T16:21:18+08:00,quality_check_started,quality_check_started,WH-SYN-WEST,4,piece,synthetic_case_generator
WHE-SYN-C-0174-05,ORD-SYN-C-0174,2026-06-18T16:46:55+08:00,quality_check_completed,quality_check_completed,WH-SYN-WEST,4,piece,synthetic_case_generator
WHE-SYN-C-0174-06,ORD-SYN-C-0174,2026-06-18T16:58:39+08:00,packing_started,packing_started,WH-SYN-WEST,4,piece,synthetic_case_generator
WHE-SYN-C-0174-07,ORD-SYN-C-0174,2026-06-18T17:42:29+08:00,packing_completed,packing_completed,WH-SYN-WEST,4,piece,synthetic_case_generator
WHE-SYN-C-0174-08,ORD-SYN-C-0174,2026-06-18T18:01:34+08:00,ready_to_ship,ready_to_ship,WH-SYN-WEST,4,piece,synthetic_case_generator
WHE-SYN-C-0174-09,ORD-SYN-C-0174,2026-06-18T18:10:58+08:00,shipped_from_warehouse,shipped_from_warehouse,WH-SYN-WEST,4,piece,synthetic_case_generator
WHE-SYN-C-0175-01,ORD-SYN-C-0175,2026-06-18T17:53:43+08:00,order_received,order_received,WH-SYN-EAST,5,piece,synthetic_case_generator
WHE-SYN-C-0175-02,ORD-SYN-C-0175,2026-06-18T18:32:49+08:00,picking_started,picking_started,WH-SYN-EAST,5,piece,synthetic_case_generator
WHE-SYN-C-0175-03,ORD-SYN-C-0175,2026-06-18T19:22:16+08:00,picking_completed,picking_completed,WH-SYN-EAST,5,piece,synthetic_case_generator
WHE-SYN-C-0175-04,ORD-SYN-C-0175,2026-06-18T19:45:45+08:00,quality_check_started,quality_check_started,WH-SYN-EAST,5,piece,synthetic_case_generator
WHE-SYN-C-0175-05,ORD-SYN-C-0175,2026-06-18T20:16:34+08:00,quality_check_completed,quality_check_completed,WH-SYN-EAST,5,piece,synthetic_case_generator
WHE-SYN-C-0175-06,ORD-SYN-C-0175,2026-06-18T20:23:01+08:00,packing_started,packing_started,WH-SYN-EAST,5,piece,synthetic_case_generator
WHE-SYN-C-0175-07,ORD-SYN-C-0175,2026-06-18T20:54:27+08:00,packing_completed,packing_completed,WH-SYN-EAST,5,piece,synthetic_case_generator
WHE-SYN-C-0175-08,ORD-SYN-C-0175,2026-06-18T21:05:08+08:00,ready_to_ship,ready_to_ship,WH-SYN-EAST,5,piece,synthetic_case_generator
WHE-SYN-C-0175-09,ORD-SYN-C-0175,2026-06-18T21:12:02+08:00,shipped_from_warehouse,shipped_from_warehouse,WH-SYN-EAST,5,piece,synthetic_case_generator
WHE-SYN-C-0176-01,ORD-SYN-C-0176,2026-06-18T10:09:26+08:00,order_received,order_received,WH-SYN-WEST,3,piece,synthetic_case_generator
WHE-SYN-C-0176-02,ORD-SYN-C-0176,2026-06-18T10:44:42+08:00,picking_started,picking_started,WH-SYN-WEST,3,piece,synthetic_case_generator
WHE-SYN-C-0176-03,ORD-SYN-C-0176,2026-06-18T11:37:35+08:00,picking_completed,picking_completed,WH-SYN-WEST,3,piece,synthetic_case_generator
WHE-SYN-C-0176-04,ORD-SYN-C-0176,2026-06-18T12:07:27+08:00,quality_check_started,quality_check_started,WH-SYN-WEST,3,piece,synthetic_case_generator
WHE-SYN-C-0176-05,ORD-SYN-C-0176,2026-06-18T12:39:45+08:00,quality_check_completed,quality_check_completed,WH-SYN-WEST,3,piece,synthetic_case_generator
WHE-SYN-C-0176-06,ORD-SYN-C-0176,2026-06-18T12:44:08+08:00,packing_started,packing_started,WH-SYN-WEST,3,piece,synthetic_case_generator
WHE-SYN-C-0176-07,ORD-SYN-C-0176,2026-06-18T13:16:00+08:00,packing_completed,packing_completed,WH-SYN-WEST,3,piece,synthetic_case_generator
WHE-SYN-C-0176-08,ORD-SYN-C-0176,2026-06-18T13:34:42+08:00,ready_to_ship,ready_to_ship,WH-SYN-WEST,3,piece,synthetic_case_generator
WHE-SYN-C-0176-09,ORD-SYN-C-0176,2026-06-18T13:43:44+08:00,shipped_from_warehouse,shipped_from_warehouse,WH-SYN-WEST,3,piece,synthetic_case_generator
WHE-SYN-C-0177-01,ORD-SYN-C-0177,2026-06-18T12:38:25+08:00,order_received,order_received,WH-SYN-EAST,2,piece,synthetic_case_generator
WHE-SYN-C-0177-02,ORD-SYN-C-0177,2026-06-18T13:26:33+08:00,picking_started,picking_started,WH-SYN-EAST,2,piece,synthetic_case_generator
WHE-SYN-C-0177-03,ORD-SYN-C-0177,2026-06-18T14:21:40+08:00,picking_completed,picking_completed,WH-SYN-EAST,2,piece,synthetic_case_generator
WHE-SYN-C-0177-04,ORD-SYN-C-0177,2026-06-18T14:52:17+08:00,quality_check_started,quality_check_started,WH-SYN-EAST,2,piece,synthetic_case_generator
WHE-SYN-C-0177-05,ORD-SYN-C-0177,2026-06-18T15:17:48+08:00,quality_check_completed,quality_check_completed,WH-SYN-EAST,2,piece,synthetic_case_generator
WHE-SYN-C-0177-06,ORD-SYN-C-0177,2026-06-18T15:28:25+08:00,packing_started,packing_started,WH-SYN-EAST,2,piece,synthetic_case_generator
WHE-SYN-C-0177-07,ORD-SYN-C-0177,2026-06-18T16:01:25+08:00,packing_completed,packing_completed,WH-SYN-EAST,2,piece,synthetic_case_generator
WHE-SYN-C-0177-08,ORD-SYN-C-0177,2026-06-18T16:25:37+08:00,ready_to_ship,ready_to_ship,WH-SYN-EAST,2,piece,synthetic_case_generator
WHE-SYN-C-0177-09,ORD-SYN-C-0177,2026-06-18T16:32:25+08:00,shipped_from_warehouse,shipped_from_warehouse,WH-SYN-EAST,2,piece,synthetic_case_generator
WHE-SYN-C-0178-01,ORD-SYN-C-0178,2026-06-18T15:56:52+08:00,order_received,order_received,WH-SYN-EAST,1,piece,synthetic_case_generator
WHE-SYN-C-0178-02,ORD-SYN-C-0178,2026-06-18T16:48:35+08:00,picking_started,picking_started,WH-SYN-EAST,1,piece,synthetic_case_generator
WHE-SYN-C-0178-03,ORD-SYN-C-0178,2026-06-18T17:38:46+08:00,picking_completed,picking_completed,WH-SYN-EAST,1,piece,synthetic_case_generator
WHE-SYN-C-0178-04,ORD-SYN-C-0178,2026-06-18T18:10:46+08:00,quality_check_started,quality_check_started,WH-SYN-EAST,1,piece,synthetic_case_generator
WHE-SYN-C-0178-05,ORD-SYN-C-0178,2026-06-18T18:37:36+08:00,quality_check_completed,quality_check_completed,WH-SYN-EAST,1,piece,synthetic_case_generator
WHE-SYN-C-0178-06,ORD-SYN-C-0178,2026-06-18T18:41:10+08:00,packing_started,packing_started,WH-SYN-EAST,1,piece,synthetic_case_generator
WHE-SYN-C-0178-07,ORD-SYN-C-0178,2026-06-18T19:20:13+08:00,packing_completed,packing_completed,WH-SYN-EAST,1,piece,synthetic_case_generator
WHE-SYN-C-0178-08,ORD-SYN-C-0178,2026-06-18T19:34:12+08:00,ready_to_ship,ready_to_ship,WH-SYN-EAST,1,piece,synthetic_case_generator
WHE-SYN-C-0178-09,ORD-SYN-C-0178,2026-06-18T19:44:50+08:00,shipped_from_warehouse,shipped_from_warehouse,WH-SYN-EAST,1,piece,synthetic_case_generator
WHE-SYN-C-0179-01,ORD-SYN-C-0179,2026-06-18T18:26:30+08:00,order_received,order_received,WH-SYN-WEST,1,piece,synthetic_case_generator
WHE-SYN-C-0179-02,ORD-SYN-C-0179,2026-06-18T19:11:56+08:00,picking_started,picking_started,WH-SYN-WEST,1,piece,synthetic_case_generator
WHE-SYN-C-0179-03,ORD-SYN-C-0179,2026-06-18T20:00:59+08:00,picking_completed,picking_completed,WH-SYN-WEST,1,piece,synthetic_case_generator
WHE-SYN-C-0179-04,ORD-SYN-C-0179,2026-06-18T20:22:19+08:00,quality_check_started,quality_check_started,WH-SYN-WEST,1,piece,synthetic_case_generator
WHE-SYN-C-0179-05,ORD-SYN-C-0179,2026-06-18T20:48:40+08:00,quality_check_completed,quality_check_completed,WH-SYN-WEST,1,piece,synthetic_case_generator
WHE-SYN-C-0179-06,ORD-SYN-C-0179,2026-06-18T20:56:16+08:00,packing_started,packing_started,WH-SYN-WEST,1,piece,synthetic_case_generator
WHE-SYN-C-0179-07,ORD-SYN-C-0179,2026-06-18T21:37:35+08:00,packing_completed,packing_completed,WH-SYN-WEST,1,piece,synthetic_case_generator
WHE-SYN-C-0179-08,ORD-SYN-C-0179,2026-06-18T22:01:34+08:00,ready_to_ship,ready_to_ship,WH-SYN-WEST,1,piece,synthetic_case_generator
WHE-SYN-C-0179-09,ORD-SYN-C-0179,2026-06-18T22:09:20+08:00,shipped_from_warehouse,shipped_from_warehouse,WH-SYN-WEST,1,piece,synthetic_case_generator
WHE-SYN-C-0180-01,ORD-SYN-C-0180,2026-06-18T10:47:22+08:00,order_received,order_received,WH-SYN-EAST,5,piece,synthetic_case_generator
WHE-SYN-C-0180-02,ORD-SYN-C-0180,2026-06-18T11:29:51+08:00,picking_started,picking_started,WH-SYN-EAST,5,piece,synthetic_case_generator
WHE-SYN-C-0180-03,ORD-SYN-C-0180,2026-06-18T12:25:56+08:00,picking_completed,picking_completed,WH-SYN-EAST,5,piece,synthetic_case_generator
WHE-SYN-C-0180-04,ORD-SYN-C-0180,2026-06-18T12:56:28+08:00,quality_check_started,quality_check_started,WH-SYN-EAST,5,piece,synthetic_case_generator
WHE-SYN-C-0180-05,ORD-SYN-C-0180,2026-06-18T13:27:41+08:00,quality_check_completed,quality_check_completed,WH-SYN-EAST,5,piece,synthetic_case_generator
WHE-SYN-C-0180-06,ORD-SYN-C-0180,2026-06-18T13:38:14+08:00,packing_started,packing_started,WH-SYN-EAST,5,piece,synthetic_case_generator
WHE-SYN-C-0180-07,ORD-SYN-C-0180,2026-06-18T14:10:29+08:00,packing_completed,packing_completed,WH-SYN-EAST,5,piece,synthetic_case_generator
WHE-SYN-C-0180-08,ORD-SYN-C-0180,2026-06-18T14:39:40+08:00,ready_to_ship,ready_to_ship,WH-SYN-EAST,5,piece,synthetic_case_generator
WHE-SYN-C-0180-09,ORD-SYN-C-0180,2026-06-18T14:50:22+08:00,shipped_from_warehouse,shipped_from_warehouse,WH-SYN-EAST,5,piece,synthetic_case_generator
