tracking_event_id,order_id,shipment_id,event_time,event_code,raw_status,carrier_id,location_code,region_code,exception_code,sequence_number
TRE-SYN-B-0001-01,ORD-SYN-B-0001,SHP-SYN-B-0001,2026-06-01T15:29:42+08:00,shipment_created,shipment_created,CAR-SYN-STD,ORIGIN-WH-SYN-WEST,CN-SD-QD,,1
TRE-SYN-B-0001-02,ORD-SYN-B-0001,SHP-SYN-B-0001,2026-06-01T22:12:55+08:00,carrier_picked_up,carrier_picked_up,CAR-SYN-STD,ORIGIN-WH-SYN-WEST,CN-SD-QD,,2
TRE-SYN-B-0001-03,ORD-SYN-B-0001,SHP-SYN-B-0001,2026-06-01T22:45:50+08:00,origin_departed,origin_departed,CAR-SYN-STD,ORIGIN-WH-SYN-WEST,CN-SD-QD,,3
TRE-SYN-B-0001-04,ORD-SYN-B-0001,SHP-SYN-B-0001,2026-06-01T23:53:39+08:00,in_transit,in_transit,CAR-SYN-STD,LINEHAUL-SYN-01,CN-SD-QD,,4
TRE-SYN-B-0001-05,ORD-SYN-B-0001,SHP-SYN-B-0001,2026-06-02T11:41:10+08:00,arrived_at_hub,arrived_at_hub,CAR-SYN-STD,HUB-SYN-01,CN-SD-QD,,5
TRE-SYN-B-0001-06,ORD-SYN-B-0001,SHP-SYN-B-0001,2026-06-02T14:01:25+08:00,departed_hub,departed_hub,CAR-SYN-STD,HUB-SYN-01,CN-SD-QD,,6
TRE-SYN-B-0001-07,ORD-SYN-B-0001,SHP-SYN-B-0001,2026-06-03T03:05:32+08:00,arrived_at_destination_city,arrived_at_destination_city,CAR-SYN-STD,DEST-CN-SD-QD,CN-SD-QD,,7
TRE-SYN-B-0001-08,ORD-SYN-B-0001,SHP-SYN-B-0001,2026-06-03T11:53:42+08:00,out_for_delivery,out_for_delivery,CAR-SYN-STD,SITE-CN-SD-QD,CN-SD-QD,,8
TRE-SYN-B-0001-09,ORD-SYN-B-0001,SHP-SYN-B-0001,2026-06-03T16:41:25+08:00,delivered,delivered,CAR-SYN-STD,SITE-CN-SD-QD,CN-SD-QD,,9
TRE-SYN-B-0002-01,ORD-SYN-B-0002,SHP-SYN-B-0002,2026-06-01T19:12:29+08:00,shipment_created,shipment_created,CAR-SYN-ECON,ORIGIN-WH-SYN-EAST,CN-SD-QD,,1
TRE-SYN-B-0002-02,ORD-SYN-B-0002,SHP-SYN-B-0002,2026-06-02T01:38:28+08:00,carrier_picked_up,carrier_picked_up,CAR-SYN-ECON,ORIGIN-WH-SYN-EAST,CN-SD-QD,,2
TRE-SYN-B-0002-03,ORD-SYN-B-0002,SHP-SYN-B-0002,2026-06-02T02:45:13+08:00,origin_departed,origin_departed,CAR-SYN-ECON,ORIGIN-WH-SYN-EAST,CN-SD-QD,,3
TRE-SYN-B-0002-04,ORD-SYN-B-0002,SHP-SYN-B-0002,2026-06-02T03:51:18+08:00,in_transit,in_transit,CAR-SYN-ECON,LINEHAUL-SYN-01,CN-SD-QD,,4
TRE-SYN-B-0002-05,ORD-SYN-B-0002,SHP-SYN-B-0002,2026-06-02T15:38:03+08:00,arrived_at_hub,arrived_at_hub,CAR-SYN-ECON,HUB-SYN-01,CN-SD-QD,,5
TRE-SYN-B-0002-06,ORD-SYN-B-0002,SHP-SYN-B-0002,2026-06-02T17:39:44+08:00,departed_hub,departed_hub,CAR-SYN-ECON,HUB-SYN-01,CN-SD-QD,,6
TRE-SYN-B-0002-07,ORD-SYN-B-0002,SHP-SYN-B-0002,2026-06-03T02:48:14+08:00,arrived_at_destination_city,arrived_at_destination_city,CAR-SYN-ECON,DEST-CN-SD-QD,CN-SD-QD,,7
TRE-SYN-B-0002-08,ORD-SYN-B-0002,SHP-SYN-B-0002,2026-06-03T05:34:21+08:00,out_for_delivery,out_for_delivery,CAR-SYN-ECON,SITE-CN-SD-QD,CN-SD-QD,,8
TRE-SYN-B-0002-09,ORD-SYN-B-0002,SHP-SYN-B-0002,2026-06-03T09:20:48+08:00,delivered,delivered,CAR-SYN-ECON,SITE-CN-SD-QD,CN-SD-QD,,9
TRE-SYN-B-0003-01,ORD-SYN-B-0003,SHP-SYN-B-0003,2026-06-01T22:41:30+08:00,shipment_created,shipment_created,CAR-SYN-ECON,ORIGIN-WH-SYN-EAST,CN-HB-WH,,1
TRE-SYN-B-0003-02,ORD-SYN-B-0003,SHP-SYN-B-0003,2026-06-02T03:05:04+08:00,carrier_picked_up,carrier_picked_up,CAR-SYN-ECON,ORIGIN-WH-SYN-EAST,CN-HB-WH,,2
TRE-SYN-B-0003-03,ORD-SYN-B-0003,SHP-SYN-B-0003,2026-06-02T04:23:22+08:00,origin_departed,origin_departed,CAR-SYN-ECON,ORIGIN-WH-SYN-EAST,CN-HB-WH,,3
TRE-SYN-B-0003-04,ORD-SYN-B-0003,SHP-SYN-B-0003,2026-06-02T05:10:53+08:00,in_transit,in_transit,CAR-SYN-ECON,LINEHAUL-SYN-01,CN-HB-WH,,4
TRE-SYN-B-0003-05,ORD-SYN-B-0003,SHP-SYN-B-0003,2026-06-02T17:58:15+08:00,arrived_at_hub,arrived_at_hub,CAR-SYN-ECON,HUB-SYN-01,CN-HB-WH,,5
TRE-SYN-B-0003-06,ORD-SYN-B-0003,SHP-SYN-B-0003,2026-06-02T20:30:14+08:00,departed_hub,departed_hub,CAR-SYN-ECON,HUB-SYN-01,CN-HB-WH,,6
TRE-SYN-B-0003-07,ORD-SYN-B-0003,SHP-SYN-B-0003,2026-06-03T09:25:29+08:00,arrived_at_destination_city,arrived_at_destination_city,CAR-SYN-ECON,DEST-CN-HB-WH,CN-HB-WH,,7
TRE-SYN-B-0003-08,ORD-SYN-B-0003,SHP-SYN-B-0003,2026-06-03T14:04:15+08:00,out_for_delivery,out_for_delivery,CAR-SYN-ECON,SITE-CN-HB-WH,CN-HB-WH,,8
TRE-SYN-B-0003-09,ORD-SYN-B-0003,SHP-SYN-B-0003,2026-06-03T19:52:12+08:00,delivered,delivered,CAR-SYN-ECON,SITE-CN-HB-WH,CN-HB-WH,,9
TRE-SYN-B-0004-01,ORD-SYN-B-0004,SHP-SYN-B-0004,2026-06-01T13:51:34+08:00,shipment_created,shipment_created,CAR-SYN-FAST,ORIGIN-WH-SYN-EAST,CN-HB-WH,,1
TRE-SYN-B-0004-02,ORD-SYN-B-0004,SHP-SYN-B-0004,2026-06-01T21:47:41+08:00,carrier_picked_up,carrier_picked_up,CAR-SYN-FAST,ORIGIN-WH-SYN-EAST,CN-HB-WH,,2
TRE-SYN-B-0004-03,ORD-SYN-B-0004,SHP-SYN-B-0004,2026-06-01T23:08:41+08:00,origin_departed,origin_departed,CAR-SYN-FAST,ORIGIN-WH-SYN-EAST,CN-HB-WH,,3
TRE-SYN-B-0004-04,ORD-SYN-B-0004,SHP-SYN-B-0004,2026-06-02T00:07:44+08:00,in_transit,in_transit,CAR-SYN-FAST,LINEHAUL-SYN-01,CN-HB-WH,,4
TRE-SYN-B-0004-05,ORD-SYN-B-0004,SHP-SYN-B-0004,2026-06-02T09:51:44+08:00,arrived_at_hub,arrived_at_hub,CAR-SYN-FAST,HUB-SYN-01,CN-HB-WH,,5
TRE-SYN-B-0004-06,ORD-SYN-B-0004,SHP-SYN-B-0004,2026-06-02T13:25:35+08:00,departed_hub,departed_hub,CAR-SYN-FAST,HUB-SYN-01,CN-HB-WH,,6
TRE-SYN-B-0004-07,ORD-SYN-B-0004,SHP-SYN-B-0004,2026-06-03T01:22:40+08:00,arrived_at_destination_city,arrived_at_destination_city,CAR-SYN-FAST,DEST-CN-HB-WH,CN-HB-WH,,7
TRE-SYN-B-0004-08,ORD-SYN-B-0004,SHP-SYN-B-0004,2026-06-03T07:33:16+08:00,out_for_delivery,out_for_delivery,CAR-SYN-FAST,SITE-CN-HB-WH,CN-HB-WH,,8
TRE-SYN-B-0004-09,ORD-SYN-B-0004,SHP-SYN-B-0004,2026-06-03T10:56:48+08:00,delivered,delivered,CAR-SYN-FAST,SITE-CN-HB-WH,CN-HB-WH,,9
TRE-SYN-B-0005-01,ORD-SYN-B-0005,SHP-SYN-B-0005,2026-06-01T17:35:20+08:00,shipment_created,shipment_created,CAR-SYN-FAST,ORIGIN-WH-SYN-EAST,CN-HB-WH,,1
TRE-SYN-B-0005-02,ORD-SYN-B-0005,SHP-SYN-B-0005,2026-06-01T21:52:05+08:00,carrier_picked_up,carrier_picked_up,CAR-SYN-FAST,ORIGIN-WH-SYN-EAST,CN-HB-WH,,2
TRE-SYN-B-0005-03,ORD-SYN-B-0005,SHP-SYN-B-0005,2026-06-01T22:31:01+08:00,origin_departed,origin_departed,CAR-SYN-FAST,ORIGIN-WH-SYN-EAST,CN-HB-WH,,3
TRE-SYN-B-0005-04,ORD-SYN-B-0005,SHP-SYN-B-0005,2026-06-02T00:00:41+08:00,in_transit,in_transit,CAR-SYN-FAST,LINEHAUL-SYN-01,CN-HB-WH,,4
TRE-SYN-B-0005-05,ORD-SYN-B-0005,SHP-SYN-B-0005,2026-06-02T07:46:41+08:00,arrived_at_hub,arrived_at_hub,CAR-SYN-FAST,HUB-SYN-01,CN-HB-WH,,5
TRE-SYN-B-0005-06,ORD-SYN-B-0005,SHP-SYN-B-0005,2026-06-02T11:01:54+08:00,departed_hub,departed_hub,CAR-SYN-FAST,HUB-SYN-01,CN-HB-WH,,6
TRE-SYN-B-0005-07,ORD-SYN-B-0005,SHP-SYN-B-0005,2026-06-03T02:27:01+08:00,arrived_at_destination_city,arrived_at_destination_city,CAR-SYN-FAST,DEST-CN-HB-WH,CN-HB-WH,,7
TRE-SYN-B-0005-08,ORD-SYN-B-0005,SHP-SYN-B-0005,2026-06-03T09:04:36+08:00,out_for_delivery,out_for_delivery,CAR-SYN-FAST,SITE-CN-HB-WH,CN-HB-WH,,8
TRE-SYN-B-0005-09,ORD-SYN-B-0005,SHP-SYN-B-0005,2026-06-03T10:08:57+08:00,delivered,delivered,CAR-SYN-FAST,SITE-CN-HB-WH,CN-HB-WH,,9
TRE-SYN-B-0006-01,ORD-SYN-B-0006,SHP-SYN-B-0006,2026-06-01T19:52:54+08:00,shipment_created,shipment_created,CAR-SYN-FAST,ORIGIN-WH-SYN-EAST,CN-HB-WH,,1
TRE-SYN-B-0006-02,ORD-SYN-B-0006,SHP-SYN-B-0006,2026-06-02T03:33:05+08:00,carrier_picked_up,carrier_picked_up,CAR-SYN-FAST,ORIGIN-WH-SYN-EAST,CN-HB-WH,,2
TRE-SYN-B-0006-03,ORD-SYN-B-0006,SHP-SYN-B-0006,2026-06-02T04:51:15+08:00,origin_departed,origin_departed,CAR-SYN-FAST,ORIGIN-WH-SYN-EAST,CN-HB-WH,,3
TRE-SYN-B-0006-04,ORD-SYN-B-0006,SHP-SYN-B-0006,2026-06-02T05:42:09+08:00,in_transit,in_transit,CAR-SYN-FAST,LINEHAUL-SYN-01,CN-HB-WH,,4
TRE-SYN-B-0006-05,ORD-SYN-B-0006,SHP-SYN-B-0006,2026-06-02T17:55:30+08:00,arrived_at_hub,arrived_at_hub,CAR-SYN-FAST,HUB-SYN-01,CN-HB-WH,,5
TRE-SYN-B-0006-06,ORD-SYN-B-0006,SHP-SYN-B-0006,2026-06-02T19:00:53+08:00,departed_hub,departed_hub,CAR-SYN-FAST,HUB-SYN-01,CN-HB-WH,,6
TRE-SYN-B-0006-07,ORD-SYN-B-0006,SHP-SYN-B-0006,2026-06-03T07:41:35+08:00,arrived_at_destination_city,arrived_at_destination_city,CAR-SYN-FAST,DEST-CN-HB-WH,CN-HB-WH,,7
TRE-SYN-B-0006-08,ORD-SYN-B-0006,SHP-SYN-B-0006,2026-06-03T13:32:05+08:00,out_for_delivery,out_for_delivery,CAR-SYN-FAST,SITE-CN-HB-WH,CN-HB-WH,,8
TRE-SYN-B-0006-09,ORD-SYN-B-0006,SHP-SYN-B-0006,2026-06-03T15:15:26+08:00,delivered,delivered,CAR-SYN-FAST,SITE-CN-HB-WH,CN-HB-WH,,9
TRE-SYN-B-0007-01,ORD-SYN-B-0007,SHP-SYN-B-0007,2026-06-01T22:55:29+08:00,shipment_created,shipment_created,CAR-SYN-ECON,ORIGIN-WH-SYN-EAST,CN-ZJ-HZ,,1
TRE-SYN-B-0007-02,ORD-SYN-B-0007,SHP-SYN-B-0007,2026-06-02T04:46:46+08:00,carrier_picked_up,carrier_picked_up,CAR-SYN-ECON,ORIGIN-WH-SYN-EAST,CN-ZJ-HZ,,2
TRE-SYN-B-0007-03,ORD-SYN-B-0007,SHP-SYN-B-0007,2026-06-02T05:40:59+08:00,origin_departed,origin_departed,CAR-SYN-ECON,ORIGIN-WH-SYN-EAST,CN-ZJ-HZ,,3
TRE-SYN-B-0007-04,ORD-SYN-B-0007,SHP-SYN-B-0007,2026-06-02T07:07:06+08:00,in_transit,in_transit,CAR-SYN-ECON,LINEHAUL-SYN-01,CN-ZJ-HZ,,4
TRE-SYN-B-0007-05,ORD-SYN-B-0007,SHP-SYN-B-0007,2026-06-02T13:50:08+08:00,arrived_at_hub,arrived_at_hub,CAR-SYN-ECON,HUB-SYN-01,CN-ZJ-HZ,,5
TRE-SYN-B-0007-06,ORD-SYN-B-0007,SHP-SYN-B-0007,2026-06-02T15:03:53+08:00,departed_hub,departed_hub,CAR-SYN-ECON,HUB-SYN-01,CN-ZJ-HZ,,6
TRE-SYN-B-0007-07,ORD-SYN-B-0007,SHP-SYN-B-0007,2026-06-03T03:15:07+08:00,arrived_at_destination_city,arrived_at_destination_city,CAR-SYN-ECON,DEST-CN-ZJ-HZ,CN-ZJ-HZ,,7
TRE-SYN-B-0007-08,ORD-SYN-B-0007,SHP-SYN-B-0007,2026-06-03T11:10:47+08:00,out_for_delivery,out_for_delivery,CAR-SYN-ECON,SITE-CN-ZJ-HZ,CN-ZJ-HZ,,8
TRE-SYN-B-0007-09,ORD-SYN-B-0007,SHP-SYN-B-0007,2026-06-03T16:45:38+08:00,delivered,delivered,CAR-SYN-ECON,SITE-CN-ZJ-HZ,CN-ZJ-HZ,,9
TRE-SYN-B-0008-01,ORD-SYN-B-0008,SHP-SYN-B-0008,2026-06-01T15:32:31+08:00,shipment_created,shipment_created,CAR-SYN-FAST,ORIGIN-WH-SYN-WEST,CN-ZJ-HZ,,1
TRE-SYN-B-0008-02,ORD-SYN-B-0008,SHP-SYN-B-0008,2026-06-01T20:04:28+08:00,carrier_picked_up,carrier_picked_up,CAR-SYN-FAST,ORIGIN-WH-SYN-WEST,CN-ZJ-HZ,,2
TRE-SYN-B-0008-03,ORD-SYN-B-0008,SHP-SYN-B-0008,2026-06-01T20:56:07+08:00,origin_departed,origin_departed,CAR-SYN-FAST,ORIGIN-WH-SYN-WEST,CN-ZJ-HZ,,3
TRE-SYN-B-0008-04,ORD-SYN-B-0008,SHP-SYN-B-0008,2026-06-01T21:37:09+08:00,in_transit,in_transit,CAR-SYN-FAST,LINEHAUL-SYN-01,CN-ZJ-HZ,,4
TRE-SYN-B-0008-05,ORD-SYN-B-0008,SHP-SYN-B-0008,2026-06-02T05:42:21+08:00,arrived_at_hub,arrived_at_hub,CAR-SYN-FAST,HUB-SYN-01,CN-ZJ-HZ,,5
TRE-SYN-B-0008-06,ORD-SYN-B-0008,SHP-SYN-B-0008,2026-06-02T08:58:12+08:00,departed_hub,departed_hub,CAR-SYN-FAST,HUB-SYN-01,CN-ZJ-HZ,,6
TRE-SYN-B-0008-07,ORD-SYN-B-0008,SHP-SYN-B-0008,2026-06-02T19:51:30+08:00,arrived_at_destination_city,arrived_at_destination_city,CAR-SYN-FAST,DEST-CN-ZJ-HZ,CN-ZJ-HZ,,7
TRE-SYN-B-0008-08,ORD-SYN-B-0008,SHP-SYN-B-0008,2026-06-03T01:45:20+08:00,out_for_delivery,out_for_delivery,CAR-SYN-FAST,SITE-CN-ZJ-HZ,CN-ZJ-HZ,,8
TRE-SYN-B-0008-09,ORD-SYN-B-0008,SHP-SYN-B-0008,2026-06-03T05:08:03+08:00,delivered,delivered,CAR-SYN-FAST,SITE-CN-ZJ-HZ,CN-ZJ-HZ,,9
TRE-SYN-B-0009-01,ORD-SYN-B-0009,SHP-SYN-B-0009,2026-06-01T17:49:30+08:00,shipment_created,shipment_created,CAR-SYN-FAST,ORIGIN-WH-SYN-WEST,CN-SD-QD,,1
TRE-SYN-B-0009-02,ORD-SYN-B-0009,SHP-SYN-B-0009,2026-06-01T21:38:39+08:00,carrier_picked_up,carrier_picked_up,CAR-SYN-FAST,ORIGIN-WH-SYN-WEST,CN-SD-QD,,2
TRE-SYN-B-0009-03,ORD-SYN-B-0009,SHP-SYN-B-0009,2026-06-01T22:55:20+08:00,origin_departed,origin_departed,CAR-SYN-FAST,ORIGIN-WH-SYN-WEST,CN-SD-QD,,3
TRE-SYN-B-0009-04,ORD-SYN-B-0009,SHP-SYN-B-0009,2026-06-02T00:01:03+08:00,in_transit,in_transit,CAR-SYN-FAST,LINEHAUL-SYN-01,CN-SD-QD,,4
TRE-SYN-B-0009-05,ORD-SYN-B-0009,SHP-SYN-B-0009,2026-06-02T11:09:26+08:00,arrived_at_hub,arrived_at_hub,CAR-SYN-FAST,HUB-SYN-01,CN-SD-QD,,5
TRE-SYN-B-0009-06,ORD-SYN-B-0009,SHP-SYN-B-0009,2026-06-02T14:50:35+08:00,departed_hub,departed_hub,CAR-SYN-FAST,HUB-SYN-01,CN-SD-QD,,6
TRE-SYN-B-0009-07,ORD-SYN-B-0009,SHP-SYN-B-0009,2026-06-03T00:52:40+08:00,arrived_at_destination_city,arrived_at_destination_city,CAR-SYN-FAST,DEST-CN-SD-QD,CN-SD-QD,,7
TRE-SYN-B-0009-08,ORD-SYN-B-0009,SHP-SYN-B-0009,2026-06-03T08:26:16+08:00,out_for_delivery,out_for_delivery,CAR-SYN-FAST,SITE-CN-SD-QD,CN-SD-QD,,8
TRE-SYN-B-0009-09,ORD-SYN-B-0009,SHP-SYN-B-0009,2026-06-03T11:32:45+08:00,delivered,delivered,CAR-SYN-FAST,SITE-CN-SD-QD,CN-SD-QD,,9
TRE-SYN-B-0010-01,ORD-SYN-B-0010,SHP-SYN-B-0010,2026-06-01T21:06:44+08:00,shipment_created,shipment_created,CAR-SYN-FAST,ORIGIN-WH-SYN-EAST,CN-SD-QD,,1
TRE-SYN-B-0010-02,ORD-SYN-B-0010,SHP-SYN-B-0010,2026-06-02T00:57:11+08:00,carrier_picked_up,carrier_picked_up,CAR-SYN-FAST,ORIGIN-WH-SYN-EAST,CN-SD-QD,,2
TRE-SYN-B-0010-03,ORD-SYN-B-0010,SHP-SYN-B-0010,2026-06-02T02:26:18+08:00,origin_departed,origin_departed,CAR-SYN-FAST,ORIGIN-WH-SYN-EAST,CN-SD-QD,,3
TRE-SYN-B-0010-04,ORD-SYN-B-0010,SHP-SYN-B-0010,2026-06-02T02:59:54+08:00,in_transit,in_transit,CAR-SYN-FAST,LINEHAUL-SYN-01,CN-SD-QD,,4
TRE-SYN-B-0010-05,ORD-SYN-B-0010,SHP-SYN-B-0010,2026-06-02T09:04:04+08:00,arrived_at_hub,arrived_at_hub,CAR-SYN-FAST,HUB-SYN-01,CN-SD-QD,,5
TRE-SYN-B-0010-06,ORD-SYN-B-0010,SHP-SYN-B-0010,2026-06-02T10:49:06+08:00,departed_hub,departed_hub,CAR-SYN-FAST,HUB-SYN-01,CN-SD-QD,,6
TRE-SYN-B-0010-07,ORD-SYN-B-0010,SHP-SYN-B-0010,2026-06-02T19:52:58+08:00,arrived_at_destination_city,arrived_at_destination_city,CAR-SYN-FAST,DEST-CN-SD-QD,CN-SD-QD,,7
TRE-SYN-B-0010-08,ORD-SYN-B-0010,SHP-SYN-B-0010,2026-06-03T00:11:54+08:00,out_for_delivery,out_for_delivery,CAR-SYN-FAST,SITE-CN-SD-QD,CN-SD-QD,,8
TRE-SYN-B-0010-09,ORD-SYN-B-0010,SHP-SYN-B-0010,2026-06-03T05:21:28+08:00,delivered,delivered,CAR-SYN-FAST,SITE-CN-SD-QD,CN-SD-QD,,9
TRE-SYN-B-0011-01,ORD-SYN-B-0011,SHP-SYN-B-0011,2026-06-01T13:18:03+08:00,shipment_created,shipment_created,CAR-SYN-FAST,ORIGIN-WH-SYN-WEST,CN-HB-WH,,1
TRE-SYN-B-0011-02,ORD-SYN-B-0011,SHP-SYN-B-0011,2026-06-01T18:05:42+08:00,carrier_picked_up,carrier_picked_up,CAR-SYN-FAST,ORIGIN-WH-SYN-WEST,CN-HB-WH,,2
TRE-SYN-B-0011-03,ORD-SYN-B-0011,SHP-SYN-B-0011,2026-06-01T18:41:15+08:00,origin_departed,origin_departed,CAR-SYN-FAST,ORIGIN-WH-SYN-WEST,CN-HB-WH,,3
TRE-SYN-B-0011-04,ORD-SYN-B-0011,SHP-SYN-B-0011,2026-06-01T19:15:12+08:00,in_transit,in_transit,CAR-SYN-FAST,LINEHAUL-SYN-01,CN-HB-WH,,4
TRE-SYN-B-0011-05,ORD-SYN-B-0011,SHP-SYN-B-0011,2026-06-02T06:53:32+08:00,arrived_at_hub,arrived_at_hub,CAR-SYN-FAST,HUB-SYN-01,CN-HB-WH,,5
TRE-SYN-B-0011-06,ORD-SYN-B-0011,SHP-SYN-B-0011,2026-06-02T08:04:58+08:00,departed_hub,departed_hub,CAR-SYN-FAST,HUB-SYN-01,CN-HB-WH,,6
TRE-SYN-B-0011-07,ORD-SYN-B-0011,SHP-SYN-B-0011,2026-06-02T16:43:55+08:00,arrived_at_destination_city,arrived_at_destination_city,CAR-SYN-FAST,DEST-CN-HB-WH,CN-HB-WH,,7
TRE-SYN-B-0011-08,ORD-SYN-B-0011,SHP-SYN-B-0011,2026-06-02T20:58:10+08:00,out_for_delivery,out_for_delivery,CAR-SYN-FAST,SITE-CN-HB-WH,CN-HB-WH,,8
TRE-SYN-B-0011-09,ORD-SYN-B-0011,SHP-SYN-B-0011,2026-06-03T02:06:23+08:00,delivered,delivered,CAR-SYN-FAST,SITE-CN-HB-WH,CN-HB-WH,,9
TRE-SYN-B-0012-01,ORD-SYN-B-0012,SHP-SYN-B-0012,2026-06-02T15:44:52+08:00,shipment_created,shipment_created,CAR-SYN-STD,ORIGIN-WH-SYN-EAST,CN-JS-NJ,,1
TRE-SYN-B-0012-02,ORD-SYN-B-0012,SHP-SYN-B-0012,2026-06-02T19:29:57+08:00,carrier_picked_up,carrier_picked_up,CAR-SYN-STD,ORIGIN-WH-SYN-EAST,CN-JS-NJ,,2
TRE-SYN-B-0012-03,ORD-SYN-B-0012,SHP-SYN-B-0012,2026-06-02T20:59:25+08:00,origin_departed,origin_departed,CAR-SYN-STD,ORIGIN-WH-SYN-EAST,CN-JS-NJ,,3
TRE-SYN-B-0012-04,ORD-SYN-B-0012,SHP-SYN-B-0012,2026-06-02T22:02:48+08:00,in_transit,in_transit,CAR-SYN-STD,LINEHAUL-SYN-01,CN-JS-NJ,,4
TRE-SYN-B-0012-05,ORD-SYN-B-0012,SHP-SYN-B-0012,2026-06-03T07:28:01+08:00,arrived_at_hub,arrived_at_hub,CAR-SYN-STD,HUB-SYN-01,CN-JS-NJ,,5
TRE-SYN-B-0012-06,ORD-SYN-B-0012,SHP-SYN-B-0012,2026-06-03T09:16:17+08:00,departed_hub,departed_hub,CAR-SYN-STD,HUB-SYN-01,CN-JS-NJ,,6
TRE-SYN-B-0012-07,ORD-SYN-B-0012,SHP-SYN-B-0012,2026-06-04T00:04:51+08:00,arrived_at_destination_city,arrived_at_destination_city,CAR-SYN-STD,DEST-CN-JS-NJ,CN-JS-NJ,,7
TRE-SYN-B-0012-08,ORD-SYN-B-0012,SHP-SYN-B-0012,2026-06-04T04:42:13+08:00,out_for_delivery,out_for_delivery,CAR-SYN-STD,SITE-CN-JS-NJ,CN-JS-NJ,,8
TRE-SYN-B-0012-09,ORD-SYN-B-0012,SHP-SYN-B-0012,2026-06-04T09:18:22+08:00,delivered,delivered,CAR-SYN-STD,SITE-CN-JS-NJ,CN-JS-NJ,,9
TRE-SYN-B-0013-01,ORD-SYN-B-0013,SHP-SYN-B-0013,2026-06-02T19:30:42+08:00,shipment_created,shipment_created,CAR-SYN-STD,ORIGIN-WH-SYN-EAST,CN-ZJ-HZ,,1
TRE-SYN-B-0013-02,ORD-SYN-B-0013,SHP-SYN-B-0013,2026-06-02T23:26:55+08:00,carrier_picked_up,carrier_picked_up,CAR-SYN-STD,ORIGIN-WH-SYN-EAST,CN-ZJ-HZ,,2
TRE-SYN-B-0013-03,ORD-SYN-B-0013,SHP-SYN-B-0013,2026-06-03T00:32:32+08:00,origin_departed,origin_departed,CAR-SYN-STD,ORIGIN-WH-SYN-EAST,CN-ZJ-HZ,,3
TRE-SYN-B-0013-04,ORD-SYN-B-0013,SHP-SYN-B-0013,2026-06-03T01:49:15+08:00,in_transit,in_transit,CAR-SYN-STD,LINEHAUL-SYN-01,CN-ZJ-HZ,,4
TRE-SYN-B-0013-05,ORD-SYN-B-0013,SHP-SYN-B-0013,2026-06-03T08:48:29+08:00,arrived_at_hub,arrived_at_hub,CAR-SYN-STD,HUB-SYN-01,CN-ZJ-HZ,,5
TRE-SYN-B-0013-06,ORD-SYN-B-0013,SHP-SYN-B-0013,2026-06-03T11:57:31+08:00,departed_hub,departed_hub,CAR-SYN-STD,HUB-SYN-01,CN-ZJ-HZ,,6
TRE-SYN-B-0013-07,ORD-SYN-B-0013,SHP-SYN-B-0013,2026-06-04T02:19:42+08:00,arrived_at_destination_city,arrived_at_destination_city,CAR-SYN-STD,DEST-CN-ZJ-HZ,CN-ZJ-HZ,,7
TRE-SYN-B-0013-08,ORD-SYN-B-0013,SHP-SYN-B-0013,2026-06-04T05:24:37+08:00,out_for_delivery,out_for_delivery,CAR-SYN-STD,SITE-CN-ZJ-HZ,CN-ZJ-HZ,,8
TRE-SYN-B-0013-09,ORD-SYN-B-0013,SHP-SYN-B-0013,2026-06-04T08:41:16+08:00,delivered,delivered,CAR-SYN-STD,SITE-CN-ZJ-HZ,CN-ZJ-HZ,,9
TRE-SYN-B-0014-01,ORD-SYN-B-0014,SHP-SYN-B-0014,2026-06-02T21:59:39+08:00,shipment_created,shipment_created,CAR-SYN-FAST,ORIGIN-WH-SYN-EAST,CN-ZJ-HZ,,1
TRE-SYN-B-0014-02,ORD-SYN-B-0014,SHP-SYN-B-0014,2026-06-03T00:32:52+08:00,carrier_picked_up,carrier_picked_up,CAR-SYN-FAST,ORIGIN-WH-SYN-EAST,CN-ZJ-HZ,,2
TRE-SYN-B-0014-03,ORD-SYN-B-0014,SHP-SYN-B-0014,2026-06-03T02:01:08+08:00,origin_departed,origin_departed,CAR-SYN-FAST,ORIGIN-WH-SYN-EAST,CN-ZJ-HZ,,3
TRE-SYN-B-0014-04,ORD-SYN-B-0014,SHP-SYN-B-0014,2026-06-03T02:42:23+08:00,in_transit,in_transit,CAR-SYN-FAST,LINEHAUL-SYN-01,CN-ZJ-HZ,,4
TRE-SYN-B-0014-05,ORD-SYN-B-0014,SHP-SYN-B-0014,2026-06-03T12:37:29+08:00,arrived_at_hub,arrived_at_hub,CAR-SYN-FAST,HUB-SYN-01,CN-ZJ-HZ,,5
TRE-SYN-B-0014-06,ORD-SYN-B-0014,SHP-SYN-B-0014,2026-06-03T16:29:39+08:00,departed_hub,departed_hub,CAR-SYN-FAST,HUB-SYN-01,CN-ZJ-HZ,,6
TRE-SYN-B-0014-07,ORD-SYN-B-0014,SHP-SYN-B-0014,2026-06-04T00:31:05+08:00,arrived_at_destination_city,arrived_at_destination_city,CAR-SYN-FAST,DEST-CN-ZJ-HZ,CN-ZJ-HZ,,7
TRE-SYN-B-0014-08,ORD-SYN-B-0014,SHP-SYN-B-0014,2026-06-04T07:09:54+08:00,out_for_delivery,out_for_delivery,CAR-SYN-FAST,SITE-CN-ZJ-HZ,CN-ZJ-HZ,,8
TRE-SYN-B-0014-09,ORD-SYN-B-0014,SHP-SYN-B-0014,2026-06-04T12:05:14+08:00,delivered,delivered,CAR-SYN-FAST,SITE-CN-ZJ-HZ,CN-ZJ-HZ,,9
TRE-SYN-B-0015-01,ORD-SYN-B-0015,SHP-SYN-B-0015,2026-06-02T14:03:53+08:00,shipment_created,shipment_created,CAR-SYN-STD,ORIGIN-WH-SYN-EAST,CN-JS-NJ,,1
TRE-SYN-B-0015-02,ORD-SYN-B-0015,SHP-SYN-B-0015,2026-06-02T19:22:12+08:00,carrier_picked_up,carrier_picked_up,CAR-SYN-STD,ORIGIN-WH-SYN-EAST,CN-JS-NJ,,2
TRE-SYN-B-0015-03,ORD-SYN-B-0015,SHP-SYN-B-0015,2026-06-02T19:54:33+08:00,origin_departed,origin_departed,CAR-SYN-STD,ORIGIN-WH-SYN-EAST,CN-JS-NJ,,3
TRE-SYN-B-0015-04,ORD-SYN-B-0015,SHP-SYN-B-0015,2026-06-02T21:16:18+08:00,in_transit,in_transit,CAR-SYN-STD,LINEHAUL-SYN-01,CN-JS-NJ,,4
TRE-SYN-B-0015-05,ORD-SYN-B-0015,SHP-SYN-B-0015,2026-06-03T06:35:25+08:00,arrived_at_hub,arrived_at_hub,CAR-SYN-STD,HUB-SYN-01,CN-JS-NJ,,5
TRE-SYN-B-0015-06,ORD-SYN-B-0015,SHP-SYN-B-0015,2026-06-03T09:43:07+08:00,departed_hub,departed_hub,CAR-SYN-STD,HUB-SYN-01,CN-JS-NJ,,6
TRE-SYN-B-0015-07,ORD-SYN-B-0015,SHP-SYN-B-0015,2026-06-03T19:10:20+08:00,arrived_at_destination_city,arrived_at_destination_city,CAR-SYN-STD,DEST-CN-JS-NJ,CN-JS-NJ,,7
TRE-SYN-B-0015-08,ORD-SYN-B-0015,SHP-SYN-B-0015,2026-06-03T22:05:04+08:00,out_for_delivery,out_for_delivery,CAR-SYN-STD,SITE-CN-JS-NJ,CN-JS-NJ,,8
TRE-SYN-B-0015-09,ORD-SYN-B-0015,SHP-SYN-B-0015,2026-06-04T03:50:05+08:00,delivered,delivered,CAR-SYN-STD,SITE-CN-JS-NJ,CN-JS-NJ,,9
TRE-SYN-B-0016-01,ORD-SYN-B-0016,SHP-SYN-B-0016,2026-06-02T16:34:48+08:00,shipment_created,shipment_created,CAR-SYN-FAST,ORIGIN-WH-SYN-EAST,CN-SD-QD,,1
TRE-SYN-B-0016-02,ORD-SYN-B-0016,SHP-SYN-B-0016,2026-06-02T21:07:09+08:00,carrier_picked_up,carrier_picked_up,CAR-SYN-FAST,ORIGIN-WH-SYN-EAST,CN-SD-QD,,2
TRE-SYN-B-0016-03,ORD-SYN-B-0016,SHP-SYN-B-0016,2026-06-02T21:50:02+08:00,origin_departed,origin_departed,CAR-SYN-FAST,ORIGIN-WH-SYN-EAST,CN-SD-QD,,3
TRE-SYN-B-0016-04,ORD-SYN-B-0016,SHP-SYN-B-0016,2026-06-02T23:13:09+08:00,in_transit,in_transit,CAR-SYN-FAST,LINEHAUL-SYN-01,CN-SD-QD,,4
TRE-SYN-B-0016-05,ORD-SYN-B-0016,SHP-SYN-B-0016,2026-06-03T06:39:55+08:00,arrived_at_hub,arrived_at_hub,CAR-SYN-FAST,HUB-SYN-01,CN-SD-QD,,5
TRE-SYN-B-0016-06,ORD-SYN-B-0016,SHP-SYN-B-0016,2026-06-03T10:32:19+08:00,departed_hub,departed_hub,CAR-SYN-FAST,HUB-SYN-01,CN-SD-QD,,6
TRE-SYN-B-0016-07,ORD-SYN-B-0016,SHP-SYN-B-0016,2026-06-03T19:20:06+08:00,arrived_at_destination_city,arrived_at_destination_city,CAR-SYN-FAST,DEST-CN-SD-QD,CN-SD-QD,,7
TRE-SYN-B-0016-08,ORD-SYN-B-0016,SHP-SYN-B-0016,2026-06-04T00:06:17+08:00,out_for_delivery,out_for_delivery,CAR-SYN-FAST,SITE-CN-SD-QD,CN-SD-QD,,8
TRE-SYN-B-0016-09,ORD-SYN-B-0016,SHP-SYN-B-0016,2026-06-04T05:47:30+08:00,delivered,delivered,CAR-SYN-FAST,SITE-CN-SD-QD,CN-SD-QD,,9
TRE-SYN-B-0017-01,ORD-SYN-B-0017,SHP-SYN-B-0017,2026-06-02T20:05:18+08:00,shipment_created,shipment_created,CAR-SYN-FAST,ORIGIN-WH-SYN-EAST,CN-JS-NJ,,1
TRE-SYN-B-0017-02,ORD-SYN-B-0017,SHP-SYN-B-0017,2026-06-03T02:27:19+08:00,carrier_picked_up,carrier_picked_up,CAR-SYN-FAST,ORIGIN-WH-SYN-EAST,CN-JS-NJ,,2
TRE-SYN-B-0017-03,ORD-SYN-B-0017,SHP-SYN-B-0017,2026-06-03T03:16:24+08:00,origin_departed,origin_departed,CAR-SYN-FAST,ORIGIN-WH-SYN-EAST,CN-JS-NJ,,3
TRE-SYN-B-0017-04,ORD-SYN-B-0017,SHP-SYN-B-0017,2026-06-03T04:17:30+08:00,in_transit,in_transit,CAR-SYN-FAST,LINEHAUL-SYN-01,CN-JS-NJ,,4
TRE-SYN-B-0017-05,ORD-SYN-B-0017,SHP-SYN-B-0017,2026-06-03T16:55:51+08:00,arrived_at_hub,arrived_at_hub,CAR-SYN-FAST,HUB-SYN-01,CN-JS-NJ,,5
TRE-SYN-B-0017-06,ORD-SYN-B-0017,SHP-SYN-B-0017,2026-06-03T18:35:59+08:00,departed_hub,departed_hub,CAR-SYN-FAST,HUB-SYN-01,CN-JS-NJ,,6
TRE-SYN-B-0017-07,ORD-SYN-B-0017,SHP-SYN-B-0017,2026-06-04T08:41:23+08:00,arrived_at_destination_city,arrived_at_destination_city,CAR-SYN-FAST,DEST-CN-JS-NJ,CN-JS-NJ,,7
TRE-SYN-B-0017-08,ORD-SYN-B-0017,SHP-SYN-B-0017,2026-06-04T11:38:28+08:00,out_for_delivery,out_for_delivery,CAR-SYN-FAST,SITE-CN-JS-NJ,CN-JS-NJ,,8
TRE-SYN-B-0017-09,ORD-SYN-B-0017,SHP-SYN-B-0017,2026-06-04T15:41:47+08:00,delivered,delivered,CAR-SYN-FAST,SITE-CN-JS-NJ,CN-JS-NJ,,9
TRE-SYN-B-0018-01,ORD-SYN-B-0018,SHP-SYN-B-0018,2026-06-02T23:20:11+08:00,shipment_created,shipment_created,CAR-SYN-FAST,ORIGIN-WH-SYN-EAST,CN-JS-NJ,,1
TRE-SYN-B-0018-02,ORD-SYN-B-0018,SHP-SYN-B-0018,2026-06-03T07:11:54+08:00,carrier_picked_up,carrier_picked_up,CAR-SYN-FAST,ORIGIN-WH-SYN-EAST,CN-JS-NJ,,2
TRE-SYN-B-0018-03,ORD-SYN-B-0018,SHP-SYN-B-0018,2026-06-03T08:05:23+08:00,origin_departed,origin_departed,CAR-SYN-FAST,ORIGIN-WH-SYN-EAST,CN-JS-NJ,,3
TRE-SYN-B-0018-04,ORD-SYN-B-0018,SHP-SYN-B-0018,2026-06-03T09:15:02+08:00,in_transit,in_transit,CAR-SYN-FAST,LINEHAUL-SYN-01,CN-JS-NJ,,4
TRE-SYN-B-0018-05,ORD-SYN-B-0018,SHP-SYN-B-0018,2026-06-03T15:33:27+08:00,arrived_at_hub,arrived_at_hub,CAR-SYN-FAST,HUB-SYN-01,CN-JS-NJ,,5
TRE-SYN-B-0018-06,ORD-SYN-B-0018,SHP-SYN-B-0018,2026-06-03T17:21:12+08:00,departed_hub,departed_hub,CAR-SYN-FAST,HUB-SYN-01,CN-JS-NJ,,6
TRE-SYN-B-0018-07,ORD-SYN-B-0018,SHP-SYN-B-0018,2026-06-04T07:38:19+08:00,arrived_at_destination_city,arrived_at_destination_city,CAR-SYN-FAST,DEST-CN-JS-NJ,CN-JS-NJ,,7
TRE-SYN-B-0018-08,ORD-SYN-B-0018,SHP-SYN-B-0018,2026-06-04T14:16:44+08:00,out_for_delivery,out_for_delivery,CAR-SYN-FAST,SITE-CN-JS-NJ,CN-JS-NJ,,8
TRE-SYN-B-0018-09,ORD-SYN-B-0018,SHP-SYN-B-0018,2026-06-04T17:14:48+08:00,delivered,delivered,CAR-SYN-FAST,SITE-CN-JS-NJ,CN-JS-NJ,,9
TRE-SYN-B-0019-01,ORD-SYN-B-0019,SHP-SYN-B-0019,2026-06-02T14:52:00+08:00,shipment_created,shipment_created,CAR-SYN-STD,ORIGIN-WH-SYN-WEST,CN-SD-QD,,1
TRE-SYN-B-0019-02,ORD-SYN-B-0019,SHP-SYN-B-0019,2026-06-02T22:44:30+08:00,carrier_picked_up,carrier_picked_up,CAR-SYN-STD,ORIGIN-WH-SYN-WEST,CN-SD-QD,,2
TRE-SYN-B-0019-03,ORD-SYN-B-0019,SHP-SYN-B-0019,2026-06-03T00:08:00+08:00,origin_departed,origin_departed,CAR-SYN-STD,ORIGIN-WH-SYN-WEST,CN-SD-QD,,3
TRE-SYN-B-0019-04,ORD-SYN-B-0019,SHP-SYN-B-0019,2026-06-03T01:16:52+08:00,in_transit,in_transit,CAR-SYN-STD,LINEHAUL-SYN-01,CN-SD-QD,,4
TRE-SYN-B-0019-05,ORD-SYN-B-0019,SHP-SYN-B-0019,2026-06-03T07:31:45+08:00,arrived_at_hub,arrived_at_hub,CAR-SYN-STD,HUB-SYN-01,CN-SD-QD,,5
TRE-SYN-B-0019-06,ORD-SYN-B-0019,SHP-SYN-B-0019,2026-06-03T09:16:46+08:00,departed_hub,departed_hub,CAR-SYN-STD,HUB-SYN-01,CN-SD-QD,,6
TRE-SYN-B-0019-07,ORD-SYN-B-0019,SHP-SYN-B-0019,2026-06-03T20:21:46+08:00,arrived_at_destination_city,arrived_at_destination_city,CAR-SYN-STD,DEST-CN-SD-QD,CN-SD-QD,,7
TRE-SYN-B-0019-08,ORD-SYN-B-0019,SHP-SYN-B-0019,2026-06-04T04:41:39+08:00,out_for_delivery,out_for_delivery,CAR-SYN-STD,SITE-CN-SD-QD,CN-SD-QD,,8
TRE-SYN-B-0019-09,ORD-SYN-B-0019,SHP-SYN-B-0019,2026-06-04T08:56:38+08:00,delivered,delivered,CAR-SYN-STD,SITE-CN-SD-QD,CN-SD-QD,,9
TRE-SYN-B-0020-01,ORD-SYN-B-0020,SHP-SYN-B-0020,2026-06-02T18:11:14+08:00,shipment_created,shipment_created,CAR-SYN-FAST,ORIGIN-WH-SYN-EAST,CN-HB-WH,,1
TRE-SYN-B-0020-02,ORD-SYN-B-0020,SHP-SYN-B-0020,2026-06-02T22:53:31+08:00,carrier_picked_up,carrier_picked_up,CAR-SYN-FAST,ORIGIN-WH-SYN-EAST,CN-HB-WH,,2
TRE-SYN-B-0020-03,ORD-SYN-B-0020,SHP-SYN-B-0020,2026-06-02T23:51:57+08:00,origin_departed,origin_departed,CAR-SYN-FAST,ORIGIN-WH-SYN-EAST,CN-HB-WH,,3
TRE-SYN-B-0020-04,ORD-SYN-B-0020,SHP-SYN-B-0020,2026-06-03T00:28:21+08:00,in_transit,in_transit,CAR-SYN-FAST,LINEHAUL-SYN-01,CN-HB-WH,,4
TRE-SYN-B-0020-05,ORD-SYN-B-0020,SHP-SYN-B-0020,2026-06-03T10:39:56+08:00,arrived_at_hub,arrived_at_hub,CAR-SYN-FAST,HUB-SYN-01,CN-HB-WH,,5
TRE-SYN-B-0020-06,ORD-SYN-B-0020,SHP-SYN-B-0020,2026-06-03T11:44:28+08:00,departed_hub,departed_hub,CAR-SYN-FAST,HUB-SYN-01,CN-HB-WH,,6
TRE-SYN-B-0020-07,ORD-SYN-B-0020,SHP-SYN-B-0020,2026-06-03T22:33:39+08:00,arrived_at_destination_city,arrived_at_destination_city,CAR-SYN-FAST,DEST-CN-HB-WH,CN-HB-WH,,7
TRE-SYN-B-0020-08,ORD-SYN-B-0020,SHP-SYN-B-0020,2026-06-04T06:33:35+08:00,out_for_delivery,out_for_delivery,CAR-SYN-FAST,SITE-CN-HB-WH,CN-HB-WH,,8
TRE-SYN-B-0020-09,ORD-SYN-B-0020,SHP-SYN-B-0020,2026-06-04T12:31:02+08:00,delivered,delivered,CAR-SYN-FAST,SITE-CN-HB-WH,CN-HB-WH,,9
TRE-SYN-B-0021-01,ORD-SYN-B-0021,SHP-SYN-B-0021,2026-06-02T20:47:29+08:00,shipment_created,shipment_created,CAR-SYN-ECON,ORIGIN-WH-SYN-EAST,CN-JS-NJ,,1
TRE-SYN-B-0021-02,ORD-SYN-B-0021,SHP-SYN-B-0021,2026-06-03T02:19:14+08:00,carrier_picked_up,carrier_picked_up,CAR-SYN-ECON,ORIGIN-WH-SYN-EAST,CN-JS-NJ,,2
TRE-SYN-B-0021-03,ORD-SYN-B-0021,SHP-SYN-B-0021,2026-06-03T03:20:24+08:00,origin_departed,origin_departed,CAR-SYN-ECON,ORIGIN-WH-SYN-EAST,CN-JS-NJ,,3
TRE-SYN-B-0021-04,ORD-SYN-B-0021,SHP-SYN-B-0021,2026-06-03T04:08:51+08:00,in_transit,in_transit,CAR-SYN-ECON,LINEHAUL-SYN-01,CN-JS-NJ,,4
TRE-SYN-B-0021-05,ORD-SYN-B-0021,SHP-SYN-B-0021,2026-06-03T14:30:32+08:00,arrived_at_hub,arrived_at_hub,CAR-SYN-ECON,HUB-SYN-01,CN-JS-NJ,,5
TRE-SYN-B-0021-06,ORD-SYN-B-0021,SHP-SYN-B-0021,2026-06-03T18:06:25+08:00,departed_hub,departed_hub,CAR-SYN-ECON,HUB-SYN-01,CN-JS-NJ,,6
TRE-SYN-B-0021-07,ORD-SYN-B-0021,SHP-SYN-B-0021,2026-06-04T07:48:15+08:00,arrived_at_destination_city,arrived_at_destination_city,CAR-SYN-ECON,DEST-CN-JS-NJ,CN-JS-NJ,,7
TRE-SYN-B-0021-08,ORD-SYN-B-0021,SHP-SYN-B-0021,2026-06-04T10:34:03+08:00,out_for_delivery,out_for_delivery,CAR-SYN-ECON,SITE-CN-JS-NJ,CN-JS-NJ,,8
TRE-SYN-B-0021-09,ORD-SYN-B-0021,SHP-SYN-B-0021,2026-06-04T16:18:33+08:00,delivered,delivered,CAR-SYN-ECON,SITE-CN-JS-NJ,CN-JS-NJ,,9
TRE-SYN-B-0022-01,ORD-SYN-B-0022,SHP-SYN-B-0022,2026-06-02T12:43:29+08:00,shipment_created,shipment_created,CAR-SYN-STD,ORIGIN-WH-SYN-EAST,CN-SD-QD,,1
TRE-SYN-B-0022-02,ORD-SYN-B-0022,SHP-SYN-B-0022,2026-06-02T19:10:38+08:00,carrier_picked_up,carrier_picked_up,CAR-SYN-STD,ORIGIN-WH-SYN-EAST,CN-SD-QD,,2
TRE-SYN-B-0022-03,ORD-SYN-B-0022,SHP-SYN-B-0022,2026-06-02T20:34:58+08:00,origin_departed,origin_departed,CAR-SYN-STD,ORIGIN-WH-SYN-EAST,CN-SD-QD,,3
TRE-SYN-B-0022-04,ORD-SYN-B-0022,SHP-SYN-B-0022,2026-06-02T21:44:00+08:00,in_transit,in_transit,CAR-SYN-STD,LINEHAUL-SYN-01,CN-SD-QD,,4
TRE-SYN-B-0022-05,ORD-SYN-B-0022,SHP-SYN-B-0022,2026-06-03T09:48:26+08:00,arrived_at_hub,arrived_at_hub,CAR-SYN-STD,HUB-SYN-01,CN-SD-QD,,5
TRE-SYN-B-0022-06,ORD-SYN-B-0022,SHP-SYN-B-0022,2026-06-03T13:23:44+08:00,departed_hub,departed_hub,CAR-SYN-STD,HUB-SYN-01,CN-SD-QD,,6
TRE-SYN-B-0022-07,ORD-SYN-B-0022,SHP-SYN-B-0022,2026-06-04T01:22:48+08:00,arrived_at_destination_city,arrived_at_destination_city,CAR-SYN-STD,DEST-CN-SD-QD,CN-SD-QD,,7
TRE-SYN-B-0022-08,ORD-SYN-B-0022,SHP-SYN-B-0022,2026-06-04T10:06:56+08:00,out_for_delivery,out_for_delivery,CAR-SYN-STD,SITE-CN-SD-QD,CN-SD-QD,,8
TRE-SYN-B-0022-09,ORD-SYN-B-0022,SHP-SYN-B-0022,2026-06-04T11:45:53+08:00,delivered,delivered,CAR-SYN-STD,SITE-CN-SD-QD,CN-SD-QD,,9
TRE-SYN-B-0023-01,ORD-SYN-B-0023,SHP-SYN-B-0023,2026-06-03T16:10:43+08:00,shipment_created,shipment_created,CAR-SYN-STD,ORIGIN-WH-SYN-EAST,CN-JS-NJ,,1
TRE-SYN-B-0023-02,ORD-SYN-B-0023,SHP-SYN-B-0023,2026-06-03T22:36:28+08:00,carrier_picked_up,carrier_picked_up,CAR-SYN-STD,ORIGIN-WH-SYN-EAST,CN-JS-NJ,,2
TRE-SYN-B-0023-03,ORD-SYN-B-0023,SHP-SYN-B-0023,2026-06-03T23:42:27+08:00,origin_departed,origin_departed,CAR-SYN-STD,ORIGIN-WH-SYN-EAST,CN-JS-NJ,,3
TRE-SYN-B-0023-04,ORD-SYN-B-0023,SHP-SYN-B-0023,2026-06-04T00:30:49+08:00,in_transit,in_transit,CAR-SYN-STD,LINEHAUL-SYN-01,CN-JS-NJ,,4
TRE-SYN-B-0023-05,ORD-SYN-B-0023,SHP-SYN-B-0023,2026-06-04T09:56:31+08:00,arrived_at_hub,arrived_at_hub,CAR-SYN-STD,HUB-SYN-01,CN-JS-NJ,,5
TRE-SYN-B-0023-06,ORD-SYN-B-0023,SHP-SYN-B-0023,2026-06-04T12:45:16+08:00,departed_hub,departed_hub,CAR-SYN-STD,HUB-SYN-01,CN-JS-NJ,,6
TRE-SYN-B-0023-07,ORD-SYN-B-0023,SHP-SYN-B-0023,2026-06-05T03:24:17+08:00,arrived_at_destination_city,arrived_at_destination_city,CAR-SYN-STD,DEST-CN-JS-NJ,CN-JS-NJ,,7
TRE-SYN-B-0023-08,ORD-SYN-B-0023,SHP-SYN-B-0023,2026-06-05T06:54:57+08:00,out_for_delivery,out_for_delivery,CAR-SYN-STD,SITE-CN-JS-NJ,CN-JS-NJ,,8
TRE-SYN-B-0023-09,ORD-SYN-B-0023,SHP-SYN-B-0023,2026-06-05T12:30:53+08:00,delivered,delivered,CAR-SYN-STD,SITE-CN-JS-NJ,CN-JS-NJ,,9
TRE-SYN-B-0024-01,ORD-SYN-B-0024,SHP-SYN-B-0024,2026-06-03T18:59:55+08:00,shipment_created,shipment_created,CAR-SYN-FAST,ORIGIN-WH-SYN-EAST,CN-SD-QD,,1
TRE-SYN-B-0024-02,ORD-SYN-B-0024,SHP-SYN-B-0024,2026-06-04T01:44:23+08:00,carrier_picked_up,carrier_picked_up,CAR-SYN-FAST,ORIGIN-WH-SYN-EAST,CN-SD-QD,,2
TRE-SYN-B-0024-03,ORD-SYN-B-0024,SHP-SYN-B-0024,2026-06-04T02:20:21+08:00,origin_departed,origin_departed,CAR-SYN-FAST,ORIGIN-WH-SYN-EAST,CN-SD-QD,,3
TRE-SYN-B-0024-04,ORD-SYN-B-0024,SHP-SYN-B-0024,2026-06-04T03:19:59+08:00,in_transit,in_transit,CAR-SYN-FAST,LINEHAUL-SYN-01,CN-SD-QD,,4
TRE-SYN-B-0024-05,ORD-SYN-B-0024,SHP-SYN-B-0024,2026-06-04T13:06:51+08:00,arrived_at_hub,arrived_at_hub,CAR-SYN-FAST,HUB-SYN-01,CN-SD-QD,,5
TRE-SYN-B-0024-06,ORD-SYN-B-0024,SHP-SYN-B-0024,2026-06-04T16:17:05+08:00,departed_hub,departed_hub,CAR-SYN-FAST,HUB-SYN-01,CN-SD-QD,,6
TRE-SYN-B-0024-07,ORD-SYN-B-0024,SHP-SYN-B-0024,2026-06-05T03:30:54+08:00,arrived_at_destination_city,arrived_at_destination_city,CAR-SYN-FAST,DEST-CN-SD-QD,CN-SD-QD,,7
TRE-SYN-B-0024-08,ORD-SYN-B-0024,SHP-SYN-B-0024,2026-06-05T09:09:11+08:00,out_for_delivery,out_for_delivery,CAR-SYN-FAST,SITE-CN-SD-QD,CN-SD-QD,,8
TRE-SYN-B-0024-09,ORD-SYN-B-0024,SHP-SYN-B-0024,2026-06-05T11:34:24+08:00,delivered,delivered,CAR-SYN-FAST,SITE-CN-SD-QD,CN-SD-QD,,9
TRE-SYN-B-0025-01,ORD-SYN-B-0025,SHP-SYN-B-0025,2026-06-03T22:02:23+08:00,shipment_created,shipment_created,CAR-SYN-STD,ORIGIN-WH-SYN-EAST,CN-SD-QD,,1
TRE-SYN-B-0025-02,ORD-SYN-B-0025,SHP-SYN-B-0025,2026-06-04T00:45:51+08:00,carrier_picked_up,carrier_picked_up,CAR-SYN-STD,ORIGIN-WH-SYN-EAST,CN-SD-QD,,2
TRE-SYN-B-0025-03,ORD-SYN-B-0025,SHP-SYN-B-0025,2026-06-04T01:33:01+08:00,origin_departed,origin_departed,CAR-SYN-STD,ORIGIN-WH-SYN-EAST,CN-SD-QD,,3
TRE-SYN-B-0025-04,ORD-SYN-B-0025,SHP-SYN-B-0025,2026-06-04T02:16:14+08:00,in_transit,in_transit,CAR-SYN-STD,LINEHAUL-SYN-01,CN-SD-QD,,4
TRE-SYN-B-0025-05,ORD-SYN-B-0025,SHP-SYN-B-0025,2026-06-04T10:26:32+08:00,arrived_at_hub,arrived_at_hub,CAR-SYN-STD,HUB-SYN-01,CN-SD-QD,,5
TRE-SYN-B-0025-06,ORD-SYN-B-0025,SHP-SYN-B-0025,2026-06-04T11:59:06+08:00,departed_hub,departed_hub,CAR-SYN-STD,HUB-SYN-01,CN-SD-QD,,6
TRE-SYN-B-0025-07,ORD-SYN-B-0025,SHP-SYN-B-0025,2026-06-04T22:11:41+08:00,arrived_at_destination_city,arrived_at_destination_city,CAR-SYN-STD,DEST-CN-SD-QD,CN-SD-QD,,7
TRE-SYN-B-0025-08,ORD-SYN-B-0025,SHP-SYN-B-0025,2026-06-05T04:26:30+08:00,out_for_delivery,out_for_delivery,CAR-SYN-STD,SITE-CN-SD-QD,CN-SD-QD,,8
TRE-SYN-B-0025-09,ORD-SYN-B-0025,SHP-SYN-B-0025,2026-06-05T06:37:31+08:00,delivered,delivered,CAR-SYN-STD,SITE-CN-SD-QD,CN-SD-QD,,9
TRE-SYN-B-0026-01,ORD-SYN-B-0026,SHP-SYN-B-0026,2026-06-03T14:53:59+08:00,shipment_created,shipment_created,CAR-SYN-ECON,ORIGIN-WH-SYN-WEST,CN-JS-NJ,,1
TRE-SYN-B-0026-02,ORD-SYN-B-0026,SHP-SYN-B-0026,2026-06-03T20:56:20+08:00,carrier_picked_up,carrier_picked_up,CAR-SYN-ECON,ORIGIN-WH-SYN-WEST,CN-JS-NJ,,2
TRE-SYN-B-0026-03,ORD-SYN-B-0026,SHP-SYN-B-0026,2026-06-03T21:49:39+08:00,origin_departed,origin_departed,CAR-SYN-ECON,ORIGIN-WH-SYN-WEST,CN-JS-NJ,,3
TRE-SYN-B-0026-04,ORD-SYN-B-0026,SHP-SYN-B-0026,2026-06-03T22:27:49+08:00,in_transit,in_transit,CAR-SYN-ECON,LINEHAUL-SYN-01,CN-JS-NJ,,4
TRE-SYN-B-0026-05,ORD-SYN-B-0026,SHP-SYN-B-0026,2026-06-04T06:59:53+08:00,arrived_at_hub,arrived_at_hub,CAR-SYN-ECON,HUB-SYN-01,CN-JS-NJ,,5
TRE-SYN-B-0026-06,ORD-SYN-B-0026,SHP-SYN-B-0026,2026-06-04T08:31:10+08:00,departed_hub,departed_hub,CAR-SYN-ECON,HUB-SYN-01,CN-JS-NJ,,6
TRE-SYN-B-0026-07,ORD-SYN-B-0026,SHP-SYN-B-0026,2026-06-04T23:28:39+08:00,arrived_at_destination_city,arrived_at_destination_city,CAR-SYN-ECON,DEST-CN-JS-NJ,CN-JS-NJ,,7
TRE-SYN-B-0026-08,ORD-SYN-B-0026,SHP-SYN-B-0026,2026-06-05T07:04:51+08:00,out_for_delivery,out_for_delivery,CAR-SYN-ECON,SITE-CN-JS-NJ,CN-JS-NJ,,8
TRE-SYN-B-0026-09,ORD-SYN-B-0026,SHP-SYN-B-0026,2026-06-05T08:05:33+08:00,delivered,delivered,CAR-SYN-ECON,SITE-CN-JS-NJ,CN-JS-NJ,,9
TRE-SYN-B-0027-01,ORD-SYN-B-0027,SHP-SYN-B-0027,2026-06-03T17:13:10+08:00,shipment_created,shipment_created,CAR-SYN-FAST,ORIGIN-WH-SYN-WEST,CN-JS-NJ,,1
TRE-SYN-B-0027-02,ORD-SYN-B-0027,SHP-SYN-B-0027,2026-06-04T01:01:56+08:00,carrier_picked_up,carrier_picked_up,CAR-SYN-FAST,ORIGIN-WH-SYN-WEST,CN-JS-NJ,,2
TRE-SYN-B-0027-03,ORD-SYN-B-0027,SHP-SYN-B-0027,2026-06-04T02:02:47+08:00,origin_departed,origin_departed,CAR-SYN-FAST,ORIGIN-WH-SYN-WEST,CN-JS-NJ,,3
TRE-SYN-B-0027-04,ORD-SYN-B-0027,SHP-SYN-B-0027,2026-06-04T02:55:09+08:00,in_transit,in_transit,CAR-SYN-FAST,LINEHAUL-SYN-01,CN-JS-NJ,,4
TRE-SYN-B-0027-05,ORD-SYN-B-0027,SHP-SYN-B-0027,2026-06-04T11:32:39+08:00,arrived_at_hub,arrived_at_hub,CAR-SYN-FAST,HUB-SYN-01,CN-JS-NJ,,5
TRE-SYN-B-0027-06,ORD-SYN-B-0027,SHP-SYN-B-0027,2026-06-04T12:46:44+08:00,departed_hub,departed_hub,CAR-SYN-FAST,HUB-SYN-01,CN-JS-NJ,,6
TRE-SYN-B-0027-07,ORD-SYN-B-0027,SHP-SYN-B-0027,2026-06-05T03:18:13+08:00,arrived_at_destination_city,arrived_at_destination_city,CAR-SYN-FAST,DEST-CN-JS-NJ,CN-JS-NJ,,7
TRE-SYN-B-0027-08,ORD-SYN-B-0027,SHP-SYN-B-0027,2026-06-05T08:35:39+08:00,out_for_delivery,out_for_delivery,CAR-SYN-FAST,SITE-CN-JS-NJ,CN-JS-NJ,,8
TRE-SYN-B-0027-09,ORD-SYN-B-0027,SHP-SYN-B-0027,2026-06-05T13:07:56+08:00,delivered,delivered,CAR-SYN-FAST,SITE-CN-JS-NJ,CN-JS-NJ,,9
TRE-SYN-B-0028-01,ORD-SYN-B-0028,SHP-SYN-B-0028,2026-06-03T20:50:08+08:00,shipment_created,shipment_created,CAR-SYN-ECON,ORIGIN-WH-SYN-EAST,CN-JS-NJ,,1
TRE-SYN-B-0028-02,ORD-SYN-B-0028,SHP-SYN-B-0028,2026-06-04T04:03:18+08:00,carrier_picked_up,carrier_picked_up,CAR-SYN-ECON,ORIGIN-WH-SYN-EAST,CN-JS-NJ,,2
TRE-SYN-B-0028-03,ORD-SYN-B-0028,SHP-SYN-B-0028,2026-06-04T05:13:42+08:00,origin_departed,origin_departed,CAR-SYN-ECON,ORIGIN-WH-SYN-EAST,CN-JS-NJ,,3
TRE-SYN-B-0028-04,ORD-SYN-B-0028,SHP-SYN-B-0028,2026-06-04T05:51:17+08:00,in_transit,in_transit,CAR-SYN-ECON,LINEHAUL-SYN-01,CN-JS-NJ,,4
TRE-SYN-B-0028-05,ORD-SYN-B-0028,SHP-SYN-B-0028,2026-06-04T17:14:34+08:00,arrived_at_hub,arrived_at_hub,CAR-SYN-ECON,HUB-SYN-01,CN-JS-NJ,,5
TRE-SYN-B-0028-06,ORD-SYN-B-0028,SHP-SYN-B-0028,2026-06-04T20:18:04+08:00,departed_hub,departed_hub,CAR-SYN-ECON,HUB-SYN-01,CN-JS-NJ,,6
TRE-SYN-B-0028-07,ORD-SYN-B-0028,SHP-SYN-B-0028,2026-06-05T12:00:09+08:00,arrived_at_destination_city,arrived_at_destination_city,CAR-SYN-ECON,DEST-CN-JS-NJ,CN-JS-NJ,,7
TRE-SYN-B-0028-08,ORD-SYN-B-0028,SHP-SYN-B-0028,2026-06-05T14:59:33+08:00,out_for_delivery,out_for_delivery,CAR-SYN-ECON,SITE-CN-JS-NJ,CN-JS-NJ,,8
TRE-SYN-B-0028-09,ORD-SYN-B-0028,SHP-SYN-B-0028,2026-06-05T20:08:30+08:00,delivered,delivered,CAR-SYN-ECON,SITE-CN-JS-NJ,CN-JS-NJ,,9
TRE-SYN-B-0029-01,ORD-SYN-B-0029,SHP-SYN-B-0029,2026-06-03T23:00:29+08:00,shipment_created,shipment_created,CAR-SYN-STD,ORIGIN-WH-SYN-EAST,CN-JS-NJ,,1
TRE-SYN-B-0029-02,ORD-SYN-B-0029,SHP-SYN-B-0029,2026-06-04T02:14:13+08:00,carrier_picked_up,carrier_picked_up,CAR-SYN-STD,ORIGIN-WH-SYN-EAST,CN-JS-NJ,,2
TRE-SYN-B-0029-03,ORD-SYN-B-0029,SHP-SYN-B-0029,2026-06-04T02:57:24+08:00,origin_departed,origin_departed,CAR-SYN-STD,ORIGIN-WH-SYN-EAST,CN-JS-NJ,,3
TRE-SYN-B-0029-04,ORD-SYN-B-0029,SHP-SYN-B-0029,2026-06-04T03:34:31+08:00,in_transit,in_transit,CAR-SYN-STD,LINEHAUL-SYN-01,CN-JS-NJ,,4
TRE-SYN-B-0029-05,ORD-SYN-B-0029,SHP-SYN-B-0029,2026-06-04T11:34:50+08:00,arrived_at_hub,arrived_at_hub,CAR-SYN-STD,HUB-SYN-01,CN-JS-NJ,,5
TRE-SYN-B-0029-06,ORD-SYN-B-0029,SHP-SYN-B-0029,2026-06-04T12:52:25+08:00,departed_hub,departed_hub,CAR-SYN-STD,HUB-SYN-01,CN-JS-NJ,,6
TRE-SYN-B-0029-07,ORD-SYN-B-0029,SHP-SYN-B-0029,2026-06-05T04:30:41+08:00,arrived_at_destination_city,arrived_at_destination_city,CAR-SYN-STD,DEST-CN-JS-NJ,CN-JS-NJ,,7
TRE-SYN-B-0029-08,ORD-SYN-B-0029,SHP-SYN-B-0029,2026-06-05T08:28:03+08:00,out_for_delivery,out_for_delivery,CAR-SYN-STD,SITE-CN-JS-NJ,CN-JS-NJ,,8
TRE-SYN-B-0029-09,ORD-SYN-B-0029,SHP-SYN-B-0029,2026-06-05T14:03:03+08:00,delivered,delivered,CAR-SYN-STD,SITE-CN-JS-NJ,CN-JS-NJ,,9
TRE-SYN-B-0030-01,ORD-SYN-B-0030,SHP-SYN-B-0030,2026-06-03T15:18:19+08:00,shipment_created,shipment_created,CAR-SYN-STD,ORIGIN-WH-SYN-EAST,CN-SD-QD,,1
TRE-SYN-B-0030-02,ORD-SYN-B-0030,SHP-SYN-B-0030,2026-06-03T21:40:19+08:00,carrier_picked_up,carrier_picked_up,CAR-SYN-STD,ORIGIN-WH-SYN-EAST,CN-SD-QD,,2
TRE-SYN-B-0030-03,ORD-SYN-B-0030,SHP-SYN-B-0030,2026-06-03T23:03:26+08:00,origin_departed,origin_departed,CAR-SYN-STD,ORIGIN-WH-SYN-EAST,CN-SD-QD,,3
TRE-SYN-B-0030-04,ORD-SYN-B-0030,SHP-SYN-B-0030,2026-06-04T00:19:48+08:00,in_transit,in_transit,CAR-SYN-STD,LINEHAUL-SYN-01,CN-SD-QD,,4
TRE-SYN-B-0030-05,ORD-SYN-B-0030,SHP-SYN-B-0030,2026-06-04T10:42:58+08:00,arrived_at_hub,arrived_at_hub,CAR-SYN-STD,HUB-SYN-01,CN-SD-QD,,5
TRE-SYN-B-0030-06,ORD-SYN-B-0030,SHP-SYN-B-0030,2026-06-04T13:08:58+08:00,departed_hub,departed_hub,CAR-SYN-STD,HUB-SYN-01,CN-SD-QD,,6
TRE-SYN-B-0030-07,ORD-SYN-B-0030,SHP-SYN-B-0030,2026-06-05T04:23:13+08:00,arrived_at_destination_city,arrived_at_destination_city,CAR-SYN-STD,DEST-CN-SD-QD,CN-SD-QD,,7
TRE-SYN-B-0030-08,ORD-SYN-B-0030,SHP-SYN-B-0030,2026-06-05T11:30:02+08:00,out_for_delivery,out_for_delivery,CAR-SYN-STD,SITE-CN-SD-QD,CN-SD-QD,,8
TRE-SYN-B-0030-09,ORD-SYN-B-0030,SHP-SYN-B-0030,2026-06-05T17:26:00+08:00,delivered,delivered,CAR-SYN-STD,SITE-CN-SD-QD,CN-SD-QD,,9
TRE-SYN-B-0031-01,ORD-SYN-B-0031,SHP-SYN-B-0031,2026-06-03T18:30:51+08:00,shipment_created,shipment_created,CAR-SYN-FAST,ORIGIN-WH-SYN-EAST,CN-ZJ-HZ,,1
TRE-SYN-B-0031-02,ORD-SYN-B-0031,SHP-SYN-B-0031,2026-06-03T21:07:08+08:00,carrier_picked_up,carrier_picked_up,CAR-SYN-FAST,ORIGIN-WH-SYN-EAST,CN-ZJ-HZ,,2
TRE-SYN-B-0031-03,ORD-SYN-B-0031,SHP-SYN-B-0031,2026-06-03T22:01:03+08:00,origin_departed,origin_departed,CAR-SYN-FAST,ORIGIN-WH-SYN-EAST,CN-ZJ-HZ,,3
TRE-SYN-B-0031-04,ORD-SYN-B-0031,SHP-SYN-B-0031,2026-06-03T23:00:32+08:00,in_transit,in_transit,CAR-SYN-FAST,LINEHAUL-SYN-01,CN-ZJ-HZ,,4
TRE-SYN-B-0031-05,ORD-SYN-B-0031,SHP-SYN-B-0031,2026-06-04T10:48:28+08:00,arrived_at_hub,arrived_at_hub,CAR-SYN-FAST,HUB-SYN-01,CN-ZJ-HZ,,5
TRE-SYN-B-0031-06,ORD-SYN-B-0031,SHP-SYN-B-0031,2026-06-04T14:40:52+08:00,departed_hub,departed_hub,CAR-SYN-FAST,HUB-SYN-01,CN-ZJ-HZ,,6
TRE-SYN-B-0031-07,ORD-SYN-B-0031,SHP-SYN-B-0031,2026-06-05T00:37:20+08:00,arrived_at_destination_city,arrived_at_destination_city,CAR-SYN-FAST,DEST-CN-ZJ-HZ,CN-ZJ-HZ,,7
TRE-SYN-B-0031-08,ORD-SYN-B-0031,SHP-SYN-B-0031,2026-06-05T03:47:48+08:00,out_for_delivery,out_for_delivery,CAR-SYN-FAST,SITE-CN-ZJ-HZ,CN-ZJ-HZ,,8
TRE-SYN-B-0031-09,ORD-SYN-B-0031,SHP-SYN-B-0031,2026-06-05T08:10:02+08:00,delivered,delivered,CAR-SYN-FAST,SITE-CN-ZJ-HZ,CN-ZJ-HZ,,9
TRE-SYN-B-0032-01,ORD-SYN-B-0032,SHP-SYN-B-0032,2026-06-03T21:19:52+08:00,shipment_created,shipment_created,CAR-SYN-FAST,ORIGIN-WH-SYN-WEST,CN-JS-NJ,,1
TRE-SYN-B-0032-02,ORD-SYN-B-0032,SHP-SYN-B-0032,2026-06-04T00:05:31+08:00,carrier_picked_up,carrier_picked_up,CAR-SYN-FAST,ORIGIN-WH-SYN-WEST,CN-JS-NJ,,2
TRE-SYN-B-0032-03,ORD-SYN-B-0032,SHP-SYN-B-0032,2026-06-04T01:22:51+08:00,origin_departed,origin_departed,CAR-SYN-FAST,ORIGIN-WH-SYN-WEST,CN-JS-NJ,,3
TRE-SYN-B-0032-04,ORD-SYN-B-0032,SHP-SYN-B-0032,2026-06-04T02:21:03+08:00,in_transit,in_transit,CAR-SYN-FAST,LINEHAUL-SYN-01,CN-JS-NJ,,4
TRE-SYN-B-0032-05,ORD-SYN-B-0032,SHP-SYN-B-0032,2026-06-04T11:49:07+08:00,arrived_at_hub,arrived_at_hub,CAR-SYN-FAST,HUB-SYN-01,CN-JS-NJ,,5
TRE-SYN-B-0032-06,ORD-SYN-B-0032,SHP-SYN-B-0032,2026-06-04T15:08:54+08:00,departed_hub,departed_hub,CAR-SYN-FAST,HUB-SYN-01,CN-JS-NJ,,6
TRE-SYN-B-0032-07,ORD-SYN-B-0032,SHP-SYN-B-0032,2026-06-05T01:49:06+08:00,arrived_at_destination_city,arrived_at_destination_city,CAR-SYN-FAST,DEST-CN-JS-NJ,CN-JS-NJ,,7
TRE-SYN-B-0032-08,ORD-SYN-B-0032,SHP-SYN-B-0032,2026-06-05T05:09:56+08:00,out_for_delivery,out_for_delivery,CAR-SYN-FAST,SITE-CN-JS-NJ,CN-JS-NJ,,8
TRE-SYN-B-0032-09,ORD-SYN-B-0032,SHP-SYN-B-0032,2026-06-05T07:00:06+08:00,delivered,delivered,CAR-SYN-FAST,SITE-CN-JS-NJ,CN-JS-NJ,,9
TRE-SYN-B-0033-01,ORD-SYN-B-0033,SHP-SYN-B-0033,2026-06-04T13:39:34+08:00,shipment_created,shipment_created,CAR-SYN-FAST,ORIGIN-WH-SYN-EAST,CN-JS-NJ,,1
TRE-SYN-B-0033-02,ORD-SYN-B-0033,SHP-SYN-B-0033,2026-06-04T17:26:10+08:00,carrier_picked_up,carrier_picked_up,CAR-SYN-FAST,ORIGIN-WH-SYN-EAST,CN-JS-NJ,,2
TRE-SYN-B-0033-03,ORD-SYN-B-0033,SHP-SYN-B-0033,2026-06-04T18:13:38+08:00,origin_departed,origin_departed,CAR-SYN-FAST,ORIGIN-WH-SYN-EAST,CN-JS-NJ,,3
TRE-SYN-B-0033-04,ORD-SYN-B-0033,SHP-SYN-B-0033,2026-06-04T19:04:07+08:00,in_transit,in_transit,CAR-SYN-FAST,LINEHAUL-SYN-01,CN-JS-NJ,,4
TRE-SYN-B-0033-05,ORD-SYN-B-0033,SHP-SYN-B-0033,2026-06-05T04:32:30+08:00,arrived_at_hub,arrived_at_hub,CAR-SYN-FAST,HUB-SYN-01,CN-JS-NJ,,5
TRE-SYN-B-0033-06,ORD-SYN-B-0033,SHP-SYN-B-0033,2026-06-05T05:48:41+08:00,departed_hub,departed_hub,CAR-SYN-FAST,HUB-SYN-01,CN-JS-NJ,,6
TRE-SYN-B-0033-07,ORD-SYN-B-0033,SHP-SYN-B-0033,2026-06-05T15:56:43+08:00,arrived_at_destination_city,arrived_at_destination_city,CAR-SYN-FAST,DEST-CN-JS-NJ,CN-JS-NJ,,7
TRE-SYN-B-0033-08,ORD-SYN-B-0033,SHP-SYN-B-0033,2026-06-06T00:37:27+08:00,out_for_delivery,out_for_delivery,CAR-SYN-FAST,SITE-CN-JS-NJ,CN-JS-NJ,,8
TRE-SYN-B-0033-09,ORD-SYN-B-0033,SHP-SYN-B-0033,2026-06-06T04:27:18+08:00,delivered,delivered,CAR-SYN-FAST,SITE-CN-JS-NJ,CN-JS-NJ,,9
TRE-SYN-B-0034-01,ORD-SYN-B-0034,SHP-SYN-B-0034,2026-06-04T16:20:37+08:00,shipment_created,shipment_created,CAR-SYN-ECON,ORIGIN-WH-SYN-WEST,CN-JS-NJ,,1
TRE-SYN-B-0034-02,ORD-SYN-B-0034,SHP-SYN-B-0034,2026-06-04T19:07:38+08:00,carrier_picked_up,carrier_picked_up,CAR-SYN-ECON,ORIGIN-WH-SYN-WEST,CN-JS-NJ,,2
TRE-SYN-B-0034-03,ORD-SYN-B-0034,SHP-SYN-B-0034,2026-06-04T20:08:15+08:00,origin_departed,origin_departed,CAR-SYN-ECON,ORIGIN-WH-SYN-WEST,CN-JS-NJ,,3
TRE-SYN-B-0034-04,ORD-SYN-B-0034,SHP-SYN-B-0034,2026-06-04T20:51:26+08:00,in_transit,in_transit,CAR-SYN-ECON,LINEHAUL-SYN-01,CN-JS-NJ,,4
TRE-SYN-B-0034-05,ORD-SYN-B-0034,SHP-SYN-B-0034,2026-06-05T09:07:20+08:00,arrived_at_hub,arrived_at_hub,CAR-SYN-ECON,HUB-SYN-01,CN-JS-NJ,,5
TRE-SYN-B-0034-06,ORD-SYN-B-0034,SHP-SYN-B-0034,2026-06-05T12:23:57+08:00,departed_hub,departed_hub,CAR-SYN-ECON,HUB-SYN-01,CN-JS-NJ,,6
TRE-SYN-B-0034-07,ORD-SYN-B-0034,SHP-SYN-B-0034,2026-06-05T23:52:38+08:00,arrived_at_destination_city,arrived_at_destination_city,CAR-SYN-ECON,DEST-CN-JS-NJ,CN-JS-NJ,,7
TRE-SYN-B-0034-08,ORD-SYN-B-0034,SHP-SYN-B-0034,2026-06-06T03:16:52+08:00,out_for_delivery,out_for_delivery,CAR-SYN-ECON,SITE-CN-JS-NJ,CN-JS-NJ,,8
TRE-SYN-B-0034-09,ORD-SYN-B-0034,SHP-SYN-B-0034,2026-06-06T05:43:47+08:00,delivered,delivered,CAR-SYN-ECON,SITE-CN-JS-NJ,CN-JS-NJ,,9
TRE-SYN-B-0035-01,ORD-SYN-B-0035,SHP-SYN-B-0035,2026-06-04T19:10:29+08:00,shipment_created,shipment_created,CAR-SYN-FAST,ORIGIN-WH-SYN-EAST,CN-JS-NJ,,1
TRE-SYN-B-0035-02,ORD-SYN-B-0035,SHP-SYN-B-0035,2026-06-05T00:25:23+08:00,carrier_picked_up,carrier_picked_up,CAR-SYN-FAST,ORIGIN-WH-SYN-EAST,CN-JS-NJ,,2
TRE-SYN-B-0035-03,ORD-SYN-B-0035,SHP-SYN-B-0035,2026-06-05T01:55:15+08:00,origin_departed,origin_departed,CAR-SYN-FAST,ORIGIN-WH-SYN-EAST,CN-JS-NJ,,3
TRE-SYN-B-0035-04,ORD-SYN-B-0035,SHP-SYN-B-0035,2026-06-05T02:45:15+08:00,in_transit,in_transit,CAR-SYN-FAST,LINEHAUL-SYN-01,CN-JS-NJ,,4
TRE-SYN-B-0035-05,ORD-SYN-B-0035,SHP-SYN-B-0035,2026-06-05T10:43:31+08:00,arrived_at_hub,arrived_at_hub,CAR-SYN-FAST,HUB-SYN-01,CN-JS-NJ,,5
TRE-SYN-B-0035-06,ORD-SYN-B-0035,SHP-SYN-B-0035,2026-06-05T12:27:25+08:00,departed_hub,departed_hub,CAR-SYN-FAST,HUB-SYN-01,CN-JS-NJ,,6
TRE-SYN-B-0035-07,ORD-SYN-B-0035,SHP-SYN-B-0035,2026-06-06T01:55:52+08:00,arrived_at_destination_city,arrived_at_destination_city,CAR-SYN-FAST,DEST-CN-JS-NJ,CN-JS-NJ,,7
TRE-SYN-B-0035-08,ORD-SYN-B-0035,SHP-SYN-B-0035,2026-06-06T08:59:20+08:00,out_for_delivery,out_for_delivery,CAR-SYN-FAST,SITE-CN-JS-NJ,CN-JS-NJ,,8
TRE-SYN-B-0035-09,ORD-SYN-B-0035,SHP-SYN-B-0035,2026-06-06T10:08:57+08:00,delivered,delivered,CAR-SYN-FAST,SITE-CN-JS-NJ,CN-JS-NJ,,9
TRE-SYN-B-0036-01,ORD-SYN-B-0036,SHP-SYN-B-0036,2026-06-04T22:04:18+08:00,shipment_created,shipment_created,CAR-SYN-ECON,ORIGIN-WH-SYN-EAST,CN-JS-NJ,,1
TRE-SYN-B-0036-02,ORD-SYN-B-0036,SHP-SYN-B-0036,2026-06-05T03:45:36+08:00,carrier_picked_up,carrier_picked_up,CAR-SYN-ECON,ORIGIN-WH-SYN-EAST,CN-JS-NJ,,2
TRE-SYN-B-0036-03,ORD-SYN-B-0036,SHP-SYN-B-0036,2026-06-05T04:43:49+08:00,origin_departed,origin_departed,CAR-SYN-ECON,ORIGIN-WH-SYN-EAST,CN-JS-NJ,,3
TRE-SYN-B-0036-04,ORD-SYN-B-0036,SHP-SYN-B-0036,2026-06-05T06:09:36+08:00,in_transit,in_transit,CAR-SYN-ECON,LINEHAUL-SYN-01,CN-JS-NJ,,4
TRE-SYN-B-0036-05,ORD-SYN-B-0036,SHP-SYN-B-0036,2026-06-05T17:50:36+08:00,arrived_at_hub,arrived_at_hub,CAR-SYN-ECON,HUB-SYN-01,CN-JS-NJ,,5
TRE-SYN-B-0036-06,ORD-SYN-B-0036,SHP-SYN-B-0036,2026-06-05T20:30:14+08:00,departed_hub,departed_hub,CAR-SYN-ECON,HUB-SYN-01,CN-JS-NJ,,6
TRE-SYN-B-0036-07,ORD-SYN-B-0036,SHP-SYN-B-0036,2026-06-06T09:06:41+08:00,arrived_at_destination_city,arrived_at_destination_city,CAR-SYN-ECON,DEST-CN-JS-NJ,CN-JS-NJ,,7
TRE-SYN-B-0036-08,ORD-SYN-B-0036,SHP-SYN-B-0036,2026-06-06T12:47:53+08:00,out_for_delivery,out_for_delivery,CAR-SYN-ECON,SITE-CN-JS-NJ,CN-JS-NJ,,8
TRE-SYN-B-0036-09,ORD-SYN-B-0036,SHP-SYN-B-0036,2026-06-06T18:15:38+08:00,delivered,delivered,CAR-SYN-ECON,SITE-CN-JS-NJ,CN-JS-NJ,,9
TRE-SYN-B-0037-01,ORD-SYN-B-0037,SHP-SYN-B-0037,2026-06-04T13:55:37+08:00,shipment_created,shipment_created,CAR-SYN-STD,ORIGIN-WH-SYN-EAST,CN-SD-QD,,1
TRE-SYN-B-0037-02,ORD-SYN-B-0037,SHP-SYN-B-0037,2026-06-04T18:56:43+08:00,carrier_picked_up,carrier_picked_up,CAR-SYN-STD,ORIGIN-WH-SYN-EAST,CN-SD-QD,,2
TRE-SYN-B-0037-03,ORD-SYN-B-0037,SHP-SYN-B-0037,2026-06-04T19:31:51+08:00,origin_departed,origin_departed,CAR-SYN-STD,ORIGIN-WH-SYN-EAST,CN-SD-QD,,3
TRE-SYN-B-0037-04,ORD-SYN-B-0037,SHP-SYN-B-0037,2026-06-04T20:11:20+08:00,in_transit,in_transit,CAR-SYN-STD,LINEHAUL-SYN-01,CN-SD-QD,,4
TRE-SYN-B-0037-05,ORD-SYN-B-0037,SHP-SYN-B-0037,2026-06-05T08:02:53+08:00,arrived_at_hub,arrived_at_hub,CAR-SYN-STD,HUB-SYN-01,CN-SD-QD,,5
TRE-SYN-B-0037-06,ORD-SYN-B-0037,SHP-SYN-B-0037,2026-06-05T11:04:14+08:00,departed_hub,departed_hub,CAR-SYN-STD,HUB-SYN-01,CN-SD-QD,,6
TRE-SYN-B-0037-07,ORD-SYN-B-0037,SHP-SYN-B-0037,2026-06-05T22:42:26+08:00,arrived_at_destination_city,arrived_at_destination_city,CAR-SYN-STD,DEST-CN-SD-QD,CN-SD-QD,,7
TRE-SYN-B-0037-08,ORD-SYN-B-0037,SHP-SYN-B-0037,2026-06-06T02:53:39+08:00,out_for_delivery,out_for_delivery,CAR-SYN-STD,SITE-CN-SD-QD,CN-SD-QD,,8
TRE-SYN-B-0037-09,ORD-SYN-B-0037,SHP-SYN-B-0037,2026-06-06T06:17:19+08:00,delivered,delivered,CAR-SYN-STD,SITE-CN-SD-QD,CN-SD-QD,,9
TRE-SYN-B-0038-01,ORD-SYN-B-0038,SHP-SYN-B-0038,2026-06-04T17:09:30+08:00,shipment_created,shipment_created,CAR-SYN-STD,ORIGIN-WH-SYN-EAST,CN-SD-QD,,1
TRE-SYN-B-0038-02,ORD-SYN-B-0038,SHP-SYN-B-0038,2026-06-05T01:02:56+08:00,carrier_picked_up,carrier_picked_up,CAR-SYN-STD,ORIGIN-WH-SYN-EAST,CN-SD-QD,,2
TRE-SYN-B-0038-03,ORD-SYN-B-0038,SHP-SYN-B-0038,2026-06-05T02:19:42+08:00,origin_departed,origin_departed,CAR-SYN-STD,ORIGIN-WH-SYN-EAST,CN-SD-QD,,3
TRE-SYN-B-0038-04,ORD-SYN-B-0038,SHP-SYN-B-0038,2026-06-05T03:13:11+08:00,in_transit,in_transit,CAR-SYN-STD,LINEHAUL-SYN-01,CN-SD-QD,,4
TRE-SYN-B-0038-05,ORD-SYN-B-0038,SHP-SYN-B-0038,2026-06-05T11:15:14+08:00,arrived_at_hub,arrived_at_hub,CAR-SYN-STD,HUB-SYN-01,CN-SD-QD,,5
TRE-SYN-B-0038-06,ORD-SYN-B-0038,SHP-SYN-B-0038,2026-06-05T14:17:00+08:00,departed_hub,departed_hub,CAR-SYN-STD,HUB-SYN-01,CN-SD-QD,,6
TRE-SYN-B-0038-07,ORD-SYN-B-0038,SHP-SYN-B-0038,2026-06-05T22:20:00+08:00,arrived_at_destination_city,arrived_at_destination_city,CAR-SYN-STD,DEST-CN-SD-QD,CN-SD-QD,,7
TRE-SYN-B-0038-08,ORD-SYN-B-0038,SHP-SYN-B-0038,2026-06-06T02:20:55+08:00,out_for_delivery,out_for_delivery,CAR-SYN-STD,SITE-CN-SD-QD,CN-SD-QD,,8
TRE-SYN-B-0038-09,ORD-SYN-B-0038,SHP-SYN-B-0038,2026-06-06T06:18:54+08:00,delivered,delivered,CAR-SYN-STD,SITE-CN-SD-QD,CN-SD-QD,,9
TRE-SYN-B-0039-01,ORD-SYN-B-0039,SHP-SYN-B-0039,2026-06-04T19:54:32+08:00,shipment_created,shipment_created,CAR-SYN-FAST,ORIGIN-WH-SYN-EAST,CN-JS-NJ,,1
TRE-SYN-B-0039-02,ORD-SYN-B-0039,SHP-SYN-B-0039,2026-06-05T01:42:38+08:00,carrier_picked_up,carrier_picked_up,CAR-SYN-FAST,ORIGIN-WH-SYN-EAST,CN-JS-NJ,,2
TRE-SYN-B-0039-03,ORD-SYN-B-0039,SHP-SYN-B-0039,2026-06-05T03:07:05+08:00,origin_departed,origin_departed,CAR-SYN-FAST,ORIGIN-WH-SYN-EAST,CN-JS-NJ,,3
TRE-SYN-B-0039-04,ORD-SYN-B-0039,SHP-SYN-B-0039,2026-06-05T04:35:05+08:00,in_transit,in_transit,CAR-SYN-FAST,LINEHAUL-SYN-01,CN-JS-NJ,,4
TRE-SYN-B-0039-05,ORD-SYN-B-0039,SHP-SYN-B-0039,2026-06-05T13:12:53+08:00,arrived_at_hub,arrived_at_hub,CAR-SYN-FAST,HUB-SYN-01,CN-JS-NJ,,5
TRE-SYN-B-0039-06,ORD-SYN-B-0039,SHP-SYN-B-0039,2026-06-05T15:09:45+08:00,departed_hub,departed_hub,CAR-SYN-FAST,HUB-SYN-01,CN-JS-NJ,,6
TRE-SYN-B-0039-07,ORD-SYN-B-0039,SHP-SYN-B-0039,2026-06-05T23:28:57+08:00,arrived_at_destination_city,arrived_at_destination_city,CAR-SYN-FAST,DEST-CN-JS-NJ,CN-JS-NJ,,7
TRE-SYN-B-0039-08,ORD-SYN-B-0039,SHP-SYN-B-0039,2026-06-06T02:14:47+08:00,out_for_delivery,out_for_delivery,CAR-SYN-FAST,SITE-CN-JS-NJ,CN-JS-NJ,,8
TRE-SYN-B-0039-09,ORD-SYN-B-0039,SHP-SYN-B-0039,2026-06-06T03:49:33+08:00,delivered,delivered,CAR-SYN-FAST,SITE-CN-JS-NJ,CN-JS-NJ,,9
TRE-SYN-B-0040-01,ORD-SYN-B-0040,SHP-SYN-B-0040,2026-06-04T23:27:26+08:00,shipment_created,shipment_created,CAR-SYN-FAST,ORIGIN-WH-SYN-WEST,CN-JS-NJ,,1
TRE-SYN-B-0040-02,ORD-SYN-B-0040,SHP-SYN-B-0040,2026-06-05T05:36:20+08:00,carrier_picked_up,carrier_picked_up,CAR-SYN-FAST,ORIGIN-WH-SYN-WEST,CN-JS-NJ,,2
TRE-SYN-B-0040-03,ORD-SYN-B-0040,SHP-SYN-B-0040,2026-06-05T06:59:29+08:00,origin_departed,origin_departed,CAR-SYN-FAST,ORIGIN-WH-SYN-WEST,CN-JS-NJ,,3
TRE-SYN-B-0040-04,ORD-SYN-B-0040,SHP-SYN-B-0040,2026-06-05T07:54:41+08:00,in_transit,in_transit,CAR-SYN-FAST,LINEHAUL-SYN-01,CN-JS-NJ,,4
TRE-SYN-B-0040-05,ORD-SYN-B-0040,SHP-SYN-B-0040,2026-06-05T16:26:30+08:00,arrived_at_hub,arrived_at_hub,CAR-SYN-FAST,HUB-SYN-01,CN-JS-NJ,,5
TRE-SYN-B-0040-06,ORD-SYN-B-0040,SHP-SYN-B-0040,2026-06-05T19:42:47+08:00,departed_hub,departed_hub,CAR-SYN-FAST,HUB-SYN-01,CN-JS-NJ,,6
TRE-SYN-B-0040-07,ORD-SYN-B-0040,SHP-SYN-B-0040,2026-06-06T04:04:36+08:00,arrived_at_destination_city,arrived_at_destination_city,CAR-SYN-FAST,DEST-CN-JS-NJ,CN-JS-NJ,,7
TRE-SYN-B-0040-08,ORD-SYN-B-0040,SHP-SYN-B-0040,2026-06-06T11:49:59+08:00,out_for_delivery,out_for_delivery,CAR-SYN-FAST,SITE-CN-JS-NJ,CN-JS-NJ,,8
TRE-SYN-B-0040-09,ORD-SYN-B-0040,SHP-SYN-B-0040,2026-06-06T16:45:55+08:00,delivered,delivered,CAR-SYN-FAST,SITE-CN-JS-NJ,CN-JS-NJ,,9
TRE-SYN-B-0041-01,ORD-SYN-B-0041,SHP-SYN-B-0041,2026-06-04T14:34:58+08:00,shipment_created,shipment_created,CAR-SYN-FAST,ORIGIN-WH-SYN-EAST,CN-JS-NJ,,1
TRE-SYN-B-0041-02,ORD-SYN-B-0041,SHP-SYN-B-0041,2026-06-04T18:02:03+08:00,carrier_picked_up,carrier_picked_up,CAR-SYN-FAST,ORIGIN-WH-SYN-EAST,CN-JS-NJ,,2
TRE-SYN-B-0041-03,ORD-SYN-B-0041,SHP-SYN-B-0041,2026-06-04T19:31:05+08:00,origin_departed,origin_departed,CAR-SYN-FAST,ORIGIN-WH-SYN-EAST,CN-JS-NJ,,3
TRE-SYN-B-0041-04,ORD-SYN-B-0041,SHP-SYN-B-0041,2026-06-04T20:22:34+08:00,in_transit,in_transit,CAR-SYN-FAST,LINEHAUL-SYN-01,CN-JS-NJ,,4
TRE-SYN-B-0041-05,ORD-SYN-B-0041,SHP-SYN-B-0041,2026-06-05T03:44:38+08:00,arrived_at_hub,arrived_at_hub,CAR-SYN-FAST,HUB-SYN-01,CN-JS-NJ,,5
TRE-SYN-B-0041-06,ORD-SYN-B-0041,SHP-SYN-B-0041,2026-06-05T06:00:28+08:00,departed_hub,departed_hub,CAR-SYN-FAST,HUB-SYN-01,CN-JS-NJ,,6
TRE-SYN-B-0041-07,ORD-SYN-B-0041,SHP-SYN-B-0041,2026-06-05T16:36:31+08:00,arrived_at_destination_city,arrived_at_destination_city,CAR-SYN-FAST,DEST-CN-JS-NJ,CN-JS-NJ,,7
TRE-SYN-B-0041-08,ORD-SYN-B-0041,SHP-SYN-B-0041,2026-06-05T19:05:44+08:00,out_for_delivery,out_for_delivery,CAR-SYN-FAST,SITE-CN-JS-NJ,CN-JS-NJ,,8
TRE-SYN-B-0041-09,ORD-SYN-B-0041,SHP-SYN-B-0041,2026-06-05T22:05:39+08:00,delivered,delivered,CAR-SYN-FAST,SITE-CN-JS-NJ,CN-JS-NJ,,9
TRE-SYN-B-0042-01,ORD-SYN-B-0042,SHP-SYN-B-0042,2026-06-04T18:35:04+08:00,shipment_created,shipment_created,CAR-SYN-ECON,ORIGIN-WH-SYN-EAST,CN-JS-NJ,,1
TRE-SYN-B-0042-02,ORD-SYN-B-0042,SHP-SYN-B-0042,2026-06-05T01:04:09+08:00,carrier_picked_up,carrier_picked_up,CAR-SYN-ECON,ORIGIN-WH-SYN-EAST,CN-JS-NJ,,2
TRE-SYN-B-0042-03,ORD-SYN-B-0042,SHP-SYN-B-0042,2026-06-05T02:30:54+08:00,origin_departed,origin_departed,CAR-SYN-ECON,ORIGIN-WH-SYN-EAST,CN-JS-NJ,,3
TRE-SYN-B-0042-04,ORD-SYN-B-0042,SHP-SYN-B-0042,2026-06-05T03:25:29+08:00,in_transit,in_transit,CAR-SYN-ECON,LINEHAUL-SYN-01,CN-JS-NJ,,4
TRE-SYN-B-0042-05,ORD-SYN-B-0042,SHP-SYN-B-0042,2026-06-05T14:22:16+08:00,arrived_at_hub,arrived_at_hub,CAR-SYN-ECON,HUB-SYN-01,CN-JS-NJ,,5
TRE-SYN-B-0042-06,ORD-SYN-B-0042,SHP-SYN-B-0042,2026-06-05T18:10:03+08:00,departed_hub,departed_hub,CAR-SYN-ECON,HUB-SYN-01,CN-JS-NJ,,6
TRE-SYN-B-0042-07,ORD-SYN-B-0042,SHP-SYN-B-0042,2026-06-06T09:56:35+08:00,arrived_at_destination_city,arrived_at_destination_city,CAR-SYN-ECON,DEST-CN-JS-NJ,CN-JS-NJ,,7
TRE-SYN-B-0042-08,ORD-SYN-B-0042,SHP-SYN-B-0042,2026-06-06T12:52:28+08:00,out_for_delivery,out_for_delivery,CAR-SYN-ECON,SITE-CN-JS-NJ,CN-JS-NJ,,8
TRE-SYN-B-0042-09,ORD-SYN-B-0042,SHP-SYN-B-0042,2026-06-06T15:24:44+08:00,delivered,delivered,CAR-SYN-ECON,SITE-CN-JS-NJ,CN-JS-NJ,,9
TRE-SYN-B-0043-01,ORD-SYN-B-0043,SHP-SYN-B-0043,2026-06-05T20:58:11+08:00,shipment_created,shipment_created,CAR-SYN-FAST,ORIGIN-WH-SYN-WEST,CN-JS-NJ,,1
TRE-SYN-B-0043-02,ORD-SYN-B-0043,SHP-SYN-B-0043,2026-06-06T02:14:53+08:00,carrier_picked_up,carrier_picked_up,CAR-SYN-FAST,ORIGIN-WH-SYN-WEST,CN-JS-NJ,,2
TRE-SYN-B-0043-03,ORD-SYN-B-0043,SHP-SYN-B-0043,2026-06-06T03:33:46+08:00,origin_departed,origin_departed,CAR-SYN-FAST,ORIGIN-WH-SYN-WEST,CN-JS-NJ,,3
TRE-SYN-B-0043-04,ORD-SYN-B-0043,SHP-SYN-B-0043,2026-06-06T04:04:55+08:00,in_transit,in_transit,CAR-SYN-FAST,LINEHAUL-SYN-01,CN-JS-NJ,,4
TRE-SYN-B-0043-05,ORD-SYN-B-0043,SHP-SYN-B-0043,2026-06-06T15:17:25+08:00,arrived_at_hub,arrived_at_hub,CAR-SYN-FAST,HUB-SYN-01,CN-JS-NJ,,5
TRE-SYN-B-0043-06,ORD-SYN-B-0043,SHP-SYN-B-0043,2026-06-06T17:30:02+08:00,departed_hub,departed_hub,CAR-SYN-FAST,HUB-SYN-01,CN-JS-NJ,,6
TRE-SYN-B-0043-07,ORD-SYN-B-0043,SHP-SYN-B-0043,2026-06-07T05:49:41+08:00,arrived_at_destination_city,arrived_at_destination_city,CAR-SYN-FAST,DEST-CN-JS-NJ,CN-JS-NJ,,7
TRE-SYN-B-0043-08,ORD-SYN-B-0043,SHP-SYN-B-0043,2026-06-07T11:39:05+08:00,out_for_delivery,out_for_delivery,CAR-SYN-FAST,SITE-CN-JS-NJ,CN-JS-NJ,,8
TRE-SYN-B-0043-09,ORD-SYN-B-0043,SHP-SYN-B-0043,2026-06-07T16:26:09+08:00,delivered,delivered,CAR-SYN-FAST,SITE-CN-JS-NJ,CN-JS-NJ,,9
TRE-SYN-B-0044-01,ORD-SYN-B-0044,SHP-SYN-B-0044,2026-06-05T12:52:22+08:00,shipment_created,shipment_created,CAR-SYN-STD,ORIGIN-WH-SYN-WEST,CN-ZJ-HZ,,1
TRE-SYN-B-0044-02,ORD-SYN-B-0044,SHP-SYN-B-0044,2026-06-05T17:11:14+08:00,carrier_picked_up,carrier_picked_up,CAR-SYN-STD,ORIGIN-WH-SYN-WEST,CN-ZJ-HZ,,2
TRE-SYN-B-0044-03,ORD-SYN-B-0044,SHP-SYN-B-0044,2026-06-05T18:18:43+08:00,origin_departed,origin_departed,CAR-SYN-STD,ORIGIN-WH-SYN-WEST,CN-ZJ-HZ,,3
TRE-SYN-B-0044-04,ORD-SYN-B-0044,SHP-SYN-B-0044,2026-06-05T19:26:38+08:00,in_transit,in_transit,CAR-SYN-STD,LINEHAUL-SYN-01,CN-ZJ-HZ,,4
TRE-SYN-B-0044-05,ORD-SYN-B-0044,SHP-SYN-B-0044,2026-06-06T01:54:26+08:00,arrived_at_hub,arrived_at_hub,CAR-SYN-STD,HUB-SYN-01,CN-ZJ-HZ,,5
TRE-SYN-B-0044-06,ORD-SYN-B-0044,SHP-SYN-B-0044,2026-06-06T03:00:31+08:00,departed_hub,departed_hub,CAR-SYN-STD,HUB-SYN-01,CN-ZJ-HZ,,6
TRE-SYN-B-0044-07,ORD-SYN-B-0044,SHP-SYN-B-0044,2026-06-06T12:26:00+08:00,arrived_at_destination_city,arrived_at_destination_city,CAR-SYN-STD,DEST-CN-ZJ-HZ,CN-ZJ-HZ,,7
TRE-SYN-B-0044-08,ORD-SYN-B-0044,SHP-SYN-B-0044,2026-06-06T20:31:21+08:00,out_for_delivery,out_for_delivery,CAR-SYN-STD,SITE-CN-ZJ-HZ,CN-ZJ-HZ,,8
TRE-SYN-B-0044-09,ORD-SYN-B-0044,SHP-SYN-B-0044,2026-06-06T23:37:04+08:00,delivered,delivered,CAR-SYN-STD,SITE-CN-ZJ-HZ,CN-ZJ-HZ,,9
TRE-SYN-B-0045-01,ORD-SYN-B-0045,SHP-SYN-B-0045,2026-06-05T16:47:02+08:00,shipment_created,shipment_created,CAR-SYN-ECON,ORIGIN-WH-SYN-EAST,CN-ZJ-HZ,,1
TRE-SYN-B-0045-02,ORD-SYN-B-0045,SHP-SYN-B-0045,2026-06-05T22:02:15+08:00,carrier_picked_up,carrier_picked_up,CAR-SYN-ECON,ORIGIN-WH-SYN-EAST,CN-ZJ-HZ,,2
TRE-SYN-B-0045-03,ORD-SYN-B-0045,SHP-SYN-B-0045,2026-06-05T22:37:10+08:00,origin_departed,origin_departed,CAR-SYN-ECON,ORIGIN-WH-SYN-EAST,CN-ZJ-HZ,,3
TRE-SYN-B-0045-04,ORD-SYN-B-0045,SHP-SYN-B-0045,2026-06-05T23:56:03+08:00,in_transit,in_transit,CAR-SYN-ECON,LINEHAUL-SYN-01,CN-ZJ-HZ,,4
TRE-SYN-B-0045-05,ORD-SYN-B-0045,SHP-SYN-B-0045,2026-06-06T07:38:05+08:00,arrived_at_hub,arrived_at_hub,CAR-SYN-ECON,HUB-SYN-01,CN-ZJ-HZ,,5
TRE-SYN-B-0045-06,ORD-SYN-B-0045,SHP-SYN-B-0045,2026-06-06T10:45:11+08:00,departed_hub,departed_hub,CAR-SYN-ECON,HUB-SYN-01,CN-ZJ-HZ,,6
TRE-SYN-B-0045-07,ORD-SYN-B-0045,SHP-SYN-B-0045,2026-06-06T22:46:28+08:00,arrived_at_destination_city,arrived_at_destination_city,CAR-SYN-ECON,DEST-CN-ZJ-HZ,CN-ZJ-HZ,,7
TRE-SYN-B-0045-08,ORD-SYN-B-0045,SHP-SYN-B-0045,2026-06-07T04:26:56+08:00,out_for_delivery,out_for_delivery,CAR-SYN-ECON,SITE-CN-ZJ-HZ,CN-ZJ-HZ,,8
TRE-SYN-B-0045-09,ORD-SYN-B-0045,SHP-SYN-B-0045,2026-06-07T08:23:38+08:00,delivered,delivered,CAR-SYN-ECON,SITE-CN-ZJ-HZ,CN-ZJ-HZ,,9
TRE-SYN-B-0046-01,ORD-SYN-B-0046,SHP-SYN-B-0046,2026-06-05T18:32:06+08:00,shipment_created,shipment_created,CAR-SYN-FAST,ORIGIN-WH-SYN-EAST,CN-HB-WH,,1
TRE-SYN-B-0046-02,ORD-SYN-B-0046,SHP-SYN-B-0046,2026-06-05T23:46:16+08:00,carrier_picked_up,carrier_picked_up,CAR-SYN-FAST,ORIGIN-WH-SYN-EAST,CN-HB-WH,,2
TRE-SYN-B-0046-03,ORD-SYN-B-0046,SHP-SYN-B-0046,2026-06-06T00:56:11+08:00,origin_departed,origin_departed,CAR-SYN-FAST,ORIGIN-WH-SYN-EAST,CN-HB-WH,,3
TRE-SYN-B-0046-04,ORD-SYN-B-0046,SHP-SYN-B-0046,2026-06-06T01:50:19+08:00,in_transit,in_transit,CAR-SYN-FAST,LINEHAUL-SYN-01,CN-HB-WH,,4
TRE-SYN-B-0046-05,ORD-SYN-B-0046,SHP-SYN-B-0046,2026-06-06T10:39:25+08:00,arrived_at_hub,arrived_at_hub,CAR-SYN-FAST,HUB-SYN-01,CN-HB-WH,,5
TRE-SYN-B-0046-06,ORD-SYN-B-0046,SHP-SYN-B-0046,2026-06-06T12:54:27+08:00,departed_hub,departed_hub,CAR-SYN-FAST,HUB-SYN-01,CN-HB-WH,,6
TRE-SYN-B-0046-07,ORD-SYN-B-0046,SHP-SYN-B-0046,2026-06-06T21:35:42+08:00,arrived_at_destination_city,arrived_at_destination_city,CAR-SYN-FAST,DEST-CN-HB-WH,CN-HB-WH,,7
TRE-SYN-B-0046-08,ORD-SYN-B-0046,SHP-SYN-B-0046,2026-06-07T05:35:17+08:00,out_for_delivery,out_for_delivery,CAR-SYN-FAST,SITE-CN-HB-WH,CN-HB-WH,,8
TRE-SYN-B-0046-09,ORD-SYN-B-0046,SHP-SYN-B-0046,2026-06-07T08:09:49+08:00,delivered,delivered,CAR-SYN-FAST,SITE-CN-HB-WH,CN-HB-WH,,9
TRE-SYN-B-0047-01,ORD-SYN-B-0047,SHP-SYN-B-0047,2026-06-05T22:12:38+08:00,shipment_created,shipment_created,CAR-SYN-FAST,ORIGIN-WH-SYN-EAST,CN-ZJ-HZ,,1
TRE-SYN-B-0047-02,ORD-SYN-B-0047,SHP-SYN-B-0047,2026-06-06T01:35:26+08:00,carrier_picked_up,carrier_picked_up,CAR-SYN-FAST,ORIGIN-WH-SYN-EAST,CN-ZJ-HZ,,2
TRE-SYN-B-0047-03,ORD-SYN-B-0047,SHP-SYN-B-0047,2026-06-06T02:43:52+08:00,origin_departed,origin_departed,CAR-SYN-FAST,ORIGIN-WH-SYN-EAST,CN-ZJ-HZ,,3
TRE-SYN-B-0047-04,ORD-SYN-B-0047,SHP-SYN-B-0047,2026-06-06T03:44:42+08:00,in_transit,in_transit,CAR-SYN-FAST,LINEHAUL-SYN-01,CN-ZJ-HZ,,4
TRE-SYN-B-0047-05,ORD-SYN-B-0047,SHP-SYN-B-0047,2026-06-06T16:12:30+08:00,arrived_at_hub,arrived_at_hub,CAR-SYN-FAST,HUB-SYN-01,CN-ZJ-HZ,,5
TRE-SYN-B-0047-06,ORD-SYN-B-0047,SHP-SYN-B-0047,2026-06-06T17:43:55+08:00,departed_hub,departed_hub,CAR-SYN-FAST,HUB-SYN-01,CN-ZJ-HZ,,6
TRE-SYN-B-0047-07,ORD-SYN-B-0047,SHP-SYN-B-0047,2026-06-07T07:49:47+08:00,arrived_at_destination_city,arrived_at_destination_city,CAR-SYN-FAST,DEST-CN-ZJ-HZ,CN-ZJ-HZ,,7
TRE-SYN-B-0047-08,ORD-SYN-B-0047,SHP-SYN-B-0047,2026-06-07T10:35:49+08:00,out_for_delivery,out_for_delivery,CAR-SYN-FAST,SITE-CN-ZJ-HZ,CN-ZJ-HZ,,8
TRE-SYN-B-0047-09,ORD-SYN-B-0047,SHP-SYN-B-0047,2026-06-07T15:04:07+08:00,delivered,delivered,CAR-SYN-FAST,SITE-CN-ZJ-HZ,CN-ZJ-HZ,,9
TRE-SYN-B-0048-01,ORD-SYN-B-0048,SHP-SYN-B-0048,2026-06-05T13:33:38+08:00,shipment_created,shipment_created,CAR-SYN-FAST,ORIGIN-WH-SYN-WEST,CN-ZJ-HZ,,1
TRE-SYN-B-0048-02,ORD-SYN-B-0048,SHP-SYN-B-0048,2026-06-05T18:16:50+08:00,carrier_picked_up,carrier_picked_up,CAR-SYN-FAST,ORIGIN-WH-SYN-WEST,CN-ZJ-HZ,,2
TRE-SYN-B-0048-03,ORD-SYN-B-0048,SHP-SYN-B-0048,2026-06-05T18:54:05+08:00,origin_departed,origin_departed,CAR-SYN-FAST,ORIGIN-WH-SYN-WEST,CN-ZJ-HZ,,3
TRE-SYN-B-0048-04,ORD-SYN-B-0048,SHP-SYN-B-0048,2026-06-05T19:48:04+08:00,in_transit,in_transit,CAR-SYN-FAST,LINEHAUL-SYN-01,CN-ZJ-HZ,,4
TRE-SYN-B-0048-05,ORD-SYN-B-0048,SHP-SYN-B-0048,2026-06-06T04:55:02+08:00,arrived_at_hub,arrived_at_hub,CAR-SYN-FAST,HUB-SYN-01,CN-ZJ-HZ,,5
TRE-SYN-B-0048-06,ORD-SYN-B-0048,SHP-SYN-B-0048,2026-06-06T05:55:31+08:00,departed_hub,departed_hub,CAR-SYN-FAST,HUB-SYN-01,CN-ZJ-HZ,,6
TRE-SYN-B-0048-07,ORD-SYN-B-0048,SHP-SYN-B-0048,2026-06-06T17:47:30+08:00,arrived_at_destination_city,arrived_at_destination_city,CAR-SYN-FAST,DEST-CN-ZJ-HZ,CN-ZJ-HZ,,7
TRE-SYN-B-0048-08,ORD-SYN-B-0048,SHP-SYN-B-0048,2026-06-07T02:41:52+08:00,out_for_delivery,out_for_delivery,CAR-SYN-FAST,SITE-CN-ZJ-HZ,CN-ZJ-HZ,,8
TRE-SYN-B-0048-09,ORD-SYN-B-0048,SHP-SYN-B-0048,2026-06-07T08:30:51+08:00,delivered,delivered,CAR-SYN-FAST,SITE-CN-ZJ-HZ,CN-ZJ-HZ,,9
TRE-SYN-B-0049-01,ORD-SYN-B-0049,SHP-SYN-B-0049,2026-06-05T17:07:01+08:00,shipment_created,shipment_created,CAR-SYN-STD,ORIGIN-WH-SYN-EAST,CN-HB-WH,,1
TRE-SYN-B-0049-02,ORD-SYN-B-0049,SHP-SYN-B-0049,2026-06-05T20:30:30+08:00,carrier_picked_up,carrier_picked_up,CAR-SYN-STD,ORIGIN-WH-SYN-EAST,CN-HB-WH,,2
TRE-SYN-B-0049-03,ORD-SYN-B-0049,SHP-SYN-B-0049,2026-06-05T21:55:03+08:00,origin_departed,origin_departed,CAR-SYN-STD,ORIGIN-WH-SYN-EAST,CN-HB-WH,,3
TRE-SYN-B-0049-04,ORD-SYN-B-0049,SHP-SYN-B-0049,2026-06-05T22:35:34+08:00,in_transit,in_transit,CAR-SYN-STD,LINEHAUL-SYN-01,CN-HB-WH,,4
TRE-SYN-B-0049-05,ORD-SYN-B-0049,SHP-SYN-B-0049,2026-06-06T07:28:03+08:00,arrived_at_hub,arrived_at_hub,CAR-SYN-STD,HUB-SYN-01,CN-HB-WH,,5
TRE-SYN-B-0049-06,ORD-SYN-B-0049,SHP-SYN-B-0049,2026-06-06T08:39:44+08:00,departed_hub,departed_hub,CAR-SYN-STD,HUB-SYN-01,CN-HB-WH,,6
TRE-SYN-B-0049-07,ORD-SYN-B-0049,SHP-SYN-B-0049,2026-06-07T00:12:33+08:00,arrived_at_destination_city,arrived_at_destination_city,CAR-SYN-STD,DEST-CN-HB-WH,CN-HB-WH,,7
TRE-SYN-B-0049-08,ORD-SYN-B-0049,SHP-SYN-B-0049,2026-06-07T07:38:51+08:00,out_for_delivery,out_for_delivery,CAR-SYN-STD,SITE-CN-HB-WH,CN-HB-WH,,8
TRE-SYN-B-0049-09,ORD-SYN-B-0049,SHP-SYN-B-0049,2026-06-07T13:13:48+08:00,delivered,delivered,CAR-SYN-STD,SITE-CN-HB-WH,CN-HB-WH,,9
TRE-SYN-B-0050-01,ORD-SYN-B-0050,SHP-SYN-B-0050,2026-06-05T20:47:13+08:00,shipment_created,shipment_created,CAR-SYN-STD,ORIGIN-WH-SYN-EAST,CN-HB-WH,,1
TRE-SYN-B-0050-02,ORD-SYN-B-0050,SHP-SYN-B-0050,2026-06-06T02:39:07+08:00,carrier_picked_up,carrier_picked_up,CAR-SYN-STD,ORIGIN-WH-SYN-EAST,CN-HB-WH,,2
TRE-SYN-B-0050-03,ORD-SYN-B-0050,SHP-SYN-B-0050,2026-06-06T03:34:54+08:00,origin_departed,origin_departed,CAR-SYN-STD,ORIGIN-WH-SYN-EAST,CN-HB-WH,,3
TRE-SYN-B-0050-04,ORD-SYN-B-0050,SHP-SYN-B-0050,2026-06-06T04:23:19+08:00,in_transit,in_transit,CAR-SYN-STD,LINEHAUL-SYN-01,CN-HB-WH,,4
TRE-SYN-B-0050-05,ORD-SYN-B-0050,SHP-SYN-B-0050,2026-06-06T11:42:05+08:00,arrived_at_hub,arrived_at_hub,CAR-SYN-STD,HUB-SYN-01,CN-HB-WH,,5
TRE-SYN-B-0050-06,ORD-SYN-B-0050,SHP-SYN-B-0050,2026-06-06T15:05:47+08:00,departed_hub,departed_hub,CAR-SYN-STD,HUB-SYN-01,CN-HB-WH,,6
TRE-SYN-B-0050-07,ORD-SYN-B-0050,SHP-SYN-B-0050,2026-06-07T04:15:18+08:00,arrived_at_destination_city,arrived_at_destination_city,CAR-SYN-STD,DEST-CN-HB-WH,CN-HB-WH,,7
TRE-SYN-B-0050-08,ORD-SYN-B-0050,SHP-SYN-B-0050,2026-06-07T12:35:36+08:00,out_for_delivery,out_for_delivery,CAR-SYN-STD,SITE-CN-HB-WH,CN-HB-WH,,8
TRE-SYN-B-0050-09,ORD-SYN-B-0050,SHP-SYN-B-0050,2026-06-07T18:15:33+08:00,delivered,delivered,CAR-SYN-STD,SITE-CN-HB-WH,CN-HB-WH,,9
TRE-SYN-B-0051-01,ORD-SYN-B-0051,SHP-SYN-B-0051,2026-06-05T22:55:31+08:00,shipment_created,shipment_created,CAR-SYN-STD,ORIGIN-WH-SYN-EAST,CN-ZJ-HZ,,1
TRE-SYN-B-0051-02,ORD-SYN-B-0051,SHP-SYN-B-0051,2026-06-06T01:29:22+08:00,carrier_picked_up,carrier_picked_up,CAR-SYN-STD,ORIGIN-WH-SYN-EAST,CN-ZJ-HZ,,2
TRE-SYN-B-0051-03,ORD-SYN-B-0051,SHP-SYN-B-0051,2026-06-06T02:13:04+08:00,origin_departed,origin_departed,CAR-SYN-STD,ORIGIN-WH-SYN-EAST,CN-ZJ-HZ,,3
TRE-SYN-B-0051-04,ORD-SYN-B-0051,SHP-SYN-B-0051,2026-06-06T03:26:56+08:00,in_transit,in_transit,CAR-SYN-STD,LINEHAUL-SYN-01,CN-ZJ-HZ,,4
TRE-SYN-B-0051-05,ORD-SYN-B-0051,SHP-SYN-B-0051,2026-06-06T13:54:07+08:00,arrived_at_hub,arrived_at_hub,CAR-SYN-STD,HUB-SYN-01,CN-ZJ-HZ,,5
TRE-SYN-B-0051-06,ORD-SYN-B-0051,SHP-SYN-B-0051,2026-06-06T16:26:56+08:00,departed_hub,departed_hub,CAR-SYN-STD,HUB-SYN-01,CN-ZJ-HZ,,6
TRE-SYN-B-0051-07,ORD-SYN-B-0051,SHP-SYN-B-0051,2026-06-07T06:58:08+08:00,arrived_at_destination_city,arrived_at_destination_city,CAR-SYN-STD,DEST-CN-ZJ-HZ,CN-ZJ-HZ,,7
TRE-SYN-B-0051-08,ORD-SYN-B-0051,SHP-SYN-B-0051,2026-06-07T11:51:53+08:00,out_for_delivery,out_for_delivery,CAR-SYN-STD,SITE-CN-ZJ-HZ,CN-ZJ-HZ,,8
TRE-SYN-B-0051-09,ORD-SYN-B-0051,SHP-SYN-B-0051,2026-06-07T16:38:35+08:00,delivered,delivered,CAR-SYN-STD,SITE-CN-ZJ-HZ,CN-ZJ-HZ,,9
TRE-SYN-B-0052-01,ORD-SYN-B-0052,SHP-SYN-B-0052,2026-06-05T15:18:30+08:00,shipment_created,shipment_created,CAR-SYN-ECON,ORIGIN-WH-SYN-WEST,CN-SD-QD,,1
TRE-SYN-B-0052-02,ORD-SYN-B-0052,SHP-SYN-B-0052,2026-06-05T19:03:59+08:00,carrier_picked_up,carrier_picked_up,CAR-SYN-ECON,ORIGIN-WH-SYN-WEST,CN-SD-QD,,2
TRE-SYN-B-0052-03,ORD-SYN-B-0052,SHP-SYN-B-0052,2026-06-05T19:35:22+08:00,origin_departed,origin_departed,CAR-SYN-ECON,ORIGIN-WH-SYN-WEST,CN-SD-QD,,3
TRE-SYN-B-0052-04,ORD-SYN-B-0052,SHP-SYN-B-0052,2026-06-05T21:00:11+08:00,in_transit,in_transit,CAR-SYN-ECON,LINEHAUL-SYN-01,CN-SD-QD,,4
TRE-SYN-B-0052-05,ORD-SYN-B-0052,SHP-SYN-B-0052,2026-06-06T09:13:38+08:00,arrived_at_hub,arrived_at_hub,CAR-SYN-ECON,HUB-SYN-01,CN-SD-QD,,5
TRE-SYN-B-0052-06,ORD-SYN-B-0052,SHP-SYN-B-0052,2026-06-06T12:57:39+08:00,departed_hub,departed_hub,CAR-SYN-ECON,HUB-SYN-01,CN-SD-QD,,6
TRE-SYN-B-0052-07,ORD-SYN-B-0052,SHP-SYN-B-0052,2026-06-07T00:08:28+08:00,arrived_at_destination_city,arrived_at_destination_city,CAR-SYN-ECON,DEST-CN-SD-QD,CN-SD-QD,,7
TRE-SYN-B-0052-08,ORD-SYN-B-0052,SHP-SYN-B-0052,2026-06-07T02:20:50+08:00,out_for_delivery,out_for_delivery,CAR-SYN-ECON,SITE-CN-SD-QD,CN-SD-QD,,8
TRE-SYN-B-0052-09,ORD-SYN-B-0052,SHP-SYN-B-0052,2026-06-07T03:24:42+08:00,delivered,delivered,CAR-SYN-ECON,SITE-CN-SD-QD,CN-SD-QD,,9
TRE-SYN-B-0053-01,ORD-SYN-B-0053,SHP-SYN-B-0053,2026-06-06T18:08:02+08:00,shipment_created,shipment_created,CAR-SYN-FAST,ORIGIN-WH-SYN-EAST,CN-ZJ-HZ,,1
TRE-SYN-B-0053-02,ORD-SYN-B-0053,SHP-SYN-B-0053,2026-06-06T23:29:41+08:00,carrier_picked_up,carrier_picked_up,CAR-SYN-FAST,ORIGIN-WH-SYN-EAST,CN-ZJ-HZ,,2
TRE-SYN-B-0053-03,ORD-SYN-B-0053,SHP-SYN-B-0053,2026-06-07T00:21:48+08:00,origin_departed,origin_departed,CAR-SYN-FAST,ORIGIN-WH-SYN-EAST,CN-ZJ-HZ,,3
TRE-SYN-B-0053-04,ORD-SYN-B-0053,SHP-SYN-B-0053,2026-06-07T01:35:17+08:00,in_transit,in_transit,CAR-SYN-FAST,LINEHAUL-SYN-01,CN-ZJ-HZ,,4
TRE-SYN-B-0053-05,ORD-SYN-B-0053,SHP-SYN-B-0053,2026-06-07T08:16:38+08:00,arrived_at_hub,arrived_at_hub,CAR-SYN-FAST,HUB-SYN-01,CN-ZJ-HZ,,5
TRE-SYN-B-0053-06,ORD-SYN-B-0053,SHP-SYN-B-0053,2026-06-07T11:08:33+08:00,departed_hub,departed_hub,CAR-SYN-FAST,HUB-SYN-01,CN-ZJ-HZ,,6
TRE-SYN-B-0053-07,ORD-SYN-B-0053,SHP-SYN-B-0053,2026-06-07T22:24:16+08:00,arrived_at_destination_city,arrived_at_destination_city,CAR-SYN-FAST,DEST-CN-ZJ-HZ,CN-ZJ-HZ,,7
TRE-SYN-B-0053-08,ORD-SYN-B-0053,SHP-SYN-B-0053,2026-06-08T07:09:47+08:00,out_for_delivery,out_for_delivery,CAR-SYN-FAST,SITE-CN-ZJ-HZ,CN-ZJ-HZ,,8
TRE-SYN-B-0053-09,ORD-SYN-B-0053,SHP-SYN-B-0053,2026-06-08T09:21:01+08:00,delivered,delivered,CAR-SYN-FAST,SITE-CN-ZJ-HZ,CN-ZJ-HZ,,9
TRE-SYN-B-0054-01,ORD-SYN-B-0054,SHP-SYN-B-0054,2026-06-06T21:08:47+08:00,shipment_created,shipment_created,CAR-SYN-STD,ORIGIN-WH-SYN-EAST,CN-JS-NJ,,1
TRE-SYN-B-0054-02,ORD-SYN-B-0054,SHP-SYN-B-0054,2026-06-07T02:29:27+08:00,carrier_picked_up,carrier_picked_up,CAR-SYN-STD,ORIGIN-WH-SYN-EAST,CN-JS-NJ,,2
TRE-SYN-B-0054-03,ORD-SYN-B-0054,SHP-SYN-B-0054,2026-06-07T03:31:58+08:00,origin_departed,origin_departed,CAR-SYN-STD,ORIGIN-WH-SYN-EAST,CN-JS-NJ,,3
TRE-SYN-B-0054-04,ORD-SYN-B-0054,SHP-SYN-B-0054,2026-06-07T04:33:38+08:00,in_transit,in_transit,CAR-SYN-STD,LINEHAUL-SYN-01,CN-JS-NJ,,4
TRE-SYN-B-0054-05,ORD-SYN-B-0054,SHP-SYN-B-0054,2026-06-07T16:09:49+08:00,arrived_at_hub,arrived_at_hub,CAR-SYN-STD,HUB-SYN-01,CN-JS-NJ,,5
TRE-SYN-B-0054-06,ORD-SYN-B-0054,SHP-SYN-B-0054,2026-06-07T17:50:18+08:00,departed_hub,departed_hub,CAR-SYN-STD,HUB-SYN-01,CN-JS-NJ,,6
TRE-SYN-B-0054-07,ORD-SYN-B-0054,SHP-SYN-B-0054,2026-06-08T08:47:31+08:00,arrived_at_destination_city,arrived_at_destination_city,CAR-SYN-STD,DEST-CN-JS-NJ,CN-JS-NJ,,7
TRE-SYN-B-0054-08,ORD-SYN-B-0054,SHP-SYN-B-0054,2026-06-08T14:24:43+08:00,out_for_delivery,out_for_delivery,CAR-SYN-STD,SITE-CN-JS-NJ,CN-JS-NJ,,8
TRE-SYN-B-0054-09,ORD-SYN-B-0054,SHP-SYN-B-0054,2026-06-08T19:52:52+08:00,delivered,delivered,CAR-SYN-STD,SITE-CN-JS-NJ,CN-JS-NJ,,9
TRE-SYN-B-0055-01,ORD-SYN-B-0055,SHP-SYN-B-0055,2026-06-06T13:47:25+08:00,shipment_created,shipment_created,CAR-SYN-ECON,ORIGIN-WH-SYN-EAST,CN-SD-QD,,1
TRE-SYN-B-0055-02,ORD-SYN-B-0055,SHP-SYN-B-0055,2026-06-06T19:16:53+08:00,carrier_picked_up,carrier_picked_up,CAR-SYN-ECON,ORIGIN-WH-SYN-EAST,CN-SD-QD,,2
TRE-SYN-B-0055-03,ORD-SYN-B-0055,SHP-SYN-B-0055,2026-06-06T19:47:17+08:00,origin_departed,origin_departed,CAR-SYN-ECON,ORIGIN-WH-SYN-EAST,CN-SD-QD,,3
TRE-SYN-B-0055-04,ORD-SYN-B-0055,SHP-SYN-B-0055,2026-06-06T20:26:59+08:00,in_transit,in_transit,CAR-SYN-ECON,LINEHAUL-SYN-01,CN-SD-QD,,4
TRE-SYN-B-0055-05,ORD-SYN-B-0055,SHP-SYN-B-0055,2026-06-07T05:23:12+08:00,arrived_at_hub,arrived_at_hub,CAR-SYN-ECON,HUB-SYN-01,CN-SD-QD,,5
TRE-SYN-B-0055-06,ORD-SYN-B-0055,SHP-SYN-B-0055,2026-06-07T07:42:08+08:00,departed_hub,departed_hub,CAR-SYN-ECON,HUB-SYN-01,CN-SD-QD,,6
TRE-SYN-B-0055-07,ORD-SYN-B-0055,SHP-SYN-B-0055,2026-06-07T16:43:20+08:00,arrived_at_destination_city,arrived_at_destination_city,CAR-SYN-ECON,DEST-CN-SD-QD,CN-SD-QD,,7
TRE-SYN-B-0055-08,ORD-SYN-B-0055,SHP-SYN-B-0055,2026-06-08T00:01:26+08:00,out_for_delivery,out_for_delivery,CAR-SYN-ECON,SITE-CN-SD-QD,CN-SD-QD,,8
TRE-SYN-B-0055-09,ORD-SYN-B-0055,SHP-SYN-B-0055,2026-06-08T05:55:24+08:00,delivered,delivered,CAR-SYN-ECON,SITE-CN-SD-QD,CN-SD-QD,,9
TRE-SYN-B-0056-01,ORD-SYN-B-0056,SHP-SYN-B-0056,2026-06-06T16:07:18+08:00,shipment_created,shipment_created,CAR-SYN-FAST,ORIGIN-WH-SYN-EAST,CN-ZJ-HZ,,1
TRE-SYN-B-0056-02,ORD-SYN-B-0056,SHP-SYN-B-0056,2026-06-06T21:10:08+08:00,carrier_picked_up,carrier_picked_up,CAR-SYN-FAST,ORIGIN-WH-SYN-EAST,CN-ZJ-HZ,,2
TRE-SYN-B-0056-03,ORD-SYN-B-0056,SHP-SYN-B-0056,2026-06-06T22:09:32+08:00,origin_departed,origin_departed,CAR-SYN-FAST,ORIGIN-WH-SYN-EAST,CN-ZJ-HZ,,3
TRE-SYN-B-0056-04,ORD-SYN-B-0056,SHP-SYN-B-0056,2026-06-06T23:17:09+08:00,in_transit,in_transit,CAR-SYN-FAST,LINEHAUL-SYN-01,CN-ZJ-HZ,,4
TRE-SYN-B-0056-05,ORD-SYN-B-0056,SHP-SYN-B-0056,2026-06-07T06:17:21+08:00,arrived_at_hub,arrived_at_hub,CAR-SYN-FAST,HUB-SYN-01,CN-ZJ-HZ,,5
TRE-SYN-B-0056-06,ORD-SYN-B-0056,SHP-SYN-B-0056,2026-06-07T07:43:20+08:00,departed_hub,departed_hub,CAR-SYN-FAST,HUB-SYN-01,CN-ZJ-HZ,,6
TRE-SYN-B-0056-07,ORD-SYN-B-0056,SHP-SYN-B-0056,2026-06-07T19:56:21+08:00,arrived_at_destination_city,arrived_at_destination_city,CAR-SYN-FAST,DEST-CN-ZJ-HZ,CN-ZJ-HZ,,7
TRE-SYN-B-0056-08,ORD-SYN-B-0056,SHP-SYN-B-0056,2026-06-07T23:18:17+08:00,out_for_delivery,out_for_delivery,CAR-SYN-FAST,SITE-CN-ZJ-HZ,CN-ZJ-HZ,,8
TRE-SYN-B-0056-09,ORD-SYN-B-0056,SHP-SYN-B-0056,2026-06-08T01:45:55+08:00,delivered,delivered,CAR-SYN-FAST,SITE-CN-ZJ-HZ,CN-ZJ-HZ,,9
TRE-SYN-B-0057-01,ORD-SYN-B-0057,SHP-SYN-B-0057,2026-06-06T19:30:01+08:00,shipment_created,shipment_created,CAR-SYN-STD,ORIGIN-WH-SYN-EAST,CN-SD-QD,,1
TRE-SYN-B-0057-02,ORD-SYN-B-0057,SHP-SYN-B-0057,2026-06-07T00:55:53+08:00,carrier_picked_up,carrier_picked_up,CAR-SYN-STD,ORIGIN-WH-SYN-EAST,CN-SD-QD,,2
TRE-SYN-B-0057-03,ORD-SYN-B-0057,SHP-SYN-B-0057,2026-06-07T02:17:27+08:00,origin_departed,origin_departed,CAR-SYN-STD,ORIGIN-WH-SYN-EAST,CN-SD-QD,,3
TRE-SYN-B-0057-04,ORD-SYN-B-0057,SHP-SYN-B-0057,2026-06-07T03:15:10+08:00,in_transit,in_transit,CAR-SYN-STD,LINEHAUL-SYN-01,CN-SD-QD,,4
TRE-SYN-B-0057-05,ORD-SYN-B-0057,SHP-SYN-B-0057,2026-06-07T12:52:05+08:00,arrived_at_hub,arrived_at_hub,CAR-SYN-STD,HUB-SYN-01,CN-SD-QD,,5
TRE-SYN-B-0057-06,ORD-SYN-B-0057,SHP-SYN-B-0057,2026-06-07T15:05:15+08:00,departed_hub,departed_hub,CAR-SYN-STD,HUB-SYN-01,CN-SD-QD,,6
TRE-SYN-B-0057-07,ORD-SYN-B-0057,SHP-SYN-B-0057,2026-06-08T03:31:16+08:00,arrived_at_destination_city,arrived_at_destination_city,CAR-SYN-STD,DEST-CN-SD-QD,CN-SD-QD,,7
TRE-SYN-B-0057-08,ORD-SYN-B-0057,SHP-SYN-B-0057,2026-06-08T09:31:18+08:00,out_for_delivery,out_for_delivery,CAR-SYN-STD,SITE-CN-SD-QD,CN-SD-QD,,8
TRE-SYN-B-0057-09,ORD-SYN-B-0057,SHP-SYN-B-0057,2026-06-08T11:34:19+08:00,delivered,delivered,CAR-SYN-STD,SITE-CN-SD-QD,CN-SD-QD,,9
TRE-SYN-B-0058-01,ORD-SYN-B-0058,SHP-SYN-B-0058,2026-06-06T22:02:09+08:00,shipment_created,shipment_created,CAR-SYN-STD,ORIGIN-WH-SYN-EAST,CN-SD-QD,,1
TRE-SYN-B-0058-02,ORD-SYN-B-0058,SHP-SYN-B-0058,2026-06-07T01:08:33+08:00,carrier_picked_up,carrier_picked_up,CAR-SYN-STD,ORIGIN-WH-SYN-EAST,CN-SD-QD,,2
TRE-SYN-B-0058-03,ORD-SYN-B-0058,SHP-SYN-B-0058,2026-06-07T02:34:59+08:00,origin_departed,origin_departed,CAR-SYN-STD,ORIGIN-WH-SYN-EAST,CN-SD-QD,,3
TRE-SYN-B-0058-04,ORD-SYN-B-0058,SHP-SYN-B-0058,2026-06-07T03:45:55+08:00,in_transit,in_transit,CAR-SYN-STD,LINEHAUL-SYN-01,CN-SD-QD,,4
TRE-SYN-B-0058-05,ORD-SYN-B-0058,SHP-SYN-B-0058,2026-06-07T14:21:40+08:00,arrived_at_hub,arrived_at_hub,CAR-SYN-STD,HUB-SYN-01,CN-SD-QD,,5
TRE-SYN-B-0058-06,ORD-SYN-B-0058,SHP-SYN-B-0058,2026-06-07T17:24:06+08:00,departed_hub,departed_hub,CAR-SYN-STD,HUB-SYN-01,CN-SD-QD,,6
TRE-SYN-B-0058-07,ORD-SYN-B-0058,SHP-SYN-B-0058,2026-06-08T03:47:52+08:00,arrived_at_destination_city,arrived_at_destination_city,CAR-SYN-STD,DEST-CN-SD-QD,CN-SD-QD,,7
TRE-SYN-B-0058-08,ORD-SYN-B-0058,SHP-SYN-B-0058,2026-06-08T10:01:26+08:00,out_for_delivery,out_for_delivery,CAR-SYN-STD,SITE-CN-SD-QD,CN-SD-QD,,8
TRE-SYN-B-0058-09,ORD-SYN-B-0058,SHP-SYN-B-0058,2026-06-08T13:55:15+08:00,delivered,delivered,CAR-SYN-STD,SITE-CN-SD-QD,CN-SD-QD,,9
TRE-SYN-B-0059-01,ORD-SYN-B-0059,SHP-SYN-B-0059,2026-06-06T14:17:55+08:00,shipment_created,shipment_created,CAR-SYN-STD,ORIGIN-WH-SYN-EAST,CN-ZJ-HZ,,1
TRE-SYN-B-0059-02,ORD-SYN-B-0059,SHP-SYN-B-0059,2026-06-06T17:28:12+08:00,carrier_picked_up,carrier_picked_up,CAR-SYN-STD,ORIGIN-WH-SYN-EAST,CN-ZJ-HZ,,2
TRE-SYN-B-0059-03,ORD-SYN-B-0059,SHP-SYN-B-0059,2026-06-06T18:22:19+08:00,origin_departed,origin_departed,CAR-SYN-STD,ORIGIN-WH-SYN-EAST,CN-ZJ-HZ,,3
TRE-SYN-B-0059-04,ORD-SYN-B-0059,SHP-SYN-B-0059,2026-06-06T18:54:19+08:00,in_transit,in_transit,CAR-SYN-STD,LINEHAUL-SYN-01,CN-ZJ-HZ,,4
TRE-SYN-B-0059-05,ORD-SYN-B-0059,SHP-SYN-B-0059,2026-06-07T04:58:28+08:00,arrived_at_hub,arrived_at_hub,CAR-SYN-STD,HUB-SYN-01,CN-ZJ-HZ,,5
TRE-SYN-B-0059-06,ORD-SYN-B-0059,SHP-SYN-B-0059,2026-06-07T07:34:00+08:00,departed_hub,departed_hub,CAR-SYN-STD,HUB-SYN-01,CN-ZJ-HZ,,6
TRE-SYN-B-0059-07,ORD-SYN-B-0059,SHP-SYN-B-0059,2026-06-07T20:05:58+08:00,arrived_at_destination_city,arrived_at_destination_city,CAR-SYN-STD,DEST-CN-ZJ-HZ,CN-ZJ-HZ,,7
TRE-SYN-B-0059-08,ORD-SYN-B-0059,SHP-SYN-B-0059,2026-06-08T01:36:36+08:00,out_for_delivery,out_for_delivery,CAR-SYN-STD,SITE-CN-ZJ-HZ,CN-ZJ-HZ,,8
TRE-SYN-B-0059-09,ORD-SYN-B-0059,SHP-SYN-B-0059,2026-06-08T06:19:12+08:00,delivered,delivered,CAR-SYN-STD,SITE-CN-ZJ-HZ,CN-ZJ-HZ,,9
TRE-SYN-B-0060-01,ORD-SYN-B-0060,SHP-SYN-B-0060,2026-06-06T17:29:10+08:00,shipment_created,shipment_created,CAR-SYN-STD,ORIGIN-WH-SYN-WEST,CN-HB-WH,,1
TRE-SYN-B-0060-02,ORD-SYN-B-0060,SHP-SYN-B-0060,2026-06-06T20:46:51+08:00,carrier_picked_up,carrier_picked_up,CAR-SYN-STD,ORIGIN-WH-SYN-WEST,CN-HB-WH,,2
TRE-SYN-B-0060-03,ORD-SYN-B-0060,SHP-SYN-B-0060,2026-06-06T21:53:55+08:00,origin_departed,origin_departed,CAR-SYN-STD,ORIGIN-WH-SYN-WEST,CN-HB-WH,,3
TRE-SYN-B-0060-04,ORD-SYN-B-0060,SHP-SYN-B-0060,2026-06-06T22:58:47+08:00,in_transit,in_transit,CAR-SYN-STD,LINEHAUL-SYN-01,CN-HB-WH,,4
TRE-SYN-B-0060-05,ORD-SYN-B-0060,SHP-SYN-B-0060,2026-06-07T10:49:45+08:00,arrived_at_hub,arrived_at_hub,CAR-SYN-STD,HUB-SYN-01,CN-HB-WH,,5
TRE-SYN-B-0060-06,ORD-SYN-B-0060,SHP-SYN-B-0060,2026-06-07T14:37:54+08:00,departed_hub,departed_hub,CAR-SYN-STD,HUB-SYN-01,CN-HB-WH,,6
TRE-SYN-B-0060-07,ORD-SYN-B-0060,SHP-SYN-B-0060,2026-06-08T00:49:14+08:00,arrived_at_destination_city,arrived_at_destination_city,CAR-SYN-STD,DEST-CN-HB-WH,CN-HB-WH,,7
TRE-SYN-B-0060-08,ORD-SYN-B-0060,SHP-SYN-B-0060,2026-06-08T05:44:37+08:00,out_for_delivery,out_for_delivery,CAR-SYN-STD,SITE-CN-HB-WH,CN-HB-WH,,8
TRE-SYN-B-0060-09,ORD-SYN-B-0060,SHP-SYN-B-0060,2026-06-08T06:47:34+08:00,delivered,delivered,CAR-SYN-STD,SITE-CN-HB-WH,CN-HB-WH,,9
TRE-SYN-B-0061-01,ORD-SYN-B-0061,SHP-SYN-B-0061,2026-06-06T20:05:10+08:00,shipment_created,shipment_created,CAR-SYN-FAST,ORIGIN-WH-SYN-EAST,CN-JS-NJ,,1
TRE-SYN-B-0061-02,ORD-SYN-B-0061,SHP-SYN-B-0061,2026-06-07T01:02:16+08:00,carrier_picked_up,carrier_picked_up,CAR-SYN-FAST,ORIGIN-WH-SYN-EAST,CN-JS-NJ,,2
TRE-SYN-B-0061-03,ORD-SYN-B-0061,SHP-SYN-B-0061,2026-06-07T01:37:14+08:00,origin_departed,origin_departed,CAR-SYN-FAST,ORIGIN-WH-SYN-EAST,CN-JS-NJ,,3
TRE-SYN-B-0061-04,ORD-SYN-B-0061,SHP-SYN-B-0061,2026-06-07T02:36:43+08:00,in_transit,in_transit,CAR-SYN-FAST,LINEHAUL-SYN-01,CN-JS-NJ,,4
TRE-SYN-B-0061-05,ORD-SYN-B-0061,SHP-SYN-B-0061,2026-06-07T11:31:03+08:00,arrived_at_hub,arrived_at_hub,CAR-SYN-FAST,HUB-SYN-01,CN-JS-NJ,,5
TRE-SYN-B-0061-06,ORD-SYN-B-0061,SHP-SYN-B-0061,2026-06-07T14:15:46+08:00,departed_hub,departed_hub,CAR-SYN-FAST,HUB-SYN-01,CN-JS-NJ,,6
TRE-SYN-B-0061-07,ORD-SYN-B-0061,SHP-SYN-B-0061,2026-06-07T23:23:44+08:00,arrived_at_destination_city,arrived_at_destination_city,CAR-SYN-FAST,DEST-CN-JS-NJ,CN-JS-NJ,,7
TRE-SYN-B-0061-08,ORD-SYN-B-0061,SHP-SYN-B-0061,2026-06-08T03:45:58+08:00,out_for_delivery,out_for_delivery,CAR-SYN-FAST,SITE-CN-JS-NJ,CN-JS-NJ,,8
TRE-SYN-B-0061-09,ORD-SYN-B-0061,SHP-SYN-B-0061,2026-06-08T09:44:48+08:00,delivered,delivered,CAR-SYN-FAST,SITE-CN-JS-NJ,CN-JS-NJ,,9
TRE-SYN-B-0062-01,ORD-SYN-B-0062,SHP-SYN-B-0062,2026-06-06T23:52:45+08:00,shipment_created,shipment_created,CAR-SYN-FAST,ORIGIN-WH-SYN-EAST,CN-HB-WH,,1
TRE-SYN-B-0062-02,ORD-SYN-B-0062,SHP-SYN-B-0062,2026-06-07T04:18:50+08:00,carrier_picked_up,carrier_picked_up,CAR-SYN-FAST,ORIGIN-WH-SYN-EAST,CN-HB-WH,,2
TRE-SYN-B-0062-03,ORD-SYN-B-0062,SHP-SYN-B-0062,2026-06-07T04:58:06+08:00,origin_departed,origin_departed,CAR-SYN-FAST,ORIGIN-WH-SYN-EAST,CN-HB-WH,,3
TRE-SYN-B-0062-04,ORD-SYN-B-0062,SHP-SYN-B-0062,2026-06-07T05:44:45+08:00,in_transit,in_transit,CAR-SYN-FAST,LINEHAUL-SYN-01,CN-HB-WH,,4
TRE-SYN-B-0062-05,ORD-SYN-B-0062,SHP-SYN-B-0062,2026-06-07T15:17:43+08:00,arrived_at_hub,arrived_at_hub,CAR-SYN-FAST,HUB-SYN-01,CN-HB-WH,,5
TRE-SYN-B-0062-06,ORD-SYN-B-0062,SHP-SYN-B-0062,2026-06-07T18:11:58+08:00,departed_hub,departed_hub,CAR-SYN-FAST,HUB-SYN-01,CN-HB-WH,,6
TRE-SYN-B-0062-07,ORD-SYN-B-0062,SHP-SYN-B-0062,2026-06-08T05:26:16+08:00,arrived_at_destination_city,arrived_at_destination_city,CAR-SYN-FAST,DEST-CN-HB-WH,CN-HB-WH,,7
TRE-SYN-B-0062-08,ORD-SYN-B-0062,SHP-SYN-B-0062,2026-06-08T08:37:14+08:00,out_for_delivery,out_for_delivery,CAR-SYN-FAST,SITE-CN-HB-WH,CN-HB-WH,,8
TRE-SYN-B-0062-09,ORD-SYN-B-0062,SHP-SYN-B-0062,2026-06-08T10:12:34+08:00,delivered,delivered,CAR-SYN-FAST,SITE-CN-HB-WH,CN-HB-WH,,9
TRE-SYN-B-0063-01,ORD-SYN-B-0063,SHP-SYN-B-0063,2026-06-07T15:07:06+08:00,shipment_created,shipment_created,CAR-SYN-FAST,ORIGIN-WH-SYN-EAST,CN-SD-QD,,1
TRE-SYN-B-0063-02,ORD-SYN-B-0063,SHP-SYN-B-0063,2026-06-07T21:47:42+08:00,carrier_picked_up,carrier_picked_up,CAR-SYN-FAST,ORIGIN-WH-SYN-EAST,CN-SD-QD,,2
TRE-SYN-B-0063-03,ORD-SYN-B-0063,SHP-SYN-B-0063,2026-06-07T22:49:31+08:00,origin_departed,origin_departed,CAR-SYN-FAST,ORIGIN-WH-SYN-EAST,CN-SD-QD,,3
TRE-SYN-B-0063-04,ORD-SYN-B-0063,SHP-SYN-B-0063,2026-06-07T23:33:12+08:00,in_transit,in_transit,CAR-SYN-FAST,LINEHAUL-SYN-01,CN-SD-QD,,4
TRE-SYN-B-0063-05,ORD-SYN-B-0063,SHP-SYN-B-0063,2026-06-08T11:09:37+08:00,arrived_at_hub,arrived_at_hub,CAR-SYN-FAST,HUB-SYN-01,CN-SD-QD,,5
TRE-SYN-B-0063-06,ORD-SYN-B-0063,SHP-SYN-B-0063,2026-06-08T13:26:31+08:00,departed_hub,departed_hub,CAR-SYN-FAST,HUB-SYN-01,CN-SD-QD,,6
TRE-SYN-B-0063-07,ORD-SYN-B-0063,SHP-SYN-B-0063,2026-06-08T21:44:38+08:00,arrived_at_destination_city,arrived_at_destination_city,CAR-SYN-FAST,DEST-CN-SD-QD,CN-SD-QD,,7
TRE-SYN-B-0063-08,ORD-SYN-B-0063,SHP-SYN-B-0063,2026-06-09T03:58:54+08:00,out_for_delivery,out_for_delivery,CAR-SYN-FAST,SITE-CN-SD-QD,CN-SD-QD,,8
TRE-SYN-B-0063-09,ORD-SYN-B-0063,SHP-SYN-B-0063,2026-06-09T06:56:34+08:00,delivered,delivered,CAR-SYN-FAST,SITE-CN-SD-QD,CN-SD-QD,,9
TRE-SYN-B-0064-01,ORD-SYN-B-0064,SHP-SYN-B-0064,2026-06-07T18:30:38+08:00,shipment_created,shipment_created,CAR-SYN-FAST,ORIGIN-WH-SYN-EAST,CN-ZJ-HZ,,1
TRE-SYN-B-0064-02,ORD-SYN-B-0064,SHP-SYN-B-0064,2026-06-07T22:19:29+08:00,carrier_picked_up,carrier_picked_up,CAR-SYN-FAST,ORIGIN-WH-SYN-EAST,CN-ZJ-HZ,,2
TRE-SYN-B-0064-03,ORD-SYN-B-0064,SHP-SYN-B-0064,2026-06-07T23:31:41+08:00,origin_departed,origin_departed,CAR-SYN-FAST,ORIGIN-WH-SYN-EAST,CN-ZJ-HZ,,3
TRE-SYN-B-0064-04,ORD-SYN-B-0064,SHP-SYN-B-0064,2026-06-08T00:51:51+08:00,in_transit,in_transit,CAR-SYN-FAST,LINEHAUL-SYN-01,CN-ZJ-HZ,,4
TRE-SYN-B-0064-05,ORD-SYN-B-0064,SHP-SYN-B-0064,2026-06-08T12:58:33+08:00,arrived_at_hub,arrived_at_hub,CAR-SYN-FAST,HUB-SYN-01,CN-ZJ-HZ,,5
TRE-SYN-B-0064-06,ORD-SYN-B-0064,SHP-SYN-B-0064,2026-06-08T15:35:20+08:00,departed_hub,departed_hub,CAR-SYN-FAST,HUB-SYN-01,CN-ZJ-HZ,,6
TRE-SYN-B-0064-07,ORD-SYN-B-0064,SHP-SYN-B-0064,2026-06-09T05:17:28+08:00,arrived_at_destination_city,arrived_at_destination_city,CAR-SYN-FAST,DEST-CN-ZJ-HZ,CN-ZJ-HZ,,7
TRE-SYN-B-0064-08,ORD-SYN-B-0064,SHP-SYN-B-0064,2026-06-09T11:42:57+08:00,out_for_delivery,out_for_delivery,CAR-SYN-FAST,SITE-CN-ZJ-HZ,CN-ZJ-HZ,,8
TRE-SYN-B-0064-09,ORD-SYN-B-0064,SHP-SYN-B-0064,2026-06-09T14:26:57+08:00,delivered,delivered,CAR-SYN-FAST,SITE-CN-ZJ-HZ,CN-ZJ-HZ,,9
TRE-SYN-B-0065-01,ORD-SYN-B-0065,SHP-SYN-B-0065,2026-06-07T20:38:34+08:00,shipment_created,shipment_created,CAR-SYN-STD,ORIGIN-WH-SYN-EAST,CN-ZJ-HZ,,1
TRE-SYN-B-0065-02,ORD-SYN-B-0065,SHP-SYN-B-0065,2026-06-08T03:51:03+08:00,carrier_picked_up,carrier_picked_up,CAR-SYN-STD,ORIGIN-WH-SYN-EAST,CN-ZJ-HZ,,2
TRE-SYN-B-0065-03,ORD-SYN-B-0065,SHP-SYN-B-0065,2026-06-08T04:45:44+08:00,origin_departed,origin_departed,CAR-SYN-STD,ORIGIN-WH-SYN-EAST,CN-ZJ-HZ,,3
TRE-SYN-B-0065-04,ORD-SYN-B-0065,SHP-SYN-B-0065,2026-06-08T06:11:21+08:00,in_transit,in_transit,CAR-SYN-STD,LINEHAUL-SYN-01,CN-ZJ-HZ,,4
TRE-SYN-B-0065-05,ORD-SYN-B-0065,SHP-SYN-B-0065,2026-06-08T16:59:57+08:00,arrived_at_hub,arrived_at_hub,CAR-SYN-STD,HUB-SYN-01,CN-ZJ-HZ,,5
TRE-SYN-B-0065-06,ORD-SYN-B-0065,SHP-SYN-B-0065,2026-06-08T18:14:09+08:00,departed_hub,departed_hub,CAR-SYN-STD,HUB-SYN-01,CN-ZJ-HZ,,6
TRE-SYN-B-0065-07,ORD-SYN-B-0065,SHP-SYN-B-0065,2026-06-09T06:38:09+08:00,arrived_at_destination_city,arrived_at_destination_city,CAR-SYN-STD,DEST-CN-ZJ-HZ,CN-ZJ-HZ,,7
TRE-SYN-B-0065-08,ORD-SYN-B-0065,SHP-SYN-B-0065,2026-06-09T14:04:42+08:00,out_for_delivery,out_for_delivery,CAR-SYN-STD,SITE-CN-ZJ-HZ,CN-ZJ-HZ,,8
TRE-SYN-B-0065-09,ORD-SYN-B-0065,SHP-SYN-B-0065,2026-06-09T16:27:02+08:00,delivered,delivered,CAR-SYN-STD,SITE-CN-ZJ-HZ,CN-ZJ-HZ,,9
TRE-SYN-B-0066-01,ORD-SYN-B-0066,SHP-SYN-B-0066,2026-06-07T13:44:15+08:00,shipment_created,shipment_created,CAR-SYN-ECON,ORIGIN-WH-SYN-EAST,CN-ZJ-HZ,,1
TRE-SYN-B-0066-02,ORD-SYN-B-0066,SHP-SYN-B-0066,2026-06-07T21:33:43+08:00,carrier_picked_up,carrier_picked_up,CAR-SYN-ECON,ORIGIN-WH-SYN-EAST,CN-ZJ-HZ,,2
TRE-SYN-B-0066-03,ORD-SYN-B-0066,SHP-SYN-B-0066,2026-06-07T22:54:03+08:00,origin_departed,origin_departed,CAR-SYN-ECON,ORIGIN-WH-SYN-EAST,CN-ZJ-HZ,,3
TRE-SYN-B-0066-04,ORD-SYN-B-0066,SHP-SYN-B-0066,2026-06-08T00:21:55+08:00,in_transit,in_transit,CAR-SYN-ECON,LINEHAUL-SYN-01,CN-ZJ-HZ,,4
TRE-SYN-B-0066-05,ORD-SYN-B-0066,SHP-SYN-B-0066,2026-06-08T10:59:51+08:00,arrived_at_hub,arrived_at_hub,CAR-SYN-ECON,HUB-SYN-01,CN-ZJ-HZ,,5
TRE-SYN-B-0066-06,ORD-SYN-B-0066,SHP-SYN-B-0066,2026-06-08T12:01:39+08:00,departed_hub,departed_hub,CAR-SYN-ECON,HUB-SYN-01,CN-ZJ-HZ,,6
TRE-SYN-B-0066-07,ORD-SYN-B-0066,SHP-SYN-B-0066,2026-06-09T00:38:17+08:00,arrived_at_destination_city,arrived_at_destination_city,CAR-SYN-ECON,DEST-CN-ZJ-HZ,CN-ZJ-HZ,,7
TRE-SYN-B-0066-08,ORD-SYN-B-0066,SHP-SYN-B-0066,2026-06-09T06:12:57+08:00,out_for_delivery,out_for_delivery,CAR-SYN-ECON,SITE-CN-ZJ-HZ,CN-ZJ-HZ,,8
TRE-SYN-B-0066-09,ORD-SYN-B-0066,SHP-SYN-B-0066,2026-06-09T10:45:13+08:00,delivered,delivered,CAR-SYN-ECON,SITE-CN-ZJ-HZ,CN-ZJ-HZ,,9
TRE-SYN-B-0067-01,ORD-SYN-B-0067,SHP-SYN-B-0067,2026-06-07T16:45:31+08:00,shipment_created,shipment_created,CAR-SYN-FAST,ORIGIN-WH-SYN-WEST,CN-ZJ-HZ,,1
TRE-SYN-B-0067-02,ORD-SYN-B-0067,SHP-SYN-B-0067,2026-06-08T00:03:28+08:00,carrier_picked_up,carrier_picked_up,CAR-SYN-FAST,ORIGIN-WH-SYN-WEST,CN-ZJ-HZ,,2
TRE-SYN-B-0067-03,ORD-SYN-B-0067,SHP-SYN-B-0067,2026-06-08T00:54:26+08:00,origin_departed,origin_departed,CAR-SYN-FAST,ORIGIN-WH-SYN-WEST,CN-ZJ-HZ,,3
TRE-SYN-B-0067-04,ORD-SYN-B-0067,SHP-SYN-B-0067,2026-06-08T02:21:27+08:00,in_transit,in_transit,CAR-SYN-FAST,LINEHAUL-SYN-01,CN-ZJ-HZ,,4
TRE-SYN-B-0067-05,ORD-SYN-B-0067,SHP-SYN-B-0067,2026-06-08T14:47:26+08:00,arrived_at_hub,arrived_at_hub,CAR-SYN-FAST,HUB-SYN-01,CN-ZJ-HZ,,5
TRE-SYN-B-0067-06,ORD-SYN-B-0067,SHP-SYN-B-0067,2026-06-08T16:24:24+08:00,departed_hub,departed_hub,CAR-SYN-FAST,HUB-SYN-01,CN-ZJ-HZ,,6
TRE-SYN-B-0067-07,ORD-SYN-B-0067,SHP-SYN-B-0067,2026-06-09T01:25:03+08:00,arrived_at_destination_city,arrived_at_destination_city,CAR-SYN-FAST,DEST-CN-ZJ-HZ,CN-ZJ-HZ,,7
TRE-SYN-B-0067-08,ORD-SYN-B-0067,SHP-SYN-B-0067,2026-06-09T05:06:22+08:00,out_for_delivery,out_for_delivery,CAR-SYN-FAST,SITE-CN-ZJ-HZ,CN-ZJ-HZ,,8
TRE-SYN-B-0067-09,ORD-SYN-B-0067,SHP-SYN-B-0067,2026-06-09T08:06:14+08:00,delivered,delivered,CAR-SYN-FAST,SITE-CN-ZJ-HZ,CN-ZJ-HZ,,9
TRE-SYN-B-0068-01,ORD-SYN-B-0068,SHP-SYN-B-0068,2026-06-07T19:17:35+08:00,shipment_created,shipment_created,CAR-SYN-STD,ORIGIN-WH-SYN-EAST,CN-SD-QD,,1
TRE-SYN-B-0068-02,ORD-SYN-B-0068,SHP-SYN-B-0068,2026-06-07T22:14:59+08:00,carrier_picked_up,carrier_picked_up,CAR-SYN-STD,ORIGIN-WH-SYN-EAST,CN-SD-QD,,2
TRE-SYN-B-0068-03,ORD-SYN-B-0068,SHP-SYN-B-0068,2026-06-07T22:52:06+08:00,origin_departed,origin_departed,CAR-SYN-STD,ORIGIN-WH-SYN-EAST,CN-SD-QD,,3
TRE-SYN-B-0068-04,ORD-SYN-B-0068,SHP-SYN-B-0068,2026-06-08T00:06:13+08:00,in_transit,in_transit,CAR-SYN-STD,LINEHAUL-SYN-01,CN-SD-QD,,4
TRE-SYN-B-0068-05,ORD-SYN-B-0068,SHP-SYN-B-0068,2026-06-08T07:26:23+08:00,arrived_at_hub,arrived_at_hub,CAR-SYN-STD,HUB-SYN-01,CN-SD-QD,,5
TRE-SYN-B-0068-06,ORD-SYN-B-0068,SHP-SYN-B-0068,2026-06-08T08:40:04+08:00,departed_hub,departed_hub,CAR-SYN-STD,HUB-SYN-01,CN-SD-QD,,6
TRE-SYN-B-0068-07,ORD-SYN-B-0068,SHP-SYN-B-0068,2026-06-08T22:10:42+08:00,arrived_at_destination_city,arrived_at_destination_city,CAR-SYN-STD,DEST-CN-SD-QD,CN-SD-QD,,7
TRE-SYN-B-0068-08,ORD-SYN-B-0068,SHP-SYN-B-0068,2026-06-09T00:56:44+08:00,out_for_delivery,out_for_delivery,CAR-SYN-STD,SITE-CN-SD-QD,CN-SD-QD,,8
TRE-SYN-B-0068-09,ORD-SYN-B-0068,SHP-SYN-B-0068,2026-06-09T03:36:19+08:00,delivered,delivered,CAR-SYN-STD,SITE-CN-SD-QD,CN-SD-QD,,9
TRE-SYN-B-0069-01,ORD-SYN-B-0069,SHP-SYN-B-0069,2026-06-07T22:08:48+08:00,shipment_created,shipment_created,CAR-SYN-FAST,ORIGIN-WH-SYN-WEST,CN-SD-QD,,1
TRE-SYN-B-0069-02,ORD-SYN-B-0069,SHP-SYN-B-0069,2026-06-08T03:23:22+08:00,carrier_picked_up,carrier_picked_up,CAR-SYN-FAST,ORIGIN-WH-SYN-WEST,CN-SD-QD,,2
TRE-SYN-B-0069-03,ORD-SYN-B-0069,SHP-SYN-B-0069,2026-06-08T04:22:29+08:00,origin_departed,origin_departed,CAR-SYN-FAST,ORIGIN-WH-SYN-WEST,CN-SD-QD,,3
TRE-SYN-B-0069-04,ORD-SYN-B-0069,SHP-SYN-B-0069,2026-06-08T05:11:00+08:00,in_transit,in_transit,CAR-SYN-FAST,LINEHAUL-SYN-01,CN-SD-QD,,4
TRE-SYN-B-0069-05,ORD-SYN-B-0069,SHP-SYN-B-0069,2026-06-08T12:36:06+08:00,arrived_at_hub,arrived_at_hub,CAR-SYN-FAST,HUB-SYN-01,CN-SD-QD,,5
TRE-SYN-B-0069-06,ORD-SYN-B-0069,SHP-SYN-B-0069,2026-06-08T14:23:03+08:00,departed_hub,departed_hub,CAR-SYN-FAST,HUB-SYN-01,CN-SD-QD,,6
TRE-SYN-B-0069-07,ORD-SYN-B-0069,SHP-SYN-B-0069,2026-06-09T04:47:32+08:00,arrived_at_destination_city,arrived_at_destination_city,CAR-SYN-FAST,DEST-CN-SD-QD,CN-SD-QD,,7
TRE-SYN-B-0069-08,ORD-SYN-B-0069,SHP-SYN-B-0069,2026-06-09T07:23:44+08:00,out_for_delivery,out_for_delivery,CAR-SYN-FAST,SITE-CN-SD-QD,CN-SD-QD,,8
TRE-SYN-B-0069-09,ORD-SYN-B-0069,SHP-SYN-B-0069,2026-06-09T10:27:52+08:00,delivered,delivered,CAR-SYN-FAST,SITE-CN-SD-QD,CN-SD-QD,,9
TRE-SYN-B-0070-01,ORD-SYN-B-0070,SHP-SYN-B-0070,2026-06-07T13:32:16+08:00,shipment_created,shipment_created,CAR-SYN-FAST,ORIGIN-WH-SYN-EAST,CN-ZJ-HZ,,1
TRE-SYN-B-0070-02,ORD-SYN-B-0070,SHP-SYN-B-0070,2026-06-07T16:49:24+08:00,carrier_picked_up,carrier_picked_up,CAR-SYN-FAST,ORIGIN-WH-SYN-EAST,CN-ZJ-HZ,,2
TRE-SYN-B-0070-03,ORD-SYN-B-0070,SHP-SYN-B-0070,2026-06-07T17:48:10+08:00,origin_departed,origin_departed,CAR-SYN-FAST,ORIGIN-WH-SYN-EAST,CN-ZJ-HZ,,3
TRE-SYN-B-0070-04,ORD-SYN-B-0070,SHP-SYN-B-0070,2026-06-07T18:40:54+08:00,in_transit,in_transit,CAR-SYN-FAST,LINEHAUL-SYN-01,CN-ZJ-HZ,,4
TRE-SYN-B-0070-05,ORD-SYN-B-0070,SHP-SYN-B-0070,2026-06-08T06:02:22+08:00,arrived_at_hub,arrived_at_hub,CAR-SYN-FAST,HUB-SYN-01,CN-ZJ-HZ,,5
TRE-SYN-B-0070-06,ORD-SYN-B-0070,SHP-SYN-B-0070,2026-06-08T08:49:40+08:00,departed_hub,departed_hub,CAR-SYN-FAST,HUB-SYN-01,CN-ZJ-HZ,,6
TRE-SYN-B-0070-07,ORD-SYN-B-0070,SHP-SYN-B-0070,2026-06-08T22:29:01+08:00,arrived_at_destination_city,arrived_at_destination_city,CAR-SYN-FAST,DEST-CN-ZJ-HZ,CN-ZJ-HZ,,7
TRE-SYN-B-0070-08,ORD-SYN-B-0070,SHP-SYN-B-0070,2026-06-09T05:16:32+08:00,out_for_delivery,out_for_delivery,CAR-SYN-FAST,SITE-CN-ZJ-HZ,CN-ZJ-HZ,,8
TRE-SYN-B-0070-09,ORD-SYN-B-0070,SHP-SYN-B-0070,2026-06-09T07:29:57+08:00,delivered,delivered,CAR-SYN-FAST,SITE-CN-ZJ-HZ,CN-ZJ-HZ,,9
TRE-SYN-B-0071-01,ORD-SYN-B-0071,SHP-SYN-B-0071,2026-06-07T17:21:32+08:00,shipment_created,shipment_created,CAR-SYN-STD,ORIGIN-WH-SYN-EAST,CN-JS-NJ,,1
TRE-SYN-B-0071-02,ORD-SYN-B-0071,SHP-SYN-B-0071,2026-06-07T21:12:07+08:00,carrier_picked_up,carrier_picked_up,CAR-SYN-STD,ORIGIN-WH-SYN-EAST,CN-JS-NJ,,2
TRE-SYN-B-0071-03,ORD-SYN-B-0071,SHP-SYN-B-0071,2026-06-07T22:29:41+08:00,origin_departed,origin_departed,CAR-SYN-STD,ORIGIN-WH-SYN-EAST,CN-JS-NJ,,3
TRE-SYN-B-0071-04,ORD-SYN-B-0071,SHP-SYN-B-0071,2026-06-07T23:35:00+08:00,in_transit,in_transit,CAR-SYN-STD,LINEHAUL-SYN-01,CN-JS-NJ,,4
TRE-SYN-B-0071-05,ORD-SYN-B-0071,SHP-SYN-B-0071,2026-06-08T08:54:10+08:00,arrived_at_hub,arrived_at_hub,CAR-SYN-STD,HUB-SYN-01,CN-JS-NJ,,5
TRE-SYN-B-0071-06,ORD-SYN-B-0071,SHP-SYN-B-0071,2026-06-08T11:49:08+08:00,departed_hub,departed_hub,CAR-SYN-STD,HUB-SYN-01,CN-JS-NJ,,6
TRE-SYN-B-0071-07,ORD-SYN-B-0071,SHP-SYN-B-0071,2026-06-09T00:52:35+08:00,arrived_at_destination_city,arrived_at_destination_city,CAR-SYN-STD,DEST-CN-JS-NJ,CN-JS-NJ,,7
TRE-SYN-B-0071-08,ORD-SYN-B-0071,SHP-SYN-B-0071,2026-06-09T03:57:31+08:00,out_for_delivery,out_for_delivery,CAR-SYN-STD,SITE-CN-JS-NJ,CN-JS-NJ,,8
TRE-SYN-B-0071-09,ORD-SYN-B-0071,SHP-SYN-B-0071,2026-06-09T06:39:28+08:00,delivered,delivered,CAR-SYN-STD,SITE-CN-JS-NJ,CN-JS-NJ,,9
TRE-SYN-B-0072-01,ORD-SYN-B-0072,SHP-SYN-B-0072,2026-06-07T20:39:19+08:00,shipment_created,shipment_created,CAR-SYN-FAST,ORIGIN-WH-SYN-WEST,CN-SD-QD,,1
TRE-SYN-B-0072-02,ORD-SYN-B-0072,SHP-SYN-B-0072,2026-06-08T01:26:13+08:00,carrier_picked_up,carrier_picked_up,CAR-SYN-FAST,ORIGIN-WH-SYN-WEST,CN-SD-QD,,2
TRE-SYN-B-0072-03,ORD-SYN-B-0072,SHP-SYN-B-0072,2026-06-08T02:01:56+08:00,origin_departed,origin_departed,CAR-SYN-FAST,ORIGIN-WH-SYN-WEST,CN-SD-QD,,3
TRE-SYN-B-0072-04,ORD-SYN-B-0072,SHP-SYN-B-0072,2026-06-08T02:35:29+08:00,in_transit,in_transit,CAR-SYN-FAST,LINEHAUL-SYN-01,CN-SD-QD,,4
TRE-SYN-B-0072-05,ORD-SYN-B-0072,SHP-SYN-B-0072,2026-06-08T09:59:03+08:00,arrived_at_hub,arrived_at_hub,CAR-SYN-FAST,HUB-SYN-01,CN-SD-QD,,5
TRE-SYN-B-0072-06,ORD-SYN-B-0072,SHP-SYN-B-0072,2026-06-08T11:04:25+08:00,departed_hub,departed_hub,CAR-SYN-FAST,HUB-SYN-01,CN-SD-QD,,6
TRE-SYN-B-0072-07,ORD-SYN-B-0072,SHP-SYN-B-0072,2026-06-08T22:58:13+08:00,arrived_at_destination_city,arrived_at_destination_city,CAR-SYN-FAST,DEST-CN-SD-QD,CN-SD-QD,,7
TRE-SYN-B-0072-08,ORD-SYN-B-0072,SHP-SYN-B-0072,2026-06-09T01:28:03+08:00,out_for_delivery,out_for_delivery,CAR-SYN-FAST,SITE-CN-SD-QD,CN-SD-QD,,8
TRE-SYN-B-0072-09,ORD-SYN-B-0072,SHP-SYN-B-0072,2026-06-09T03:58:26+08:00,delivered,delivered,CAR-SYN-FAST,SITE-CN-SD-QD,CN-SD-QD,,9
TRE-SYN-B-0073-01,ORD-SYN-B-0073,SHP-SYN-B-0073,2026-06-09T05:27:05+08:00,shipment_created,shipment_created,CAR-SYN-STD,ORIGIN-WH-SYN-WEST,CN-JS-NJ,,1
TRE-SYN-B-0073-02,ORD-SYN-B-0073,SHP-SYN-B-0073,2026-06-09T08:40:10+08:00,carrier_picked_up,carrier_picked_up,CAR-SYN-STD,ORIGIN-WH-SYN-WEST,CN-JS-NJ,,2
TRE-SYN-B-0073-03,ORD-SYN-B-0073,SHP-SYN-B-0073,2026-06-09T09:46:55+08:00,origin_departed,origin_departed,CAR-SYN-STD,ORIGIN-WH-SYN-WEST,CN-JS-NJ,,3
TRE-SYN-B-0073-04,ORD-SYN-B-0073,SHP-SYN-B-0073,2026-06-09T10:25:41+08:00,in_transit,in_transit,CAR-SYN-STD,LINEHAUL-SYN-01,CN-JS-NJ,,4
TRE-SYN-B-0073-05,ORD-SYN-B-0073,SHP-SYN-B-0073,2026-06-09T17:37:17+08:00,arrived_at_hub,arrived_at_hub,CAR-SYN-STD,HUB-SYN-01,CN-JS-NJ,,5
TRE-SYN-B-0073-06,ORD-SYN-B-0073,SHP-SYN-B-0073,2026-06-09T20:41:41+08:00,departed_hub,departed_hub,CAR-SYN-STD,HUB-SYN-01,CN-JS-NJ,,6
TRE-SYN-B-0073-07,ORD-SYN-B-0073,SHP-SYN-B-0073,2026-06-10T09:15:14+08:00,arrived_at_destination_city,arrived_at_destination_city,CAR-SYN-STD,DEST-CN-JS-NJ,CN-JS-NJ,,7
TRE-SYN-B-0073-08,ORD-SYN-B-0073,SHP-SYN-B-0073,2026-06-10T16:56:27+08:00,out_for_delivery,out_for_delivery,CAR-SYN-STD,SITE-CN-JS-NJ,CN-JS-NJ,,8
TRE-SYN-B-0073-09,ORD-SYN-B-0073,SHP-SYN-B-0073,2026-06-10T18:40:17+08:00,delivered,delivered,CAR-SYN-STD,SITE-CN-JS-NJ,CN-JS-NJ,,9
TRE-SYN-B-0074-01,ORD-SYN-B-0074,SHP-SYN-B-0074,2026-06-09T05:47:06+08:00,shipment_created,shipment_created,CAR-SYN-STD,ORIGIN-WH-SYN-EAST,CN-ZJ-HZ,,1
TRE-SYN-B-0074-02,ORD-SYN-B-0074,SHP-SYN-B-0074,2026-06-09T12:56:04+08:00,carrier_picked_up,carrier_picked_up,CAR-SYN-STD,ORIGIN-WH-SYN-EAST,CN-ZJ-HZ,,2
TRE-SYN-B-0074-03,ORD-SYN-B-0074,SHP-SYN-B-0074,2026-06-09T13:28:29+08:00,origin_departed,origin_departed,CAR-SYN-STD,ORIGIN-WH-SYN-EAST,CN-ZJ-HZ,,3
TRE-SYN-B-0074-04,ORD-SYN-B-0074,SHP-SYN-B-0074,2026-06-09T14:48:55+08:00,in_transit,in_transit,CAR-SYN-STD,LINEHAUL-SYN-01,CN-ZJ-HZ,,4
TRE-SYN-B-0074-05,ORD-SYN-B-0074,SHP-SYN-B-0074,2026-06-10T00:36:39+08:00,arrived_at_hub,arrived_at_hub,CAR-SYN-STD,HUB-SYN-01,CN-ZJ-HZ,,5
TRE-SYN-B-0074-06,ORD-SYN-B-0074,SHP-SYN-B-0074,2026-06-10T03:26:37+08:00,departed_hub,departed_hub,CAR-SYN-STD,HUB-SYN-01,CN-ZJ-HZ,,6
TRE-SYN-B-0074-07,ORD-SYN-B-0074,SHP-SYN-B-0074,2026-06-10T19:22:45+08:00,arrived_at_destination_city,arrived_at_destination_city,CAR-SYN-STD,DEST-CN-ZJ-HZ,CN-ZJ-HZ,,7
TRE-SYN-B-0074-08,ORD-SYN-B-0074,SHP-SYN-B-0074,2026-06-10T21:44:44+08:00,out_for_delivery,out_for_delivery,CAR-SYN-STD,SITE-CN-ZJ-HZ,CN-ZJ-HZ,,8
TRE-SYN-B-0074-09,ORD-SYN-B-0074,SHP-SYN-B-0074,2026-06-11T01:09:22+08:00,delivered,delivered,CAR-SYN-STD,SITE-CN-ZJ-HZ,CN-ZJ-HZ,,9
TRE-SYN-B-0075-01,ORD-SYN-B-0075,SHP-SYN-B-0075,2026-06-09T05:53:10+08:00,shipment_created,shipment_created,CAR-SYN-ECON,ORIGIN-WH-SYN-EAST,CN-JS-NJ,,1
TRE-SYN-B-0075-02,ORD-SYN-B-0075,SHP-SYN-B-0075,2026-06-09T13:50:51+08:00,carrier_picked_up,carrier_picked_up,CAR-SYN-ECON,ORIGIN-WH-SYN-EAST,CN-JS-NJ,,2
TRE-SYN-B-0075-03,ORD-SYN-B-0075,SHP-SYN-B-0075,2026-06-09T15:13:55+08:00,origin_departed,origin_departed,CAR-SYN-ECON,ORIGIN-WH-SYN-EAST,CN-JS-NJ,,3
TRE-SYN-B-0075-04,ORD-SYN-B-0075,SHP-SYN-B-0075,2026-06-09T16:18:12+08:00,in_transit,in_transit,CAR-SYN-ECON,LINEHAUL-SYN-01,CN-JS-NJ,,4
TRE-SYN-B-0075-05,ORD-SYN-B-0075,SHP-SYN-B-0075,2026-06-10T02:35:00+08:00,arrived_at_hub,arrived_at_hub,CAR-SYN-ECON,HUB-SYN-01,CN-JS-NJ,,5
TRE-SYN-B-0075-06,ORD-SYN-B-0075,SHP-SYN-B-0075,2026-06-10T04:15:03+08:00,departed_hub,departed_hub,CAR-SYN-ECON,HUB-SYN-01,CN-JS-NJ,,6
TRE-SYN-B-0075-07,ORD-SYN-B-0075,SHP-SYN-B-0075,2026-06-10T15:41:57+08:00,arrived_at_destination_city,arrived_at_destination_city,CAR-SYN-ECON,DEST-CN-JS-NJ,CN-JS-NJ,,7
TRE-SYN-B-0075-08,ORD-SYN-B-0075,SHP-SYN-B-0075,2026-06-10T20:20:41+08:00,out_for_delivery,out_for_delivery,CAR-SYN-ECON,SITE-CN-JS-NJ,CN-JS-NJ,,8
TRE-SYN-B-0075-09,ORD-SYN-B-0075,SHP-SYN-B-0075,2026-06-10T23:12:51+08:00,delivered,delivered,CAR-SYN-ECON,SITE-CN-JS-NJ,CN-JS-NJ,,9
TRE-SYN-B-0076-01,ORD-SYN-B-0076,SHP-SYN-B-0076,2026-06-09T06:10:17+08:00,shipment_created,shipment_created,CAR-SYN-ECON,ORIGIN-WH-SYN-EAST,CN-JS-NJ,,1
TRE-SYN-B-0076-02,ORD-SYN-B-0076,SHP-SYN-B-0076,2026-06-09T11:59:37+08:00,carrier_picked_up,carrier_picked_up,CAR-SYN-ECON,ORIGIN-WH-SYN-EAST,CN-JS-NJ,,2
TRE-SYN-B-0076-03,ORD-SYN-B-0076,SHP-SYN-B-0076,2026-06-09T13:03:30+08:00,origin_departed,origin_departed,CAR-SYN-ECON,ORIGIN-WH-SYN-EAST,CN-JS-NJ,,3
TRE-SYN-B-0076-04,ORD-SYN-B-0076,SHP-SYN-B-0076,2026-06-09T13:39:08+08:00,in_transit,in_transit,CAR-SYN-ECON,LINEHAUL-SYN-01,CN-JS-NJ,,4
TRE-SYN-B-0076-05,ORD-SYN-B-0076,SHP-SYN-B-0076,2026-06-09T20:18:52+08:00,arrived_at_hub,arrived_at_hub,CAR-SYN-ECON,HUB-SYN-01,CN-JS-NJ,,5
TRE-SYN-B-0076-06,ORD-SYN-B-0076,SHP-SYN-B-0076,2026-06-10T00:16:27+08:00,departed_hub,departed_hub,CAR-SYN-ECON,HUB-SYN-01,CN-JS-NJ,,6
TRE-SYN-B-0076-07,ORD-SYN-B-0076,SHP-SYN-B-0076,2026-06-10T10:04:01+08:00,arrived_at_destination_city,arrived_at_destination_city,CAR-SYN-ECON,DEST-CN-JS-NJ,CN-JS-NJ,,7
TRE-SYN-B-0076-08,ORD-SYN-B-0076,SHP-SYN-B-0076,2026-06-10T13:18:22+08:00,out_for_delivery,out_for_delivery,CAR-SYN-ECON,SITE-CN-JS-NJ,CN-JS-NJ,,8
TRE-SYN-B-0076-09,ORD-SYN-B-0076,SHP-SYN-B-0076,2026-06-10T16:26:16+08:00,delivered,delivered,CAR-SYN-ECON,SITE-CN-JS-NJ,CN-JS-NJ,,9
TRE-SYN-B-0077-01,ORD-SYN-B-0077,SHP-SYN-B-0077,2026-06-09T04:25:24+08:00,shipment_created,shipment_created,CAR-SYN-FAST,ORIGIN-WH-SYN-EAST,CN-SD-QD,,1
TRE-SYN-B-0077-02,ORD-SYN-B-0077,SHP-SYN-B-0077,2026-06-09T07:56:00+08:00,carrier_picked_up,carrier_picked_up,CAR-SYN-FAST,ORIGIN-WH-SYN-EAST,CN-SD-QD,,2
TRE-SYN-B-0077-03,ORD-SYN-B-0077,SHP-SYN-B-0077,2026-06-09T08:31:47+08:00,origin_departed,origin_departed,CAR-SYN-FAST,ORIGIN-WH-SYN-EAST,CN-SD-QD,,3
TRE-SYN-B-0077-04,ORD-SYN-B-0077,SHP-SYN-B-0077,2026-06-09T09:41:48+08:00,in_transit,in_transit,CAR-SYN-FAST,LINEHAUL-SYN-01,CN-SD-QD,,4
TRE-SYN-B-0077-05,ORD-SYN-B-0077,SHP-SYN-B-0077,2026-06-09T16:11:11+08:00,arrived_at_hub,arrived_at_hub,CAR-SYN-FAST,HUB-SYN-01,CN-SD-QD,,5
TRE-SYN-B-0077-06,ORD-SYN-B-0077,SHP-SYN-B-0077,2026-06-09T17:55:58+08:00,departed_hub,departed_hub,CAR-SYN-FAST,HUB-SYN-01,CN-SD-QD,,6
TRE-SYN-B-0077-07,ORD-SYN-B-0077,SHP-SYN-B-0077,2026-06-10T06:06:57+08:00,arrived_at_destination_city,arrived_at_destination_city,CAR-SYN-FAST,DEST-CN-SD-QD,CN-SD-QD,,7
TRE-SYN-B-0077-08,ORD-SYN-B-0077,SHP-SYN-B-0077,2026-06-10T14:59:38+08:00,out_for_delivery,out_for_delivery,CAR-SYN-FAST,SITE-CN-SD-QD,CN-SD-QD,,8
TRE-SYN-B-0077-09,ORD-SYN-B-0077,SHP-SYN-B-0077,2026-06-10T16:32:44+08:00,delivered,delivered,CAR-SYN-FAST,SITE-CN-SD-QD,CN-SD-QD,,9
TRE-SYN-B-0078-01,ORD-SYN-B-0078,SHP-SYN-B-0078,2026-06-09T04:54:06+08:00,shipment_created,shipment_created,CAR-SYN-FAST,ORIGIN-WH-SYN-EAST,CN-JS-NJ,,1
TRE-SYN-B-0078-02,ORD-SYN-B-0078,SHP-SYN-B-0078,2026-06-09T08:39:47+08:00,carrier_picked_up,carrier_picked_up,CAR-SYN-FAST,ORIGIN-WH-SYN-EAST,CN-JS-NJ,,2
TRE-SYN-B-0078-03,ORD-SYN-B-0078,SHP-SYN-B-0078,2026-06-09T09:55:40+08:00,origin_departed,origin_departed,CAR-SYN-FAST,ORIGIN-WH-SYN-EAST,CN-JS-NJ,,3
TRE-SYN-B-0078-04,ORD-SYN-B-0078,SHP-SYN-B-0078,2026-06-09T11:01:33+08:00,in_transit,in_transit,CAR-SYN-FAST,LINEHAUL-SYN-01,CN-JS-NJ,,4
TRE-SYN-B-0078-05,ORD-SYN-B-0078,SHP-SYN-B-0078,2026-06-09T17:40:28+08:00,arrived_at_hub,arrived_at_hub,CAR-SYN-FAST,HUB-SYN-01,CN-JS-NJ,,5
TRE-SYN-B-0078-06,ORD-SYN-B-0078,SHP-SYN-B-0078,2026-06-09T21:22:36+08:00,departed_hub,departed_hub,CAR-SYN-FAST,HUB-SYN-01,CN-JS-NJ,,6
TRE-SYN-B-0078-07,ORD-SYN-B-0078,SHP-SYN-B-0078,2026-06-10T11:10:49+08:00,arrived_at_destination_city,arrived_at_destination_city,CAR-SYN-FAST,DEST-CN-JS-NJ,CN-JS-NJ,,7
TRE-SYN-B-0078-08,ORD-SYN-B-0078,SHP-SYN-B-0078,2026-06-10T13:34:33+08:00,out_for_delivery,out_for_delivery,CAR-SYN-FAST,SITE-CN-JS-NJ,CN-JS-NJ,,8
TRE-SYN-B-0078-09,ORD-SYN-B-0078,SHP-SYN-B-0078,2026-06-10T18:28:46+08:00,delivered,delivered,CAR-SYN-FAST,SITE-CN-JS-NJ,CN-JS-NJ,,9
TRE-SYN-B-0079-01,ORD-SYN-B-0079,SHP-SYN-B-0079,2026-06-09T04:49:12+08:00,shipment_created,shipment_created,CAR-SYN-ECON,ORIGIN-WH-SYN-WEST,CN-ZJ-HZ,,1
TRE-SYN-B-0079-02,ORD-SYN-B-0079,SHP-SYN-B-0079,2026-06-09T10:03:53+08:00,carrier_picked_up,carrier_picked_up,CAR-SYN-ECON,ORIGIN-WH-SYN-WEST,CN-ZJ-HZ,,2
TRE-SYN-B-0079-03,ORD-SYN-B-0079,SHP-SYN-B-0079,2026-06-09T10:56:35+08:00,origin_departed,origin_departed,CAR-SYN-ECON,ORIGIN-WH-SYN-WEST,CN-ZJ-HZ,,3
TRE-SYN-B-0079-04,ORD-SYN-B-0079,SHP-SYN-B-0079,2026-06-09T11:56:58+08:00,in_transit,in_transit,CAR-SYN-ECON,LINEHAUL-SYN-01,CN-ZJ-HZ,,4
TRE-SYN-B-0079-05,ORD-SYN-B-0079,SHP-SYN-B-0079,2026-06-09T19:33:59+08:00,arrived_at_hub,arrived_at_hub,CAR-SYN-ECON,HUB-SYN-01,CN-ZJ-HZ,,5
TRE-SYN-B-0079-06,ORD-SYN-B-0079,SHP-SYN-B-0079,2026-06-09T23:09:15+08:00,departed_hub,departed_hub,CAR-SYN-ECON,HUB-SYN-01,CN-ZJ-HZ,,6
TRE-SYN-B-0079-07,ORD-SYN-B-0079,SHP-SYN-B-0079,2026-06-10T10:20:09+08:00,arrived_at_destination_city,arrived_at_destination_city,CAR-SYN-ECON,DEST-CN-ZJ-HZ,CN-ZJ-HZ,,7
TRE-SYN-B-0079-08,ORD-SYN-B-0079,SHP-SYN-B-0079,2026-06-10T16:18:38+08:00,out_for_delivery,out_for_delivery,CAR-SYN-ECON,SITE-CN-ZJ-HZ,CN-ZJ-HZ,,8
TRE-SYN-B-0079-09,ORD-SYN-B-0079,SHP-SYN-B-0079,2026-06-10T21:30:17+08:00,delivered,delivered,CAR-SYN-ECON,SITE-CN-ZJ-HZ,CN-ZJ-HZ,,9
TRE-SYN-B-0080-01,ORD-SYN-B-0080,SHP-SYN-B-0080,2026-06-09T04:26:10+08:00,shipment_created,shipment_created,CAR-SYN-FAST,ORIGIN-WH-SYN-EAST,CN-HB-WH,,1
TRE-SYN-B-0080-02,ORD-SYN-B-0080,SHP-SYN-B-0080,2026-06-09T10:17:14+08:00,carrier_picked_up,carrier_picked_up,CAR-SYN-FAST,ORIGIN-WH-SYN-EAST,CN-HB-WH,,2
TRE-SYN-B-0080-03,ORD-SYN-B-0080,SHP-SYN-B-0080,2026-06-09T10:48:45+08:00,origin_departed,origin_departed,CAR-SYN-FAST,ORIGIN-WH-SYN-EAST,CN-HB-WH,,3
TRE-SYN-B-0080-04,ORD-SYN-B-0080,SHP-SYN-B-0080,2026-06-09T11:26:19+08:00,in_transit,in_transit,CAR-SYN-FAST,LINEHAUL-SYN-01,CN-HB-WH,,4
TRE-SYN-B-0080-05,ORD-SYN-B-0080,SHP-SYN-B-0080,2026-06-09T21:15:27+08:00,arrived_at_hub,arrived_at_hub,CAR-SYN-FAST,HUB-SYN-01,CN-HB-WH,,5
TRE-SYN-B-0080-06,ORD-SYN-B-0080,SHP-SYN-B-0080,2026-06-09T22:49:36+08:00,departed_hub,departed_hub,CAR-SYN-FAST,HUB-SYN-01,CN-HB-WH,,6
TRE-SYN-B-0080-07,ORD-SYN-B-0080,SHP-SYN-B-0080,2026-06-10T09:45:29+08:00,arrived_at_destination_city,arrived_at_destination_city,CAR-SYN-FAST,DEST-CN-HB-WH,CN-HB-WH,,7
TRE-SYN-B-0080-08,ORD-SYN-B-0080,SHP-SYN-B-0080,2026-06-10T18:22:24+08:00,out_for_delivery,out_for_delivery,CAR-SYN-FAST,SITE-CN-HB-WH,CN-HB-WH,,8
TRE-SYN-B-0080-09,ORD-SYN-B-0080,SHP-SYN-B-0080,2026-06-11T00:17:03+08:00,delivered,delivered,CAR-SYN-FAST,SITE-CN-HB-WH,CN-HB-WH,,9
TRE-SYN-B-0081-01,ORD-SYN-B-0081,SHP-SYN-B-0081,2026-06-09T05:56:58+08:00,shipment_created,shipment_created,CAR-SYN-FAST,ORIGIN-WH-SYN-EAST,CN-ZJ-HZ,,1
TRE-SYN-B-0081-02,ORD-SYN-B-0081,SHP-SYN-B-0081,2026-06-09T10:41:51+08:00,carrier_picked_up,carrier_picked_up,CAR-SYN-FAST,ORIGIN-WH-SYN-EAST,CN-ZJ-HZ,,2
TRE-SYN-B-0081-03,ORD-SYN-B-0081,SHP-SYN-B-0081,2026-06-09T11:23:10+08:00,origin_departed,origin_departed,CAR-SYN-FAST,ORIGIN-WH-SYN-EAST,CN-ZJ-HZ,,3
TRE-SYN-B-0081-04,ORD-SYN-B-0081,SHP-SYN-B-0081,2026-06-09T12:15:23+08:00,in_transit,in_transit,CAR-SYN-FAST,LINEHAUL-SYN-01,CN-ZJ-HZ,,4
TRE-SYN-B-0081-05,ORD-SYN-B-0081,SHP-SYN-B-0081,2026-06-09T21:14:45+08:00,arrived_at_hub,arrived_at_hub,CAR-SYN-FAST,HUB-SYN-01,CN-ZJ-HZ,,5
TRE-SYN-B-0081-06,ORD-SYN-B-0081,SHP-SYN-B-0081,2026-06-10T00:34:16+08:00,departed_hub,departed_hub,CAR-SYN-FAST,HUB-SYN-01,CN-ZJ-HZ,,6
TRE-SYN-B-0081-07,ORD-SYN-B-0081,SHP-SYN-B-0081,2026-06-10T11:27:59+08:00,arrived_at_destination_city,arrived_at_destination_city,CAR-SYN-FAST,DEST-CN-ZJ-HZ,CN-ZJ-HZ,,7
TRE-SYN-B-0081-08,ORD-SYN-B-0081,SHP-SYN-B-0081,2026-06-10T17:04:02+08:00,out_for_delivery,out_for_delivery,CAR-SYN-FAST,SITE-CN-ZJ-HZ,CN-ZJ-HZ,,8
TRE-SYN-B-0081-09,ORD-SYN-B-0081,SHP-SYN-B-0081,2026-06-10T18:27:58+08:00,delivered,delivered,CAR-SYN-FAST,SITE-CN-ZJ-HZ,CN-ZJ-HZ,,9
TRE-SYN-B-0082-01,ORD-SYN-B-0082,SHP-SYN-B-0082,2026-06-09T05:24:16+08:00,shipment_created,shipment_created,CAR-SYN-STD,ORIGIN-WH-SYN-EAST,CN-ZJ-HZ,,1
TRE-SYN-B-0082-02,ORD-SYN-B-0082,SHP-SYN-B-0082,2026-06-09T08:18:48+08:00,carrier_picked_up,carrier_picked_up,CAR-SYN-STD,ORIGIN-WH-SYN-EAST,CN-ZJ-HZ,,2
TRE-SYN-B-0082-03,ORD-SYN-B-0082,SHP-SYN-B-0082,2026-06-09T09:01:23+08:00,origin_departed,origin_departed,CAR-SYN-STD,ORIGIN-WH-SYN-EAST,CN-ZJ-HZ,,3
TRE-SYN-B-0082-04,ORD-SYN-B-0082,SHP-SYN-B-0082,2026-06-09T10:30:48+08:00,in_transit,in_transit,CAR-SYN-STD,LINEHAUL-SYN-01,CN-ZJ-HZ,,4
TRE-SYN-B-0082-05,ORD-SYN-B-0082,SHP-SYN-B-0082,2026-06-09T20:15:12+08:00,arrived_at_hub,arrived_at_hub,CAR-SYN-STD,HUB-SYN-01,CN-ZJ-HZ,,5
TRE-SYN-B-0082-06,ORD-SYN-B-0082,SHP-SYN-B-0082,2026-06-09T23:07:57+08:00,departed_hub,departed_hub,CAR-SYN-STD,HUB-SYN-01,CN-ZJ-HZ,,6
TRE-SYN-B-0082-07,ORD-SYN-B-0082,SHP-SYN-B-0082,2026-06-10T07:30:56+08:00,arrived_at_destination_city,arrived_at_destination_city,CAR-SYN-STD,DEST-CN-ZJ-HZ,CN-ZJ-HZ,,7
TRE-SYN-B-0082-08,ORD-SYN-B-0082,SHP-SYN-B-0082,2026-06-10T16:17:13+08:00,out_for_delivery,out_for_delivery,CAR-SYN-STD,SITE-CN-ZJ-HZ,CN-ZJ-HZ,,8
TRE-SYN-B-0082-09,ORD-SYN-B-0082,SHP-SYN-B-0082,2026-06-10T22:13:35+08:00,delivered,delivered,CAR-SYN-STD,SITE-CN-ZJ-HZ,CN-ZJ-HZ,,9
TRE-SYN-B-0083-01,ORD-SYN-B-0083,SHP-SYN-B-0083,2026-06-09T03:16:02+08:00,shipment_created,shipment_created,CAR-SYN-FAST,ORIGIN-WH-SYN-EAST,CN-SD-QD,,1
TRE-SYN-B-0083-02,ORD-SYN-B-0083,SHP-SYN-B-0083,2026-06-09T06:02:31+08:00,carrier_picked_up,carrier_picked_up,CAR-SYN-FAST,ORIGIN-WH-SYN-EAST,CN-SD-QD,,2
TRE-SYN-B-0083-03,ORD-SYN-B-0083,SHP-SYN-B-0083,2026-06-09T06:40:30+08:00,origin_departed,origin_departed,CAR-SYN-FAST,ORIGIN-WH-SYN-EAST,CN-SD-QD,,3
TRE-SYN-B-0083-04,ORD-SYN-B-0083,SHP-SYN-B-0083,2026-06-09T07:59:03+08:00,in_transit,in_transit,CAR-SYN-FAST,LINEHAUL-SYN-01,CN-SD-QD,,4
TRE-SYN-B-0083-05,ORD-SYN-B-0083,SHP-SYN-B-0083,2026-06-09T18:32:40+08:00,arrived_at_hub,arrived_at_hub,CAR-SYN-FAST,HUB-SYN-01,CN-SD-QD,,5
TRE-SYN-B-0083-06,ORD-SYN-B-0083,SHP-SYN-B-0083,2026-06-09T21:30:28+08:00,departed_hub,departed_hub,CAR-SYN-FAST,HUB-SYN-01,CN-SD-QD,,6
TRE-SYN-B-0083-07,ORD-SYN-B-0083,SHP-SYN-B-0083,2026-06-10T09:11:41+08:00,arrived_at_destination_city,arrived_at_destination_city,CAR-SYN-FAST,DEST-CN-SD-QD,CN-SD-QD,,7
TRE-SYN-B-0083-08,ORD-SYN-B-0083,SHP-SYN-B-0083,2026-06-10T16:35:08+08:00,out_for_delivery,out_for_delivery,CAR-SYN-FAST,SITE-CN-SD-QD,CN-SD-QD,,8
TRE-SYN-B-0083-09,ORD-SYN-B-0083,SHP-SYN-B-0083,2026-06-10T18:12:26+08:00,delivered,delivered,CAR-SYN-FAST,SITE-CN-SD-QD,CN-SD-QD,,9
TRE-SYN-B-0084-01,ORD-SYN-B-0084,SHP-SYN-B-0084,2026-06-09T05:44:08+08:00,shipment_created,shipment_created,CAR-SYN-FAST,ORIGIN-WH-SYN-WEST,CN-ZJ-HZ,,1
TRE-SYN-B-0084-02,ORD-SYN-B-0084,SHP-SYN-B-0084,2026-06-09T13:29:57+08:00,carrier_picked_up,carrier_picked_up,CAR-SYN-FAST,ORIGIN-WH-SYN-WEST,CN-ZJ-HZ,,2
TRE-SYN-B-0084-03,ORD-SYN-B-0084,SHP-SYN-B-0084,2026-06-09T14:10:53+08:00,origin_departed,origin_departed,CAR-SYN-FAST,ORIGIN-WH-SYN-WEST,CN-ZJ-HZ,,3
TRE-SYN-B-0084-04,ORD-SYN-B-0084,SHP-SYN-B-0084,2026-06-09T15:29:54+08:00,in_transit,in_transit,CAR-SYN-FAST,LINEHAUL-SYN-01,CN-ZJ-HZ,,4
TRE-SYN-B-0084-05,ORD-SYN-B-0084,SHP-SYN-B-0084,2026-06-10T04:04:12+08:00,arrived_at_hub,arrived_at_hub,CAR-SYN-FAST,HUB-SYN-01,CN-ZJ-HZ,,5
TRE-SYN-B-0084-06,ORD-SYN-B-0084,SHP-SYN-B-0084,2026-06-10T07:31:57+08:00,departed_hub,departed_hub,CAR-SYN-FAST,HUB-SYN-01,CN-ZJ-HZ,,6
TRE-SYN-B-0084-07,ORD-SYN-B-0084,SHP-SYN-B-0084,2026-06-10T22:44:29+08:00,arrived_at_destination_city,arrived_at_destination_city,CAR-SYN-FAST,DEST-CN-ZJ-HZ,CN-ZJ-HZ,,7
TRE-SYN-B-0084-08,ORD-SYN-B-0084,SHP-SYN-B-0084,2026-06-11T01:56:18+08:00,out_for_delivery,out_for_delivery,CAR-SYN-FAST,SITE-CN-ZJ-HZ,CN-ZJ-HZ,,8
TRE-SYN-B-0084-09,ORD-SYN-B-0084,SHP-SYN-B-0084,2026-06-11T03:32:45+08:00,delivered,delivered,CAR-SYN-FAST,SITE-CN-ZJ-HZ,CN-ZJ-HZ,,9
TRE-SYN-B-0085-01,ORD-SYN-B-0085,SHP-SYN-B-0085,2026-06-09T02:44:31+08:00,shipment_created,shipment_created,CAR-SYN-ECON,ORIGIN-WH-SYN-EAST,CN-JS-NJ,,1
TRE-SYN-B-0085-02,ORD-SYN-B-0085,SHP-SYN-B-0085,2026-06-09T08:39:23+08:00,carrier_picked_up,carrier_picked_up,CAR-SYN-ECON,ORIGIN-WH-SYN-EAST,CN-JS-NJ,,2
TRE-SYN-B-0085-03,ORD-SYN-B-0085,SHP-SYN-B-0085,2026-06-09T09:51:24+08:00,origin_departed,origin_departed,CAR-SYN-ECON,ORIGIN-WH-SYN-EAST,CN-JS-NJ,,3
TRE-SYN-B-0085-04,ORD-SYN-B-0085,SHP-SYN-B-0085,2026-06-09T11:15:46+08:00,in_transit,in_transit,CAR-SYN-ECON,LINEHAUL-SYN-01,CN-JS-NJ,,4
TRE-SYN-B-0085-05,ORD-SYN-B-0085,SHP-SYN-B-0085,2026-06-09T21:23:45+08:00,arrived_at_hub,arrived_at_hub,CAR-SYN-ECON,HUB-SYN-01,CN-JS-NJ,,5
TRE-SYN-B-0085-06,ORD-SYN-B-0085,SHP-SYN-B-0085,2026-06-09T23:02:24+08:00,departed_hub,departed_hub,CAR-SYN-ECON,HUB-SYN-01,CN-JS-NJ,,6
TRE-SYN-B-0085-07,ORD-SYN-B-0085,SHP-SYN-B-0085,2026-06-10T10:17:17+08:00,arrived_at_destination_city,arrived_at_destination_city,CAR-SYN-ECON,DEST-CN-JS-NJ,CN-JS-NJ,,7
TRE-SYN-B-0085-08,ORD-SYN-B-0085,SHP-SYN-B-0085,2026-06-10T16:44:04+08:00,out_for_delivery,out_for_delivery,CAR-SYN-ECON,SITE-CN-JS-NJ,CN-JS-NJ,,8
TRE-SYN-B-0085-09,ORD-SYN-B-0085,SHP-SYN-B-0085,2026-06-10T19:22:29+08:00,delivered,delivered,CAR-SYN-ECON,SITE-CN-JS-NJ,CN-JS-NJ,,9
TRE-SYN-B-0086-01,ORD-SYN-B-0086,SHP-SYN-B-0086,2026-06-09T03:47:57+08:00,shipment_created,shipment_created,CAR-SYN-STD,ORIGIN-WH-SYN-EAST,CN-ZJ-HZ,,1
TRE-SYN-B-0086-02,ORD-SYN-B-0086,SHP-SYN-B-0086,2026-06-09T08:04:03+08:00,carrier_picked_up,carrier_picked_up,CAR-SYN-STD,ORIGIN-WH-SYN-EAST,CN-ZJ-HZ,,2
TRE-SYN-B-0086-03,ORD-SYN-B-0086,SHP-SYN-B-0086,2026-06-09T09:11:07+08:00,origin_departed,origin_departed,CAR-SYN-STD,ORIGIN-WH-SYN-EAST,CN-ZJ-HZ,,3
TRE-SYN-B-0086-04,ORD-SYN-B-0086,SHP-SYN-B-0086,2026-06-09T10:26:11+08:00,in_transit,in_transit,CAR-SYN-STD,LINEHAUL-SYN-01,CN-ZJ-HZ,,4
TRE-SYN-B-0086-05,ORD-SYN-B-0086,SHP-SYN-B-0086,2026-06-09T18:21:14+08:00,arrived_at_hub,arrived_at_hub,CAR-SYN-STD,HUB-SYN-01,CN-ZJ-HZ,,5
TRE-SYN-B-0086-06,ORD-SYN-B-0086,SHP-SYN-B-0086,2026-06-09T20:20:53+08:00,departed_hub,departed_hub,CAR-SYN-STD,HUB-SYN-01,CN-ZJ-HZ,,6
TRE-SYN-B-0086-07,ORD-SYN-B-0086,SHP-SYN-B-0086,2026-06-10T10:01:32+08:00,arrived_at_destination_city,arrived_at_destination_city,CAR-SYN-STD,DEST-CN-ZJ-HZ,CN-ZJ-HZ,,7
TRE-SYN-B-0086-08,ORD-SYN-B-0086,SHP-SYN-B-0086,2026-06-10T12:29:38+08:00,out_for_delivery,out_for_delivery,CAR-SYN-STD,SITE-CN-ZJ-HZ,CN-ZJ-HZ,,8
TRE-SYN-B-0086-09,ORD-SYN-B-0086,SHP-SYN-B-0086,2026-06-10T16:53:05+08:00,delivered,delivered,CAR-SYN-STD,SITE-CN-ZJ-HZ,CN-ZJ-HZ,,9
TRE-SYN-B-0087-01,ORD-SYN-B-0087,SHP-SYN-B-0087,2026-06-09T03:06:57+08:00,shipment_created,shipment_created,CAR-SYN-STD,ORIGIN-WH-SYN-EAST,CN-SD-QD,,1
TRE-SYN-B-0087-02,ORD-SYN-B-0087,SHP-SYN-B-0087,2026-06-09T06:41:55+08:00,carrier_picked_up,carrier_picked_up,CAR-SYN-STD,ORIGIN-WH-SYN-EAST,CN-SD-QD,,2
TRE-SYN-B-0087-03,ORD-SYN-B-0087,SHP-SYN-B-0087,2026-06-09T07:48:53+08:00,origin_departed,origin_departed,CAR-SYN-STD,ORIGIN-WH-SYN-EAST,CN-SD-QD,,3
TRE-SYN-B-0087-04,ORD-SYN-B-0087,SHP-SYN-B-0087,2026-06-09T08:29:23+08:00,in_transit,in_transit,CAR-SYN-STD,LINEHAUL-SYN-01,CN-SD-QD,,4
TRE-SYN-B-0087-05,ORD-SYN-B-0087,SHP-SYN-B-0087,2026-06-09T21:13:32+08:00,arrived_at_hub,arrived_at_hub,CAR-SYN-STD,HUB-SYN-01,CN-SD-QD,,5
TRE-SYN-B-0087-06,ORD-SYN-B-0087,SHP-SYN-B-0087,2026-06-09T23:28:51+08:00,departed_hub,departed_hub,CAR-SYN-STD,HUB-SYN-01,CN-SD-QD,,6
TRE-SYN-B-0087-07,ORD-SYN-B-0087,SHP-SYN-B-0087,2026-06-10T08:08:40+08:00,arrived_at_destination_city,arrived_at_destination_city,CAR-SYN-STD,DEST-CN-SD-QD,CN-SD-QD,,7
TRE-SYN-B-0087-08,ORD-SYN-B-0087,SHP-SYN-B-0087,2026-06-10T16:52:47+08:00,out_for_delivery,out_for_delivery,CAR-SYN-STD,SITE-CN-SD-QD,CN-SD-QD,,8
TRE-SYN-B-0087-09,ORD-SYN-B-0087,SHP-SYN-B-0087,2026-06-10T19:40:59+08:00,delivered,delivered,CAR-SYN-STD,SITE-CN-SD-QD,CN-SD-QD,,9
TRE-SYN-B-0088-01,ORD-SYN-B-0088,SHP-SYN-B-0088,2026-06-09T06:05:50+08:00,shipment_created,shipment_created,CAR-SYN-FAST,ORIGIN-WH-SYN-WEST,CN-JS-NJ,,1
TRE-SYN-B-0088-02,ORD-SYN-B-0088,SHP-SYN-B-0088,2026-06-09T11:29:43+08:00,carrier_picked_up,carrier_picked_up,CAR-SYN-FAST,ORIGIN-WH-SYN-WEST,CN-JS-NJ,,2
TRE-SYN-B-0088-03,ORD-SYN-B-0088,SHP-SYN-B-0088,2026-06-09T12:45:39+08:00,origin_departed,origin_departed,CAR-SYN-FAST,ORIGIN-WH-SYN-WEST,CN-JS-NJ,,3
TRE-SYN-B-0088-04,ORD-SYN-B-0088,SHP-SYN-B-0088,2026-06-09T14:07:18+08:00,in_transit,in_transit,CAR-SYN-FAST,LINEHAUL-SYN-01,CN-JS-NJ,,4
TRE-SYN-B-0088-05,ORD-SYN-B-0088,SHP-SYN-B-0088,2026-06-09T20:58:18+08:00,arrived_at_hub,arrived_at_hub,CAR-SYN-FAST,HUB-SYN-01,CN-JS-NJ,,5
TRE-SYN-B-0088-06,ORD-SYN-B-0088,SHP-SYN-B-0088,2026-06-09T22:53:47+08:00,departed_hub,departed_hub,CAR-SYN-FAST,HUB-SYN-01,CN-JS-NJ,,6
TRE-SYN-B-0088-07,ORD-SYN-B-0088,SHP-SYN-B-0088,2026-06-10T12:45:48+08:00,arrived_at_destination_city,arrived_at_destination_city,CAR-SYN-FAST,DEST-CN-JS-NJ,CN-JS-NJ,,7
TRE-SYN-B-0088-08,ORD-SYN-B-0088,SHP-SYN-B-0088,2026-06-10T21:21:12+08:00,out_for_delivery,out_for_delivery,CAR-SYN-FAST,SITE-CN-JS-NJ,CN-JS-NJ,,8
TRE-SYN-B-0088-09,ORD-SYN-B-0088,SHP-SYN-B-0088,2026-06-10T23:53:36+08:00,delivered,delivered,CAR-SYN-FAST,SITE-CN-JS-NJ,CN-JS-NJ,,9
TRE-SYN-B-0089-01,ORD-SYN-B-0089,SHP-SYN-B-0089,2026-06-09T03:12:44+08:00,shipment_created,shipment_created,CAR-SYN-FAST,ORIGIN-WH-SYN-EAST,CN-ZJ-HZ,,1
TRE-SYN-B-0089-02,ORD-SYN-B-0089,SHP-SYN-B-0089,2026-06-09T09:00:07+08:00,carrier_picked_up,carrier_picked_up,CAR-SYN-FAST,ORIGIN-WH-SYN-EAST,CN-ZJ-HZ,,2
TRE-SYN-B-0089-03,ORD-SYN-B-0089,SHP-SYN-B-0089,2026-06-09T09:54:35+08:00,origin_departed,origin_departed,CAR-SYN-FAST,ORIGIN-WH-SYN-EAST,CN-ZJ-HZ,,3
TRE-SYN-B-0089-04,ORD-SYN-B-0089,SHP-SYN-B-0089,2026-06-09T10:39:58+08:00,in_transit,in_transit,CAR-SYN-FAST,LINEHAUL-SYN-01,CN-ZJ-HZ,,4
TRE-SYN-B-0089-05,ORD-SYN-B-0089,SHP-SYN-B-0089,2026-06-09T20:44:25+08:00,arrived_at_hub,arrived_at_hub,CAR-SYN-FAST,HUB-SYN-01,CN-ZJ-HZ,,5
TRE-SYN-B-0089-06,ORD-SYN-B-0089,SHP-SYN-B-0089,2026-06-09T21:53:38+08:00,departed_hub,departed_hub,CAR-SYN-FAST,HUB-SYN-01,CN-ZJ-HZ,,6
TRE-SYN-B-0089-07,ORD-SYN-B-0089,SHP-SYN-B-0089,2026-06-10T12:31:28+08:00,arrived_at_destination_city,arrived_at_destination_city,CAR-SYN-FAST,DEST-CN-ZJ-HZ,CN-ZJ-HZ,,7
TRE-SYN-B-0089-08,ORD-SYN-B-0089,SHP-SYN-B-0089,2026-06-10T21:18:58+08:00,out_for_delivery,out_for_delivery,CAR-SYN-FAST,SITE-CN-ZJ-HZ,CN-ZJ-HZ,,8
TRE-SYN-B-0089-09,ORD-SYN-B-0089,SHP-SYN-B-0089,2026-06-11T01:35:10+08:00,delivered,delivered,CAR-SYN-FAST,SITE-CN-ZJ-HZ,CN-ZJ-HZ,,9
TRE-SYN-B-0090-01,ORD-SYN-B-0090,SHP-SYN-B-0090,2026-06-09T03:12:38+08:00,shipment_created,shipment_created,CAR-SYN-ECON,ORIGIN-WH-SYN-EAST,CN-ZJ-HZ,,1
TRE-SYN-B-0090-02,ORD-SYN-B-0090,SHP-SYN-B-0090,2026-06-09T09:36:31+08:00,carrier_picked_up,carrier_picked_up,CAR-SYN-ECON,ORIGIN-WH-SYN-EAST,CN-ZJ-HZ,,2
TRE-SYN-B-0090-03,ORD-SYN-B-0090,SHP-SYN-B-0090,2026-06-09T10:12:59+08:00,origin_departed,origin_departed,CAR-SYN-ECON,ORIGIN-WH-SYN-EAST,CN-ZJ-HZ,,3
TRE-SYN-B-0090-04,ORD-SYN-B-0090,SHP-SYN-B-0090,2026-06-09T11:16:12+08:00,in_transit,in_transit,CAR-SYN-ECON,LINEHAUL-SYN-01,CN-ZJ-HZ,,4
TRE-SYN-B-0090-05,ORD-SYN-B-0090,SHP-SYN-B-0090,2026-06-09T23:22:46+08:00,arrived_at_hub,arrived_at_hub,CAR-SYN-ECON,HUB-SYN-01,CN-ZJ-HZ,,5
TRE-SYN-B-0090-06,ORD-SYN-B-0090,SHP-SYN-B-0090,2026-06-10T02:04:19+08:00,departed_hub,departed_hub,CAR-SYN-ECON,HUB-SYN-01,CN-ZJ-HZ,,6
TRE-SYN-B-0090-07,ORD-SYN-B-0090,SHP-SYN-B-0090,2026-06-10T13:42:44+08:00,arrived_at_destination_city,arrived_at_destination_city,CAR-SYN-ECON,DEST-CN-ZJ-HZ,CN-ZJ-HZ,,7
TRE-SYN-B-0090-08,ORD-SYN-B-0090,SHP-SYN-B-0090,2026-06-10T17:21:41+08:00,out_for_delivery,out_for_delivery,CAR-SYN-ECON,SITE-CN-ZJ-HZ,CN-ZJ-HZ,,8
TRE-SYN-B-0090-09,ORD-SYN-B-0090,SHP-SYN-B-0090,2026-06-10T19:01:50+08:00,delivered,delivered,CAR-SYN-ECON,SITE-CN-ZJ-HZ,CN-ZJ-HZ,,9
TRE-SYN-B-0091-01,ORD-SYN-B-0091,SHP-SYN-B-0091,2026-06-09T03:37:55+08:00,shipment_created,shipment_created,CAR-SYN-STD,ORIGIN-WH-SYN-EAST,CN-ZJ-HZ,,1
TRE-SYN-B-0091-02,ORD-SYN-B-0091,SHP-SYN-B-0091,2026-06-09T06:56:03+08:00,carrier_picked_up,carrier_picked_up,CAR-SYN-STD,ORIGIN-WH-SYN-EAST,CN-ZJ-HZ,,2
TRE-SYN-B-0091-03,ORD-SYN-B-0091,SHP-SYN-B-0091,2026-06-09T08:01:51+08:00,origin_departed,origin_departed,CAR-SYN-STD,ORIGIN-WH-SYN-EAST,CN-ZJ-HZ,,3
TRE-SYN-B-0091-04,ORD-SYN-B-0091,SHP-SYN-B-0091,2026-06-09T08:40:00+08:00,in_transit,in_transit,CAR-SYN-STD,LINEHAUL-SYN-01,CN-ZJ-HZ,,4
TRE-SYN-B-0091-05,ORD-SYN-B-0091,SHP-SYN-B-0091,2026-06-09T19:00:54+08:00,arrived_at_hub,arrived_at_hub,CAR-SYN-STD,HUB-SYN-01,CN-ZJ-HZ,,5
TRE-SYN-B-0091-06,ORD-SYN-B-0091,SHP-SYN-B-0091,2026-06-09T20:28:18+08:00,departed_hub,departed_hub,CAR-SYN-STD,HUB-SYN-01,CN-ZJ-HZ,,6
TRE-SYN-B-0091-07,ORD-SYN-B-0091,SHP-SYN-B-0091,2026-06-10T07:20:21+08:00,arrived_at_destination_city,arrived_at_destination_city,CAR-SYN-STD,DEST-CN-ZJ-HZ,CN-ZJ-HZ,,7
TRE-SYN-B-0091-08,ORD-SYN-B-0091,SHP-SYN-B-0091,2026-06-10T09:28:50+08:00,out_for_delivery,out_for_delivery,CAR-SYN-STD,SITE-CN-ZJ-HZ,CN-ZJ-HZ,,8
TRE-SYN-B-0091-09,ORD-SYN-B-0091,SHP-SYN-B-0091,2026-06-10T14:05:20+08:00,delivered,delivered,CAR-SYN-STD,SITE-CN-ZJ-HZ,CN-ZJ-HZ,,9
TRE-SYN-B-0092-01,ORD-SYN-B-0092,SHP-SYN-B-0092,2026-06-09T05:02:24+08:00,shipment_created,shipment_created,CAR-SYN-FAST,ORIGIN-WH-SYN-WEST,CN-JS-NJ,,1
TRE-SYN-B-0092-02,ORD-SYN-B-0092,SHP-SYN-B-0092,2026-06-09T08:23:38+08:00,carrier_picked_up,carrier_picked_up,CAR-SYN-FAST,ORIGIN-WH-SYN-WEST,CN-JS-NJ,,2
TRE-SYN-B-0092-03,ORD-SYN-B-0092,SHP-SYN-B-0092,2026-06-09T09:24:00+08:00,origin_departed,origin_departed,CAR-SYN-FAST,ORIGIN-WH-SYN-WEST,CN-JS-NJ,,3
TRE-SYN-B-0092-04,ORD-SYN-B-0092,SHP-SYN-B-0092,2026-06-09T10:36:20+08:00,in_transit,in_transit,CAR-SYN-FAST,LINEHAUL-SYN-01,CN-JS-NJ,,4
TRE-SYN-B-0092-05,ORD-SYN-B-0092,SHP-SYN-B-0092,2026-06-09T22:54:10+08:00,arrived_at_hub,arrived_at_hub,CAR-SYN-FAST,HUB-SYN-01,CN-JS-NJ,,5
TRE-SYN-B-0092-06,ORD-SYN-B-0092,SHP-SYN-B-0092,2026-06-10T02:32:38+08:00,departed_hub,departed_hub,CAR-SYN-FAST,HUB-SYN-01,CN-JS-NJ,,6
TRE-SYN-B-0092-07,ORD-SYN-B-0092,SHP-SYN-B-0092,2026-06-10T14:30:46+08:00,arrived_at_destination_city,arrived_at_destination_city,CAR-SYN-FAST,DEST-CN-JS-NJ,CN-JS-NJ,,7
TRE-SYN-B-0092-08,ORD-SYN-B-0092,SHP-SYN-B-0092,2026-06-10T18:48:16+08:00,out_for_delivery,out_for_delivery,CAR-SYN-FAST,SITE-CN-JS-NJ,CN-JS-NJ,,8
TRE-SYN-B-0092-09,ORD-SYN-B-0092,SHP-SYN-B-0092,2026-06-11T00:31:21+08:00,delivered,delivered,CAR-SYN-FAST,SITE-CN-JS-NJ,CN-JS-NJ,,9
TRE-SYN-B-0093-01,ORD-SYN-B-0093,SHP-SYN-B-0093,2026-06-09T05:49:16+08:00,shipment_created,shipment_created,CAR-SYN-FAST,ORIGIN-WH-SYN-EAST,CN-ZJ-HZ,,1
TRE-SYN-B-0093-02,ORD-SYN-B-0093,SHP-SYN-B-0093,2026-06-09T11:37:27+08:00,carrier_picked_up,carrier_picked_up,CAR-SYN-FAST,ORIGIN-WH-SYN-EAST,CN-ZJ-HZ,,2
TRE-SYN-B-0093-03,ORD-SYN-B-0093,SHP-SYN-B-0093,2026-06-09T12:47:51+08:00,origin_departed,origin_departed,CAR-SYN-FAST,ORIGIN-WH-SYN-EAST,CN-ZJ-HZ,,3
TRE-SYN-B-0093-04,ORD-SYN-B-0093,SHP-SYN-B-0093,2026-06-09T13:52:18+08:00,in_transit,in_transit,CAR-SYN-FAST,LINEHAUL-SYN-01,CN-ZJ-HZ,,4
TRE-SYN-B-0093-05,ORD-SYN-B-0093,SHP-SYN-B-0093,2026-06-10T00:24:17+08:00,arrived_at_hub,arrived_at_hub,CAR-SYN-FAST,HUB-SYN-01,CN-ZJ-HZ,,5
TRE-SYN-B-0093-06,ORD-SYN-B-0093,SHP-SYN-B-0093,2026-06-10T04:01:32+08:00,departed_hub,departed_hub,CAR-SYN-FAST,HUB-SYN-01,CN-ZJ-HZ,,6
TRE-SYN-B-0093-07,ORD-SYN-B-0093,SHP-SYN-B-0093,2026-06-10T18:41:16+08:00,arrived_at_destination_city,arrived_at_destination_city,CAR-SYN-FAST,DEST-CN-ZJ-HZ,CN-ZJ-HZ,,7
TRE-SYN-B-0093-08,ORD-SYN-B-0093,SHP-SYN-B-0093,2026-06-11T03:38:53+08:00,out_for_delivery,out_for_delivery,CAR-SYN-FAST,SITE-CN-ZJ-HZ,CN-ZJ-HZ,,8
TRE-SYN-B-0093-09,ORD-SYN-B-0093,SHP-SYN-B-0093,2026-06-11T08:26:37+08:00,delivered,delivered,CAR-SYN-FAST,SITE-CN-ZJ-HZ,CN-ZJ-HZ,,9
TRE-SYN-B-0094-01,ORD-SYN-B-0094,SHP-SYN-B-0094,2026-06-09T03:56:02+08:00,shipment_created,shipment_created,CAR-SYN-STD,ORIGIN-WH-SYN-EAST,CN-SD-QD,,1
TRE-SYN-B-0094-02,ORD-SYN-B-0094,SHP-SYN-B-0094,2026-06-09T06:59:11+08:00,carrier_picked_up,carrier_picked_up,CAR-SYN-STD,ORIGIN-WH-SYN-EAST,CN-SD-QD,,2
TRE-SYN-B-0094-03,ORD-SYN-B-0094,SHP-SYN-B-0094,2026-06-09T07:41:16+08:00,origin_departed,origin_departed,CAR-SYN-STD,ORIGIN-WH-SYN-EAST,CN-SD-QD,,3
TRE-SYN-B-0094-04,ORD-SYN-B-0094,SHP-SYN-B-0094,2026-06-09T08:36:25+08:00,in_transit,in_transit,CAR-SYN-STD,LINEHAUL-SYN-01,CN-SD-QD,,4
TRE-SYN-B-0094-05,ORD-SYN-B-0094,SHP-SYN-B-0094,2026-06-09T19:42:28+08:00,arrived_at_hub,arrived_at_hub,CAR-SYN-STD,HUB-SYN-01,CN-SD-QD,,5
TRE-SYN-B-0094-06,ORD-SYN-B-0094,SHP-SYN-B-0094,2026-06-09T21:31:25+08:00,departed_hub,departed_hub,CAR-SYN-STD,HUB-SYN-01,CN-SD-QD,,6
TRE-SYN-B-0094-07,ORD-SYN-B-0094,SHP-SYN-B-0094,2026-06-10T12:10:19+08:00,arrived_at_destination_city,arrived_at_destination_city,CAR-SYN-STD,DEST-CN-SD-QD,CN-SD-QD,,7
TRE-SYN-B-0094-08,ORD-SYN-B-0094,SHP-SYN-B-0094,2026-06-10T14:49:18+08:00,out_for_delivery,out_for_delivery,CAR-SYN-STD,SITE-CN-SD-QD,CN-SD-QD,,8
TRE-SYN-B-0094-09,ORD-SYN-B-0094,SHP-SYN-B-0094,2026-06-10T18:16:10+08:00,delivered,delivered,CAR-SYN-STD,SITE-CN-SD-QD,CN-SD-QD,,9
TRE-SYN-B-0095-01,ORD-SYN-B-0095,SHP-SYN-B-0095,2026-06-09T04:32:18+08:00,shipment_created,shipment_created,CAR-SYN-FAST,ORIGIN-WH-SYN-WEST,CN-ZJ-HZ,,1
TRE-SYN-B-0095-02,ORD-SYN-B-0095,SHP-SYN-B-0095,2026-06-09T09:15:07+08:00,carrier_picked_up,carrier_picked_up,CAR-SYN-FAST,ORIGIN-WH-SYN-WEST,CN-ZJ-HZ,,2
TRE-SYN-B-0095-03,ORD-SYN-B-0095,SHP-SYN-B-0095,2026-06-09T09:58:11+08:00,origin_departed,origin_departed,CAR-SYN-FAST,ORIGIN-WH-SYN-WEST,CN-ZJ-HZ,,3
TRE-SYN-B-0095-04,ORD-SYN-B-0095,SHP-SYN-B-0095,2026-06-09T11:06:58+08:00,in_transit,in_transit,CAR-SYN-FAST,LINEHAUL-SYN-01,CN-ZJ-HZ,,4
TRE-SYN-B-0095-05,ORD-SYN-B-0095,SHP-SYN-B-0095,2026-06-09T22:49:35+08:00,arrived_at_hub,arrived_at_hub,CAR-SYN-FAST,HUB-SYN-01,CN-ZJ-HZ,,5
TRE-SYN-B-0095-06,ORD-SYN-B-0095,SHP-SYN-B-0095,2026-06-10T01:02:29+08:00,departed_hub,departed_hub,CAR-SYN-FAST,HUB-SYN-01,CN-ZJ-HZ,,6
TRE-SYN-B-0095-07,ORD-SYN-B-0095,SHP-SYN-B-0095,2026-06-10T14:53:55+08:00,arrived_at_destination_city,arrived_at_destination_city,CAR-SYN-FAST,DEST-CN-ZJ-HZ,CN-ZJ-HZ,,7
TRE-SYN-B-0095-08,ORD-SYN-B-0095,SHP-SYN-B-0095,2026-06-10T22:39:03+08:00,out_for_delivery,out_for_delivery,CAR-SYN-FAST,SITE-CN-ZJ-HZ,CN-ZJ-HZ,,8
TRE-SYN-B-0095-09,ORD-SYN-B-0095,SHP-SYN-B-0095,2026-06-11T03:12:54+08:00,delivered,delivered,CAR-SYN-FAST,SITE-CN-ZJ-HZ,CN-ZJ-HZ,,9
TRE-SYN-B-0096-01,ORD-SYN-B-0096,SHP-SYN-B-0096,2026-06-09T04:57:07+08:00,shipment_created,shipment_created,CAR-SYN-FAST,ORIGIN-WH-SYN-EAST,CN-ZJ-HZ,,1
TRE-SYN-B-0096-02,ORD-SYN-B-0096,SHP-SYN-B-0096,2026-06-09T10:06:45+08:00,carrier_picked_up,carrier_picked_up,CAR-SYN-FAST,ORIGIN-WH-SYN-EAST,CN-ZJ-HZ,,2
TRE-SYN-B-0096-03,ORD-SYN-B-0096,SHP-SYN-B-0096,2026-06-09T11:11:34+08:00,origin_departed,origin_departed,CAR-SYN-FAST,ORIGIN-WH-SYN-EAST,CN-ZJ-HZ,,3
TRE-SYN-B-0096-04,ORD-SYN-B-0096,SHP-SYN-B-0096,2026-06-09T12:33:55+08:00,in_transit,in_transit,CAR-SYN-FAST,LINEHAUL-SYN-01,CN-ZJ-HZ,,4
TRE-SYN-B-0096-05,ORD-SYN-B-0096,SHP-SYN-B-0096,2026-06-09T20:06:35+08:00,arrived_at_hub,arrived_at_hub,CAR-SYN-FAST,HUB-SYN-01,CN-ZJ-HZ,,5
TRE-SYN-B-0096-06,ORD-SYN-B-0096,SHP-SYN-B-0096,2026-06-09T21:07:21+08:00,departed_hub,departed_hub,CAR-SYN-FAST,HUB-SYN-01,CN-ZJ-HZ,,6
TRE-SYN-B-0096-07,ORD-SYN-B-0096,SHP-SYN-B-0096,2026-06-10T09:00:15+08:00,arrived_at_destination_city,arrived_at_destination_city,CAR-SYN-FAST,DEST-CN-ZJ-HZ,CN-ZJ-HZ,,7
TRE-SYN-B-0096-08,ORD-SYN-B-0096,SHP-SYN-B-0096,2026-06-10T16:19:03+08:00,out_for_delivery,out_for_delivery,CAR-SYN-FAST,SITE-CN-ZJ-HZ,CN-ZJ-HZ,,8
TRE-SYN-B-0096-09,ORD-SYN-B-0096,SHP-SYN-B-0096,2026-06-10T17:37:03+08:00,delivered,delivered,CAR-SYN-FAST,SITE-CN-ZJ-HZ,CN-ZJ-HZ,,9
TRE-SYN-B-0097-01,ORD-SYN-B-0097,SHP-SYN-B-0097,2026-06-09T04:26:54+08:00,shipment_created,shipment_created,CAR-SYN-FAST,ORIGIN-WH-SYN-WEST,CN-JS-NJ,,1
TRE-SYN-B-0097-02,ORD-SYN-B-0097,SHP-SYN-B-0097,2026-06-09T07:17:44+08:00,carrier_picked_up,carrier_picked_up,CAR-SYN-FAST,ORIGIN-WH-SYN-WEST,CN-JS-NJ,,2
TRE-SYN-B-0097-03,ORD-SYN-B-0097,SHP-SYN-B-0097,2026-06-09T08:46:54+08:00,origin_departed,origin_departed,CAR-SYN-FAST,ORIGIN-WH-SYN-WEST,CN-JS-NJ,,3
TRE-SYN-B-0097-04,ORD-SYN-B-0097,SHP-SYN-B-0097,2026-06-09T10:09:29+08:00,in_transit,in_transit,CAR-SYN-FAST,LINEHAUL-SYN-01,CN-JS-NJ,,4
TRE-SYN-B-0097-05,ORD-SYN-B-0097,SHP-SYN-B-0097,2026-06-09T19:06:33+08:00,arrived_at_hub,arrived_at_hub,CAR-SYN-FAST,HUB-SYN-01,CN-JS-NJ,,5
TRE-SYN-B-0097-06,ORD-SYN-B-0097,SHP-SYN-B-0097,2026-06-09T20:19:27+08:00,departed_hub,departed_hub,CAR-SYN-FAST,HUB-SYN-01,CN-JS-NJ,,6
TRE-SYN-B-0097-07,ORD-SYN-B-0097,SHP-SYN-B-0097,2026-06-10T05:17:55+08:00,arrived_at_destination_city,arrived_at_destination_city,CAR-SYN-FAST,DEST-CN-JS-NJ,CN-JS-NJ,,7
TRE-SYN-B-0097-08,ORD-SYN-B-0097,SHP-SYN-B-0097,2026-06-10T11:39:00+08:00,out_for_delivery,out_for_delivery,CAR-SYN-FAST,SITE-CN-JS-NJ,CN-JS-NJ,,8
TRE-SYN-B-0097-09,ORD-SYN-B-0097,SHP-SYN-B-0097,2026-06-10T17:09:04+08:00,delivered,delivered,CAR-SYN-FAST,SITE-CN-JS-NJ,CN-JS-NJ,,9
TRE-SYN-B-0098-01,ORD-SYN-B-0098,SHP-SYN-B-0098,2026-06-09T03:35:49+08:00,shipment_created,shipment_created,CAR-SYN-STD,ORIGIN-WH-SYN-EAST,CN-JS-NJ,,1
TRE-SYN-B-0098-02,ORD-SYN-B-0098,SHP-SYN-B-0098,2026-06-09T10:31:25+08:00,carrier_picked_up,carrier_picked_up,CAR-SYN-STD,ORIGIN-WH-SYN-EAST,CN-JS-NJ,,2
TRE-SYN-B-0098-03,ORD-SYN-B-0098,SHP-SYN-B-0098,2026-06-09T11:36:27+08:00,origin_departed,origin_departed,CAR-SYN-STD,ORIGIN-WH-SYN-EAST,CN-JS-NJ,,3
TRE-SYN-B-0098-04,ORD-SYN-B-0098,SHP-SYN-B-0098,2026-06-09T13:05:49+08:00,in_transit,in_transit,CAR-SYN-STD,LINEHAUL-SYN-01,CN-JS-NJ,,4
TRE-SYN-B-0098-05,ORD-SYN-B-0098,SHP-SYN-B-0098,2026-06-09T21:56:10+08:00,arrived_at_hub,arrived_at_hub,CAR-SYN-STD,HUB-SYN-01,CN-JS-NJ,,5
TRE-SYN-B-0098-06,ORD-SYN-B-0098,SHP-SYN-B-0098,2026-06-10T01:20:10+08:00,departed_hub,departed_hub,CAR-SYN-STD,HUB-SYN-01,CN-JS-NJ,,6
TRE-SYN-B-0098-07,ORD-SYN-B-0098,SHP-SYN-B-0098,2026-06-10T12:42:36+08:00,arrived_at_destination_city,arrived_at_destination_city,CAR-SYN-STD,DEST-CN-JS-NJ,CN-JS-NJ,,7
TRE-SYN-B-0098-08,ORD-SYN-B-0098,SHP-SYN-B-0098,2026-06-10T20:58:52+08:00,out_for_delivery,out_for_delivery,CAR-SYN-STD,SITE-CN-JS-NJ,CN-JS-NJ,,8
TRE-SYN-B-0098-09,ORD-SYN-B-0098,SHP-SYN-B-0098,2026-06-11T02:49:21+08:00,delivered,delivered,CAR-SYN-STD,SITE-CN-JS-NJ,CN-JS-NJ,,9
TRE-SYN-B-0099-01,ORD-SYN-B-0099,SHP-SYN-B-0099,2026-06-09T04:17:32+08:00,shipment_created,shipment_created,CAR-SYN-STD,ORIGIN-WH-SYN-WEST,CN-SD-QD,,1
TRE-SYN-B-0099-02,ORD-SYN-B-0099,SHP-SYN-B-0099,2026-06-09T10:35:47+08:00,carrier_picked_up,carrier_picked_up,CAR-SYN-STD,ORIGIN-WH-SYN-WEST,CN-SD-QD,,2
TRE-SYN-B-0099-03,ORD-SYN-B-0099,SHP-SYN-B-0099,2026-06-09T11:15:14+08:00,origin_departed,origin_departed,CAR-SYN-STD,ORIGIN-WH-SYN-WEST,CN-SD-QD,,3
TRE-SYN-B-0099-04,ORD-SYN-B-0099,SHP-SYN-B-0099,2026-06-09T12:29:25+08:00,in_transit,in_transit,CAR-SYN-STD,LINEHAUL-SYN-01,CN-SD-QD,,4
TRE-SYN-B-0099-05,ORD-SYN-B-0099,SHP-SYN-B-0099,2026-06-09T19:38:34+08:00,arrived_at_hub,arrived_at_hub,CAR-SYN-STD,HUB-SYN-01,CN-SD-QD,,5
TRE-SYN-B-0099-06,ORD-SYN-B-0099,SHP-SYN-B-0099,2026-06-09T23:28:28+08:00,departed_hub,departed_hub,CAR-SYN-STD,HUB-SYN-01,CN-SD-QD,,6
TRE-SYN-B-0099-07,ORD-SYN-B-0099,SHP-SYN-B-0099,2026-06-10T08:19:07+08:00,arrived_at_destination_city,arrived_at_destination_city,CAR-SYN-STD,DEST-CN-SD-QD,CN-SD-QD,,7
TRE-SYN-B-0099-08,ORD-SYN-B-0099,SHP-SYN-B-0099,2026-06-10T15:55:22+08:00,out_for_delivery,out_for_delivery,CAR-SYN-STD,SITE-CN-SD-QD,CN-SD-QD,,8
TRE-SYN-B-0099-09,ORD-SYN-B-0099,SHP-SYN-B-0099,2026-06-10T19:42:10+08:00,delivered,delivered,CAR-SYN-STD,SITE-CN-SD-QD,CN-SD-QD,,9
TRE-SYN-B-0100-01,ORD-SYN-B-0100,SHP-SYN-B-0100,2026-06-09T03:07:50+08:00,shipment_created,shipment_created,CAR-SYN-ECON,ORIGIN-WH-SYN-WEST,CN-SD-QD,,1
TRE-SYN-B-0100-02,ORD-SYN-B-0100,SHP-SYN-B-0100,2026-06-09T08:47:59+08:00,carrier_picked_up,carrier_picked_up,CAR-SYN-ECON,ORIGIN-WH-SYN-WEST,CN-SD-QD,,2
TRE-SYN-B-0100-03,ORD-SYN-B-0100,SHP-SYN-B-0100,2026-06-09T10:11:48+08:00,origin_departed,origin_departed,CAR-SYN-ECON,ORIGIN-WH-SYN-WEST,CN-SD-QD,,3
TRE-SYN-B-0100-04,ORD-SYN-B-0100,SHP-SYN-B-0100,2026-06-09T11:20:39+08:00,in_transit,in_transit,CAR-SYN-ECON,LINEHAUL-SYN-01,CN-SD-QD,,4
TRE-SYN-B-0100-05,ORD-SYN-B-0100,SHP-SYN-B-0100,2026-06-09T22:39:24+08:00,arrived_at_hub,arrived_at_hub,CAR-SYN-ECON,HUB-SYN-01,CN-SD-QD,,5
TRE-SYN-B-0100-06,ORD-SYN-B-0100,SHP-SYN-B-0100,2026-06-10T00:43:12+08:00,departed_hub,departed_hub,CAR-SYN-ECON,HUB-SYN-01,CN-SD-QD,,6
TRE-SYN-B-0100-07,ORD-SYN-B-0100,SHP-SYN-B-0100,2026-06-10T13:17:34+08:00,arrived_at_destination_city,arrived_at_destination_city,CAR-SYN-ECON,DEST-CN-SD-QD,CN-SD-QD,,7
TRE-SYN-B-0100-08,ORD-SYN-B-0100,SHP-SYN-B-0100,2026-06-10T16:35:21+08:00,out_for_delivery,out_for_delivery,CAR-SYN-ECON,SITE-CN-SD-QD,CN-SD-QD,,8
TRE-SYN-B-0100-09,ORD-SYN-B-0100,SHP-SYN-B-0100,2026-06-10T21:53:41+08:00,delivered,delivered,CAR-SYN-ECON,SITE-CN-SD-QD,CN-SD-QD,,9
TRE-SYN-B-0101-01,ORD-SYN-B-0101,SHP-SYN-B-0101,2026-06-09T05:57:37+08:00,shipment_created,shipment_created,CAR-SYN-STD,ORIGIN-WH-SYN-WEST,CN-SD-QD,,1
TRE-SYN-B-0101-02,ORD-SYN-B-0101,SHP-SYN-B-0101,2026-06-09T13:01:12+08:00,carrier_picked_up,carrier_picked_up,CAR-SYN-STD,ORIGIN-WH-SYN-WEST,CN-SD-QD,,2
TRE-SYN-B-0101-03,ORD-SYN-B-0101,SHP-SYN-B-0101,2026-06-09T14:02:24+08:00,origin_departed,origin_departed,CAR-SYN-STD,ORIGIN-WH-SYN-WEST,CN-SD-QD,,3
TRE-SYN-B-0101-04,ORD-SYN-B-0101,SHP-SYN-B-0101,2026-06-09T14:54:35+08:00,in_transit,in_transit,CAR-SYN-STD,LINEHAUL-SYN-01,CN-SD-QD,,4
TRE-SYN-B-0101-05,ORD-SYN-B-0101,SHP-SYN-B-0101,2026-06-10T01:49:46+08:00,arrived_at_hub,arrived_at_hub,CAR-SYN-STD,HUB-SYN-01,CN-SD-QD,,5
TRE-SYN-B-0101-06,ORD-SYN-B-0101,SHP-SYN-B-0101,2026-06-10T03:51:47+08:00,departed_hub,departed_hub,CAR-SYN-STD,HUB-SYN-01,CN-SD-QD,,6
TRE-SYN-B-0101-07,ORD-SYN-B-0101,SHP-SYN-B-0101,2026-06-10T16:23:58+08:00,arrived_at_destination_city,arrived_at_destination_city,CAR-SYN-STD,DEST-CN-SD-QD,CN-SD-QD,,7
TRE-SYN-B-0101-08,ORD-SYN-B-0101,SHP-SYN-B-0101,2026-06-10T23:14:35+08:00,out_for_delivery,out_for_delivery,CAR-SYN-STD,SITE-CN-SD-QD,CN-SD-QD,,8
TRE-SYN-B-0101-09,ORD-SYN-B-0101,SHP-SYN-B-0101,2026-06-11T00:18:32+08:00,delivered,delivered,CAR-SYN-STD,SITE-CN-SD-QD,CN-SD-QD,,9
TRE-SYN-B-0102-01,ORD-SYN-B-0102,SHP-SYN-B-0102,2026-06-09T03:28:53+08:00,shipment_created,shipment_created,CAR-SYN-ECON,ORIGIN-WH-SYN-EAST,CN-JS-NJ,,1
TRE-SYN-B-0102-02,ORD-SYN-B-0102,SHP-SYN-B-0102,2026-06-09T07:09:01+08:00,carrier_picked_up,carrier_picked_up,CAR-SYN-ECON,ORIGIN-WH-SYN-EAST,CN-JS-NJ,,2
TRE-SYN-B-0102-03,ORD-SYN-B-0102,SHP-SYN-B-0102,2026-06-09T08:34:22+08:00,origin_departed,origin_departed,CAR-SYN-ECON,ORIGIN-WH-SYN-EAST,CN-JS-NJ,,3
TRE-SYN-B-0102-04,ORD-SYN-B-0102,SHP-SYN-B-0102,2026-06-09T09:54:51+08:00,in_transit,in_transit,CAR-SYN-ECON,LINEHAUL-SYN-01,CN-JS-NJ,,4
TRE-SYN-B-0102-05,ORD-SYN-B-0102,SHP-SYN-B-0102,2026-06-09T21:30:11+08:00,arrived_at_hub,arrived_at_hub,CAR-SYN-ECON,HUB-SYN-01,CN-JS-NJ,,5
TRE-SYN-B-0102-06,ORD-SYN-B-0102,SHP-SYN-B-0102,2026-06-09T22:40:32+08:00,departed_hub,departed_hub,CAR-SYN-ECON,HUB-SYN-01,CN-JS-NJ,,6
TRE-SYN-B-0102-07,ORD-SYN-B-0102,SHP-SYN-B-0102,2026-06-10T12:09:08+08:00,arrived_at_destination_city,arrived_at_destination_city,CAR-SYN-ECON,DEST-CN-JS-NJ,CN-JS-NJ,,7
TRE-SYN-B-0102-08,ORD-SYN-B-0102,SHP-SYN-B-0102,2026-06-10T19:25:10+08:00,out_for_delivery,out_for_delivery,CAR-SYN-ECON,SITE-CN-JS-NJ,CN-JS-NJ,,8
TRE-SYN-B-0102-09,ORD-SYN-B-0102,SHP-SYN-B-0102,2026-06-10T20:39:41+08:00,delivered,delivered,CAR-SYN-ECON,SITE-CN-JS-NJ,CN-JS-NJ,,9
TRE-SYN-B-0103-01,ORD-SYN-B-0103,SHP-SYN-B-0103,2026-06-09T03:59:34+08:00,shipment_created,shipment_created,CAR-SYN-STD,ORIGIN-WH-SYN-EAST,CN-SD-QD,,1
TRE-SYN-B-0103-02,ORD-SYN-B-0103,SHP-SYN-B-0103,2026-06-09T11:15:50+08:00,carrier_picked_up,carrier_picked_up,CAR-SYN-STD,ORIGIN-WH-SYN-EAST,CN-SD-QD,,2
TRE-SYN-B-0103-03,ORD-SYN-B-0103,SHP-SYN-B-0103,2026-06-09T12:29:48+08:00,origin_departed,origin_departed,CAR-SYN-STD,ORIGIN-WH-SYN-EAST,CN-SD-QD,,3
TRE-SYN-B-0103-04,ORD-SYN-B-0103,SHP-SYN-B-0103,2026-06-09T13:25:17+08:00,in_transit,in_transit,CAR-SYN-STD,LINEHAUL-SYN-01,CN-SD-QD,,4
TRE-SYN-B-0103-05,ORD-SYN-B-0103,SHP-SYN-B-0103,2026-06-10T01:51:42+08:00,arrived_at_hub,arrived_at_hub,CAR-SYN-STD,HUB-SYN-01,CN-SD-QD,,5
TRE-SYN-B-0103-06,ORD-SYN-B-0103,SHP-SYN-B-0103,2026-06-10T04:02:50+08:00,departed_hub,departed_hub,CAR-SYN-STD,HUB-SYN-01,CN-SD-QD,,6
TRE-SYN-B-0103-07,ORD-SYN-B-0103,SHP-SYN-B-0103,2026-06-10T16:12:22+08:00,arrived_at_destination_city,arrived_at_destination_city,CAR-SYN-STD,DEST-CN-SD-QD,CN-SD-QD,,7
TRE-SYN-B-0103-08,ORD-SYN-B-0103,SHP-SYN-B-0103,2026-06-10T23:58:43+08:00,out_for_delivery,out_for_delivery,CAR-SYN-STD,SITE-CN-SD-QD,CN-SD-QD,,8
TRE-SYN-B-0103-09,ORD-SYN-B-0103,SHP-SYN-B-0103,2026-06-11T05:26:00+08:00,delivered,delivered,CAR-SYN-STD,SITE-CN-SD-QD,CN-SD-QD,,9
TRE-SYN-B-0104-01,ORD-SYN-B-0104,SHP-SYN-B-0104,2026-06-09T05:27:57+08:00,shipment_created,shipment_created,CAR-SYN-FAST,ORIGIN-WH-SYN-EAST,CN-SD-QD,,1
TRE-SYN-B-0104-02,ORD-SYN-B-0104,SHP-SYN-B-0104,2026-06-09T12:00:15+08:00,carrier_picked_up,carrier_picked_up,CAR-SYN-FAST,ORIGIN-WH-SYN-EAST,CN-SD-QD,,2
TRE-SYN-B-0104-03,ORD-SYN-B-0104,SHP-SYN-B-0104,2026-06-09T12:51:57+08:00,origin_departed,origin_departed,CAR-SYN-FAST,ORIGIN-WH-SYN-EAST,CN-SD-QD,,3
TRE-SYN-B-0104-04,ORD-SYN-B-0104,SHP-SYN-B-0104,2026-06-09T13:39:07+08:00,in_transit,in_transit,CAR-SYN-FAST,LINEHAUL-SYN-01,CN-SD-QD,,4
TRE-SYN-B-0104-05,ORD-SYN-B-0104,SHP-SYN-B-0104,2026-06-09T21:38:53+08:00,arrived_at_hub,arrived_at_hub,CAR-SYN-FAST,HUB-SYN-01,CN-SD-QD,,5
TRE-SYN-B-0104-06,ORD-SYN-B-0104,SHP-SYN-B-0104,2026-06-10T00:00:26+08:00,departed_hub,departed_hub,CAR-SYN-FAST,HUB-SYN-01,CN-SD-QD,,6
TRE-SYN-B-0104-07,ORD-SYN-B-0104,SHP-SYN-B-0104,2026-06-10T11:38:40+08:00,arrived_at_destination_city,arrived_at_destination_city,CAR-SYN-FAST,DEST-CN-SD-QD,CN-SD-QD,,7
TRE-SYN-B-0104-08,ORD-SYN-B-0104,SHP-SYN-B-0104,2026-06-10T19:47:16+08:00,out_for_delivery,out_for_delivery,CAR-SYN-FAST,SITE-CN-SD-QD,CN-SD-QD,,8
TRE-SYN-B-0104-09,ORD-SYN-B-0104,SHP-SYN-B-0104,2026-06-10T21:44:37+08:00,delivered,delivered,CAR-SYN-FAST,SITE-CN-SD-QD,CN-SD-QD,,9
TRE-SYN-B-0105-01,ORD-SYN-B-0105,SHP-SYN-B-0105,2026-06-09T05:44:34+08:00,shipment_created,shipment_created,CAR-SYN-FAST,ORIGIN-WH-SYN-WEST,CN-HB-WH,,1
TRE-SYN-B-0105-02,ORD-SYN-B-0105,SHP-SYN-B-0105,2026-06-09T11:20:25+08:00,carrier_picked_up,carrier_picked_up,CAR-SYN-FAST,ORIGIN-WH-SYN-WEST,CN-HB-WH,,2
TRE-SYN-B-0105-03,ORD-SYN-B-0105,SHP-SYN-B-0105,2026-06-09T12:25:09+08:00,origin_departed,origin_departed,CAR-SYN-FAST,ORIGIN-WH-SYN-WEST,CN-HB-WH,,3
TRE-SYN-B-0105-04,ORD-SYN-B-0105,SHP-SYN-B-0105,2026-06-09T13:24:33+08:00,in_transit,in_transit,CAR-SYN-FAST,LINEHAUL-SYN-01,CN-HB-WH,,4
TRE-SYN-B-0105-05,ORD-SYN-B-0105,SHP-SYN-B-0105,2026-06-10T01:02:53+08:00,arrived_at_hub,arrived_at_hub,CAR-SYN-FAST,HUB-SYN-01,CN-HB-WH,,5
TRE-SYN-B-0105-06,ORD-SYN-B-0105,SHP-SYN-B-0105,2026-06-10T02:12:40+08:00,departed_hub,departed_hub,CAR-SYN-FAST,HUB-SYN-01,CN-HB-WH,,6
TRE-SYN-B-0105-07,ORD-SYN-B-0105,SHP-SYN-B-0105,2026-06-10T11:47:27+08:00,arrived_at_destination_city,arrived_at_destination_city,CAR-SYN-FAST,DEST-CN-HB-WH,CN-HB-WH,,7
TRE-SYN-B-0105-08,ORD-SYN-B-0105,SHP-SYN-B-0105,2026-06-10T15:53:32+08:00,out_for_delivery,out_for_delivery,CAR-SYN-FAST,SITE-CN-HB-WH,CN-HB-WH,,8
TRE-SYN-B-0105-09,ORD-SYN-B-0105,SHP-SYN-B-0105,2026-06-10T18:19:29+08:00,delivered,delivered,CAR-SYN-FAST,SITE-CN-HB-WH,CN-HB-WH,,9
TRE-SYN-B-0106-01,ORD-SYN-B-0106,SHP-SYN-B-0106,2026-06-09T02:47:22+08:00,shipment_created,shipment_created,CAR-SYN-STD,ORIGIN-WH-SYN-EAST,CN-JS-NJ,,1
TRE-SYN-B-0106-02,ORD-SYN-B-0106,SHP-SYN-B-0106,2026-06-09T10:03:49+08:00,carrier_picked_up,carrier_picked_up,CAR-SYN-STD,ORIGIN-WH-SYN-EAST,CN-JS-NJ,,2
TRE-SYN-B-0106-03,ORD-SYN-B-0106,SHP-SYN-B-0106,2026-06-09T11:19:06+08:00,origin_departed,origin_departed,CAR-SYN-STD,ORIGIN-WH-SYN-EAST,CN-JS-NJ,,3
TRE-SYN-B-0106-04,ORD-SYN-B-0106,SHP-SYN-B-0106,2026-06-09T12:03:54+08:00,in_transit,in_transit,CAR-SYN-STD,LINEHAUL-SYN-01,CN-JS-NJ,,4
TRE-SYN-B-0106-05,ORD-SYN-B-0106,SHP-SYN-B-0106,2026-06-09T22:18:16+08:00,arrived_at_hub,arrived_at_hub,CAR-SYN-STD,HUB-SYN-01,CN-JS-NJ,,5
TRE-SYN-B-0106-06,ORD-SYN-B-0106,SHP-SYN-B-0106,2026-06-10T01:35:43+08:00,departed_hub,departed_hub,CAR-SYN-STD,HUB-SYN-01,CN-JS-NJ,,6
TRE-SYN-B-0106-07,ORD-SYN-B-0106,SHP-SYN-B-0106,2026-06-10T15:38:31+08:00,arrived_at_destination_city,arrived_at_destination_city,CAR-SYN-STD,DEST-CN-JS-NJ,CN-JS-NJ,,7
TRE-SYN-B-0106-08,ORD-SYN-B-0106,SHP-SYN-B-0106,2026-06-10T23:32:32+08:00,out_for_delivery,out_for_delivery,CAR-SYN-STD,SITE-CN-JS-NJ,CN-JS-NJ,,8
TRE-SYN-B-0106-09,ORD-SYN-B-0106,SHP-SYN-B-0106,2026-06-11T04:32:06+08:00,delivered,delivered,CAR-SYN-STD,SITE-CN-JS-NJ,CN-JS-NJ,,9
TRE-SYN-B-0107-01,ORD-SYN-B-0107,SHP-SYN-B-0107,2026-06-09T06:08:16+08:00,shipment_created,shipment_created,CAR-SYN-FAST,ORIGIN-WH-SYN-WEST,CN-HB-WH,,1
TRE-SYN-B-0107-02,ORD-SYN-B-0107,SHP-SYN-B-0107,2026-06-09T12:17:35+08:00,carrier_picked_up,carrier_picked_up,CAR-SYN-FAST,ORIGIN-WH-SYN-WEST,CN-HB-WH,,2
TRE-SYN-B-0107-03,ORD-SYN-B-0107,SHP-SYN-B-0107,2026-06-09T12:49:10+08:00,origin_departed,origin_departed,CAR-SYN-FAST,ORIGIN-WH-SYN-WEST,CN-HB-WH,,3
TRE-SYN-B-0107-04,ORD-SYN-B-0107,SHP-SYN-B-0107,2026-06-09T14:17:32+08:00,in_transit,in_transit,CAR-SYN-FAST,LINEHAUL-SYN-01,CN-HB-WH,,4
TRE-SYN-B-0107-05,ORD-SYN-B-0107,SHP-SYN-B-0107,2026-06-10T00:05:02+08:00,arrived_at_hub,arrived_at_hub,CAR-SYN-FAST,HUB-SYN-01,CN-HB-WH,,5
TRE-SYN-B-0107-06,ORD-SYN-B-0107,SHP-SYN-B-0107,2026-06-10T04:02:32+08:00,departed_hub,departed_hub,CAR-SYN-FAST,HUB-SYN-01,CN-HB-WH,,6
TRE-SYN-B-0107-07,ORD-SYN-B-0107,SHP-SYN-B-0107,2026-06-10T15:40:05+08:00,arrived_at_destination_city,arrived_at_destination_city,CAR-SYN-FAST,DEST-CN-HB-WH,CN-HB-WH,,7
TRE-SYN-B-0107-08,ORD-SYN-B-0107,SHP-SYN-B-0107,2026-06-11T00:36:39+08:00,out_for_delivery,out_for_delivery,CAR-SYN-FAST,SITE-CN-HB-WH,CN-HB-WH,,8
TRE-SYN-B-0107-09,ORD-SYN-B-0107,SHP-SYN-B-0107,2026-06-11T03:03:11+08:00,delivered,delivered,CAR-SYN-FAST,SITE-CN-HB-WH,CN-HB-WH,,9
TRE-SYN-B-0108-01,ORD-SYN-B-0108,SHP-SYN-B-0108,2026-06-09T03:28:33+08:00,shipment_created,shipment_created,CAR-SYN-FAST,ORIGIN-WH-SYN-EAST,CN-JS-NJ,,1
TRE-SYN-B-0108-02,ORD-SYN-B-0108,SHP-SYN-B-0108,2026-06-09T09:26:05+08:00,carrier_picked_up,carrier_picked_up,CAR-SYN-FAST,ORIGIN-WH-SYN-EAST,CN-JS-NJ,,2
TRE-SYN-B-0108-03,ORD-SYN-B-0108,SHP-SYN-B-0108,2026-06-09T10:50:14+08:00,origin_departed,origin_departed,CAR-SYN-FAST,ORIGIN-WH-SYN-EAST,CN-JS-NJ,,3
TRE-SYN-B-0108-04,ORD-SYN-B-0108,SHP-SYN-B-0108,2026-06-09T11:37:31+08:00,in_transit,in_transit,CAR-SYN-FAST,LINEHAUL-SYN-01,CN-JS-NJ,,4
TRE-SYN-B-0108-05,ORD-SYN-B-0108,SHP-SYN-B-0108,2026-06-09T18:59:42+08:00,arrived_at_hub,arrived_at_hub,CAR-SYN-FAST,HUB-SYN-01,CN-JS-NJ,,5
TRE-SYN-B-0108-06,ORD-SYN-B-0108,SHP-SYN-B-0108,2026-06-09T22:09:43+08:00,departed_hub,departed_hub,CAR-SYN-FAST,HUB-SYN-01,CN-JS-NJ,,6
TRE-SYN-B-0108-07,ORD-SYN-B-0108,SHP-SYN-B-0108,2026-06-10T11:28:01+08:00,arrived_at_destination_city,arrived_at_destination_city,CAR-SYN-FAST,DEST-CN-JS-NJ,CN-JS-NJ,,7
TRE-SYN-B-0108-08,ORD-SYN-B-0108,SHP-SYN-B-0108,2026-06-10T14:56:24+08:00,out_for_delivery,out_for_delivery,CAR-SYN-FAST,SITE-CN-JS-NJ,CN-JS-NJ,,8
TRE-SYN-B-0108-09,ORD-SYN-B-0108,SHP-SYN-B-0108,2026-06-10T17:14:53+08:00,delivered,delivered,CAR-SYN-FAST,SITE-CN-JS-NJ,CN-JS-NJ,,9
TRE-SYN-B-0109-01,ORD-SYN-B-0109,SHP-SYN-B-0109,2026-06-09T05:36:41+08:00,shipment_created,shipment_created,CAR-SYN-STD,ORIGIN-WH-SYN-WEST,CN-HB-WH,,1
TRE-SYN-B-0109-02,ORD-SYN-B-0109,SHP-SYN-B-0109,2026-06-09T11:50:58+08:00,carrier_picked_up,carrier_picked_up,CAR-SYN-STD,ORIGIN-WH-SYN-WEST,CN-HB-WH,,2
TRE-SYN-B-0109-03,ORD-SYN-B-0109,SHP-SYN-B-0109,2026-06-09T13:12:07+08:00,origin_departed,origin_departed,CAR-SYN-STD,ORIGIN-WH-SYN-WEST,CN-HB-WH,,3
TRE-SYN-B-0109-04,ORD-SYN-B-0109,SHP-SYN-B-0109,2026-06-09T14:16:05+08:00,in_transit,in_transit,CAR-SYN-STD,LINEHAUL-SYN-01,CN-HB-WH,,4
TRE-SYN-B-0109-05,ORD-SYN-B-0109,SHP-SYN-B-0109,2026-06-09T20:11:29+08:00,arrived_at_hub,arrived_at_hub,CAR-SYN-STD,HUB-SYN-01,CN-HB-WH,,5
TRE-SYN-B-0109-06,ORD-SYN-B-0109,SHP-SYN-B-0109,2026-06-09T23:12:11+08:00,departed_hub,departed_hub,CAR-SYN-STD,HUB-SYN-01,CN-HB-WH,,6
TRE-SYN-B-0109-07,ORD-SYN-B-0109,SHP-SYN-B-0109,2026-06-10T09:34:42+08:00,arrived_at_destination_city,arrived_at_destination_city,CAR-SYN-STD,DEST-CN-HB-WH,CN-HB-WH,,7
TRE-SYN-B-0109-08,ORD-SYN-B-0109,SHP-SYN-B-0109,2026-06-10T13:36:28+08:00,out_for_delivery,out_for_delivery,CAR-SYN-STD,SITE-CN-HB-WH,CN-HB-WH,,8
TRE-SYN-B-0109-09,ORD-SYN-B-0109,SHP-SYN-B-0109,2026-06-10T18:18:31+08:00,delivered,delivered,CAR-SYN-STD,SITE-CN-HB-WH,CN-HB-WH,,9
TRE-SYN-B-0110-01,ORD-SYN-B-0110,SHP-SYN-B-0110,2026-06-09T04:29:26+08:00,shipment_created,shipment_created,CAR-SYN-FAST,ORIGIN-WH-SYN-WEST,CN-ZJ-HZ,,1
TRE-SYN-B-0110-02,ORD-SYN-B-0110,SHP-SYN-B-0110,2026-06-09T11:50:45+08:00,carrier_picked_up,carrier_picked_up,CAR-SYN-FAST,ORIGIN-WH-SYN-WEST,CN-ZJ-HZ,,2
TRE-SYN-B-0110-03,ORD-SYN-B-0110,SHP-SYN-B-0110,2026-06-09T12:53:18+08:00,origin_departed,origin_departed,CAR-SYN-FAST,ORIGIN-WH-SYN-WEST,CN-ZJ-HZ,,3
TRE-SYN-B-0110-04,ORD-SYN-B-0110,SHP-SYN-B-0110,2026-06-09T14:20:24+08:00,in_transit,in_transit,CAR-SYN-FAST,LINEHAUL-SYN-01,CN-ZJ-HZ,,4
TRE-SYN-B-0110-05,ORD-SYN-B-0110,SHP-SYN-B-0110,2026-06-09T22:29:30+08:00,arrived_at_hub,arrived_at_hub,CAR-SYN-FAST,HUB-SYN-01,CN-ZJ-HZ,,5
TRE-SYN-B-0110-06,ORD-SYN-B-0110,SHP-SYN-B-0110,2026-06-10T00:34:54+08:00,departed_hub,departed_hub,CAR-SYN-FAST,HUB-SYN-01,CN-ZJ-HZ,,6
TRE-SYN-B-0110-07,ORD-SYN-B-0110,SHP-SYN-B-0110,2026-06-10T10:12:38+08:00,arrived_at_destination_city,arrived_at_destination_city,CAR-SYN-FAST,DEST-CN-ZJ-HZ,CN-ZJ-HZ,,7
TRE-SYN-B-0110-08,ORD-SYN-B-0110,SHP-SYN-B-0110,2026-06-10T13:17:52+08:00,out_for_delivery,out_for_delivery,CAR-SYN-FAST,SITE-CN-ZJ-HZ,CN-ZJ-HZ,,8
TRE-SYN-B-0110-09,ORD-SYN-B-0110,SHP-SYN-B-0110,2026-06-10T18:14:04+08:00,delivered,delivered,CAR-SYN-FAST,SITE-CN-ZJ-HZ,CN-ZJ-HZ,,9
TRE-SYN-B-0111-01,ORD-SYN-B-0111,SHP-SYN-B-0111,2026-06-09T04:18:11+08:00,shipment_created,shipment_created,CAR-SYN-FAST,ORIGIN-WH-SYN-EAST,CN-ZJ-HZ,,1
TRE-SYN-B-0111-02,ORD-SYN-B-0111,SHP-SYN-B-0111,2026-06-09T09:01:01+08:00,carrier_picked_up,carrier_picked_up,CAR-SYN-FAST,ORIGIN-WH-SYN-EAST,CN-ZJ-HZ,,2
TRE-SYN-B-0111-03,ORD-SYN-B-0111,SHP-SYN-B-0111,2026-06-09T10:27:29+08:00,origin_departed,origin_departed,CAR-SYN-FAST,ORIGIN-WH-SYN-EAST,CN-ZJ-HZ,,3
TRE-SYN-B-0111-04,ORD-SYN-B-0111,SHP-SYN-B-0111,2026-06-09T11:39:04+08:00,in_transit,in_transit,CAR-SYN-FAST,LINEHAUL-SYN-01,CN-ZJ-HZ,,4
TRE-SYN-B-0111-05,ORD-SYN-B-0111,SHP-SYN-B-0111,2026-06-09T20:13:08+08:00,arrived_at_hub,arrived_at_hub,CAR-SYN-FAST,HUB-SYN-01,CN-ZJ-HZ,,5
TRE-SYN-B-0111-06,ORD-SYN-B-0111,SHP-SYN-B-0111,2026-06-09T22:13:12+08:00,departed_hub,departed_hub,CAR-SYN-FAST,HUB-SYN-01,CN-ZJ-HZ,,6
TRE-SYN-B-0111-07,ORD-SYN-B-0111,SHP-SYN-B-0111,2026-06-10T13:26:36+08:00,arrived_at_destination_city,arrived_at_destination_city,CAR-SYN-FAST,DEST-CN-ZJ-HZ,CN-ZJ-HZ,,7
TRE-SYN-B-0111-08,ORD-SYN-B-0111,SHP-SYN-B-0111,2026-06-10T22:03:02+08:00,out_for_delivery,out_for_delivery,CAR-SYN-FAST,SITE-CN-ZJ-HZ,CN-ZJ-HZ,,8
TRE-SYN-B-0111-09,ORD-SYN-B-0111,SHP-SYN-B-0111,2026-06-11T03:45:44+08:00,delivered,delivered,CAR-SYN-FAST,SITE-CN-ZJ-HZ,CN-ZJ-HZ,,9
TRE-SYN-B-0112-01,ORD-SYN-B-0112,SHP-SYN-B-0112,2026-06-09T04:25:28+08:00,shipment_created,shipment_created,CAR-SYN-STD,ORIGIN-WH-SYN-EAST,CN-JS-NJ,,1
TRE-SYN-B-0112-02,ORD-SYN-B-0112,SHP-SYN-B-0112,2026-06-09T09:45:39+08:00,carrier_picked_up,carrier_picked_up,CAR-SYN-STD,ORIGIN-WH-SYN-EAST,CN-JS-NJ,,2
TRE-SYN-B-0112-03,ORD-SYN-B-0112,SHP-SYN-B-0112,2026-06-09T10:31:18+08:00,origin_departed,origin_departed,CAR-SYN-STD,ORIGIN-WH-SYN-EAST,CN-JS-NJ,,3
TRE-SYN-B-0112-04,ORD-SYN-B-0112,SHP-SYN-B-0112,2026-06-09T11:26:30+08:00,in_transit,in_transit,CAR-SYN-STD,LINEHAUL-SYN-01,CN-JS-NJ,,4
TRE-SYN-B-0112-05,ORD-SYN-B-0112,SHP-SYN-B-0112,2026-06-09T20:20:40+08:00,arrived_at_hub,arrived_at_hub,CAR-SYN-STD,HUB-SYN-01,CN-JS-NJ,,5
TRE-SYN-B-0112-06,ORD-SYN-B-0112,SHP-SYN-B-0112,2026-06-10T00:17:00+08:00,departed_hub,departed_hub,CAR-SYN-STD,HUB-SYN-01,CN-JS-NJ,,6
TRE-SYN-B-0112-07,ORD-SYN-B-0112,SHP-SYN-B-0112,2026-06-10T11:08:08+08:00,arrived_at_destination_city,arrived_at_destination_city,CAR-SYN-STD,DEST-CN-JS-NJ,CN-JS-NJ,,7
TRE-SYN-B-0112-08,ORD-SYN-B-0112,SHP-SYN-B-0112,2026-06-10T13:08:54+08:00,out_for_delivery,out_for_delivery,CAR-SYN-STD,SITE-CN-JS-NJ,CN-JS-NJ,,8
TRE-SYN-B-0112-09,ORD-SYN-B-0112,SHP-SYN-B-0112,2026-06-10T18:46:49+08:00,delivered,delivered,CAR-SYN-STD,SITE-CN-JS-NJ,CN-JS-NJ,,9
TRE-SYN-B-0113-01,ORD-SYN-B-0113,SHP-SYN-B-0113,2026-06-09T03:39:12+08:00,shipment_created,shipment_created,CAR-SYN-FAST,ORIGIN-WH-SYN-EAST,CN-SD-QD,,1
TRE-SYN-B-0113-02,ORD-SYN-B-0113,SHP-SYN-B-0113,2026-06-09T11:05:25+08:00,carrier_picked_up,carrier_picked_up,CAR-SYN-FAST,ORIGIN-WH-SYN-EAST,CN-SD-QD,,2
TRE-SYN-B-0113-03,ORD-SYN-B-0113,SHP-SYN-B-0113,2026-06-09T12:20:57+08:00,origin_departed,origin_departed,CAR-SYN-FAST,ORIGIN-WH-SYN-EAST,CN-SD-QD,,3
TRE-SYN-B-0113-04,ORD-SYN-B-0113,SHP-SYN-B-0113,2026-06-09T13:28:30+08:00,in_transit,in_transit,CAR-SYN-FAST,LINEHAUL-SYN-01,CN-SD-QD,,4
TRE-SYN-B-0113-05,ORD-SYN-B-0113,SHP-SYN-B-0113,2026-06-10T01:12:38+08:00,arrived_at_hub,arrived_at_hub,CAR-SYN-FAST,HUB-SYN-01,CN-SD-QD,,5
TRE-SYN-B-0113-06,ORD-SYN-B-0113,SHP-SYN-B-0113,2026-06-10T03:36:39+08:00,departed_hub,departed_hub,CAR-SYN-FAST,HUB-SYN-01,CN-SD-QD,,6
TRE-SYN-B-0113-07,ORD-SYN-B-0113,SHP-SYN-B-0113,2026-06-10T19:03:10+08:00,arrived_at_destination_city,arrived_at_destination_city,CAR-SYN-FAST,DEST-CN-SD-QD,CN-SD-QD,,7
TRE-SYN-B-0113-08,ORD-SYN-B-0113,SHP-SYN-B-0113,2026-06-10T22:52:33+08:00,out_for_delivery,out_for_delivery,CAR-SYN-FAST,SITE-CN-SD-QD,CN-SD-QD,,8
TRE-SYN-B-0113-09,ORD-SYN-B-0113,SHP-SYN-B-0113,2026-06-11T04:13:06+08:00,delivered,delivered,CAR-SYN-FAST,SITE-CN-SD-QD,CN-SD-QD,,9
TRE-SYN-B-0114-01,ORD-SYN-B-0114,SHP-SYN-B-0114,2026-06-09T05:05:44+08:00,shipment_created,shipment_created,CAR-SYN-ECON,ORIGIN-WH-SYN-WEST,CN-ZJ-HZ,,1
TRE-SYN-B-0114-02,ORD-SYN-B-0114,SHP-SYN-B-0114,2026-06-09T08:08:22+08:00,carrier_picked_up,carrier_picked_up,CAR-SYN-ECON,ORIGIN-WH-SYN-WEST,CN-ZJ-HZ,,2
TRE-SYN-B-0114-03,ORD-SYN-B-0114,SHP-SYN-B-0114,2026-06-09T09:07:53+08:00,origin_departed,origin_departed,CAR-SYN-ECON,ORIGIN-WH-SYN-WEST,CN-ZJ-HZ,,3
TRE-SYN-B-0114-04,ORD-SYN-B-0114,SHP-SYN-B-0114,2026-06-09T10:35:31+08:00,in_transit,in_transit,CAR-SYN-ECON,LINEHAUL-SYN-01,CN-ZJ-HZ,,4
TRE-SYN-B-0114-05,ORD-SYN-B-0114,SHP-SYN-B-0114,2026-06-09T17:14:48+08:00,arrived_at_hub,arrived_at_hub,CAR-SYN-ECON,HUB-SYN-01,CN-ZJ-HZ,,5
TRE-SYN-B-0114-06,ORD-SYN-B-0114,SHP-SYN-B-0114,2026-06-09T19:54:52+08:00,departed_hub,departed_hub,CAR-SYN-ECON,HUB-SYN-01,CN-ZJ-HZ,,6
TRE-SYN-B-0114-07,ORD-SYN-B-0114,SHP-SYN-B-0114,2026-06-10T08:00:42+08:00,arrived_at_destination_city,arrived_at_destination_city,CAR-SYN-ECON,DEST-CN-ZJ-HZ,CN-ZJ-HZ,,7
TRE-SYN-B-0114-08,ORD-SYN-B-0114,SHP-SYN-B-0114,2026-06-10T14:32:51+08:00,out_for_delivery,out_for_delivery,CAR-SYN-ECON,SITE-CN-ZJ-HZ,CN-ZJ-HZ,,8
TRE-SYN-B-0114-09,ORD-SYN-B-0114,SHP-SYN-B-0114,2026-06-10T17:09:50+08:00,delivered,delivered,CAR-SYN-ECON,SITE-CN-ZJ-HZ,CN-ZJ-HZ,,9
TRE-SYN-B-0115-01,ORD-SYN-B-0115,SHP-SYN-B-0115,2026-06-09T04:54:24+08:00,shipment_created,shipment_created,CAR-SYN-FAST,ORIGIN-WH-SYN-WEST,CN-JS-NJ,,1
TRE-SYN-B-0115-02,ORD-SYN-B-0115,SHP-SYN-B-0115,2026-06-09T11:14:29+08:00,carrier_picked_up,carrier_picked_up,CAR-SYN-FAST,ORIGIN-WH-SYN-WEST,CN-JS-NJ,,2
TRE-SYN-B-0115-03,ORD-SYN-B-0115,SHP-SYN-B-0115,2026-06-09T12:42:33+08:00,origin_departed,origin_departed,CAR-SYN-FAST,ORIGIN-WH-SYN-WEST,CN-JS-NJ,,3
TRE-SYN-B-0115-04,ORD-SYN-B-0115,SHP-SYN-B-0115,2026-06-09T13:28:16+08:00,in_transit,in_transit,CAR-SYN-FAST,LINEHAUL-SYN-01,CN-JS-NJ,,4
TRE-SYN-B-0115-05,ORD-SYN-B-0115,SHP-SYN-B-0115,2026-06-09T23:40:03+08:00,arrived_at_hub,arrived_at_hub,CAR-SYN-FAST,HUB-SYN-01,CN-JS-NJ,,5
TRE-SYN-B-0115-06,ORD-SYN-B-0115,SHP-SYN-B-0115,2026-06-10T03:09:27+08:00,departed_hub,departed_hub,CAR-SYN-FAST,HUB-SYN-01,CN-JS-NJ,,6
TRE-SYN-B-0115-07,ORD-SYN-B-0115,SHP-SYN-B-0115,2026-06-10T12:33:11+08:00,arrived_at_destination_city,arrived_at_destination_city,CAR-SYN-FAST,DEST-CN-JS-NJ,CN-JS-NJ,,7
TRE-SYN-B-0115-08,ORD-SYN-B-0115,SHP-SYN-B-0115,2026-06-10T15:10:19+08:00,out_for_delivery,out_for_delivery,CAR-SYN-FAST,SITE-CN-JS-NJ,CN-JS-NJ,,8
TRE-SYN-B-0115-09,ORD-SYN-B-0115,SHP-SYN-B-0115,2026-06-10T17:37:54+08:00,delivered,delivered,CAR-SYN-FAST,SITE-CN-JS-NJ,CN-JS-NJ,,9
TRE-SYN-B-0116-01,ORD-SYN-B-0116,SHP-SYN-B-0116,2026-06-09T05:37:14+08:00,shipment_created,shipment_created,CAR-SYN-STD,ORIGIN-WH-SYN-WEST,CN-HB-WH,,1
TRE-SYN-B-0116-02,ORD-SYN-B-0116,SHP-SYN-B-0116,2026-06-09T09:19:14+08:00,carrier_picked_up,carrier_picked_up,CAR-SYN-STD,ORIGIN-WH-SYN-WEST,CN-HB-WH,,2
TRE-SYN-B-0116-03,ORD-SYN-B-0116,SHP-SYN-B-0116,2026-06-09T09:49:43+08:00,origin_departed,origin_departed,CAR-SYN-STD,ORIGIN-WH-SYN-WEST,CN-HB-WH,,3
TRE-SYN-B-0116-04,ORD-SYN-B-0116,SHP-SYN-B-0116,2026-06-09T10:36:04+08:00,in_transit,in_transit,CAR-SYN-STD,LINEHAUL-SYN-01,CN-HB-WH,,4
TRE-SYN-B-0116-05,ORD-SYN-B-0116,SHP-SYN-B-0116,2026-06-09T20:54:03+08:00,arrived_at_hub,arrived_at_hub,CAR-SYN-STD,HUB-SYN-01,CN-HB-WH,,5
TRE-SYN-B-0116-06,ORD-SYN-B-0116,SHP-SYN-B-0116,2026-06-09T23:50:25+08:00,departed_hub,departed_hub,CAR-SYN-STD,HUB-SYN-01,CN-HB-WH,,6
TRE-SYN-B-0116-07,ORD-SYN-B-0116,SHP-SYN-B-0116,2026-06-10T13:55:20+08:00,arrived_at_destination_city,arrived_at_destination_city,CAR-SYN-STD,DEST-CN-HB-WH,CN-HB-WH,,7
TRE-SYN-B-0116-08,ORD-SYN-B-0116,SHP-SYN-B-0116,2026-06-10T18:18:06+08:00,out_for_delivery,out_for_delivery,CAR-SYN-STD,SITE-CN-HB-WH,CN-HB-WH,,8
TRE-SYN-B-0116-09,ORD-SYN-B-0116,SHP-SYN-B-0116,2026-06-10T20:39:54+08:00,delivered,delivered,CAR-SYN-STD,SITE-CN-HB-WH,CN-HB-WH,,9
TRE-SYN-B-0117-01,ORD-SYN-B-0117,SHP-SYN-B-0117,2026-06-09T02:49:05+08:00,shipment_created,shipment_created,CAR-SYN-FAST,ORIGIN-WH-SYN-EAST,CN-JS-NJ,,1
TRE-SYN-B-0117-02,ORD-SYN-B-0117,SHP-SYN-B-0117,2026-06-09T09:09:30+08:00,carrier_picked_up,carrier_picked_up,CAR-SYN-FAST,ORIGIN-WH-SYN-EAST,CN-JS-NJ,,2
TRE-SYN-B-0117-03,ORD-SYN-B-0117,SHP-SYN-B-0117,2026-06-09T10:36:30+08:00,origin_departed,origin_departed,CAR-SYN-FAST,ORIGIN-WH-SYN-EAST,CN-JS-NJ,,3
TRE-SYN-B-0117-04,ORD-SYN-B-0117,SHP-SYN-B-0117,2026-06-09T12:04:56+08:00,in_transit,in_transit,CAR-SYN-FAST,LINEHAUL-SYN-01,CN-JS-NJ,,4
TRE-SYN-B-0117-05,ORD-SYN-B-0117,SHP-SYN-B-0117,2026-06-09T17:28:53+08:00,arrived_at_hub,arrived_at_hub,CAR-SYN-FAST,HUB-SYN-01,CN-JS-NJ,,5
TRE-SYN-B-0117-06,ORD-SYN-B-0117,SHP-SYN-B-0117,2026-06-09T19:34:02+08:00,departed_hub,departed_hub,CAR-SYN-FAST,HUB-SYN-01,CN-JS-NJ,,6
TRE-SYN-B-0117-07,ORD-SYN-B-0117,SHP-SYN-B-0117,2026-06-10T09:30:43+08:00,arrived_at_destination_city,arrived_at_destination_city,CAR-SYN-FAST,DEST-CN-JS-NJ,CN-JS-NJ,,7
TRE-SYN-B-0117-08,ORD-SYN-B-0117,SHP-SYN-B-0117,2026-06-10T12:46:27+08:00,out_for_delivery,out_for_delivery,CAR-SYN-FAST,SITE-CN-JS-NJ,CN-JS-NJ,,8
TRE-SYN-B-0117-09,ORD-SYN-B-0117,SHP-SYN-B-0117,2026-06-10T15:21:42+08:00,delivered,delivered,CAR-SYN-FAST,SITE-CN-JS-NJ,CN-JS-NJ,,9
TRE-SYN-B-0118-01,ORD-SYN-B-0118,SHP-SYN-B-0118,2026-06-09T04:17:11+08:00,shipment_created,shipment_created,CAR-SYN-FAST,ORIGIN-WH-SYN-WEST,CN-ZJ-HZ,,1
TRE-SYN-B-0118-02,ORD-SYN-B-0118,SHP-SYN-B-0118,2026-06-09T07:16:18+08:00,carrier_picked_up,carrier_picked_up,CAR-SYN-FAST,ORIGIN-WH-SYN-WEST,CN-ZJ-HZ,,2
TRE-SYN-B-0118-03,ORD-SYN-B-0118,SHP-SYN-B-0118,2026-06-09T08:02:54+08:00,origin_departed,origin_departed,CAR-SYN-FAST,ORIGIN-WH-SYN-WEST,CN-ZJ-HZ,,3
TRE-SYN-B-0118-04,ORD-SYN-B-0118,SHP-SYN-B-0118,2026-06-09T09:14:16+08:00,in_transit,in_transit,CAR-SYN-FAST,LINEHAUL-SYN-01,CN-ZJ-HZ,,4
TRE-SYN-B-0118-05,ORD-SYN-B-0118,SHP-SYN-B-0118,2026-06-09T15:45:16+08:00,arrived_at_hub,arrived_at_hub,CAR-SYN-FAST,HUB-SYN-01,CN-ZJ-HZ,,5
TRE-SYN-B-0118-06,ORD-SYN-B-0118,SHP-SYN-B-0118,2026-06-09T17:52:44+08:00,departed_hub,departed_hub,CAR-SYN-FAST,HUB-SYN-01,CN-ZJ-HZ,,6
TRE-SYN-B-0118-07,ORD-SYN-B-0118,SHP-SYN-B-0118,2026-06-10T03:52:03+08:00,arrived_at_destination_city,arrived_at_destination_city,CAR-SYN-FAST,DEST-CN-ZJ-HZ,CN-ZJ-HZ,,7
TRE-SYN-B-0118-08,ORD-SYN-B-0118,SHP-SYN-B-0118,2026-06-10T06:00:44+08:00,out_for_delivery,out_for_delivery,CAR-SYN-FAST,SITE-CN-ZJ-HZ,CN-ZJ-HZ,,8
TRE-SYN-B-0118-09,ORD-SYN-B-0118,SHP-SYN-B-0118,2026-06-10T11:48:08+08:00,delivered,delivered,CAR-SYN-FAST,SITE-CN-ZJ-HZ,CN-ZJ-HZ,,9
TRE-SYN-B-0119-01,ORD-SYN-B-0119,SHP-SYN-B-0119,2026-06-09T03:42:03+08:00,shipment_created,shipment_created,CAR-SYN-STD,ORIGIN-WH-SYN-WEST,CN-JS-NJ,,1
TRE-SYN-B-0119-02,ORD-SYN-B-0119,SHP-SYN-B-0119,2026-06-09T10:42:54+08:00,carrier_picked_up,carrier_picked_up,CAR-SYN-STD,ORIGIN-WH-SYN-WEST,CN-JS-NJ,,2
TRE-SYN-B-0119-03,ORD-SYN-B-0119,SHP-SYN-B-0119,2026-06-09T11:17:52+08:00,origin_departed,origin_departed,CAR-SYN-STD,ORIGIN-WH-SYN-WEST,CN-JS-NJ,,3
TRE-SYN-B-0119-04,ORD-SYN-B-0119,SHP-SYN-B-0119,2026-06-09T12:45:56+08:00,in_transit,in_transit,CAR-SYN-STD,LINEHAUL-SYN-01,CN-JS-NJ,,4
TRE-SYN-B-0119-05,ORD-SYN-B-0119,SHP-SYN-B-0119,2026-06-09T21:56:37+08:00,arrived_at_hub,arrived_at_hub,CAR-SYN-STD,HUB-SYN-01,CN-JS-NJ,,5
TRE-SYN-B-0119-06,ORD-SYN-B-0119,SHP-SYN-B-0119,2026-06-10T01:31:39+08:00,departed_hub,departed_hub,CAR-SYN-STD,HUB-SYN-01,CN-JS-NJ,,6
TRE-SYN-B-0119-07,ORD-SYN-B-0119,SHP-SYN-B-0119,2026-06-10T14:29:50+08:00,arrived_at_destination_city,arrived_at_destination_city,CAR-SYN-STD,DEST-CN-JS-NJ,CN-JS-NJ,,7
TRE-SYN-B-0119-08,ORD-SYN-B-0119,SHP-SYN-B-0119,2026-06-10T18:58:31+08:00,out_for_delivery,out_for_delivery,CAR-SYN-STD,SITE-CN-JS-NJ,CN-JS-NJ,,8
TRE-SYN-B-0119-09,ORD-SYN-B-0119,SHP-SYN-B-0119,2026-06-11T00:22:47+08:00,delivered,delivered,CAR-SYN-STD,SITE-CN-JS-NJ,CN-JS-NJ,,9
TRE-SYN-B-0120-01,ORD-SYN-B-0120,SHP-SYN-B-0120,2026-06-09T03:06:31+08:00,shipment_created,shipment_created,CAR-SYN-FAST,ORIGIN-WH-SYN-WEST,CN-ZJ-HZ,,1
TRE-SYN-B-0120-02,ORD-SYN-B-0120,SHP-SYN-B-0120,2026-06-09T06:14:05+08:00,carrier_picked_up,carrier_picked_up,CAR-SYN-FAST,ORIGIN-WH-SYN-WEST,CN-ZJ-HZ,,2
TRE-SYN-B-0120-03,ORD-SYN-B-0120,SHP-SYN-B-0120,2026-06-09T06:52:48+08:00,origin_departed,origin_departed,CAR-SYN-FAST,ORIGIN-WH-SYN-WEST,CN-ZJ-HZ,,3
TRE-SYN-B-0120-04,ORD-SYN-B-0120,SHP-SYN-B-0120,2026-06-09T08:03:02+08:00,in_transit,in_transit,CAR-SYN-FAST,LINEHAUL-SYN-01,CN-ZJ-HZ,,4
TRE-SYN-B-0120-05,ORD-SYN-B-0120,SHP-SYN-B-0120,2026-06-09T14:17:30+08:00,arrived_at_hub,arrived_at_hub,CAR-SYN-FAST,HUB-SYN-01,CN-ZJ-HZ,,5
TRE-SYN-B-0120-06,ORD-SYN-B-0120,SHP-SYN-B-0120,2026-06-09T16:44:27+08:00,departed_hub,departed_hub,CAR-SYN-FAST,HUB-SYN-01,CN-ZJ-HZ,,6
TRE-SYN-B-0120-07,ORD-SYN-B-0120,SHP-SYN-B-0120,2026-06-10T08:18:31+08:00,arrived_at_destination_city,arrived_at_destination_city,CAR-SYN-FAST,DEST-CN-ZJ-HZ,CN-ZJ-HZ,,7
TRE-SYN-B-0120-08,ORD-SYN-B-0120,SHP-SYN-B-0120,2026-06-10T11:06:17+08:00,out_for_delivery,out_for_delivery,CAR-SYN-FAST,SITE-CN-ZJ-HZ,CN-ZJ-HZ,,8
TRE-SYN-B-0120-09,ORD-SYN-B-0120,SHP-SYN-B-0120,2026-06-10T13:35:21+08:00,delivered,delivered,CAR-SYN-FAST,SITE-CN-ZJ-HZ,CN-ZJ-HZ,,9
TRE-SYN-B-0121-01,ORD-SYN-B-0121,SHP-SYN-B-0121,2026-06-09T03:15:17+08:00,shipment_created,shipment_created,CAR-SYN-STD,ORIGIN-WH-SYN-EAST,CN-ZJ-HZ,,1
TRE-SYN-B-0121-02,ORD-SYN-B-0121,SHP-SYN-B-0121,2026-06-09T06:17:35+08:00,carrier_picked_up,carrier_picked_up,CAR-SYN-STD,ORIGIN-WH-SYN-EAST,CN-ZJ-HZ,,2
TRE-SYN-B-0121-03,ORD-SYN-B-0121,SHP-SYN-B-0121,2026-06-09T07:15:42+08:00,origin_departed,origin_departed,CAR-SYN-STD,ORIGIN-WH-SYN-EAST,CN-ZJ-HZ,,3
TRE-SYN-B-0121-04,ORD-SYN-B-0121,SHP-SYN-B-0121,2026-06-09T08:30:09+08:00,in_transit,in_transit,CAR-SYN-STD,LINEHAUL-SYN-01,CN-ZJ-HZ,,4
TRE-SYN-B-0121-05,ORD-SYN-B-0121,SHP-SYN-B-0121,2026-06-09T14:57:16+08:00,arrived_at_hub,arrived_at_hub,CAR-SYN-STD,HUB-SYN-01,CN-ZJ-HZ,,5
TRE-SYN-B-0121-06,ORD-SYN-B-0121,SHP-SYN-B-0121,2026-06-09T16:52:45+08:00,departed_hub,departed_hub,CAR-SYN-STD,HUB-SYN-01,CN-ZJ-HZ,,6
TRE-SYN-B-0121-07,ORD-SYN-B-0121,SHP-SYN-B-0121,2026-06-10T04:25:31+08:00,arrived_at_destination_city,arrived_at_destination_city,CAR-SYN-STD,DEST-CN-ZJ-HZ,CN-ZJ-HZ,,7
TRE-SYN-B-0121-08,ORD-SYN-B-0121,SHP-SYN-B-0121,2026-06-10T06:53:18+08:00,out_for_delivery,out_for_delivery,CAR-SYN-STD,SITE-CN-ZJ-HZ,CN-ZJ-HZ,,8
TRE-SYN-B-0121-09,ORD-SYN-B-0121,SHP-SYN-B-0121,2026-06-10T09:38:48+08:00,delivered,delivered,CAR-SYN-STD,SITE-CN-ZJ-HZ,CN-ZJ-HZ,,9
TRE-SYN-B-0122-01,ORD-SYN-B-0122,SHP-SYN-B-0122,2026-06-09T04:45:14+08:00,shipment_created,shipment_created,CAR-SYN-STD,ORIGIN-WH-SYN-EAST,CN-ZJ-HZ,,1
TRE-SYN-B-0122-02,ORD-SYN-B-0122,SHP-SYN-B-0122,2026-06-09T12:41:04+08:00,carrier_picked_up,carrier_picked_up,CAR-SYN-STD,ORIGIN-WH-SYN-EAST,CN-ZJ-HZ,,2
TRE-SYN-B-0122-03,ORD-SYN-B-0122,SHP-SYN-B-0122,2026-06-09T14:08:56+08:00,origin_departed,origin_departed,CAR-SYN-STD,ORIGIN-WH-SYN-EAST,CN-ZJ-HZ,,3
TRE-SYN-B-0122-04,ORD-SYN-B-0122,SHP-SYN-B-0122,2026-06-09T15:05:04+08:00,in_transit,in_transit,CAR-SYN-STD,LINEHAUL-SYN-01,CN-ZJ-HZ,,4
TRE-SYN-B-0122-05,ORD-SYN-B-0122,SHP-SYN-B-0122,2026-06-10T00:09:06+08:00,arrived_at_hub,arrived_at_hub,CAR-SYN-STD,HUB-SYN-01,CN-ZJ-HZ,,5
TRE-SYN-B-0122-06,ORD-SYN-B-0122,SHP-SYN-B-0122,2026-06-10T02:24:31+08:00,departed_hub,departed_hub,CAR-SYN-STD,HUB-SYN-01,CN-ZJ-HZ,,6
TRE-SYN-B-0122-07,ORD-SYN-B-0122,SHP-SYN-B-0122,2026-06-10T18:15:38+08:00,arrived_at_destination_city,arrived_at_destination_city,CAR-SYN-STD,DEST-CN-ZJ-HZ,CN-ZJ-HZ,,7
TRE-SYN-B-0122-08,ORD-SYN-B-0122,SHP-SYN-B-0122,2026-06-10T20:42:45+08:00,out_for_delivery,out_for_delivery,CAR-SYN-STD,SITE-CN-ZJ-HZ,CN-ZJ-HZ,,8
TRE-SYN-B-0122-09,ORD-SYN-B-0122,SHP-SYN-B-0122,2026-06-10T21:43:46+08:00,delivered,delivered,CAR-SYN-STD,SITE-CN-ZJ-HZ,CN-ZJ-HZ,,9
TRE-SYN-B-0123-01,ORD-SYN-B-0123,SHP-SYN-B-0123,2026-06-09T05:29:22+08:00,shipment_created,shipment_created,CAR-SYN-STD,ORIGIN-WH-SYN-WEST,CN-HB-WH,,1
TRE-SYN-B-0123-02,ORD-SYN-B-0123,SHP-SYN-B-0123,2026-06-09T08:23:23+08:00,carrier_picked_up,carrier_picked_up,CAR-SYN-STD,ORIGIN-WH-SYN-WEST,CN-HB-WH,,2
TRE-SYN-B-0123-03,ORD-SYN-B-0123,SHP-SYN-B-0123,2026-06-09T09:52:07+08:00,origin_departed,origin_departed,CAR-SYN-STD,ORIGIN-WH-SYN-WEST,CN-HB-WH,,3
TRE-SYN-B-0123-04,ORD-SYN-B-0123,SHP-SYN-B-0123,2026-06-09T10:42:53+08:00,in_transit,in_transit,CAR-SYN-STD,LINEHAUL-SYN-01,CN-HB-WH,,4
TRE-SYN-B-0123-05,ORD-SYN-B-0123,SHP-SYN-B-0123,2026-06-09T21:09:44+08:00,arrived_at_hub,arrived_at_hub,CAR-SYN-STD,HUB-SYN-01,CN-HB-WH,,5
TRE-SYN-B-0123-06,ORD-SYN-B-0123,SHP-SYN-B-0123,2026-06-10T01:01:14+08:00,departed_hub,departed_hub,CAR-SYN-STD,HUB-SYN-01,CN-HB-WH,,6
TRE-SYN-B-0123-07,ORD-SYN-B-0123,SHP-SYN-B-0123,2026-06-10T09:47:52+08:00,arrived_at_destination_city,arrived_at_destination_city,CAR-SYN-STD,DEST-CN-HB-WH,CN-HB-WH,,7
TRE-SYN-B-0123-08,ORD-SYN-B-0123,SHP-SYN-B-0123,2026-06-10T14:05:55+08:00,out_for_delivery,out_for_delivery,CAR-SYN-STD,SITE-CN-HB-WH,CN-HB-WH,,8
TRE-SYN-B-0123-09,ORD-SYN-B-0123,SHP-SYN-B-0123,2026-06-10T16:18:23+08:00,delivered,delivered,CAR-SYN-STD,SITE-CN-HB-WH,CN-HB-WH,,9
TRE-SYN-B-0124-01,ORD-SYN-B-0124,SHP-SYN-B-0124,2026-06-09T04:48:10+08:00,shipment_created,shipment_created,CAR-SYN-ECON,ORIGIN-WH-SYN-EAST,CN-SD-QD,,1
TRE-SYN-B-0124-02,ORD-SYN-B-0124,SHP-SYN-B-0124,2026-06-09T08:01:35+08:00,carrier_picked_up,carrier_picked_up,CAR-SYN-ECON,ORIGIN-WH-SYN-EAST,CN-SD-QD,,2
TRE-SYN-B-0124-03,ORD-SYN-B-0124,SHP-SYN-B-0124,2026-06-09T08:51:28+08:00,origin_departed,origin_departed,CAR-SYN-ECON,ORIGIN-WH-SYN-EAST,CN-SD-QD,,3
TRE-SYN-B-0124-04,ORD-SYN-B-0124,SHP-SYN-B-0124,2026-06-09T09:23:09+08:00,in_transit,in_transit,CAR-SYN-ECON,LINEHAUL-SYN-01,CN-SD-QD,,4
TRE-SYN-B-0124-05,ORD-SYN-B-0124,SHP-SYN-B-0124,2026-06-09T16:51:02+08:00,arrived_at_hub,arrived_at_hub,CAR-SYN-ECON,HUB-SYN-01,CN-SD-QD,,5
TRE-SYN-B-0124-06,ORD-SYN-B-0124,SHP-SYN-B-0124,2026-06-09T20:49:58+08:00,departed_hub,departed_hub,CAR-SYN-ECON,HUB-SYN-01,CN-SD-QD,,6
TRE-SYN-B-0124-07,ORD-SYN-B-0124,SHP-SYN-B-0124,2026-06-10T07:08:02+08:00,arrived_at_destination_city,arrived_at_destination_city,CAR-SYN-ECON,DEST-CN-SD-QD,CN-SD-QD,,7
TRE-SYN-B-0124-08,ORD-SYN-B-0124,SHP-SYN-B-0124,2026-06-10T15:03:50+08:00,out_for_delivery,out_for_delivery,CAR-SYN-ECON,SITE-CN-SD-QD,CN-SD-QD,,8
TRE-SYN-B-0124-09,ORD-SYN-B-0124,SHP-SYN-B-0124,2026-06-10T20:42:41+08:00,delivered,delivered,CAR-SYN-ECON,SITE-CN-SD-QD,CN-SD-QD,,9
TRE-SYN-B-0125-01,ORD-SYN-B-0125,SHP-SYN-B-0125,2026-06-09T04:59:01+08:00,shipment_created,shipment_created,CAR-SYN-STD,ORIGIN-WH-SYN-EAST,CN-SD-QD,,1
TRE-SYN-B-0125-02,ORD-SYN-B-0125,SHP-SYN-B-0125,2026-06-09T09:31:06+08:00,carrier_picked_up,carrier_picked_up,CAR-SYN-STD,ORIGIN-WH-SYN-EAST,CN-SD-QD,,2
TRE-SYN-B-0125-03,ORD-SYN-B-0125,SHP-SYN-B-0125,2026-06-09T10:31:57+08:00,origin_departed,origin_departed,CAR-SYN-STD,ORIGIN-WH-SYN-EAST,CN-SD-QD,,3
TRE-SYN-B-0125-04,ORD-SYN-B-0125,SHP-SYN-B-0125,2026-06-09T11:27:19+08:00,in_transit,in_transit,CAR-SYN-STD,LINEHAUL-SYN-01,CN-SD-QD,,4
TRE-SYN-B-0125-05,ORD-SYN-B-0125,SHP-SYN-B-0125,2026-06-09T20:38:07+08:00,arrived_at_hub,arrived_at_hub,CAR-SYN-STD,HUB-SYN-01,CN-SD-QD,,5
TRE-SYN-B-0125-06,ORD-SYN-B-0125,SHP-SYN-B-0125,2026-06-09T21:55:31+08:00,departed_hub,departed_hub,CAR-SYN-STD,HUB-SYN-01,CN-SD-QD,,6
TRE-SYN-B-0125-07,ORD-SYN-B-0125,SHP-SYN-B-0125,2026-06-10T10:17:15+08:00,arrived_at_destination_city,arrived_at_destination_city,CAR-SYN-STD,DEST-CN-SD-QD,CN-SD-QD,,7
TRE-SYN-B-0125-08,ORD-SYN-B-0125,SHP-SYN-B-0125,2026-06-10T15:09:52+08:00,out_for_delivery,out_for_delivery,CAR-SYN-STD,SITE-CN-SD-QD,CN-SD-QD,,8
TRE-SYN-B-0125-09,ORD-SYN-B-0125,SHP-SYN-B-0125,2026-06-10T18:14:22+08:00,delivered,delivered,CAR-SYN-STD,SITE-CN-SD-QD,CN-SD-QD,,9
TRE-SYN-B-0126-01,ORD-SYN-B-0126,SHP-SYN-B-0126,2026-06-09T04:49:12+08:00,shipment_created,shipment_created,CAR-SYN-FAST,ORIGIN-WH-SYN-WEST,CN-HB-WH,,1
TRE-SYN-B-0126-02,ORD-SYN-B-0126,SHP-SYN-B-0126,2026-06-09T12:19:42+08:00,carrier_picked_up,carrier_picked_up,CAR-SYN-FAST,ORIGIN-WH-SYN-WEST,CN-HB-WH,,2
TRE-SYN-B-0126-03,ORD-SYN-B-0126,SHP-SYN-B-0126,2026-06-09T12:53:14+08:00,origin_departed,origin_departed,CAR-SYN-FAST,ORIGIN-WH-SYN-WEST,CN-HB-WH,,3
TRE-SYN-B-0126-04,ORD-SYN-B-0126,SHP-SYN-B-0126,2026-06-09T14:06:45+08:00,in_transit,in_transit,CAR-SYN-FAST,LINEHAUL-SYN-01,CN-HB-WH,,4
TRE-SYN-B-0126-05,ORD-SYN-B-0126,SHP-SYN-B-0126,2026-06-10T00:01:00+08:00,arrived_at_hub,arrived_at_hub,CAR-SYN-FAST,HUB-SYN-01,CN-HB-WH,,5
TRE-SYN-B-0126-06,ORD-SYN-B-0126,SHP-SYN-B-0126,2026-06-10T02:10:53+08:00,departed_hub,departed_hub,CAR-SYN-FAST,HUB-SYN-01,CN-HB-WH,,6
TRE-SYN-B-0126-07,ORD-SYN-B-0126,SHP-SYN-B-0126,2026-06-10T11:21:29+08:00,arrived_at_destination_city,arrived_at_destination_city,CAR-SYN-FAST,DEST-CN-HB-WH,CN-HB-WH,,7
TRE-SYN-B-0126-08,ORD-SYN-B-0126,SHP-SYN-B-0126,2026-06-10T13:53:49+08:00,out_for_delivery,out_for_delivery,CAR-SYN-FAST,SITE-CN-HB-WH,CN-HB-WH,,8
TRE-SYN-B-0126-09,ORD-SYN-B-0126,SHP-SYN-B-0126,2026-06-10T15:26:11+08:00,delivered,delivered,CAR-SYN-FAST,SITE-CN-HB-WH,CN-HB-WH,,9
TRE-SYN-B-0127-01,ORD-SYN-B-0127,SHP-SYN-B-0127,2026-06-09T03:48:18+08:00,shipment_created,shipment_created,CAR-SYN-STD,ORIGIN-WH-SYN-EAST,CN-ZJ-HZ,,1
TRE-SYN-B-0127-02,ORD-SYN-B-0127,SHP-SYN-B-0127,2026-06-09T10:40:00+08:00,carrier_picked_up,carrier_picked_up,CAR-SYN-STD,ORIGIN-WH-SYN-EAST,CN-ZJ-HZ,,2
TRE-SYN-B-0127-03,ORD-SYN-B-0127,SHP-SYN-B-0127,2026-06-09T11:31:09+08:00,origin_departed,origin_departed,CAR-SYN-STD,ORIGIN-WH-SYN-EAST,CN-ZJ-HZ,,3
TRE-SYN-B-0127-04,ORD-SYN-B-0127,SHP-SYN-B-0127,2026-06-09T12:55:06+08:00,in_transit,in_transit,CAR-SYN-STD,LINEHAUL-SYN-01,CN-ZJ-HZ,,4
TRE-SYN-B-0127-05,ORD-SYN-B-0127,SHP-SYN-B-0127,2026-06-09T19:55:08+08:00,arrived_at_hub,arrived_at_hub,CAR-SYN-STD,HUB-SYN-01,CN-ZJ-HZ,,5
TRE-SYN-B-0127-06,ORD-SYN-B-0127,SHP-SYN-B-0127,2026-06-09T23:23:48+08:00,departed_hub,departed_hub,CAR-SYN-STD,HUB-SYN-01,CN-ZJ-HZ,,6
TRE-SYN-B-0127-07,ORD-SYN-B-0127,SHP-SYN-B-0127,2026-06-10T09:03:22+08:00,arrived_at_destination_city,arrived_at_destination_city,CAR-SYN-STD,DEST-CN-ZJ-HZ,CN-ZJ-HZ,,7
TRE-SYN-B-0127-08,ORD-SYN-B-0127,SHP-SYN-B-0127,2026-06-10T14:01:57+08:00,out_for_delivery,out_for_delivery,CAR-SYN-STD,SITE-CN-ZJ-HZ,CN-ZJ-HZ,,8
TRE-SYN-B-0127-09,ORD-SYN-B-0127,SHP-SYN-B-0127,2026-06-10T15:43:23+08:00,delivered,delivered,CAR-SYN-STD,SITE-CN-ZJ-HZ,CN-ZJ-HZ,,9
TRE-SYN-B-0128-01,ORD-SYN-B-0128,SHP-SYN-B-0128,2026-06-09T04:05:16+08:00,shipment_created,shipment_created,CAR-SYN-STD,ORIGIN-WH-SYN-EAST,CN-ZJ-HZ,,1
TRE-SYN-B-0128-02,ORD-SYN-B-0128,SHP-SYN-B-0128,2026-06-09T08:57:06+08:00,carrier_picked_up,carrier_picked_up,CAR-SYN-STD,ORIGIN-WH-SYN-EAST,CN-ZJ-HZ,,2
TRE-SYN-B-0128-03,ORD-SYN-B-0128,SHP-SYN-B-0128,2026-06-09T10:16:30+08:00,origin_departed,origin_departed,CAR-SYN-STD,ORIGIN-WH-SYN-EAST,CN-ZJ-HZ,,3
TRE-SYN-B-0128-04,ORD-SYN-B-0128,SHP-SYN-B-0128,2026-06-09T11:42:54+08:00,in_transit,in_transit,CAR-SYN-STD,LINEHAUL-SYN-01,CN-ZJ-HZ,,4
TRE-SYN-B-0128-05,ORD-SYN-B-0128,SHP-SYN-B-0128,2026-06-09T17:07:53+08:00,arrived_at_hub,arrived_at_hub,CAR-SYN-STD,HUB-SYN-01,CN-ZJ-HZ,,5
TRE-SYN-B-0128-06,ORD-SYN-B-0128,SHP-SYN-B-0128,2026-06-09T18:24:42+08:00,departed_hub,departed_hub,CAR-SYN-STD,HUB-SYN-01,CN-ZJ-HZ,,6
TRE-SYN-B-0128-07,ORD-SYN-B-0128,SHP-SYN-B-0128,2026-06-10T08:26:46+08:00,arrived_at_destination_city,arrived_at_destination_city,CAR-SYN-STD,DEST-CN-ZJ-HZ,CN-ZJ-HZ,,7
TRE-SYN-B-0128-08,ORD-SYN-B-0128,SHP-SYN-B-0128,2026-06-10T14:27:05+08:00,out_for_delivery,out_for_delivery,CAR-SYN-STD,SITE-CN-ZJ-HZ,CN-ZJ-HZ,,8
TRE-SYN-B-0128-09,ORD-SYN-B-0128,SHP-SYN-B-0128,2026-06-10T18:19:31+08:00,delivered,delivered,CAR-SYN-STD,SITE-CN-ZJ-HZ,CN-ZJ-HZ,,9
TRE-SYN-B-0129-01,ORD-SYN-B-0129,SHP-SYN-B-0129,2026-06-09T04:31:13+08:00,shipment_created,shipment_created,CAR-SYN-ECON,ORIGIN-WH-SYN-EAST,CN-ZJ-HZ,,1
TRE-SYN-B-0129-02,ORD-SYN-B-0129,SHP-SYN-B-0129,2026-06-09T08:03:27+08:00,carrier_picked_up,carrier_picked_up,CAR-SYN-ECON,ORIGIN-WH-SYN-EAST,CN-ZJ-HZ,,2
TRE-SYN-B-0129-03,ORD-SYN-B-0129,SHP-SYN-B-0129,2026-06-09T08:49:01+08:00,origin_departed,origin_departed,CAR-SYN-ECON,ORIGIN-WH-SYN-EAST,CN-ZJ-HZ,,3
TRE-SYN-B-0129-04,ORD-SYN-B-0129,SHP-SYN-B-0129,2026-06-09T09:44:31+08:00,in_transit,in_transit,CAR-SYN-ECON,LINEHAUL-SYN-01,CN-ZJ-HZ,,4
TRE-SYN-B-0129-05,ORD-SYN-B-0129,SHP-SYN-B-0129,2026-06-09T16:26:10+08:00,arrived_at_hub,arrived_at_hub,CAR-SYN-ECON,HUB-SYN-01,CN-ZJ-HZ,,5
TRE-SYN-B-0129-06,ORD-SYN-B-0129,SHP-SYN-B-0129,2026-06-09T17:49:31+08:00,departed_hub,departed_hub,CAR-SYN-ECON,HUB-SYN-01,CN-ZJ-HZ,,6
TRE-SYN-B-0129-07,ORD-SYN-B-0129,SHP-SYN-B-0129,2026-06-10T08:03:41+08:00,arrived_at_destination_city,arrived_at_destination_city,CAR-SYN-ECON,DEST-CN-ZJ-HZ,CN-ZJ-HZ,,7
TRE-SYN-B-0129-08,ORD-SYN-B-0129,SHP-SYN-B-0129,2026-06-10T16:58:55+08:00,out_for_delivery,out_for_delivery,CAR-SYN-ECON,SITE-CN-ZJ-HZ,CN-ZJ-HZ,,8
TRE-SYN-B-0129-09,ORD-SYN-B-0129,SHP-SYN-B-0129,2026-06-10T22:47:52+08:00,delivered,delivered,CAR-SYN-ECON,SITE-CN-ZJ-HZ,CN-ZJ-HZ,,9
TRE-SYN-B-0130-01,ORD-SYN-B-0130,SHP-SYN-B-0130,2026-06-09T04:19:39+08:00,shipment_created,shipment_created,CAR-SYN-FAST,ORIGIN-WH-SYN-EAST,CN-ZJ-HZ,,1
TRE-SYN-B-0130-02,ORD-SYN-B-0130,SHP-SYN-B-0130,2026-06-09T12:01:50+08:00,carrier_picked_up,carrier_picked_up,CAR-SYN-FAST,ORIGIN-WH-SYN-EAST,CN-ZJ-HZ,,2
TRE-SYN-B-0130-03,ORD-SYN-B-0130,SHP-SYN-B-0130,2026-06-09T12:52:40+08:00,origin_departed,origin_departed,CAR-SYN-FAST,ORIGIN-WH-SYN-EAST,CN-ZJ-HZ,,3
TRE-SYN-B-0130-04,ORD-SYN-B-0130,SHP-SYN-B-0130,2026-06-09T13:25:47+08:00,in_transit,in_transit,CAR-SYN-FAST,LINEHAUL-SYN-01,CN-ZJ-HZ,,4
TRE-SYN-B-0130-05,ORD-SYN-B-0130,SHP-SYN-B-0130,2026-06-09T21:21:55+08:00,arrived_at_hub,arrived_at_hub,CAR-SYN-FAST,HUB-SYN-01,CN-ZJ-HZ,,5
TRE-SYN-B-0130-06,ORD-SYN-B-0130,SHP-SYN-B-0130,2026-06-09T23:00:02+08:00,departed_hub,departed_hub,CAR-SYN-FAST,HUB-SYN-01,CN-ZJ-HZ,,6
TRE-SYN-B-0130-07,ORD-SYN-B-0130,SHP-SYN-B-0130,2026-06-10T10:19:09+08:00,arrived_at_destination_city,arrived_at_destination_city,CAR-SYN-FAST,DEST-CN-ZJ-HZ,CN-ZJ-HZ,,7
TRE-SYN-B-0130-08,ORD-SYN-B-0130,SHP-SYN-B-0130,2026-06-10T15:33:54+08:00,out_for_delivery,out_for_delivery,CAR-SYN-FAST,SITE-CN-ZJ-HZ,CN-ZJ-HZ,,8
TRE-SYN-B-0130-09,ORD-SYN-B-0130,SHP-SYN-B-0130,2026-06-10T18:10:48+08:00,delivered,delivered,CAR-SYN-FAST,SITE-CN-ZJ-HZ,CN-ZJ-HZ,,9
TRE-SYN-B-0131-01,ORD-SYN-B-0131,SHP-SYN-B-0131,2026-06-09T05:15:11+08:00,shipment_created,shipment_created,CAR-SYN-STD,ORIGIN-WH-SYN-EAST,CN-JS-NJ,,1
TRE-SYN-B-0131-02,ORD-SYN-B-0131,SHP-SYN-B-0131,2026-06-09T11:46:43+08:00,carrier_picked_up,carrier_picked_up,CAR-SYN-STD,ORIGIN-WH-SYN-EAST,CN-JS-NJ,,2
TRE-SYN-B-0131-03,ORD-SYN-B-0131,SHP-SYN-B-0131,2026-06-09T12:37:26+08:00,origin_departed,origin_departed,CAR-SYN-STD,ORIGIN-WH-SYN-EAST,CN-JS-NJ,,3
TRE-SYN-B-0131-04,ORD-SYN-B-0131,SHP-SYN-B-0131,2026-06-09T13:56:42+08:00,in_transit,in_transit,CAR-SYN-STD,LINEHAUL-SYN-01,CN-JS-NJ,,4
TRE-SYN-B-0131-05,ORD-SYN-B-0131,SHP-SYN-B-0131,2026-06-10T00:05:02+08:00,arrived_at_hub,arrived_at_hub,CAR-SYN-STD,HUB-SYN-01,CN-JS-NJ,,5
TRE-SYN-B-0131-06,ORD-SYN-B-0131,SHP-SYN-B-0131,2026-06-10T01:26:56+08:00,departed_hub,departed_hub,CAR-SYN-STD,HUB-SYN-01,CN-JS-NJ,,6
TRE-SYN-B-0131-07,ORD-SYN-B-0131,SHP-SYN-B-0131,2026-06-10T15:31:58+08:00,arrived_at_destination_city,arrived_at_destination_city,CAR-SYN-STD,DEST-CN-JS-NJ,CN-JS-NJ,,7
TRE-SYN-B-0131-08,ORD-SYN-B-0131,SHP-SYN-B-0131,2026-06-10T20:20:46+08:00,out_for_delivery,out_for_delivery,CAR-SYN-STD,SITE-CN-JS-NJ,CN-JS-NJ,,8
TRE-SYN-B-0131-09,ORD-SYN-B-0131,SHP-SYN-B-0131,2026-06-11T00:22:38+08:00,delivered,delivered,CAR-SYN-STD,SITE-CN-JS-NJ,CN-JS-NJ,,9
TRE-SYN-B-0132-01,ORD-SYN-B-0132,SHP-SYN-B-0132,2026-06-09T04:36:54+08:00,shipment_created,shipment_created,CAR-SYN-FAST,ORIGIN-WH-SYN-EAST,CN-HB-WH,,1
TRE-SYN-B-0132-02,ORD-SYN-B-0132,SHP-SYN-B-0132,2026-06-09T10:31:05+08:00,carrier_picked_up,carrier_picked_up,CAR-SYN-FAST,ORIGIN-WH-SYN-EAST,CN-HB-WH,,2
TRE-SYN-B-0132-03,ORD-SYN-B-0132,SHP-SYN-B-0132,2026-06-09T11:21:34+08:00,origin_departed,origin_departed,CAR-SYN-FAST,ORIGIN-WH-SYN-EAST,CN-HB-WH,,3
TRE-SYN-B-0132-04,ORD-SYN-B-0132,SHP-SYN-B-0132,2026-06-09T12:34:44+08:00,in_transit,in_transit,CAR-SYN-FAST,LINEHAUL-SYN-01,CN-HB-WH,,4
TRE-SYN-B-0132-05,ORD-SYN-B-0132,SHP-SYN-B-0132,2026-06-09T21:35:13+08:00,arrived_at_hub,arrived_at_hub,CAR-SYN-FAST,HUB-SYN-01,CN-HB-WH,,5
TRE-SYN-B-0132-06,ORD-SYN-B-0132,SHP-SYN-B-0132,2026-06-10T00:40:41+08:00,departed_hub,departed_hub,CAR-SYN-FAST,HUB-SYN-01,CN-HB-WH,,6
TRE-SYN-B-0132-07,ORD-SYN-B-0132,SHP-SYN-B-0132,2026-06-10T16:33:47+08:00,arrived_at_destination_city,arrived_at_destination_city,CAR-SYN-FAST,DEST-CN-HB-WH,CN-HB-WH,,7
TRE-SYN-B-0132-08,ORD-SYN-B-0132,SHP-SYN-B-0132,2026-06-10T21:24:52+08:00,out_for_delivery,out_for_delivery,CAR-SYN-FAST,SITE-CN-HB-WH,CN-HB-WH,,8
TRE-SYN-B-0132-09,ORD-SYN-B-0132,SHP-SYN-B-0132,2026-06-11T03:09:17+08:00,delivered,delivered,CAR-SYN-FAST,SITE-CN-HB-WH,CN-HB-WH,,9
TRE-SYN-B-0133-01,ORD-SYN-B-0133,SHP-SYN-B-0133,2026-06-09T03:32:26+08:00,shipment_created,shipment_created,CAR-SYN-ECON,ORIGIN-WH-SYN-EAST,CN-SD-QD,,1
TRE-SYN-B-0133-02,ORD-SYN-B-0133,SHP-SYN-B-0133,2026-06-09T07:38:00+08:00,carrier_picked_up,carrier_picked_up,CAR-SYN-ECON,ORIGIN-WH-SYN-EAST,CN-SD-QD,,2
TRE-SYN-B-0133-03,ORD-SYN-B-0133,SHP-SYN-B-0133,2026-06-09T09:00:15+08:00,origin_departed,origin_departed,CAR-SYN-ECON,ORIGIN-WH-SYN-EAST,CN-SD-QD,,3
TRE-SYN-B-0133-04,ORD-SYN-B-0133,SHP-SYN-B-0133,2026-06-09T09:48:34+08:00,in_transit,in_transit,CAR-SYN-ECON,LINEHAUL-SYN-01,CN-SD-QD,,4
TRE-SYN-B-0133-05,ORD-SYN-B-0133,SHP-SYN-B-0133,2026-06-09T18:29:56+08:00,arrived_at_hub,arrived_at_hub,CAR-SYN-ECON,HUB-SYN-01,CN-SD-QD,,5
TRE-SYN-B-0133-06,ORD-SYN-B-0133,SHP-SYN-B-0133,2026-06-09T22:11:39+08:00,departed_hub,departed_hub,CAR-SYN-ECON,HUB-SYN-01,CN-SD-QD,,6
TRE-SYN-B-0133-07,ORD-SYN-B-0133,SHP-SYN-B-0133,2026-06-10T13:42:12+08:00,arrived_at_destination_city,arrived_at_destination_city,CAR-SYN-ECON,DEST-CN-SD-QD,CN-SD-QD,,7
TRE-SYN-B-0133-08,ORD-SYN-B-0133,SHP-SYN-B-0133,2026-06-10T16:31:53+08:00,out_for_delivery,out_for_delivery,CAR-SYN-ECON,SITE-CN-SD-QD,CN-SD-QD,,8
TRE-SYN-B-0133-09,ORD-SYN-B-0133,SHP-SYN-B-0133,2026-06-10T21:54:30+08:00,delivered,delivered,CAR-SYN-ECON,SITE-CN-SD-QD,CN-SD-QD,,9
TRE-SYN-B-0134-01,ORD-SYN-B-0134,SHP-SYN-B-0134,2026-06-09T05:19:38+08:00,shipment_created,shipment_created,CAR-SYN-FAST,ORIGIN-WH-SYN-EAST,CN-JS-NJ,,1
TRE-SYN-B-0134-02,ORD-SYN-B-0134,SHP-SYN-B-0134,2026-06-09T08:43:05+08:00,carrier_picked_up,carrier_picked_up,CAR-SYN-FAST,ORIGIN-WH-SYN-EAST,CN-JS-NJ,,2
TRE-SYN-B-0134-03,ORD-SYN-B-0134,SHP-SYN-B-0134,2026-06-09T09:17:28+08:00,origin_departed,origin_departed,CAR-SYN-FAST,ORIGIN-WH-SYN-EAST,CN-JS-NJ,,3
TRE-SYN-B-0134-04,ORD-SYN-B-0134,SHP-SYN-B-0134,2026-06-09T10:02:39+08:00,in_transit,in_transit,CAR-SYN-FAST,LINEHAUL-SYN-01,CN-JS-NJ,,4
TRE-SYN-B-0134-05,ORD-SYN-B-0134,SHP-SYN-B-0134,2026-06-09T21:07:37+08:00,arrived_at_hub,arrived_at_hub,CAR-SYN-FAST,HUB-SYN-01,CN-JS-NJ,,5
TRE-SYN-B-0134-06,ORD-SYN-B-0134,SHP-SYN-B-0134,2026-06-09T23:41:49+08:00,departed_hub,departed_hub,CAR-SYN-FAST,HUB-SYN-01,CN-JS-NJ,,6
TRE-SYN-B-0134-07,ORD-SYN-B-0134,SHP-SYN-B-0134,2026-06-10T11:44:31+08:00,arrived_at_destination_city,arrived_at_destination_city,CAR-SYN-FAST,DEST-CN-JS-NJ,CN-JS-NJ,,7
TRE-SYN-B-0134-08,ORD-SYN-B-0134,SHP-SYN-B-0134,2026-06-10T16:03:26+08:00,out_for_delivery,out_for_delivery,CAR-SYN-FAST,SITE-CN-JS-NJ,CN-JS-NJ,,8
TRE-SYN-B-0134-09,ORD-SYN-B-0134,SHP-SYN-B-0134,2026-06-10T20:40:54+08:00,delivered,delivered,CAR-SYN-FAST,SITE-CN-JS-NJ,CN-JS-NJ,,9
TRE-SYN-B-0135-01,ORD-SYN-B-0135,SHP-SYN-B-0135,2026-06-09T03:59:28+08:00,shipment_created,shipment_created,CAR-SYN-STD,ORIGIN-WH-SYN-WEST,CN-ZJ-HZ,,1
TRE-SYN-B-0135-02,ORD-SYN-B-0135,SHP-SYN-B-0135,2026-06-09T07:38:57+08:00,carrier_picked_up,carrier_picked_up,CAR-SYN-STD,ORIGIN-WH-SYN-WEST,CN-ZJ-HZ,,2
TRE-SYN-B-0135-03,ORD-SYN-B-0135,SHP-SYN-B-0135,2026-06-09T09:00:24+08:00,origin_departed,origin_departed,CAR-SYN-STD,ORIGIN-WH-SYN-WEST,CN-ZJ-HZ,,3
TRE-SYN-B-0135-04,ORD-SYN-B-0135,SHP-SYN-B-0135,2026-06-09T10:21:09+08:00,in_transit,in_transit,CAR-SYN-STD,LINEHAUL-SYN-01,CN-ZJ-HZ,,4
TRE-SYN-B-0135-05,ORD-SYN-B-0135,SHP-SYN-B-0135,2026-06-09T17:34:37+08:00,arrived_at_hub,arrived_at_hub,CAR-SYN-STD,HUB-SYN-01,CN-ZJ-HZ,,5
TRE-SYN-B-0135-06,ORD-SYN-B-0135,SHP-SYN-B-0135,2026-06-09T20:07:41+08:00,departed_hub,departed_hub,CAR-SYN-STD,HUB-SYN-01,CN-ZJ-HZ,,6
TRE-SYN-B-0135-07,ORD-SYN-B-0135,SHP-SYN-B-0135,2026-06-10T10:26:36+08:00,arrived_at_destination_city,arrived_at_destination_city,CAR-SYN-STD,DEST-CN-ZJ-HZ,CN-ZJ-HZ,,7
TRE-SYN-B-0135-08,ORD-SYN-B-0135,SHP-SYN-B-0135,2026-06-10T15:58:31+08:00,out_for_delivery,out_for_delivery,CAR-SYN-STD,SITE-CN-ZJ-HZ,CN-ZJ-HZ,,8
TRE-SYN-B-0135-09,ORD-SYN-B-0135,SHP-SYN-B-0135,2026-06-10T18:50:47+08:00,delivered,delivered,CAR-SYN-STD,SITE-CN-ZJ-HZ,CN-ZJ-HZ,,9
TRE-SYN-B-0136-01,ORD-SYN-B-0136,SHP-SYN-B-0136,2026-06-10T06:43:04+08:00,shipment_created,shipment_created,CAR-SYN-ECON,ORIGIN-WH-SYN-EAST,CN-SD-QD,,1
TRE-SYN-B-0136-02,ORD-SYN-B-0136,SHP-SYN-B-0136,2026-06-10T12:09:43+08:00,carrier_picked_up,carrier_picked_up,CAR-SYN-ECON,ORIGIN-WH-SYN-EAST,CN-SD-QD,,2
TRE-SYN-B-0136-03,ORD-SYN-B-0136,SHP-SYN-B-0136,2026-06-10T12:46:29+08:00,origin_departed,origin_departed,CAR-SYN-ECON,ORIGIN-WH-SYN-EAST,CN-SD-QD,,3
TRE-SYN-B-0136-04,ORD-SYN-B-0136,SHP-SYN-B-0136,2026-06-10T13:58:57+08:00,in_transit,in_transit,CAR-SYN-ECON,LINEHAUL-SYN-01,CN-SD-QD,,4
TRE-SYN-B-0136-05,ORD-SYN-B-0136,SHP-SYN-B-0136,2026-06-11T00:17:40+08:00,arrived_at_hub,arrived_at_hub,CAR-SYN-ECON,HUB-SYN-01,CN-SD-QD,,5
TRE-SYN-B-0136-06,ORD-SYN-B-0136,SHP-SYN-B-0136,2026-06-11T03:53:51+08:00,departed_hub,departed_hub,CAR-SYN-ECON,HUB-SYN-01,CN-SD-QD,,6
TRE-SYN-B-0136-07,ORD-SYN-B-0136,SHP-SYN-B-0136,2026-06-11T15:45:30+08:00,arrived_at_destination_city,arrived_at_destination_city,CAR-SYN-ECON,DEST-CN-SD-QD,CN-SD-QD,,7
TRE-SYN-B-0136-08,ORD-SYN-B-0136,SHP-SYN-B-0136,2026-06-11T23:47:16+08:00,out_for_delivery,out_for_delivery,CAR-SYN-ECON,SITE-CN-SD-QD,CN-SD-QD,,8
TRE-SYN-B-0136-09,ORD-SYN-B-0136,SHP-SYN-B-0136,2026-06-12T04:40:17+08:00,delivered,delivered,CAR-SYN-ECON,SITE-CN-SD-QD,CN-SD-QD,,9
TRE-SYN-B-0137-01,ORD-SYN-B-0137,SHP-SYN-B-0137,2026-06-10T06:16:32+08:00,shipment_created,shipment_created,CAR-SYN-STD,ORIGIN-WH-SYN-WEST,CN-ZJ-HZ,,1
TRE-SYN-B-0137-02,ORD-SYN-B-0137,SHP-SYN-B-0137,2026-06-10T09:57:53+08:00,carrier_picked_up,carrier_picked_up,CAR-SYN-STD,ORIGIN-WH-SYN-WEST,CN-ZJ-HZ,,2
TRE-SYN-B-0137-03,ORD-SYN-B-0137,SHP-SYN-B-0137,2026-06-10T11:23:02+08:00,origin_departed,origin_departed,CAR-SYN-STD,ORIGIN-WH-SYN-WEST,CN-ZJ-HZ,,3
TRE-SYN-B-0137-04,ORD-SYN-B-0137,SHP-SYN-B-0137,2026-06-10T12:20:43+08:00,in_transit,in_transit,CAR-SYN-STD,LINEHAUL-SYN-01,CN-ZJ-HZ,,4
TRE-SYN-B-0137-05,ORD-SYN-B-0137,SHP-SYN-B-0137,2026-06-10T22:57:38+08:00,arrived_at_hub,arrived_at_hub,CAR-SYN-STD,HUB-SYN-01,CN-ZJ-HZ,,5
TRE-SYN-B-0137-06,ORD-SYN-B-0137,SHP-SYN-B-0137,2026-06-11T02:42:03+08:00,departed_hub,departed_hub,CAR-SYN-STD,HUB-SYN-01,CN-ZJ-HZ,,6
TRE-SYN-B-0137-07,ORD-SYN-B-0137,SHP-SYN-B-0137,2026-06-11T16:45:42+08:00,arrived_at_destination_city,arrived_at_destination_city,CAR-SYN-STD,DEST-CN-ZJ-HZ,CN-ZJ-HZ,,7
TRE-SYN-B-0137-08,ORD-SYN-B-0137,SHP-SYN-B-0137,2026-06-12T00:00:34+08:00,out_for_delivery,out_for_delivery,CAR-SYN-STD,SITE-CN-ZJ-HZ,CN-ZJ-HZ,,8
TRE-SYN-B-0137-09,ORD-SYN-B-0137,SHP-SYN-B-0137,2026-06-12T04:43:41+08:00,delivered,delivered,CAR-SYN-STD,SITE-CN-ZJ-HZ,CN-ZJ-HZ,,9
TRE-SYN-B-0138-01,ORD-SYN-B-0138,SHP-SYN-B-0138,2026-06-10T09:51:00+08:00,shipment_created,shipment_created,CAR-SYN-STD,ORIGIN-WH-SYN-EAST,CN-JS-NJ,,1
TRE-SYN-B-0138-02,ORD-SYN-B-0138,SHP-SYN-B-0138,2026-06-10T12:36:49+08:00,carrier_picked_up,carrier_picked_up,CAR-SYN-STD,ORIGIN-WH-SYN-EAST,CN-JS-NJ,,2
TRE-SYN-B-0138-03,ORD-SYN-B-0138,SHP-SYN-B-0138,2026-06-10T13:29:46+08:00,origin_departed,origin_departed,CAR-SYN-STD,ORIGIN-WH-SYN-EAST,CN-JS-NJ,,3
TRE-SYN-B-0138-04,ORD-SYN-B-0138,SHP-SYN-B-0138,2026-06-10T14:38:57+08:00,in_transit,in_transit,CAR-SYN-STD,LINEHAUL-SYN-01,CN-JS-NJ,,4
TRE-SYN-B-0138-05,ORD-SYN-B-0138,SHP-SYN-B-0138,2026-06-11T01:06:30+08:00,arrived_at_hub,arrived_at_hub,CAR-SYN-STD,HUB-SYN-01,CN-JS-NJ,,5
TRE-SYN-B-0138-06,ORD-SYN-B-0138,SHP-SYN-B-0138,2026-06-11T04:18:59+08:00,departed_hub,departed_hub,CAR-SYN-STD,HUB-SYN-01,CN-JS-NJ,,6
TRE-SYN-B-0138-07,ORD-SYN-B-0138,SHP-SYN-B-0138,2026-06-11T15:41:47+08:00,arrived_at_destination_city,arrived_at_destination_city,CAR-SYN-STD,DEST-CN-JS-NJ,CN-JS-NJ,,7
TRE-SYN-B-0138-08,ORD-SYN-B-0138,SHP-SYN-B-0138,2026-06-12T00:00:32+08:00,out_for_delivery,out_for_delivery,CAR-SYN-STD,SITE-CN-JS-NJ,CN-JS-NJ,,8
TRE-SYN-B-0138-09,ORD-SYN-B-0138,SHP-SYN-B-0138,2026-06-12T01:38:03+08:00,delivered,delivered,CAR-SYN-STD,SITE-CN-JS-NJ,CN-JS-NJ,,9
TRE-SYN-B-0139-01,ORD-SYN-B-0139,SHP-SYN-B-0139,2026-06-10T07:22:51+08:00,shipment_created,shipment_created,CAR-SYN-FAST,ORIGIN-WH-SYN-EAST,CN-JS-NJ,,1
TRE-SYN-B-0139-02,ORD-SYN-B-0139,SHP-SYN-B-0139,2026-06-10T09:52:52+08:00,carrier_picked_up,carrier_picked_up,CAR-SYN-FAST,ORIGIN-WH-SYN-EAST,CN-JS-NJ,,2
TRE-SYN-B-0139-03,ORD-SYN-B-0139,SHP-SYN-B-0139,2026-06-10T10:48:38+08:00,origin_departed,origin_departed,CAR-SYN-FAST,ORIGIN-WH-SYN-EAST,CN-JS-NJ,,3
TRE-SYN-B-0139-04,ORD-SYN-B-0139,SHP-SYN-B-0139,2026-06-10T11:30:00+08:00,in_transit,in_transit,CAR-SYN-FAST,LINEHAUL-SYN-01,CN-JS-NJ,,4
TRE-SYN-B-0139-05,ORD-SYN-B-0139,SHP-SYN-B-0139,2026-06-11T00:32:16+08:00,arrived_at_hub,arrived_at_hub,CAR-SYN-FAST,HUB-SYN-01,CN-JS-NJ,,5
TRE-SYN-B-0139-06,ORD-SYN-B-0139,SHP-SYN-B-0139,2026-06-11T03:57:48+08:00,departed_hub,departed_hub,CAR-SYN-FAST,HUB-SYN-01,CN-JS-NJ,,6
TRE-SYN-B-0139-07,ORD-SYN-B-0139,SHP-SYN-B-0139,2026-06-11T13:22:34+08:00,arrived_at_destination_city,arrived_at_destination_city,CAR-SYN-FAST,DEST-CN-JS-NJ,CN-JS-NJ,,7
TRE-SYN-B-0139-08,ORD-SYN-B-0139,SHP-SYN-B-0139,2026-06-11T19:16:47+08:00,out_for_delivery,out_for_delivery,CAR-SYN-FAST,SITE-CN-JS-NJ,CN-JS-NJ,,8
TRE-SYN-B-0139-09,ORD-SYN-B-0139,SHP-SYN-B-0139,2026-06-11T20:20:12+08:00,delivered,delivered,CAR-SYN-FAST,SITE-CN-JS-NJ,CN-JS-NJ,,9
TRE-SYN-B-0140-01,ORD-SYN-B-0140,SHP-SYN-B-0140,2026-06-10T07:20:38+08:00,shipment_created,shipment_created,CAR-SYN-STD,ORIGIN-WH-SYN-EAST,CN-JS-NJ,,1
TRE-SYN-B-0140-02,ORD-SYN-B-0140,SHP-SYN-B-0140,2026-06-10T11:35:40+08:00,carrier_picked_up,carrier_picked_up,CAR-SYN-STD,ORIGIN-WH-SYN-EAST,CN-JS-NJ,,2
TRE-SYN-B-0140-03,ORD-SYN-B-0140,SHP-SYN-B-0140,2026-06-10T12:20:24+08:00,origin_departed,origin_departed,CAR-SYN-STD,ORIGIN-WH-SYN-EAST,CN-JS-NJ,,3
TRE-SYN-B-0140-04,ORD-SYN-B-0140,SHP-SYN-B-0140,2026-06-10T12:51:29+08:00,in_transit,in_transit,CAR-SYN-STD,LINEHAUL-SYN-01,CN-JS-NJ,,4
TRE-SYN-B-0140-05,ORD-SYN-B-0140,SHP-SYN-B-0140,2026-06-10T23:59:46+08:00,arrived_at_hub,arrived_at_hub,CAR-SYN-STD,HUB-SYN-01,CN-JS-NJ,,5
TRE-SYN-B-0140-06,ORD-SYN-B-0140,SHP-SYN-B-0140,2026-06-11T03:36:48+08:00,departed_hub,departed_hub,CAR-SYN-STD,HUB-SYN-01,CN-JS-NJ,,6
TRE-SYN-B-0140-07,ORD-SYN-B-0140,SHP-SYN-B-0140,2026-06-11T11:49:54+08:00,arrived_at_destination_city,arrived_at_destination_city,CAR-SYN-STD,DEST-CN-JS-NJ,CN-JS-NJ,,7
TRE-SYN-B-0140-08,ORD-SYN-B-0140,SHP-SYN-B-0140,2026-06-11T20:21:12+08:00,out_for_delivery,out_for_delivery,CAR-SYN-STD,SITE-CN-JS-NJ,CN-JS-NJ,,8
TRE-SYN-B-0140-09,ORD-SYN-B-0140,SHP-SYN-B-0140,2026-06-11T23:41:00+08:00,delivered,delivered,CAR-SYN-STD,SITE-CN-JS-NJ,CN-JS-NJ,,9
TRE-SYN-B-0141-01,ORD-SYN-B-0141,SHP-SYN-B-0141,2026-06-10T08:54:54+08:00,shipment_created,shipment_created,CAR-SYN-FAST,ORIGIN-WH-SYN-WEST,CN-ZJ-HZ,,1
TRE-SYN-B-0141-02,ORD-SYN-B-0141,SHP-SYN-B-0141,2026-06-10T16:07:25+08:00,carrier_picked_up,carrier_picked_up,CAR-SYN-FAST,ORIGIN-WH-SYN-WEST,CN-ZJ-HZ,,2
TRE-SYN-B-0141-03,ORD-SYN-B-0141,SHP-SYN-B-0141,2026-06-10T17:08:42+08:00,origin_departed,origin_departed,CAR-SYN-FAST,ORIGIN-WH-SYN-WEST,CN-ZJ-HZ,,3
TRE-SYN-B-0141-04,ORD-SYN-B-0141,SHP-SYN-B-0141,2026-06-10T18:05:19+08:00,in_transit,in_transit,CAR-SYN-FAST,LINEHAUL-SYN-01,CN-ZJ-HZ,,4
TRE-SYN-B-0141-05,ORD-SYN-B-0141,SHP-SYN-B-0141,2026-06-11T00:32:04+08:00,arrived_at_hub,arrived_at_hub,CAR-SYN-FAST,HUB-SYN-01,CN-ZJ-HZ,,5
TRE-SYN-B-0141-06,ORD-SYN-B-0141,SHP-SYN-B-0141,2026-06-11T02:45:15+08:00,departed_hub,departed_hub,CAR-SYN-FAST,HUB-SYN-01,CN-ZJ-HZ,,6
TRE-SYN-B-0141-07,ORD-SYN-B-0141,SHP-SYN-B-0141,2026-06-11T12:01:25+08:00,arrived_at_destination_city,arrived_at_destination_city,CAR-SYN-FAST,DEST-CN-ZJ-HZ,CN-ZJ-HZ,,7
TRE-SYN-B-0141-08,ORD-SYN-B-0141,SHP-SYN-B-0141,2026-06-11T20:27:42+08:00,out_for_delivery,out_for_delivery,CAR-SYN-FAST,SITE-CN-ZJ-HZ,CN-ZJ-HZ,,8
TRE-SYN-B-0141-09,ORD-SYN-B-0141,SHP-SYN-B-0141,2026-06-11T23:19:33+08:00,delivered,delivered,CAR-SYN-FAST,SITE-CN-ZJ-HZ,CN-ZJ-HZ,,9
TRE-SYN-B-0142-01,ORD-SYN-B-0142,SHP-SYN-B-0142,2026-06-10T08:07:59+08:00,shipment_created,shipment_created,CAR-SYN-FAST,ORIGIN-WH-SYN-EAST,CN-HB-WH,,1
TRE-SYN-B-0142-02,ORD-SYN-B-0142,SHP-SYN-B-0142,2026-06-10T13:04:16+08:00,carrier_picked_up,carrier_picked_up,CAR-SYN-FAST,ORIGIN-WH-SYN-EAST,CN-HB-WH,,2
TRE-SYN-B-0142-03,ORD-SYN-B-0142,SHP-SYN-B-0142,2026-06-10T13:36:14+08:00,origin_departed,origin_departed,CAR-SYN-FAST,ORIGIN-WH-SYN-EAST,CN-HB-WH,,3
TRE-SYN-B-0142-04,ORD-SYN-B-0142,SHP-SYN-B-0142,2026-06-10T14:20:47+08:00,in_transit,in_transit,CAR-SYN-FAST,LINEHAUL-SYN-01,CN-HB-WH,,4
TRE-SYN-B-0142-05,ORD-SYN-B-0142,SHP-SYN-B-0142,2026-06-11T00:10:13+08:00,arrived_at_hub,arrived_at_hub,CAR-SYN-FAST,HUB-SYN-01,CN-HB-WH,,5
TRE-SYN-B-0142-06,ORD-SYN-B-0142,SHP-SYN-B-0142,2026-06-11T02:44:29+08:00,departed_hub,departed_hub,CAR-SYN-FAST,HUB-SYN-01,CN-HB-WH,,6
TRE-SYN-B-0142-07,ORD-SYN-B-0142,SHP-SYN-B-0142,2026-06-11T14:55:29+08:00,arrived_at_destination_city,arrived_at_destination_city,CAR-SYN-FAST,DEST-CN-HB-WH,CN-HB-WH,,7
TRE-SYN-B-0142-08,ORD-SYN-B-0142,SHP-SYN-B-0142,2026-06-11T17:59:04+08:00,out_for_delivery,out_for_delivery,CAR-SYN-FAST,SITE-CN-HB-WH,CN-HB-WH,,8
TRE-SYN-B-0142-09,ORD-SYN-B-0142,SHP-SYN-B-0142,2026-06-11T19:37:30+08:00,delivered,delivered,CAR-SYN-FAST,SITE-CN-HB-WH,CN-HB-WH,,9
TRE-SYN-B-0143-01,ORD-SYN-B-0143,SHP-SYN-B-0143,2026-06-10T07:59:04+08:00,shipment_created,shipment_created,CAR-SYN-FAST,ORIGIN-WH-SYN-EAST,CN-SD-QD,,1
TRE-SYN-B-0143-02,ORD-SYN-B-0143,SHP-SYN-B-0143,2026-06-10T14:27:19+08:00,carrier_picked_up,carrier_picked_up,CAR-SYN-FAST,ORIGIN-WH-SYN-EAST,CN-SD-QD,,2
TRE-SYN-B-0143-03,ORD-SYN-B-0143,SHP-SYN-B-0143,2026-06-10T15:54:06+08:00,origin_departed,origin_departed,CAR-SYN-FAST,ORIGIN-WH-SYN-EAST,CN-SD-QD,,3
TRE-SYN-B-0143-04,ORD-SYN-B-0143,SHP-SYN-B-0143,2026-06-10T16:24:55+08:00,in_transit,in_transit,CAR-SYN-FAST,LINEHAUL-SYN-01,CN-SD-QD,,4
TRE-SYN-B-0143-05,ORD-SYN-B-0143,SHP-SYN-B-0143,2026-06-11T04:28:20+08:00,arrived_at_hub,arrived_at_hub,CAR-SYN-FAST,HUB-SYN-01,CN-SD-QD,,5
TRE-SYN-B-0143-06,ORD-SYN-B-0143,SHP-SYN-B-0143,2026-06-11T06:49:27+08:00,departed_hub,departed_hub,CAR-SYN-FAST,HUB-SYN-01,CN-SD-QD,,6
TRE-SYN-B-0143-07,ORD-SYN-B-0143,SHP-SYN-B-0143,2026-06-11T20:27:25+08:00,arrived_at_destination_city,arrived_at_destination_city,CAR-SYN-FAST,DEST-CN-SD-QD,CN-SD-QD,,7
TRE-SYN-B-0143-08,ORD-SYN-B-0143,SHP-SYN-B-0143,2026-06-12T01:28:23+08:00,out_for_delivery,out_for_delivery,CAR-SYN-FAST,SITE-CN-SD-QD,CN-SD-QD,,8
TRE-SYN-B-0143-09,ORD-SYN-B-0143,SHP-SYN-B-0143,2026-06-12T05:32:28+08:00,delivered,delivered,CAR-SYN-FAST,SITE-CN-SD-QD,CN-SD-QD,,9
TRE-SYN-B-0144-01,ORD-SYN-B-0144,SHP-SYN-B-0144,2026-06-10T07:46:36+08:00,shipment_created,shipment_created,CAR-SYN-ECON,ORIGIN-WH-SYN-EAST,CN-JS-NJ,,1
TRE-SYN-B-0144-02,ORD-SYN-B-0144,SHP-SYN-B-0144,2026-06-10T15:38:40+08:00,carrier_picked_up,carrier_picked_up,CAR-SYN-ECON,ORIGIN-WH-SYN-EAST,CN-JS-NJ,,2
TRE-SYN-B-0144-03,ORD-SYN-B-0144,SHP-SYN-B-0144,2026-06-10T16:24:58+08:00,origin_departed,origin_departed,CAR-SYN-ECON,ORIGIN-WH-SYN-EAST,CN-JS-NJ,,3
TRE-SYN-B-0144-04,ORD-SYN-B-0144,SHP-SYN-B-0144,2026-06-10T17:17:58+08:00,in_transit,in_transit,CAR-SYN-ECON,LINEHAUL-SYN-01,CN-JS-NJ,,4
TRE-SYN-B-0144-05,ORD-SYN-B-0144,SHP-SYN-B-0144,2026-06-11T00:35:57+08:00,arrived_at_hub,arrived_at_hub,CAR-SYN-ECON,HUB-SYN-01,CN-JS-NJ,,5
TRE-SYN-B-0144-06,ORD-SYN-B-0144,SHP-SYN-B-0144,2026-06-11T04:08:25+08:00,departed_hub,departed_hub,CAR-SYN-ECON,HUB-SYN-01,CN-JS-NJ,,6
TRE-SYN-B-0144-07,ORD-SYN-B-0144,SHP-SYN-B-0144,2026-06-11T20:06:15+08:00,arrived_at_destination_city,arrived_at_destination_city,CAR-SYN-ECON,DEST-CN-JS-NJ,CN-JS-NJ,,7
TRE-SYN-B-0144-08,ORD-SYN-B-0144,SHP-SYN-B-0144,2026-06-12T00:12:06+08:00,out_for_delivery,out_for_delivery,CAR-SYN-ECON,SITE-CN-JS-NJ,CN-JS-NJ,,8
TRE-SYN-B-0144-09,ORD-SYN-B-0144,SHP-SYN-B-0144,2026-06-12T02:44:21+08:00,delivered,delivered,CAR-SYN-ECON,SITE-CN-JS-NJ,CN-JS-NJ,,9
TRE-SYN-B-0145-01,ORD-SYN-B-0145,SHP-SYN-B-0145,2026-06-10T07:24:06+08:00,shipment_created,shipment_created,CAR-SYN-FAST,ORIGIN-WH-SYN-EAST,CN-ZJ-HZ,,1
TRE-SYN-B-0145-02,ORD-SYN-B-0145,SHP-SYN-B-0145,2026-06-10T10:00:28+08:00,carrier_picked_up,carrier_picked_up,CAR-SYN-FAST,ORIGIN-WH-SYN-EAST,CN-ZJ-HZ,,2
TRE-SYN-B-0145-03,ORD-SYN-B-0145,SHP-SYN-B-0145,2026-06-10T10:45:05+08:00,origin_departed,origin_departed,CAR-SYN-FAST,ORIGIN-WH-SYN-EAST,CN-ZJ-HZ,,3
TRE-SYN-B-0145-04,ORD-SYN-B-0145,SHP-SYN-B-0145,2026-06-10T11:21:37+08:00,in_transit,in_transit,CAR-SYN-FAST,LINEHAUL-SYN-01,CN-ZJ-HZ,,4
TRE-SYN-B-0145-05,ORD-SYN-B-0145,SHP-SYN-B-0145,2026-06-10T19:10:46+08:00,arrived_at_hub,arrived_at_hub,CAR-SYN-FAST,HUB-SYN-01,CN-ZJ-HZ,,5
TRE-SYN-B-0145-06,ORD-SYN-B-0145,SHP-SYN-B-0145,2026-06-10T23:03:09+08:00,departed_hub,departed_hub,CAR-SYN-FAST,HUB-SYN-01,CN-ZJ-HZ,,6
TRE-SYN-B-0145-07,ORD-SYN-B-0145,SHP-SYN-B-0145,2026-06-11T11:13:50+08:00,arrived_at_destination_city,arrived_at_destination_city,CAR-SYN-FAST,DEST-CN-ZJ-HZ,CN-ZJ-HZ,,7
TRE-SYN-B-0145-08,ORD-SYN-B-0145,SHP-SYN-B-0145,2026-06-11T13:21:04+08:00,out_for_delivery,out_for_delivery,CAR-SYN-FAST,SITE-CN-ZJ-HZ,CN-ZJ-HZ,,8
TRE-SYN-B-0145-09,ORD-SYN-B-0145,SHP-SYN-B-0145,2026-06-11T17:27:22+08:00,delivered,delivered,CAR-SYN-FAST,SITE-CN-ZJ-HZ,CN-ZJ-HZ,,9
TRE-SYN-B-0146-01,ORD-SYN-B-0146,SHP-SYN-B-0146,2026-06-10T07:02:23+08:00,shipment_created,shipment_created,CAR-SYN-FAST,ORIGIN-WH-SYN-EAST,CN-SD-QD,,1
TRE-SYN-B-0146-02,ORD-SYN-B-0146,SHP-SYN-B-0146,2026-06-10T12:06:05+08:00,carrier_picked_up,carrier_picked_up,CAR-SYN-FAST,ORIGIN-WH-SYN-EAST,CN-SD-QD,,2
TRE-SYN-B-0146-03,ORD-SYN-B-0146,SHP-SYN-B-0146,2026-06-10T13:01:15+08:00,origin_departed,origin_departed,CAR-SYN-FAST,ORIGIN-WH-SYN-EAST,CN-SD-QD,,3
TRE-SYN-B-0146-04,ORD-SYN-B-0146,SHP-SYN-B-0146,2026-06-10T13:34:35+08:00,in_transit,in_transit,CAR-SYN-FAST,LINEHAUL-SYN-01,CN-SD-QD,,4
TRE-SYN-B-0146-05,ORD-SYN-B-0146,SHP-SYN-B-0146,2026-06-10T20:30:29+08:00,arrived_at_hub,arrived_at_hub,CAR-SYN-FAST,HUB-SYN-01,CN-SD-QD,,5
TRE-SYN-B-0146-06,ORD-SYN-B-0146,SHP-SYN-B-0146,2026-06-10T21:38:57+08:00,departed_hub,departed_hub,CAR-SYN-FAST,HUB-SYN-01,CN-SD-QD,,6
TRE-SYN-B-0146-07,ORD-SYN-B-0146,SHP-SYN-B-0146,2026-06-11T06:45:27+08:00,arrived_at_destination_city,arrived_at_destination_city,CAR-SYN-FAST,DEST-CN-SD-QD,CN-SD-QD,,7
TRE-SYN-B-0146-08,ORD-SYN-B-0146,SHP-SYN-B-0146,2026-06-11T10:37:41+08:00,out_for_delivery,out_for_delivery,CAR-SYN-FAST,SITE-CN-SD-QD,CN-SD-QD,,8
TRE-SYN-B-0146-09,ORD-SYN-B-0146,SHP-SYN-B-0146,2026-06-11T16:12:20+08:00,delivered,delivered,CAR-SYN-FAST,SITE-CN-SD-QD,CN-SD-QD,,9
TRE-SYN-B-0147-01,ORD-SYN-B-0147,SHP-SYN-B-0147,2026-06-10T07:55:11+08:00,shipment_created,shipment_created,CAR-SYN-STD,ORIGIN-WH-SYN-WEST,CN-ZJ-HZ,,1
TRE-SYN-B-0147-02,ORD-SYN-B-0147,SHP-SYN-B-0147,2026-06-10T15:45:01+08:00,carrier_picked_up,carrier_picked_up,CAR-SYN-STD,ORIGIN-WH-SYN-WEST,CN-ZJ-HZ,,2
TRE-SYN-B-0147-03,ORD-SYN-B-0147,SHP-SYN-B-0147,2026-06-10T17:04:03+08:00,origin_departed,origin_departed,CAR-SYN-STD,ORIGIN-WH-SYN-WEST,CN-ZJ-HZ,,3
TRE-SYN-B-0147-04,ORD-SYN-B-0147,SHP-SYN-B-0147,2026-06-10T17:52:29+08:00,in_transit,in_transit,CAR-SYN-STD,LINEHAUL-SYN-01,CN-ZJ-HZ,,4
TRE-SYN-B-0147-05,ORD-SYN-B-0147,SHP-SYN-B-0147,2026-06-11T02:52:28+08:00,arrived_at_hub,arrived_at_hub,CAR-SYN-STD,HUB-SYN-01,CN-ZJ-HZ,,5
TRE-SYN-B-0147-06,ORD-SYN-B-0147,SHP-SYN-B-0147,2026-06-11T05:41:24+08:00,departed_hub,departed_hub,CAR-SYN-STD,HUB-SYN-01,CN-ZJ-HZ,,6
TRE-SYN-B-0147-07,ORD-SYN-B-0147,SHP-SYN-B-0147,2026-06-11T18:41:14+08:00,arrived_at_destination_city,arrived_at_destination_city,CAR-SYN-STD,DEST-CN-ZJ-HZ,CN-ZJ-HZ,,7
TRE-SYN-B-0147-08,ORD-SYN-B-0147,SHP-SYN-B-0147,2026-06-12T03:22:45+08:00,out_for_delivery,out_for_delivery,CAR-SYN-STD,SITE-CN-ZJ-HZ,CN-ZJ-HZ,,8
TRE-SYN-B-0147-09,ORD-SYN-B-0147,SHP-SYN-B-0147,2026-06-12T07:20:41+08:00,delivered,delivered,CAR-SYN-STD,SITE-CN-ZJ-HZ,CN-ZJ-HZ,,9
TRE-SYN-B-0148-01,ORD-SYN-B-0148,SHP-SYN-B-0148,2026-06-10T07:48:23+08:00,shipment_created,shipment_created,CAR-SYN-STD,ORIGIN-WH-SYN-EAST,CN-ZJ-HZ,,1
TRE-SYN-B-0148-02,ORD-SYN-B-0148,SHP-SYN-B-0148,2026-06-10T15:16:44+08:00,carrier_picked_up,carrier_picked_up,CAR-SYN-STD,ORIGIN-WH-SYN-EAST,CN-ZJ-HZ,,2
TRE-SYN-B-0148-03,ORD-SYN-B-0148,SHP-SYN-B-0148,2026-06-10T16:38:23+08:00,origin_departed,origin_departed,CAR-SYN-STD,ORIGIN-WH-SYN-EAST,CN-ZJ-HZ,,3
TRE-SYN-B-0148-04,ORD-SYN-B-0148,SHP-SYN-B-0148,2026-06-10T17:33:46+08:00,in_transit,in_transit,CAR-SYN-STD,LINEHAUL-SYN-01,CN-ZJ-HZ,,4
TRE-SYN-B-0148-05,ORD-SYN-B-0148,SHP-SYN-B-0148,2026-06-11T01:33:18+08:00,arrived_at_hub,arrived_at_hub,CAR-SYN-STD,HUB-SYN-01,CN-ZJ-HZ,,5
TRE-SYN-B-0148-06,ORD-SYN-B-0148,SHP-SYN-B-0148,2026-06-11T03:51:05+08:00,departed_hub,departed_hub,CAR-SYN-STD,HUB-SYN-01,CN-ZJ-HZ,,6
TRE-SYN-B-0148-07,ORD-SYN-B-0148,SHP-SYN-B-0148,2026-06-11T19:02:59+08:00,arrived_at_destination_city,arrived_at_destination_city,CAR-SYN-STD,DEST-CN-ZJ-HZ,CN-ZJ-HZ,,7
TRE-SYN-B-0148-08,ORD-SYN-B-0148,SHP-SYN-B-0148,2026-06-11T23:08:40+08:00,out_for_delivery,out_for_delivery,CAR-SYN-STD,SITE-CN-ZJ-HZ,CN-ZJ-HZ,,8
TRE-SYN-B-0148-09,ORD-SYN-B-0148,SHP-SYN-B-0148,2026-06-12T02:20:38+08:00,delivered,delivered,CAR-SYN-STD,SITE-CN-ZJ-HZ,CN-ZJ-HZ,,9
TRE-SYN-B-0149-01,ORD-SYN-B-0149,SHP-SYN-B-0149,2026-06-10T08:04:00+08:00,shipment_created,shipment_created,CAR-SYN-FAST,ORIGIN-WH-SYN-EAST,CN-SD-QD,,1
TRE-SYN-B-0149-02,ORD-SYN-B-0149,SHP-SYN-B-0149,2026-06-10T10:36:18+08:00,carrier_picked_up,carrier_picked_up,CAR-SYN-FAST,ORIGIN-WH-SYN-EAST,CN-SD-QD,,2
TRE-SYN-B-0149-03,ORD-SYN-B-0149,SHP-SYN-B-0149,2026-06-10T11:21:45+08:00,origin_departed,origin_departed,CAR-SYN-FAST,ORIGIN-WH-SYN-EAST,CN-SD-QD,,3
TRE-SYN-B-0149-04,ORD-SYN-B-0149,SHP-SYN-B-0149,2026-06-10T11:56:09+08:00,in_transit,in_transit,CAR-SYN-FAST,LINEHAUL-SYN-01,CN-SD-QD,,4
TRE-SYN-B-0149-05,ORD-SYN-B-0149,SHP-SYN-B-0149,2026-06-11T00:38:48+08:00,arrived_at_hub,arrived_at_hub,CAR-SYN-FAST,HUB-SYN-01,CN-SD-QD,,5
TRE-SYN-B-0149-06,ORD-SYN-B-0149,SHP-SYN-B-0149,2026-06-11T03:53:12+08:00,departed_hub,departed_hub,CAR-SYN-FAST,HUB-SYN-01,CN-SD-QD,,6
TRE-SYN-B-0149-07,ORD-SYN-B-0149,SHP-SYN-B-0149,2026-06-11T13:53:40+08:00,arrived_at_destination_city,arrived_at_destination_city,CAR-SYN-FAST,DEST-CN-SD-QD,CN-SD-QD,,7
TRE-SYN-B-0149-08,ORD-SYN-B-0149,SHP-SYN-B-0149,2026-06-11T21:56:08+08:00,out_for_delivery,out_for_delivery,CAR-SYN-FAST,SITE-CN-SD-QD,CN-SD-QD,,8
TRE-SYN-B-0149-09,ORD-SYN-B-0149,SHP-SYN-B-0149,2026-06-12T01:41:19+08:00,delivered,delivered,CAR-SYN-FAST,SITE-CN-SD-QD,CN-SD-QD,,9
TRE-SYN-B-0150-01,ORD-SYN-B-0150,SHP-SYN-B-0150,2026-06-10T07:07:02+08:00,shipment_created,shipment_created,CAR-SYN-ECON,ORIGIN-WH-SYN-EAST,CN-JS-NJ,,1
TRE-SYN-B-0150-02,ORD-SYN-B-0150,SHP-SYN-B-0150,2026-06-10T13:11:44+08:00,carrier_picked_up,carrier_picked_up,CAR-SYN-ECON,ORIGIN-WH-SYN-EAST,CN-JS-NJ,,2
TRE-SYN-B-0150-03,ORD-SYN-B-0150,SHP-SYN-B-0150,2026-06-10T14:19:04+08:00,origin_departed,origin_departed,CAR-SYN-ECON,ORIGIN-WH-SYN-EAST,CN-JS-NJ,,3
TRE-SYN-B-0150-04,ORD-SYN-B-0150,SHP-SYN-B-0150,2026-06-10T15:28:48+08:00,in_transit,in_transit,CAR-SYN-ECON,LINEHAUL-SYN-01,CN-JS-NJ,,4
TRE-SYN-B-0150-05,ORD-SYN-B-0150,SHP-SYN-B-0150,2026-06-11T00:26:05+08:00,arrived_at_hub,arrived_at_hub,CAR-SYN-ECON,HUB-SYN-01,CN-JS-NJ,,5
TRE-SYN-B-0150-06,ORD-SYN-B-0150,SHP-SYN-B-0150,2026-06-11T03:59:28+08:00,departed_hub,departed_hub,CAR-SYN-ECON,HUB-SYN-01,CN-JS-NJ,,6
TRE-SYN-B-0150-07,ORD-SYN-B-0150,SHP-SYN-B-0150,2026-06-11T13:21:45+08:00,arrived_at_destination_city,arrived_at_destination_city,CAR-SYN-ECON,DEST-CN-JS-NJ,CN-JS-NJ,,7
TRE-SYN-B-0150-08,ORD-SYN-B-0150,SHP-SYN-B-0150,2026-06-11T18:40:40+08:00,out_for_delivery,out_for_delivery,CAR-SYN-ECON,SITE-CN-JS-NJ,CN-JS-NJ,,8
TRE-SYN-B-0150-09,ORD-SYN-B-0150,SHP-SYN-B-0150,2026-06-11T23:23:48+08:00,delivered,delivered,CAR-SYN-ECON,SITE-CN-JS-NJ,CN-JS-NJ,,9
TRE-SYN-B-0151-01,ORD-SYN-B-0151,SHP-SYN-B-0151,2026-06-10T08:29:47+08:00,shipment_created,shipment_created,CAR-SYN-FAST,ORIGIN-WH-SYN-EAST,CN-JS-NJ,,1
TRE-SYN-B-0151-02,ORD-SYN-B-0151,SHP-SYN-B-0151,2026-06-10T13:21:06+08:00,carrier_picked_up,carrier_picked_up,CAR-SYN-FAST,ORIGIN-WH-SYN-EAST,CN-JS-NJ,,2
TRE-SYN-B-0151-03,ORD-SYN-B-0151,SHP-SYN-B-0151,2026-06-10T14:09:22+08:00,origin_departed,origin_departed,CAR-SYN-FAST,ORIGIN-WH-SYN-EAST,CN-JS-NJ,,3
TRE-SYN-B-0151-04,ORD-SYN-B-0151,SHP-SYN-B-0151,2026-06-10T14:51:28+08:00,in_transit,in_transit,CAR-SYN-FAST,LINEHAUL-SYN-01,CN-JS-NJ,,4
TRE-SYN-B-0151-05,ORD-SYN-B-0151,SHP-SYN-B-0151,2026-06-10T23:17:20+08:00,arrived_at_hub,arrived_at_hub,CAR-SYN-FAST,HUB-SYN-01,CN-JS-NJ,,5
TRE-SYN-B-0151-06,ORD-SYN-B-0151,SHP-SYN-B-0151,2026-06-11T01:39:27+08:00,departed_hub,departed_hub,CAR-SYN-FAST,HUB-SYN-01,CN-JS-NJ,,6
TRE-SYN-B-0151-07,ORD-SYN-B-0151,SHP-SYN-B-0151,2026-06-11T16:56:30+08:00,arrived_at_destination_city,arrived_at_destination_city,CAR-SYN-FAST,DEST-CN-JS-NJ,CN-JS-NJ,,7
TRE-SYN-B-0151-08,ORD-SYN-B-0151,SHP-SYN-B-0151,2026-06-11T19:45:57+08:00,out_for_delivery,out_for_delivery,CAR-SYN-FAST,SITE-CN-JS-NJ,CN-JS-NJ,,8
TRE-SYN-B-0151-09,ORD-SYN-B-0151,SHP-SYN-B-0151,2026-06-12T00:38:18+08:00,delivered,delivered,CAR-SYN-FAST,SITE-CN-JS-NJ,CN-JS-NJ,,9
TRE-SYN-B-0152-01,ORD-SYN-B-0152,SHP-SYN-B-0152,2026-06-10T07:07:13+08:00,shipment_created,shipment_created,CAR-SYN-STD,ORIGIN-WH-SYN-EAST,CN-ZJ-HZ,,1
TRE-SYN-B-0152-02,ORD-SYN-B-0152,SHP-SYN-B-0152,2026-06-10T14:00:39+08:00,carrier_picked_up,carrier_picked_up,CAR-SYN-STD,ORIGIN-WH-SYN-EAST,CN-ZJ-HZ,,2
TRE-SYN-B-0152-03,ORD-SYN-B-0152,SHP-SYN-B-0152,2026-06-10T14:39:56+08:00,origin_departed,origin_departed,CAR-SYN-STD,ORIGIN-WH-SYN-EAST,CN-ZJ-HZ,,3
TRE-SYN-B-0152-04,ORD-SYN-B-0152,SHP-SYN-B-0152,2026-06-10T15:53:15+08:00,in_transit,in_transit,CAR-SYN-STD,LINEHAUL-SYN-01,CN-ZJ-HZ,,4
TRE-SYN-B-0152-05,ORD-SYN-B-0152,SHP-SYN-B-0152,2026-06-11T02:38:28+08:00,arrived_at_hub,arrived_at_hub,CAR-SYN-STD,HUB-SYN-01,CN-ZJ-HZ,,5
TRE-SYN-B-0152-06,ORD-SYN-B-0152,SHP-SYN-B-0152,2026-06-11T06:29:53+08:00,departed_hub,departed_hub,CAR-SYN-STD,HUB-SYN-01,CN-ZJ-HZ,,6
TRE-SYN-B-0152-07,ORD-SYN-B-0152,SHP-SYN-B-0152,2026-06-11T19:37:52+08:00,arrived_at_destination_city,arrived_at_destination_city,CAR-SYN-STD,DEST-CN-ZJ-HZ,CN-ZJ-HZ,,7
TRE-SYN-B-0152-08,ORD-SYN-B-0152,SHP-SYN-B-0152,2026-06-11T22:09:11+08:00,out_for_delivery,out_for_delivery,CAR-SYN-STD,SITE-CN-ZJ-HZ,CN-ZJ-HZ,,8
TRE-SYN-B-0152-09,ORD-SYN-B-0152,SHP-SYN-B-0152,2026-06-12T02:15:16+08:00,delivered,delivered,CAR-SYN-STD,SITE-CN-ZJ-HZ,CN-ZJ-HZ,,9
TRE-SYN-B-0153-01,ORD-SYN-B-0153,SHP-SYN-B-0153,2026-06-10T07:15:18+08:00,shipment_created,shipment_created,CAR-SYN-ECON,ORIGIN-WH-SYN-EAST,CN-HB-WH,,1
TRE-SYN-B-0153-02,ORD-SYN-B-0153,SHP-SYN-B-0153,2026-06-10T09:46:30+08:00,carrier_picked_up,carrier_picked_up,CAR-SYN-ECON,ORIGIN-WH-SYN-EAST,CN-HB-WH,,2
TRE-SYN-B-0153-03,ORD-SYN-B-0153,SHP-SYN-B-0153,2026-06-10T11:05:56+08:00,origin_departed,origin_departed,CAR-SYN-ECON,ORIGIN-WH-SYN-EAST,CN-HB-WH,,3
TRE-SYN-B-0153-04,ORD-SYN-B-0153,SHP-SYN-B-0153,2026-06-10T12:32:43+08:00,in_transit,in_transit,CAR-SYN-ECON,LINEHAUL-SYN-01,CN-HB-WH,,4
TRE-SYN-B-0153-05,ORD-SYN-B-0153,SHP-SYN-B-0153,2026-06-11T00:31:16+08:00,arrived_at_hub,arrived_at_hub,CAR-SYN-ECON,HUB-SYN-01,CN-HB-WH,,5
TRE-SYN-B-0153-06,ORD-SYN-B-0153,SHP-SYN-B-0153,2026-06-11T03:11:37+08:00,departed_hub,departed_hub,CAR-SYN-ECON,HUB-SYN-01,CN-HB-WH,,6
TRE-SYN-B-0153-07,ORD-SYN-B-0153,SHP-SYN-B-0153,2026-06-11T14:38:36+08:00,arrived_at_destination_city,arrived_at_destination_city,CAR-SYN-ECON,DEST-CN-HB-WH,CN-HB-WH,,7
TRE-SYN-B-0153-08,ORD-SYN-B-0153,SHP-SYN-B-0153,2026-06-11T23:02:38+08:00,out_for_delivery,out_for_delivery,CAR-SYN-ECON,SITE-CN-HB-WH,CN-HB-WH,,8
TRE-SYN-B-0153-09,ORD-SYN-B-0153,SHP-SYN-B-0153,2026-06-12T02:44:47+08:00,delivered,delivered,CAR-SYN-ECON,SITE-CN-HB-WH,CN-HB-WH,,9
TRE-SYN-B-0154-01,ORD-SYN-B-0154,SHP-SYN-B-0154,2026-06-10T07:11:07+08:00,shipment_created,shipment_created,CAR-SYN-STD,ORIGIN-WH-SYN-EAST,CN-ZJ-HZ,,1
TRE-SYN-B-0154-02,ORD-SYN-B-0154,SHP-SYN-B-0154,2026-06-10T10:01:48+08:00,carrier_picked_up,carrier_picked_up,CAR-SYN-STD,ORIGIN-WH-SYN-EAST,CN-ZJ-HZ,,2
TRE-SYN-B-0154-03,ORD-SYN-B-0154,SHP-SYN-B-0154,2026-06-10T10:35:26+08:00,origin_departed,origin_departed,CAR-SYN-STD,ORIGIN-WH-SYN-EAST,CN-ZJ-HZ,,3
TRE-SYN-B-0154-04,ORD-SYN-B-0154,SHP-SYN-B-0154,2026-06-10T11:45:06+08:00,in_transit,in_transit,CAR-SYN-STD,LINEHAUL-SYN-01,CN-ZJ-HZ,,4
TRE-SYN-B-0154-05,ORD-SYN-B-0154,SHP-SYN-B-0154,2026-06-10T22:50:17+08:00,arrived_at_hub,arrived_at_hub,CAR-SYN-STD,HUB-SYN-01,CN-ZJ-HZ,,5
TRE-SYN-B-0154-06,ORD-SYN-B-0154,SHP-SYN-B-0154,2026-06-11T01:12:58+08:00,departed_hub,departed_hub,CAR-SYN-STD,HUB-SYN-01,CN-ZJ-HZ,,6
TRE-SYN-B-0154-07,ORD-SYN-B-0154,SHP-SYN-B-0154,2026-06-11T14:35:52+08:00,arrived_at_destination_city,arrived_at_destination_city,CAR-SYN-STD,DEST-CN-ZJ-HZ,CN-ZJ-HZ,,7
TRE-SYN-B-0154-08,ORD-SYN-B-0154,SHP-SYN-B-0154,2026-06-11T21:47:24+08:00,out_for_delivery,out_for_delivery,CAR-SYN-STD,SITE-CN-ZJ-HZ,CN-ZJ-HZ,,8
TRE-SYN-B-0154-09,ORD-SYN-B-0154,SHP-SYN-B-0154,2026-06-12T01:56:17+08:00,delivered,delivered,CAR-SYN-STD,SITE-CN-ZJ-HZ,CN-ZJ-HZ,,9
TRE-SYN-B-0155-01,ORD-SYN-B-0155,SHP-SYN-B-0155,2026-06-10T07:39:04+08:00,shipment_created,shipment_created,CAR-SYN-ECON,ORIGIN-WH-SYN-WEST,CN-SD-QD,,1
TRE-SYN-B-0155-02,ORD-SYN-B-0155,SHP-SYN-B-0155,2026-06-10T15:09:31+08:00,carrier_picked_up,carrier_picked_up,CAR-SYN-ECON,ORIGIN-WH-SYN-WEST,CN-SD-QD,,2
TRE-SYN-B-0155-03,ORD-SYN-B-0155,SHP-SYN-B-0155,2026-06-10T15:45:29+08:00,origin_departed,origin_departed,CAR-SYN-ECON,ORIGIN-WH-SYN-WEST,CN-SD-QD,,3
TRE-SYN-B-0155-04,ORD-SYN-B-0155,SHP-SYN-B-0155,2026-06-10T17:13:42+08:00,in_transit,in_transit,CAR-SYN-ECON,LINEHAUL-SYN-01,CN-SD-QD,,4
TRE-SYN-B-0155-05,ORD-SYN-B-0155,SHP-SYN-B-0155,2026-06-11T03:01:56+08:00,arrived_at_hub,arrived_at_hub,CAR-SYN-ECON,HUB-SYN-01,CN-SD-QD,,5
TRE-SYN-B-0155-06,ORD-SYN-B-0155,SHP-SYN-B-0155,2026-06-11T06:43:44+08:00,departed_hub,departed_hub,CAR-SYN-ECON,HUB-SYN-01,CN-SD-QD,,6
TRE-SYN-B-0155-07,ORD-SYN-B-0155,SHP-SYN-B-0155,2026-06-11T22:20:40+08:00,arrived_at_destination_city,arrived_at_destination_city,CAR-SYN-ECON,DEST-CN-SD-QD,CN-SD-QD,,7
TRE-SYN-B-0155-08,ORD-SYN-B-0155,SHP-SYN-B-0155,2026-06-12T02:03:54+08:00,out_for_delivery,out_for_delivery,CAR-SYN-ECON,SITE-CN-SD-QD,CN-SD-QD,,8
TRE-SYN-B-0155-09,ORD-SYN-B-0155,SHP-SYN-B-0155,2026-06-12T04:57:41+08:00,delivered,delivered,CAR-SYN-ECON,SITE-CN-SD-QD,CN-SD-QD,,9
TRE-SYN-B-0156-01,ORD-SYN-B-0156,SHP-SYN-B-0156,2026-06-10T08:55:53+08:00,shipment_created,shipment_created,CAR-SYN-STD,ORIGIN-WH-SYN-WEST,CN-SD-QD,,1
TRE-SYN-B-0156-02,ORD-SYN-B-0156,SHP-SYN-B-0156,2026-06-10T13:56:28+08:00,carrier_picked_up,carrier_picked_up,CAR-SYN-STD,ORIGIN-WH-SYN-WEST,CN-SD-QD,,2
TRE-SYN-B-0156-03,ORD-SYN-B-0156,SHP-SYN-B-0156,2026-06-10T14:51:30+08:00,origin_departed,origin_departed,CAR-SYN-STD,ORIGIN-WH-SYN-WEST,CN-SD-QD,,3
TRE-SYN-B-0156-04,ORD-SYN-B-0156,SHP-SYN-B-0156,2026-06-10T15:46:55+08:00,in_transit,in_transit,CAR-SYN-STD,LINEHAUL-SYN-01,CN-SD-QD,,4
TRE-SYN-B-0156-05,ORD-SYN-B-0156,SHP-SYN-B-0156,2026-06-10T22:26:17+08:00,arrived_at_hub,arrived_at_hub,CAR-SYN-STD,HUB-SYN-01,CN-SD-QD,,5
TRE-SYN-B-0156-06,ORD-SYN-B-0156,SHP-SYN-B-0156,2026-06-11T00:01:25+08:00,departed_hub,departed_hub,CAR-SYN-STD,HUB-SYN-01,CN-SD-QD,,6
TRE-SYN-B-0156-07,ORD-SYN-B-0156,SHP-SYN-B-0156,2026-06-11T08:11:13+08:00,arrived_at_destination_city,arrived_at_destination_city,CAR-SYN-STD,DEST-CN-SD-QD,CN-SD-QD,,7
TRE-SYN-B-0156-08,ORD-SYN-B-0156,SHP-SYN-B-0156,2026-06-11T14:53:09+08:00,out_for_delivery,out_for_delivery,CAR-SYN-STD,SITE-CN-SD-QD,CN-SD-QD,,8
TRE-SYN-B-0156-09,ORD-SYN-B-0156,SHP-SYN-B-0156,2026-06-11T17:31:52+08:00,delivered,delivered,CAR-SYN-STD,SITE-CN-SD-QD,CN-SD-QD,,9
TRE-SYN-B-0157-01,ORD-SYN-B-0157,SHP-SYN-B-0157,2026-06-10T08:29:11+08:00,shipment_created,shipment_created,CAR-SYN-STD,ORIGIN-WH-SYN-WEST,CN-SD-QD,,1
TRE-SYN-B-0157-02,ORD-SYN-B-0157,SHP-SYN-B-0157,2026-06-10T14:49:42+08:00,carrier_picked_up,carrier_picked_up,CAR-SYN-STD,ORIGIN-WH-SYN-WEST,CN-SD-QD,,2
TRE-SYN-B-0157-03,ORD-SYN-B-0157,SHP-SYN-B-0157,2026-06-10T16:11:42+08:00,origin_departed,origin_departed,CAR-SYN-STD,ORIGIN-WH-SYN-WEST,CN-SD-QD,,3
TRE-SYN-B-0157-04,ORD-SYN-B-0157,SHP-SYN-B-0157,2026-06-10T17:26:05+08:00,in_transit,in_transit,CAR-SYN-STD,LINEHAUL-SYN-01,CN-SD-QD,,4
TRE-SYN-B-0157-05,ORD-SYN-B-0157,SHP-SYN-B-0157,2026-06-11T01:12:46+08:00,arrived_at_hub,arrived_at_hub,CAR-SYN-STD,HUB-SYN-01,CN-SD-QD,,5
TRE-SYN-B-0157-06,ORD-SYN-B-0157,SHP-SYN-B-0157,2026-06-11T02:28:35+08:00,departed_hub,departed_hub,CAR-SYN-STD,HUB-SYN-01,CN-SD-QD,,6
TRE-SYN-B-0157-07,ORD-SYN-B-0157,SHP-SYN-B-0157,2026-06-11T11:04:37+08:00,arrived_at_destination_city,arrived_at_destination_city,CAR-SYN-STD,DEST-CN-SD-QD,CN-SD-QD,,7
TRE-SYN-B-0157-08,ORD-SYN-B-0157,SHP-SYN-B-0157,2026-06-11T20:03:59+08:00,out_for_delivery,out_for_delivery,CAR-SYN-STD,SITE-CN-SD-QD,CN-SD-QD,,8
TRE-SYN-B-0157-09,ORD-SYN-B-0157,SHP-SYN-B-0157,2026-06-12T00:16:14+08:00,delivered,delivered,CAR-SYN-STD,SITE-CN-SD-QD,CN-SD-QD,,9
TRE-SYN-B-0158-01,ORD-SYN-B-0158,SHP-SYN-B-0158,2026-06-10T08:58:22+08:00,shipment_created,shipment_created,CAR-SYN-FAST,ORIGIN-WH-SYN-WEST,CN-ZJ-HZ,,1
TRE-SYN-B-0158-02,ORD-SYN-B-0158,SHP-SYN-B-0158,2026-06-10T13:11:13+08:00,carrier_picked_up,carrier_picked_up,CAR-SYN-FAST,ORIGIN-WH-SYN-WEST,CN-ZJ-HZ,,2
TRE-SYN-B-0158-03,ORD-SYN-B-0158,SHP-SYN-B-0158,2026-06-10T14:31:23+08:00,origin_departed,origin_departed,CAR-SYN-FAST,ORIGIN-WH-SYN-WEST,CN-ZJ-HZ,,3
TRE-SYN-B-0158-04,ORD-SYN-B-0158,SHP-SYN-B-0158,2026-06-10T15:54:08+08:00,in_transit,in_transit,CAR-SYN-FAST,LINEHAUL-SYN-01,CN-ZJ-HZ,,4
TRE-SYN-B-0158-05,ORD-SYN-B-0158,SHP-SYN-B-0158,2026-06-10T23:15:24+08:00,arrived_at_hub,arrived_at_hub,CAR-SYN-FAST,HUB-SYN-01,CN-ZJ-HZ,,5
TRE-SYN-B-0158-06,ORD-SYN-B-0158,SHP-SYN-B-0158,2026-06-11T02:57:14+08:00,departed_hub,departed_hub,CAR-SYN-FAST,HUB-SYN-01,CN-ZJ-HZ,,6
TRE-SYN-B-0158-07,ORD-SYN-B-0158,SHP-SYN-B-0158,2026-06-11T15:54:29+08:00,arrived_at_destination_city,arrived_at_destination_city,CAR-SYN-FAST,DEST-CN-ZJ-HZ,CN-ZJ-HZ,,7
TRE-SYN-B-0158-08,ORD-SYN-B-0158,SHP-SYN-B-0158,2026-06-11T23:46:16+08:00,out_for_delivery,out_for_delivery,CAR-SYN-FAST,SITE-CN-ZJ-HZ,CN-ZJ-HZ,,8
TRE-SYN-B-0158-09,ORD-SYN-B-0158,SHP-SYN-B-0158,2026-06-12T02:27:20+08:00,delivered,delivered,CAR-SYN-FAST,SITE-CN-ZJ-HZ,CN-ZJ-HZ,,9
TRE-SYN-B-0159-01,ORD-SYN-B-0159,SHP-SYN-B-0159,2026-06-10T06:36:59+08:00,shipment_created,shipment_created,CAR-SYN-ECON,ORIGIN-WH-SYN-EAST,CN-SD-QD,,1
TRE-SYN-B-0159-02,ORD-SYN-B-0159,SHP-SYN-B-0159,2026-06-10T14:04:47+08:00,carrier_picked_up,carrier_picked_up,CAR-SYN-ECON,ORIGIN-WH-SYN-EAST,CN-SD-QD,,2
TRE-SYN-B-0159-03,ORD-SYN-B-0159,SHP-SYN-B-0159,2026-06-10T14:36:15+08:00,origin_departed,origin_departed,CAR-SYN-ECON,ORIGIN-WH-SYN-EAST,CN-SD-QD,,3
TRE-SYN-B-0159-04,ORD-SYN-B-0159,SHP-SYN-B-0159,2026-06-10T15:32:16+08:00,in_transit,in_transit,CAR-SYN-ECON,LINEHAUL-SYN-01,CN-SD-QD,,4
TRE-SYN-B-0159-05,ORD-SYN-B-0159,SHP-SYN-B-0159,2026-06-10T22:32:58+08:00,arrived_at_hub,arrived_at_hub,CAR-SYN-ECON,HUB-SYN-01,CN-SD-QD,,5
TRE-SYN-B-0159-06,ORD-SYN-B-0159,SHP-SYN-B-0159,2026-06-11T01:52:09+08:00,departed_hub,departed_hub,CAR-SYN-ECON,HUB-SYN-01,CN-SD-QD,,6
TRE-SYN-B-0159-07,ORD-SYN-B-0159,SHP-SYN-B-0159,2026-06-11T16:51:17+08:00,arrived_at_destination_city,arrived_at_destination_city,CAR-SYN-ECON,DEST-CN-SD-QD,CN-SD-QD,,7
TRE-SYN-B-0159-08,ORD-SYN-B-0159,SHP-SYN-B-0159,2026-06-11T22:10:19+08:00,out_for_delivery,out_for_delivery,CAR-SYN-ECON,SITE-CN-SD-QD,CN-SD-QD,,8
TRE-SYN-B-0159-09,ORD-SYN-B-0159,SHP-SYN-B-0159,2026-06-12T01:07:27+08:00,delivered,delivered,CAR-SYN-ECON,SITE-CN-SD-QD,CN-SD-QD,,9
TRE-SYN-B-0160-01,ORD-SYN-B-0160,SHP-SYN-B-0160,2026-06-10T08:34:26+08:00,shipment_created,shipment_created,CAR-SYN-STD,ORIGIN-WH-SYN-EAST,CN-JS-NJ,,1
TRE-SYN-B-0160-02,ORD-SYN-B-0160,SHP-SYN-B-0160,2026-06-10T16:06:55+08:00,carrier_picked_up,carrier_picked_up,CAR-SYN-STD,ORIGIN-WH-SYN-EAST,CN-JS-NJ,,2
TRE-SYN-B-0160-03,ORD-SYN-B-0160,SHP-SYN-B-0160,2026-06-10T17:26:24+08:00,origin_departed,origin_departed,CAR-SYN-STD,ORIGIN-WH-SYN-EAST,CN-JS-NJ,,3
TRE-SYN-B-0160-04,ORD-SYN-B-0160,SHP-SYN-B-0160,2026-06-10T18:28:06+08:00,in_transit,in_transit,CAR-SYN-STD,LINEHAUL-SYN-01,CN-JS-NJ,,4
TRE-SYN-B-0160-05,ORD-SYN-B-0160,SHP-SYN-B-0160,2026-06-11T06:04:05+08:00,arrived_at_hub,arrived_at_hub,CAR-SYN-STD,HUB-SYN-01,CN-JS-NJ,,5
TRE-SYN-B-0160-06,ORD-SYN-B-0160,SHP-SYN-B-0160,2026-06-11T09:22:07+08:00,departed_hub,departed_hub,CAR-SYN-STD,HUB-SYN-01,CN-JS-NJ,,6
TRE-SYN-B-0160-07,ORD-SYN-B-0160,SHP-SYN-B-0160,2026-06-11T23:58:38+08:00,arrived_at_destination_city,arrived_at_destination_city,CAR-SYN-STD,DEST-CN-JS-NJ,CN-JS-NJ,,7
TRE-SYN-B-0160-08,ORD-SYN-B-0160,SHP-SYN-B-0160,2026-06-12T06:01:23+08:00,out_for_delivery,out_for_delivery,CAR-SYN-STD,SITE-CN-JS-NJ,CN-JS-NJ,,8
TRE-SYN-B-0160-09,ORD-SYN-B-0160,SHP-SYN-B-0160,2026-06-12T08:34:42+08:00,delivered,delivered,CAR-SYN-STD,SITE-CN-JS-NJ,CN-JS-NJ,,9
TRE-SYN-B-0161-01,ORD-SYN-B-0161,SHP-SYN-B-0161,2026-06-10T07:37:40+08:00,shipment_created,shipment_created,CAR-SYN-STD,ORIGIN-WH-SYN-EAST,CN-SD-QD,,1
TRE-SYN-B-0161-02,ORD-SYN-B-0161,SHP-SYN-B-0161,2026-06-10T13:09:37+08:00,carrier_picked_up,carrier_picked_up,CAR-SYN-STD,ORIGIN-WH-SYN-EAST,CN-SD-QD,,2
TRE-SYN-B-0161-03,ORD-SYN-B-0161,SHP-SYN-B-0161,2026-06-10T14:14:36+08:00,origin_departed,origin_departed,CAR-SYN-STD,ORIGIN-WH-SYN-EAST,CN-SD-QD,,3
TRE-SYN-B-0161-04,ORD-SYN-B-0161,SHP-SYN-B-0161,2026-06-10T14:51:14+08:00,in_transit,in_transit,CAR-SYN-STD,LINEHAUL-SYN-01,CN-SD-QD,,4
TRE-SYN-B-0161-05,ORD-SYN-B-0161,SHP-SYN-B-0161,2026-06-10T21:33:48+08:00,arrived_at_hub,arrived_at_hub,CAR-SYN-STD,HUB-SYN-01,CN-SD-QD,,5
TRE-SYN-B-0161-06,ORD-SYN-B-0161,SHP-SYN-B-0161,2026-06-10T22:54:17+08:00,departed_hub,departed_hub,CAR-SYN-STD,HUB-SYN-01,CN-SD-QD,,6
TRE-SYN-B-0161-07,ORD-SYN-B-0161,SHP-SYN-B-0161,2026-06-11T10:25:30+08:00,arrived_at_destination_city,arrived_at_destination_city,CAR-SYN-STD,DEST-CN-SD-QD,CN-SD-QD,,7
TRE-SYN-B-0161-08,ORD-SYN-B-0161,SHP-SYN-B-0161,2026-06-11T13:07:48+08:00,out_for_delivery,out_for_delivery,CAR-SYN-STD,SITE-CN-SD-QD,CN-SD-QD,,8
TRE-SYN-B-0161-09,ORD-SYN-B-0161,SHP-SYN-B-0161,2026-06-11T17:22:47+08:00,delivered,delivered,CAR-SYN-STD,SITE-CN-SD-QD,CN-SD-QD,,9
TRE-SYN-B-0162-01,ORD-SYN-B-0162,SHP-SYN-B-0162,2026-06-10T08:02:28+08:00,shipment_created,shipment_created,CAR-SYN-STD,ORIGIN-WH-SYN-WEST,CN-JS-NJ,,1
TRE-SYN-B-0162-02,ORD-SYN-B-0162,SHP-SYN-B-0162,2026-06-10T13:29:31+08:00,carrier_picked_up,carrier_picked_up,CAR-SYN-STD,ORIGIN-WH-SYN-WEST,CN-JS-NJ,,2
TRE-SYN-B-0162-03,ORD-SYN-B-0162,SHP-SYN-B-0162,2026-06-10T14:55:57+08:00,origin_departed,origin_departed,CAR-SYN-STD,ORIGIN-WH-SYN-WEST,CN-JS-NJ,,3
TRE-SYN-B-0162-04,ORD-SYN-B-0162,SHP-SYN-B-0162,2026-06-10T16:10:50+08:00,in_transit,in_transit,CAR-SYN-STD,LINEHAUL-SYN-01,CN-JS-NJ,,4
TRE-SYN-B-0162-05,ORD-SYN-B-0162,SHP-SYN-B-0162,2026-06-11T04:17:34+08:00,arrived_at_hub,arrived_at_hub,CAR-SYN-STD,HUB-SYN-01,CN-JS-NJ,,5
TRE-SYN-B-0162-06,ORD-SYN-B-0162,SHP-SYN-B-0162,2026-06-11T05:41:06+08:00,departed_hub,departed_hub,CAR-SYN-STD,HUB-SYN-01,CN-JS-NJ,,6
TRE-SYN-B-0162-07,ORD-SYN-B-0162,SHP-SYN-B-0162,2026-06-11T19:37:39+08:00,arrived_at_destination_city,arrived_at_destination_city,CAR-SYN-STD,DEST-CN-JS-NJ,CN-JS-NJ,,7
TRE-SYN-B-0162-08,ORD-SYN-B-0162,SHP-SYN-B-0162,2026-06-12T01:24:32+08:00,out_for_delivery,out_for_delivery,CAR-SYN-STD,SITE-CN-JS-NJ,CN-JS-NJ,,8
TRE-SYN-B-0162-09,ORD-SYN-B-0162,SHP-SYN-B-0162,2026-06-12T04:44:08+08:00,delivered,delivered,CAR-SYN-STD,SITE-CN-JS-NJ,CN-JS-NJ,,9
TRE-SYN-B-0163-01,ORD-SYN-B-0163,SHP-SYN-B-0163,2026-06-10T08:37:48+08:00,shipment_created,shipment_created,CAR-SYN-STD,ORIGIN-WH-SYN-EAST,CN-SD-QD,,1
TRE-SYN-B-0163-02,ORD-SYN-B-0163,SHP-SYN-B-0163,2026-06-10T14:29:46+08:00,carrier_picked_up,carrier_picked_up,CAR-SYN-STD,ORIGIN-WH-SYN-EAST,CN-SD-QD,,2
TRE-SYN-B-0163-03,ORD-SYN-B-0163,SHP-SYN-B-0163,2026-06-10T15:46:01+08:00,origin_departed,origin_departed,CAR-SYN-STD,ORIGIN-WH-SYN-EAST,CN-SD-QD,,3
TRE-SYN-B-0163-04,ORD-SYN-B-0163,SHP-SYN-B-0163,2026-06-10T17:08:43+08:00,in_transit,in_transit,CAR-SYN-STD,LINEHAUL-SYN-01,CN-SD-QD,,4
TRE-SYN-B-0163-05,ORD-SYN-B-0163,SHP-SYN-B-0163,2026-06-10T23:10:24+08:00,arrived_at_hub,arrived_at_hub,CAR-SYN-STD,HUB-SYN-01,CN-SD-QD,,5
TRE-SYN-B-0163-06,ORD-SYN-B-0163,SHP-SYN-B-0163,2026-06-11T00:13:47+08:00,departed_hub,departed_hub,CAR-SYN-STD,HUB-SYN-01,CN-SD-QD,,6
TRE-SYN-B-0163-07,ORD-SYN-B-0163,SHP-SYN-B-0163,2026-06-11T15:05:15+08:00,arrived_at_destination_city,arrived_at_destination_city,CAR-SYN-STD,DEST-CN-SD-QD,CN-SD-QD,,7
TRE-SYN-B-0163-08,ORD-SYN-B-0163,SHP-SYN-B-0163,2026-06-11T21:36:52+08:00,out_for_delivery,out_for_delivery,CAR-SYN-STD,SITE-CN-SD-QD,CN-SD-QD,,8
TRE-SYN-B-0163-09,ORD-SYN-B-0163,SHP-SYN-B-0163,2026-06-12T02:21:30+08:00,delivered,delivered,CAR-SYN-STD,SITE-CN-SD-QD,CN-SD-QD,,9
TRE-SYN-B-0164-01,ORD-SYN-B-0164,SHP-SYN-B-0164,2026-06-10T08:29:45+08:00,shipment_created,shipment_created,CAR-SYN-ECON,ORIGIN-WH-SYN-WEST,CN-SD-QD,,1
TRE-SYN-B-0164-02,ORD-SYN-B-0164,SHP-SYN-B-0164,2026-06-10T15:15:24+08:00,carrier_picked_up,carrier_picked_up,CAR-SYN-ECON,ORIGIN-WH-SYN-WEST,CN-SD-QD,,2
TRE-SYN-B-0164-03,ORD-SYN-B-0164,SHP-SYN-B-0164,2026-06-10T16:31:27+08:00,origin_departed,origin_departed,CAR-SYN-ECON,ORIGIN-WH-SYN-WEST,CN-SD-QD,,3
TRE-SYN-B-0164-04,ORD-SYN-B-0164,SHP-SYN-B-0164,2026-06-10T17:03:41+08:00,in_transit,in_transit,CAR-SYN-ECON,LINEHAUL-SYN-01,CN-SD-QD,,4
TRE-SYN-B-0164-05,ORD-SYN-B-0164,SHP-SYN-B-0164,2026-06-11T05:04:22+08:00,arrived_at_hub,arrived_at_hub,CAR-SYN-ECON,HUB-SYN-01,CN-SD-QD,,5
TRE-SYN-B-0164-06,ORD-SYN-B-0164,SHP-SYN-B-0164,2026-06-11T06:37:53+08:00,departed_hub,departed_hub,CAR-SYN-ECON,HUB-SYN-01,CN-SD-QD,,6
TRE-SYN-B-0164-07,ORD-SYN-B-0164,SHP-SYN-B-0164,2026-06-11T15:16:59+08:00,arrived_at_destination_city,arrived_at_destination_city,CAR-SYN-ECON,DEST-CN-SD-QD,CN-SD-QD,,7
TRE-SYN-B-0164-08,ORD-SYN-B-0164,SHP-SYN-B-0164,2026-06-11T19:40:08+08:00,out_for_delivery,out_for_delivery,CAR-SYN-ECON,SITE-CN-SD-QD,CN-SD-QD,,8
TRE-SYN-B-0164-09,ORD-SYN-B-0164,SHP-SYN-B-0164,2026-06-12T00:57:41+08:00,delivered,delivered,CAR-SYN-ECON,SITE-CN-SD-QD,CN-SD-QD,,9
TRE-SYN-B-0165-01,ORD-SYN-B-0165,SHP-SYN-B-0165,2026-06-10T07:57:44+08:00,shipment_created,shipment_created,CAR-SYN-STD,ORIGIN-WH-SYN-EAST,CN-SD-QD,,1
TRE-SYN-B-0165-02,ORD-SYN-B-0165,SHP-SYN-B-0165,2026-06-10T15:29:34+08:00,carrier_picked_up,carrier_picked_up,CAR-SYN-STD,ORIGIN-WH-SYN-EAST,CN-SD-QD,,2
TRE-SYN-B-0165-03,ORD-SYN-B-0165,SHP-SYN-B-0165,2026-06-10T16:48:31+08:00,origin_departed,origin_departed,CAR-SYN-STD,ORIGIN-WH-SYN-EAST,CN-SD-QD,,3
TRE-SYN-B-0165-04,ORD-SYN-B-0165,SHP-SYN-B-0165,2026-06-10T17:31:02+08:00,in_transit,in_transit,CAR-SYN-STD,LINEHAUL-SYN-01,CN-SD-QD,,4
TRE-SYN-B-0165-05,ORD-SYN-B-0165,SHP-SYN-B-0165,2026-06-11T03:38:42+08:00,arrived_at_hub,arrived_at_hub,CAR-SYN-STD,HUB-SYN-01,CN-SD-QD,,5
TRE-SYN-B-0165-06,ORD-SYN-B-0165,SHP-SYN-B-0165,2026-06-11T05:24:25+08:00,departed_hub,departed_hub,CAR-SYN-STD,HUB-SYN-01,CN-SD-QD,,6
TRE-SYN-B-0165-07,ORD-SYN-B-0165,SHP-SYN-B-0165,2026-06-11T19:14:48+08:00,arrived_at_destination_city,arrived_at_destination_city,CAR-SYN-STD,DEST-CN-SD-QD,CN-SD-QD,,7
TRE-SYN-B-0165-08,ORD-SYN-B-0165,SHP-SYN-B-0165,2026-06-12T02:14:24+08:00,out_for_delivery,out_for_delivery,CAR-SYN-STD,SITE-CN-SD-QD,CN-SD-QD,,8
TRE-SYN-B-0165-09,ORD-SYN-B-0165,SHP-SYN-B-0165,2026-06-12T04:35:03+08:00,delivered,delivered,CAR-SYN-STD,SITE-CN-SD-QD,CN-SD-QD,,9
TRE-SYN-B-0166-01,ORD-SYN-B-0166,SHP-SYN-B-0166,2026-06-10T09:07:03+08:00,shipment_created,shipment_created,CAR-SYN-ECON,ORIGIN-WH-SYN-EAST,CN-HB-WH,,1
TRE-SYN-B-0166-02,ORD-SYN-B-0166,SHP-SYN-B-0166,2026-06-10T13:09:30+08:00,carrier_picked_up,carrier_picked_up,CAR-SYN-ECON,ORIGIN-WH-SYN-EAST,CN-HB-WH,,2
TRE-SYN-B-0166-03,ORD-SYN-B-0166,SHP-SYN-B-0166,2026-06-10T14:15:05+08:00,origin_departed,origin_departed,CAR-SYN-ECON,ORIGIN-WH-SYN-EAST,CN-HB-WH,,3
TRE-SYN-B-0166-04,ORD-SYN-B-0166,SHP-SYN-B-0166,2026-06-10T15:44:47+08:00,in_transit,in_transit,CAR-SYN-ECON,LINEHAUL-SYN-01,CN-HB-WH,,4
TRE-SYN-B-0166-05,ORD-SYN-B-0166,SHP-SYN-B-0166,2026-06-11T04:04:27+08:00,arrived_at_hub,arrived_at_hub,CAR-SYN-ECON,HUB-SYN-01,CN-HB-WH,,5
TRE-SYN-B-0166-06,ORD-SYN-B-0166,SHP-SYN-B-0166,2026-06-11T06:42:31+08:00,departed_hub,departed_hub,CAR-SYN-ECON,HUB-SYN-01,CN-HB-WH,,6
TRE-SYN-B-0166-07,ORD-SYN-B-0166,SHP-SYN-B-0166,2026-06-11T18:43:08+08:00,arrived_at_destination_city,arrived_at_destination_city,CAR-SYN-ECON,DEST-CN-HB-WH,CN-HB-WH,,7
TRE-SYN-B-0166-08,ORD-SYN-B-0166,SHP-SYN-B-0166,2026-06-12T02:58:02+08:00,out_for_delivery,out_for_delivery,CAR-SYN-ECON,SITE-CN-HB-WH,CN-HB-WH,,8
TRE-SYN-B-0166-09,ORD-SYN-B-0166,SHP-SYN-B-0166,2026-06-12T05:05:40+08:00,delivered,delivered,CAR-SYN-ECON,SITE-CN-HB-WH,CN-HB-WH,,9
TRE-SYN-B-0167-01,ORD-SYN-B-0167,SHP-SYN-B-0167,2026-06-10T08:53:24+08:00,shipment_created,shipment_created,CAR-SYN-FAST,ORIGIN-WH-SYN-EAST,CN-JS-NJ,,1
TRE-SYN-B-0167-02,ORD-SYN-B-0167,SHP-SYN-B-0167,2026-06-10T14:39:02+08:00,carrier_picked_up,carrier_picked_up,CAR-SYN-FAST,ORIGIN-WH-SYN-EAST,CN-JS-NJ,,2
TRE-SYN-B-0167-03,ORD-SYN-B-0167,SHP-SYN-B-0167,2026-06-10T15:48:58+08:00,origin_departed,origin_departed,CAR-SYN-FAST,ORIGIN-WH-SYN-EAST,CN-JS-NJ,,3
TRE-SYN-B-0167-04,ORD-SYN-B-0167,SHP-SYN-B-0167,2026-06-10T16:46:14+08:00,in_transit,in_transit,CAR-SYN-FAST,LINEHAUL-SYN-01,CN-JS-NJ,,4
TRE-SYN-B-0167-05,ORD-SYN-B-0167,SHP-SYN-B-0167,2026-06-11T05:01:54+08:00,arrived_at_hub,arrived_at_hub,CAR-SYN-FAST,HUB-SYN-01,CN-JS-NJ,,5
TRE-SYN-B-0167-06,ORD-SYN-B-0167,SHP-SYN-B-0167,2026-06-11T08:28:09+08:00,departed_hub,departed_hub,CAR-SYN-FAST,HUB-SYN-01,CN-JS-NJ,,6
TRE-SYN-B-0167-07,ORD-SYN-B-0167,SHP-SYN-B-0167,2026-06-11T22:51:54+08:00,arrived_at_destination_city,arrived_at_destination_city,CAR-SYN-FAST,DEST-CN-JS-NJ,CN-JS-NJ,,7
TRE-SYN-B-0167-08,ORD-SYN-B-0167,SHP-SYN-B-0167,2026-06-12T01:11:22+08:00,out_for_delivery,out_for_delivery,CAR-SYN-FAST,SITE-CN-JS-NJ,CN-JS-NJ,,8
TRE-SYN-B-0167-09,ORD-SYN-B-0167,SHP-SYN-B-0167,2026-06-12T04:43:46+08:00,delivered,delivered,CAR-SYN-FAST,SITE-CN-JS-NJ,CN-JS-NJ,,9
TRE-SYN-B-0168-01,ORD-SYN-B-0168,SHP-SYN-B-0168,2026-06-10T07:59:33+08:00,shipment_created,shipment_created,CAR-SYN-FAST,ORIGIN-WH-SYN-EAST,CN-JS-NJ,,1
TRE-SYN-B-0168-02,ORD-SYN-B-0168,SHP-SYN-B-0168,2026-06-10T11:34:14+08:00,carrier_picked_up,carrier_picked_up,CAR-SYN-FAST,ORIGIN-WH-SYN-EAST,CN-JS-NJ,,2
TRE-SYN-B-0168-03,ORD-SYN-B-0168,SHP-SYN-B-0168,2026-06-10T12:25:22+08:00,origin_departed,origin_departed,CAR-SYN-FAST,ORIGIN-WH-SYN-EAST,CN-JS-NJ,,3
TRE-SYN-B-0168-04,ORD-SYN-B-0168,SHP-SYN-B-0168,2026-06-10T13:52:11+08:00,in_transit,in_transit,CAR-SYN-FAST,LINEHAUL-SYN-01,CN-JS-NJ,,4
TRE-SYN-B-0168-05,ORD-SYN-B-0168,SHP-SYN-B-0168,2026-06-11T01:26:16+08:00,arrived_at_hub,arrived_at_hub,CAR-SYN-FAST,HUB-SYN-01,CN-JS-NJ,,5
TRE-SYN-B-0168-06,ORD-SYN-B-0168,SHP-SYN-B-0168,2026-06-11T03:43:57+08:00,departed_hub,departed_hub,CAR-SYN-FAST,HUB-SYN-01,CN-JS-NJ,,6
TRE-SYN-B-0168-07,ORD-SYN-B-0168,SHP-SYN-B-0168,2026-06-11T14:13:35+08:00,arrived_at_destination_city,arrived_at_destination_city,CAR-SYN-FAST,DEST-CN-JS-NJ,CN-JS-NJ,,7
TRE-SYN-B-0168-08,ORD-SYN-B-0168,SHP-SYN-B-0168,2026-06-11T17:43:36+08:00,out_for_delivery,out_for_delivery,CAR-SYN-FAST,SITE-CN-JS-NJ,CN-JS-NJ,,8
TRE-SYN-B-0168-09,ORD-SYN-B-0168,SHP-SYN-B-0168,2026-06-11T22:17:47+08:00,delivered,delivered,CAR-SYN-FAST,SITE-CN-JS-NJ,CN-JS-NJ,,9
TRE-SYN-B-0169-01,ORD-SYN-B-0169,SHP-SYN-B-0169,2026-06-10T05:54:49+08:00,shipment_created,shipment_created,CAR-SYN-STD,ORIGIN-WH-SYN-EAST,CN-JS-NJ,,1
TRE-SYN-B-0169-02,ORD-SYN-B-0169,SHP-SYN-B-0169,2026-06-10T10:36:55+08:00,carrier_picked_up,carrier_picked_up,CAR-SYN-STD,ORIGIN-WH-SYN-EAST,CN-JS-NJ,,2
TRE-SYN-B-0169-03,ORD-SYN-B-0169,SHP-SYN-B-0169,2026-06-10T12:00:58+08:00,origin_departed,origin_departed,CAR-SYN-STD,ORIGIN-WH-SYN-EAST,CN-JS-NJ,,3
TRE-SYN-B-0169-04,ORD-SYN-B-0169,SHP-SYN-B-0169,2026-06-10T12:56:20+08:00,in_transit,in_transit,CAR-SYN-STD,LINEHAUL-SYN-01,CN-JS-NJ,,4
TRE-SYN-B-0169-05,ORD-SYN-B-0169,SHP-SYN-B-0169,2026-06-10T23:47:37+08:00,arrived_at_hub,arrived_at_hub,CAR-SYN-STD,HUB-SYN-01,CN-JS-NJ,,5
TRE-SYN-B-0169-06,ORD-SYN-B-0169,SHP-SYN-B-0169,2026-06-11T01:07:15+08:00,departed_hub,departed_hub,CAR-SYN-STD,HUB-SYN-01,CN-JS-NJ,,6
TRE-SYN-B-0169-07,ORD-SYN-B-0169,SHP-SYN-B-0169,2026-06-11T12:02:03+08:00,arrived_at_destination_city,arrived_at_destination_city,CAR-SYN-STD,DEST-CN-JS-NJ,CN-JS-NJ,,7
TRE-SYN-B-0169-08,ORD-SYN-B-0169,SHP-SYN-B-0169,2026-06-11T16:41:11+08:00,out_for_delivery,out_for_delivery,CAR-SYN-STD,SITE-CN-JS-NJ,CN-JS-NJ,,8
TRE-SYN-B-0169-09,ORD-SYN-B-0169,SHP-SYN-B-0169,2026-06-11T19:37:43+08:00,delivered,delivered,CAR-SYN-STD,SITE-CN-JS-NJ,CN-JS-NJ,,9
TRE-SYN-B-0170-01,ORD-SYN-B-0170,SHP-SYN-B-0170,2026-06-10T08:23:04+08:00,shipment_created,shipment_created,CAR-SYN-FAST,ORIGIN-WH-SYN-EAST,CN-ZJ-HZ,,1
TRE-SYN-B-0170-02,ORD-SYN-B-0170,SHP-SYN-B-0170,2026-06-10T13:47:10+08:00,carrier_picked_up,carrier_picked_up,CAR-SYN-FAST,ORIGIN-WH-SYN-EAST,CN-ZJ-HZ,,2
TRE-SYN-B-0170-03,ORD-SYN-B-0170,SHP-SYN-B-0170,2026-06-10T14:18:37+08:00,origin_departed,origin_departed,CAR-SYN-FAST,ORIGIN-WH-SYN-EAST,CN-ZJ-HZ,,3
TRE-SYN-B-0170-04,ORD-SYN-B-0170,SHP-SYN-B-0170,2026-06-10T15:30:57+08:00,in_transit,in_transit,CAR-SYN-FAST,LINEHAUL-SYN-01,CN-ZJ-HZ,,4
TRE-SYN-B-0170-05,ORD-SYN-B-0170,SHP-SYN-B-0170,2026-06-11T02:01:09+08:00,arrived_at_hub,arrived_at_hub,CAR-SYN-FAST,HUB-SYN-01,CN-ZJ-HZ,,5
TRE-SYN-B-0170-06,ORD-SYN-B-0170,SHP-SYN-B-0170,2026-06-11T03:48:49+08:00,departed_hub,departed_hub,CAR-SYN-FAST,HUB-SYN-01,CN-ZJ-HZ,,6
TRE-SYN-B-0170-07,ORD-SYN-B-0170,SHP-SYN-B-0170,2026-06-11T17:56:08+08:00,arrived_at_destination_city,arrived_at_destination_city,CAR-SYN-FAST,DEST-CN-ZJ-HZ,CN-ZJ-HZ,,7
TRE-SYN-B-0170-08,ORD-SYN-B-0170,SHP-SYN-B-0170,2026-06-11T21:02:18+08:00,out_for_delivery,out_for_delivery,CAR-SYN-FAST,SITE-CN-ZJ-HZ,CN-ZJ-HZ,,8
TRE-SYN-B-0170-09,ORD-SYN-B-0170,SHP-SYN-B-0170,2026-06-12T02:34:16+08:00,delivered,delivered,CAR-SYN-FAST,SITE-CN-ZJ-HZ,CN-ZJ-HZ,,9
TRE-SYN-B-0171-01,ORD-SYN-B-0171,SHP-SYN-B-0171,2026-06-10T08:40:28+08:00,shipment_created,shipment_created,CAR-SYN-FAST,ORIGIN-WH-SYN-WEST,CN-HB-WH,,1
TRE-SYN-B-0171-02,ORD-SYN-B-0171,SHP-SYN-B-0171,2026-06-10T12:45:53+08:00,carrier_picked_up,carrier_picked_up,CAR-SYN-FAST,ORIGIN-WH-SYN-WEST,CN-HB-WH,,2
TRE-SYN-B-0171-03,ORD-SYN-B-0171,SHP-SYN-B-0171,2026-06-10T13:21:29+08:00,origin_departed,origin_departed,CAR-SYN-FAST,ORIGIN-WH-SYN-WEST,CN-HB-WH,,3
TRE-SYN-B-0171-04,ORD-SYN-B-0171,SHP-SYN-B-0171,2026-06-10T14:33:26+08:00,in_transit,in_transit,CAR-SYN-FAST,LINEHAUL-SYN-01,CN-HB-WH,,4
TRE-SYN-B-0171-05,ORD-SYN-B-0171,SHP-SYN-B-0171,2026-06-11T01:07:57+08:00,arrived_at_hub,arrived_at_hub,CAR-SYN-FAST,HUB-SYN-01,CN-HB-WH,,5
TRE-SYN-B-0171-06,ORD-SYN-B-0171,SHP-SYN-B-0171,2026-06-11T04:57:11+08:00,departed_hub,departed_hub,CAR-SYN-FAST,HUB-SYN-01,CN-HB-WH,,6
TRE-SYN-B-0171-07,ORD-SYN-B-0171,SHP-SYN-B-0171,2026-06-11T18:25:46+08:00,arrived_at_destination_city,arrived_at_destination_city,CAR-SYN-FAST,DEST-CN-HB-WH,CN-HB-WH,,7
TRE-SYN-B-0171-08,ORD-SYN-B-0171,SHP-SYN-B-0171,2026-06-11T22:35:08+08:00,out_for_delivery,out_for_delivery,CAR-SYN-FAST,SITE-CN-HB-WH,CN-HB-WH,,8
TRE-SYN-B-0171-09,ORD-SYN-B-0171,SHP-SYN-B-0171,2026-06-12T02:54:26+08:00,delivered,delivered,CAR-SYN-FAST,SITE-CN-HB-WH,CN-HB-WH,,9
TRE-SYN-B-0172-01,ORD-SYN-B-0172,SHP-SYN-B-0172,2026-06-10T07:33:22+08:00,shipment_created,shipment_created,CAR-SYN-STD,ORIGIN-WH-SYN-EAST,CN-SD-QD,,1
TRE-SYN-B-0172-02,ORD-SYN-B-0172,SHP-SYN-B-0172,2026-06-10T14:56:53+08:00,carrier_picked_up,carrier_picked_up,CAR-SYN-STD,ORIGIN-WH-SYN-EAST,CN-SD-QD,,2
TRE-SYN-B-0172-03,ORD-SYN-B-0172,SHP-SYN-B-0172,2026-06-10T16:14:28+08:00,origin_departed,origin_departed,CAR-SYN-STD,ORIGIN-WH-SYN-EAST,CN-SD-QD,,3
TRE-SYN-B-0172-04,ORD-SYN-B-0172,SHP-SYN-B-0172,2026-06-10T17:36:49+08:00,in_transit,in_transit,CAR-SYN-STD,LINEHAUL-SYN-01,CN-SD-QD,,4
TRE-SYN-B-0172-05,ORD-SYN-B-0172,SHP-SYN-B-0172,2026-06-11T04:24:00+08:00,arrived_at_hub,arrived_at_hub,CAR-SYN-STD,HUB-SYN-01,CN-SD-QD,,5
TRE-SYN-B-0172-06,ORD-SYN-B-0172,SHP-SYN-B-0172,2026-06-11T06:04:37+08:00,departed_hub,departed_hub,CAR-SYN-STD,HUB-SYN-01,CN-SD-QD,,6
TRE-SYN-B-0172-07,ORD-SYN-B-0172,SHP-SYN-B-0172,2026-06-11T17:44:31+08:00,arrived_at_destination_city,arrived_at_destination_city,CAR-SYN-STD,DEST-CN-SD-QD,CN-SD-QD,,7
TRE-SYN-B-0172-08,ORD-SYN-B-0172,SHP-SYN-B-0172,2026-06-12T02:32:12+08:00,out_for_delivery,out_for_delivery,CAR-SYN-STD,SITE-CN-SD-QD,CN-SD-QD,,8
TRE-SYN-B-0172-09,ORD-SYN-B-0172,SHP-SYN-B-0172,2026-06-12T06:34:58+08:00,delivered,delivered,CAR-SYN-STD,SITE-CN-SD-QD,CN-SD-QD,,9
TRE-SYN-B-0173-01,ORD-SYN-B-0173,SHP-SYN-B-0173,2026-06-10T08:39:05+08:00,shipment_created,shipment_created,CAR-SYN-FAST,ORIGIN-WH-SYN-EAST,CN-SD-QD,,1
TRE-SYN-B-0173-02,ORD-SYN-B-0173,SHP-SYN-B-0173,2026-06-10T13:49:47+08:00,carrier_picked_up,carrier_picked_up,CAR-SYN-FAST,ORIGIN-WH-SYN-EAST,CN-SD-QD,,2
TRE-SYN-B-0173-03,ORD-SYN-B-0173,SHP-SYN-B-0173,2026-06-10T14:51:07+08:00,origin_departed,origin_departed,CAR-SYN-FAST,ORIGIN-WH-SYN-EAST,CN-SD-QD,,3
TRE-SYN-B-0173-04,ORD-SYN-B-0173,SHP-SYN-B-0173,2026-06-10T15:45:14+08:00,in_transit,in_transit,CAR-SYN-FAST,LINEHAUL-SYN-01,CN-SD-QD,,4
TRE-SYN-B-0173-05,ORD-SYN-B-0173,SHP-SYN-B-0173,2026-06-10T22:04:31+08:00,arrived_at_hub,arrived_at_hub,CAR-SYN-FAST,HUB-SYN-01,CN-SD-QD,,5
TRE-SYN-B-0173-06,ORD-SYN-B-0173,SHP-SYN-B-0173,2026-06-11T00:30:24+08:00,departed_hub,departed_hub,CAR-SYN-FAST,HUB-SYN-01,CN-SD-QD,,6
TRE-SYN-B-0173-07,ORD-SYN-B-0173,SHP-SYN-B-0173,2026-06-11T10:04:50+08:00,arrived_at_destination_city,arrived_at_destination_city,CAR-SYN-FAST,DEST-CN-SD-QD,CN-SD-QD,,7
TRE-SYN-B-0173-08,ORD-SYN-B-0173,SHP-SYN-B-0173,2026-06-11T17:38:04+08:00,out_for_delivery,out_for_delivery,CAR-SYN-FAST,SITE-CN-SD-QD,CN-SD-QD,,8
TRE-SYN-B-0173-09,ORD-SYN-B-0173,SHP-SYN-B-0173,2026-06-11T20:38:51+08:00,delivered,delivered,CAR-SYN-FAST,SITE-CN-SD-QD,CN-SD-QD,,9
TRE-SYN-B-0174-01,ORD-SYN-B-0174,SHP-SYN-B-0174,2026-06-10T06:33:12+08:00,shipment_created,shipment_created,CAR-SYN-FAST,ORIGIN-WH-SYN-WEST,CN-SD-QD,,1
TRE-SYN-B-0174-02,ORD-SYN-B-0174,SHP-SYN-B-0174,2026-06-10T12:58:14+08:00,carrier_picked_up,carrier_picked_up,CAR-SYN-FAST,ORIGIN-WH-SYN-WEST,CN-SD-QD,,2
TRE-SYN-B-0174-03,ORD-SYN-B-0174,SHP-SYN-B-0174,2026-06-10T13:41:55+08:00,origin_departed,origin_departed,CAR-SYN-FAST,ORIGIN-WH-SYN-WEST,CN-SD-QD,,3
TRE-SYN-B-0174-04,ORD-SYN-B-0174,SHP-SYN-B-0174,2026-06-10T14:37:17+08:00,in_transit,in_transit,CAR-SYN-FAST,LINEHAUL-SYN-01,CN-SD-QD,,4
TRE-SYN-B-0174-05,ORD-SYN-B-0174,SHP-SYN-B-0174,2026-06-10T22:48:32+08:00,arrived_at_hub,arrived_at_hub,CAR-SYN-FAST,HUB-SYN-01,CN-SD-QD,,5
TRE-SYN-B-0174-06,ORD-SYN-B-0174,SHP-SYN-B-0174,2026-06-11T00:01:25+08:00,departed_hub,departed_hub,CAR-SYN-FAST,HUB-SYN-01,CN-SD-QD,,6
TRE-SYN-B-0174-07,ORD-SYN-B-0174,SHP-SYN-B-0174,2026-06-11T13:52:33+08:00,arrived_at_destination_city,arrived_at_destination_city,CAR-SYN-FAST,DEST-CN-SD-QD,CN-SD-QD,,7
TRE-SYN-B-0174-08,ORD-SYN-B-0174,SHP-SYN-B-0174,2026-06-11T21:19:41+08:00,out_for_delivery,out_for_delivery,CAR-SYN-FAST,SITE-CN-SD-QD,CN-SD-QD,,8
TRE-SYN-B-0174-09,ORD-SYN-B-0174,SHP-SYN-B-0174,2026-06-12T02:37:29+08:00,delivered,delivered,CAR-SYN-FAST,SITE-CN-SD-QD,CN-SD-QD,,9
TRE-SYN-B-0175-01,ORD-SYN-B-0175,SHP-SYN-B-0175,2026-06-10T07:21:19+08:00,shipment_created,shipment_created,CAR-SYN-FAST,ORIGIN-WH-SYN-EAST,CN-ZJ-HZ,,1
TRE-SYN-B-0175-02,ORD-SYN-B-0175,SHP-SYN-B-0175,2026-06-10T11:49:42+08:00,carrier_picked_up,carrier_picked_up,CAR-SYN-FAST,ORIGIN-WH-SYN-EAST,CN-ZJ-HZ,,2
TRE-SYN-B-0175-03,ORD-SYN-B-0175,SHP-SYN-B-0175,2026-06-10T12:58:06+08:00,origin_departed,origin_departed,CAR-SYN-FAST,ORIGIN-WH-SYN-EAST,CN-ZJ-HZ,,3
TRE-SYN-B-0175-04,ORD-SYN-B-0175,SHP-SYN-B-0175,2026-06-10T13:35:54+08:00,in_transit,in_transit,CAR-SYN-FAST,LINEHAUL-SYN-01,CN-ZJ-HZ,,4
TRE-SYN-B-0175-05,ORD-SYN-B-0175,SHP-SYN-B-0175,2026-06-11T02:08:07+08:00,arrived_at_hub,arrived_at_hub,CAR-SYN-FAST,HUB-SYN-01,CN-ZJ-HZ,,5
TRE-SYN-B-0175-06,ORD-SYN-B-0175,SHP-SYN-B-0175,2026-06-11T05:59:17+08:00,departed_hub,departed_hub,CAR-SYN-FAST,HUB-SYN-01,CN-ZJ-HZ,,6
TRE-SYN-B-0175-07,ORD-SYN-B-0175,SHP-SYN-B-0175,2026-06-11T15:22:39+08:00,arrived_at_destination_city,arrived_at_destination_city,CAR-SYN-FAST,DEST-CN-ZJ-HZ,CN-ZJ-HZ,,7
TRE-SYN-B-0175-08,ORD-SYN-B-0175,SHP-SYN-B-0175,2026-06-11T20:50:09+08:00,out_for_delivery,out_for_delivery,CAR-SYN-FAST,SITE-CN-ZJ-HZ,CN-ZJ-HZ,,8
TRE-SYN-B-0175-09,ORD-SYN-B-0175,SHP-SYN-B-0175,2026-06-11T22:02:25+08:00,delivered,delivered,CAR-SYN-FAST,SITE-CN-ZJ-HZ,CN-ZJ-HZ,,9
TRE-SYN-B-0176-01,ORD-SYN-B-0176,SHP-SYN-B-0176,2026-06-10T07:01:48+08:00,shipment_created,shipment_created,CAR-SYN-FAST,ORIGIN-WH-SYN-EAST,CN-SD-QD,,1
TRE-SYN-B-0176-02,ORD-SYN-B-0176,SHP-SYN-B-0176,2026-06-10T09:48:00+08:00,carrier_picked_up,carrier_picked_up,CAR-SYN-FAST,ORIGIN-WH-SYN-EAST,CN-SD-QD,,2
TRE-SYN-B-0176-03,ORD-SYN-B-0176,SHP-SYN-B-0176,2026-06-10T10:31:25+08:00,origin_departed,origin_departed,CAR-SYN-FAST,ORIGIN-WH-SYN-EAST,CN-SD-QD,,3
TRE-SYN-B-0176-04,ORD-SYN-B-0176,SHP-SYN-B-0176,2026-06-10T11:38:26+08:00,in_transit,in_transit,CAR-SYN-FAST,LINEHAUL-SYN-01,CN-SD-QD,,4
TRE-SYN-B-0176-05,ORD-SYN-B-0176,SHP-SYN-B-0176,2026-06-10T18:39:58+08:00,arrived_at_hub,arrived_at_hub,CAR-SYN-FAST,HUB-SYN-01,CN-SD-QD,,5
TRE-SYN-B-0176-06,ORD-SYN-B-0176,SHP-SYN-B-0176,2026-06-10T20:09:35+08:00,departed_hub,departed_hub,CAR-SYN-FAST,HUB-SYN-01,CN-SD-QD,,6
TRE-SYN-B-0176-07,ORD-SYN-B-0176,SHP-SYN-B-0176,2026-06-11T08:06:12+08:00,arrived_at_destination_city,arrived_at_destination_city,CAR-SYN-FAST,DEST-CN-SD-QD,CN-SD-QD,,7
TRE-SYN-B-0176-08,ORD-SYN-B-0176,SHP-SYN-B-0176,2026-06-11T10:23:01+08:00,out_for_delivery,out_for_delivery,CAR-SYN-FAST,SITE-CN-SD-QD,CN-SD-QD,,8
TRE-SYN-B-0176-09,ORD-SYN-B-0176,SHP-SYN-B-0176,2026-06-11T16:18:56+08:00,delivered,delivered,CAR-SYN-FAST,SITE-CN-SD-QD,CN-SD-QD,,9
TRE-SYN-B-0177-01,ORD-SYN-B-0177,SHP-SYN-B-0177,2026-06-10T06:42:40+08:00,shipment_created,shipment_created,CAR-SYN-STD,ORIGIN-WH-SYN-EAST,CN-HB-WH,,1
TRE-SYN-B-0177-02,ORD-SYN-B-0177,SHP-SYN-B-0177,2026-06-10T13:04:33+08:00,carrier_picked_up,carrier_picked_up,CAR-SYN-STD,ORIGIN-WH-SYN-EAST,CN-HB-WH,,2
TRE-SYN-B-0177-03,ORD-SYN-B-0177,SHP-SYN-B-0177,2026-06-10T14:21:21+08:00,origin_departed,origin_departed,CAR-SYN-STD,ORIGIN-WH-SYN-EAST,CN-HB-WH,,3
TRE-SYN-B-0177-04,ORD-SYN-B-0177,SHP-SYN-B-0177,2026-06-10T15:20:31+08:00,in_transit,in_transit,CAR-SYN-STD,LINEHAUL-SYN-01,CN-HB-WH,,4
TRE-SYN-B-0177-05,ORD-SYN-B-0177,SHP-SYN-B-0177,2026-06-10T21:58:15+08:00,arrived_at_hub,arrived_at_hub,CAR-SYN-STD,HUB-SYN-01,CN-HB-WH,,5
TRE-SYN-B-0177-06,ORD-SYN-B-0177,SHP-SYN-B-0177,2026-06-11T00:03:36+08:00,departed_hub,departed_hub,CAR-SYN-STD,HUB-SYN-01,CN-HB-WH,,6
TRE-SYN-B-0177-07,ORD-SYN-B-0177,SHP-SYN-B-0177,2026-06-11T09:10:56+08:00,arrived_at_destination_city,arrived_at_destination_city,CAR-SYN-STD,DEST-CN-HB-WH,CN-HB-WH,,7
TRE-SYN-B-0177-08,ORD-SYN-B-0177,SHP-SYN-B-0177,2026-06-11T11:46:49+08:00,out_for_delivery,out_for_delivery,CAR-SYN-STD,SITE-CN-HB-WH,CN-HB-WH,,8
TRE-SYN-B-0177-09,ORD-SYN-B-0177,SHP-SYN-B-0177,2026-06-11T15:28:23+08:00,delivered,delivered,CAR-SYN-STD,SITE-CN-HB-WH,CN-HB-WH,,9
TRE-SYN-B-0178-01,ORD-SYN-B-0178,SHP-SYN-B-0178,2026-06-10T09:06:26+08:00,shipment_created,shipment_created,CAR-SYN-ECON,ORIGIN-WH-SYN-EAST,CN-JS-NJ,,1
TRE-SYN-B-0178-02,ORD-SYN-B-0178,SHP-SYN-B-0178,2026-06-10T11:53:29+08:00,carrier_picked_up,carrier_picked_up,CAR-SYN-ECON,ORIGIN-WH-SYN-EAST,CN-JS-NJ,,2
TRE-SYN-B-0178-03,ORD-SYN-B-0178,SHP-SYN-B-0178,2026-06-10T12:24:55+08:00,origin_departed,origin_departed,CAR-SYN-ECON,ORIGIN-WH-SYN-EAST,CN-JS-NJ,,3
TRE-SYN-B-0178-04,ORD-SYN-B-0178,SHP-SYN-B-0178,2026-06-10T13:48:51+08:00,in_transit,in_transit,CAR-SYN-ECON,LINEHAUL-SYN-01,CN-JS-NJ,,4
TRE-SYN-B-0178-05,ORD-SYN-B-0178,SHP-SYN-B-0178,2026-06-10T22:53:04+08:00,arrived_at_hub,arrived_at_hub,CAR-SYN-ECON,HUB-SYN-01,CN-JS-NJ,,5
TRE-SYN-B-0178-06,ORD-SYN-B-0178,SHP-SYN-B-0178,2026-06-11T00:20:30+08:00,departed_hub,departed_hub,CAR-SYN-ECON,HUB-SYN-01,CN-JS-NJ,,6
TRE-SYN-B-0178-07,ORD-SYN-B-0178,SHP-SYN-B-0178,2026-06-11T11:34:35+08:00,arrived_at_destination_city,arrived_at_destination_city,CAR-SYN-ECON,DEST-CN-JS-NJ,CN-JS-NJ,,7
TRE-SYN-B-0178-08,ORD-SYN-B-0178,SHP-SYN-B-0178,2026-06-11T18:36:03+08:00,out_for_delivery,out_for_delivery,CAR-SYN-ECON,SITE-CN-JS-NJ,CN-JS-NJ,,8
TRE-SYN-B-0178-09,ORD-SYN-B-0178,SHP-SYN-B-0178,2026-06-11T20:32:49+08:00,delivered,delivered,CAR-SYN-ECON,SITE-CN-JS-NJ,CN-JS-NJ,,9
TRE-SYN-B-0179-01,ORD-SYN-B-0179,SHP-SYN-B-0179,2026-06-10T05:51:46+08:00,shipment_created,shipment_created,CAR-SYN-STD,ORIGIN-WH-SYN-EAST,CN-ZJ-HZ,,1
TRE-SYN-B-0179-02,ORD-SYN-B-0179,SHP-SYN-B-0179,2026-06-10T10:06:14+08:00,carrier_picked_up,carrier_picked_up,CAR-SYN-STD,ORIGIN-WH-SYN-EAST,CN-ZJ-HZ,,2
TRE-SYN-B-0179-03,ORD-SYN-B-0179,SHP-SYN-B-0179,2026-06-10T10:47:26+08:00,origin_departed,origin_departed,CAR-SYN-STD,ORIGIN-WH-SYN-EAST,CN-ZJ-HZ,,3
TRE-SYN-B-0179-04,ORD-SYN-B-0179,SHP-SYN-B-0179,2026-06-10T12:01:34+08:00,in_transit,in_transit,CAR-SYN-STD,LINEHAUL-SYN-01,CN-ZJ-HZ,,4
TRE-SYN-B-0179-05,ORD-SYN-B-0179,SHP-SYN-B-0179,2026-06-10T18:34:20+08:00,arrived_at_hub,arrived_at_hub,CAR-SYN-STD,HUB-SYN-01,CN-ZJ-HZ,,5
TRE-SYN-B-0179-06,ORD-SYN-B-0179,SHP-SYN-B-0179,2026-06-10T21:46:10+08:00,departed_hub,departed_hub,CAR-SYN-STD,HUB-SYN-01,CN-ZJ-HZ,,6
TRE-SYN-B-0179-07,ORD-SYN-B-0179,SHP-SYN-B-0179,2026-06-11T08:13:40+08:00,arrived_at_destination_city,arrived_at_destination_city,CAR-SYN-STD,DEST-CN-ZJ-HZ,CN-ZJ-HZ,,7
TRE-SYN-B-0179-08,ORD-SYN-B-0179,SHP-SYN-B-0179,2026-06-11T13:54:06+08:00,out_for_delivery,out_for_delivery,CAR-SYN-STD,SITE-CN-ZJ-HZ,CN-ZJ-HZ,,8
TRE-SYN-B-0179-09,ORD-SYN-B-0179,SHP-SYN-B-0179,2026-06-11T18:30:19+08:00,delivered,delivered,CAR-SYN-STD,SITE-CN-ZJ-HZ,CN-ZJ-HZ,,9
TRE-SYN-B-0180-01,ORD-SYN-B-0180,SHP-SYN-B-0180,2026-06-10T06:55:15+08:00,shipment_created,shipment_created,CAR-SYN-STD,ORIGIN-WH-SYN-EAST,CN-HB-WH,,1
TRE-SYN-B-0180-02,ORD-SYN-B-0180,SHP-SYN-B-0180,2026-06-10T14:52:01+08:00,carrier_picked_up,carrier_picked_up,CAR-SYN-STD,ORIGIN-WH-SYN-EAST,CN-HB-WH,,2
TRE-SYN-B-0180-03,ORD-SYN-B-0180,SHP-SYN-B-0180,2026-06-10T16:04:56+08:00,origin_departed,origin_departed,CAR-SYN-STD,ORIGIN-WH-SYN-EAST,CN-HB-WH,,3
TRE-SYN-B-0180-04,ORD-SYN-B-0180,SHP-SYN-B-0180,2026-06-10T16:37:48+08:00,in_transit,in_transit,CAR-SYN-STD,LINEHAUL-SYN-01,CN-HB-WH,,4
TRE-SYN-B-0180-05,ORD-SYN-B-0180,SHP-SYN-B-0180,2026-06-10T23:18:14+08:00,arrived_at_hub,arrived_at_hub,CAR-SYN-STD,HUB-SYN-01,CN-HB-WH,,5
TRE-SYN-B-0180-06,ORD-SYN-B-0180,SHP-SYN-B-0180,2026-06-11T01:35:05+08:00,departed_hub,departed_hub,CAR-SYN-STD,HUB-SYN-01,CN-HB-WH,,6
TRE-SYN-B-0180-07,ORD-SYN-B-0180,SHP-SYN-B-0180,2026-06-11T13:26:07+08:00,arrived_at_destination_city,arrived_at_destination_city,CAR-SYN-STD,DEST-CN-HB-WH,CN-HB-WH,,7
TRE-SYN-B-0180-08,ORD-SYN-B-0180,SHP-SYN-B-0180,2026-06-11T19:31:23+08:00,out_for_delivery,out_for_delivery,CAR-SYN-STD,SITE-CN-HB-WH,CN-HB-WH,,8
TRE-SYN-B-0180-09,ORD-SYN-B-0180,SHP-SYN-B-0180,2026-06-12T01:26:40+08:00,delivered,delivered,CAR-SYN-STD,SITE-CN-HB-WH,CN-HB-WH,,9
TRE-SYN-B-0181-01,ORD-SYN-B-0181,SHP-SYN-B-0181,2026-06-10T07:43:20+08:00,shipment_created,shipment_created,CAR-SYN-FAST,ORIGIN-WH-SYN-EAST,CN-JS-NJ,,1
TRE-SYN-B-0181-02,ORD-SYN-B-0181,SHP-SYN-B-0181,2026-06-10T11:33:21+08:00,carrier_picked_up,carrier_picked_up,CAR-SYN-FAST,ORIGIN-WH-SYN-EAST,CN-JS-NJ,,2
TRE-SYN-B-0181-03,ORD-SYN-B-0181,SHP-SYN-B-0181,2026-06-10T13:02:49+08:00,origin_departed,origin_departed,CAR-SYN-FAST,ORIGIN-WH-SYN-EAST,CN-JS-NJ,,3
TRE-SYN-B-0181-04,ORD-SYN-B-0181,SHP-SYN-B-0181,2026-06-10T14:30:18+08:00,in_transit,in_transit,CAR-SYN-FAST,LINEHAUL-SYN-01,CN-JS-NJ,,4
TRE-SYN-B-0181-05,ORD-SYN-B-0181,SHP-SYN-B-0181,2026-06-11T02:00:01+08:00,arrived_at_hub,arrived_at_hub,CAR-SYN-FAST,HUB-SYN-01,CN-JS-NJ,,5
TRE-SYN-B-0181-06,ORD-SYN-B-0181,SHP-SYN-B-0181,2026-06-11T04:59:41+08:00,departed_hub,departed_hub,CAR-SYN-FAST,HUB-SYN-01,CN-JS-NJ,,6
TRE-SYN-B-0181-07,ORD-SYN-B-0181,SHP-SYN-B-0181,2026-06-11T20:50:59+08:00,arrived_at_destination_city,arrived_at_destination_city,CAR-SYN-FAST,DEST-CN-JS-NJ,CN-JS-NJ,,7
TRE-SYN-B-0181-08,ORD-SYN-B-0181,SHP-SYN-B-0181,2026-06-12T02:51:04+08:00,out_for_delivery,out_for_delivery,CAR-SYN-FAST,SITE-CN-JS-NJ,CN-JS-NJ,,8
TRE-SYN-B-0181-09,ORD-SYN-B-0181,SHP-SYN-B-0181,2026-06-12T07:17:10+08:00,delivered,delivered,CAR-SYN-FAST,SITE-CN-JS-NJ,CN-JS-NJ,,9
TRE-SYN-B-0182-01,ORD-SYN-B-0182,SHP-SYN-B-0182,2026-06-10T09:13:31+08:00,shipment_created,shipment_created,CAR-SYN-STD,ORIGIN-WH-SYN-WEST,CN-HB-WH,,1
TRE-SYN-B-0182-02,ORD-SYN-B-0182,SHP-SYN-B-0182,2026-06-10T14:44:36+08:00,carrier_picked_up,carrier_picked_up,CAR-SYN-STD,ORIGIN-WH-SYN-WEST,CN-HB-WH,,2
TRE-SYN-B-0182-03,ORD-SYN-B-0182,SHP-SYN-B-0182,2026-06-10T15:15:11+08:00,origin_departed,origin_departed,CAR-SYN-STD,ORIGIN-WH-SYN-WEST,CN-HB-WH,,3
TRE-SYN-B-0182-04,ORD-SYN-B-0182,SHP-SYN-B-0182,2026-06-10T16:30:09+08:00,in_transit,in_transit,CAR-SYN-STD,LINEHAUL-SYN-01,CN-HB-WH,,4
TRE-SYN-B-0182-05,ORD-SYN-B-0182,SHP-SYN-B-0182,2026-06-11T04:25:11+08:00,arrived_at_hub,arrived_at_hub,CAR-SYN-STD,HUB-SYN-01,CN-HB-WH,,5
TRE-SYN-B-0182-06,ORD-SYN-B-0182,SHP-SYN-B-0182,2026-06-11T05:31:40+08:00,departed_hub,departed_hub,CAR-SYN-STD,HUB-SYN-01,CN-HB-WH,,6
TRE-SYN-B-0182-07,ORD-SYN-B-0182,SHP-SYN-B-0182,2026-06-11T14:55:30+08:00,arrived_at_destination_city,arrived_at_destination_city,CAR-SYN-STD,DEST-CN-HB-WH,CN-HB-WH,,7
TRE-SYN-B-0182-08,ORD-SYN-B-0182,SHP-SYN-B-0182,2026-06-11T17:40:35+08:00,out_for_delivery,out_for_delivery,CAR-SYN-STD,SITE-CN-HB-WH,CN-HB-WH,,8
TRE-SYN-B-0182-09,ORD-SYN-B-0182,SHP-SYN-B-0182,2026-06-11T19:39:37+08:00,delivered,delivered,CAR-SYN-STD,SITE-CN-HB-WH,CN-HB-WH,,9
TRE-SYN-B-0183-01,ORD-SYN-B-0183,SHP-SYN-B-0183,2026-06-10T06:44:47+08:00,shipment_created,shipment_created,CAR-SYN-ECON,ORIGIN-WH-SYN-EAST,CN-SD-QD,,1
TRE-SYN-B-0183-02,ORD-SYN-B-0183,SHP-SYN-B-0183,2026-06-10T10:12:53+08:00,carrier_picked_up,carrier_picked_up,CAR-SYN-ECON,ORIGIN-WH-SYN-EAST,CN-SD-QD,,2
TRE-SYN-B-0183-03,ORD-SYN-B-0183,SHP-SYN-B-0183,2026-06-10T10:47:50+08:00,origin_departed,origin_departed,CAR-SYN-ECON,ORIGIN-WH-SYN-EAST,CN-SD-QD,,3
TRE-SYN-B-0183-04,ORD-SYN-B-0183,SHP-SYN-B-0183,2026-06-10T12:04:25+08:00,in_transit,in_transit,CAR-SYN-ECON,LINEHAUL-SYN-01,CN-SD-QD,,4
TRE-SYN-B-0183-05,ORD-SYN-B-0183,SHP-SYN-B-0183,2026-06-10T18:18:30+08:00,arrived_at_hub,arrived_at_hub,CAR-SYN-ECON,HUB-SYN-01,CN-SD-QD,,5
TRE-SYN-B-0183-06,ORD-SYN-B-0183,SHP-SYN-B-0183,2026-06-10T19:24:10+08:00,departed_hub,departed_hub,CAR-SYN-ECON,HUB-SYN-01,CN-SD-QD,,6
TRE-SYN-B-0183-07,ORD-SYN-B-0183,SHP-SYN-B-0183,2026-06-11T07:27:57+08:00,arrived_at_destination_city,arrived_at_destination_city,CAR-SYN-ECON,DEST-CN-SD-QD,CN-SD-QD,,7
TRE-SYN-B-0183-08,ORD-SYN-B-0183,SHP-SYN-B-0183,2026-06-11T11:56:23+08:00,out_for_delivery,out_for_delivery,CAR-SYN-ECON,SITE-CN-SD-QD,CN-SD-QD,,8
TRE-SYN-B-0183-09,ORD-SYN-B-0183,SHP-SYN-B-0183,2026-06-11T13:46:19+08:00,delivered,delivered,CAR-SYN-ECON,SITE-CN-SD-QD,CN-SD-QD,,9
TRE-SYN-B-0184-01,ORD-SYN-B-0184,SHP-SYN-B-0184,2026-06-10T08:08:37+08:00,shipment_created,shipment_created,CAR-SYN-STD,ORIGIN-WH-SYN-EAST,CN-SD-QD,,1
TRE-SYN-B-0184-02,ORD-SYN-B-0184,SHP-SYN-B-0184,2026-06-10T10:48:40+08:00,carrier_picked_up,carrier_picked_up,CAR-SYN-STD,ORIGIN-WH-SYN-EAST,CN-SD-QD,,2
TRE-SYN-B-0184-03,ORD-SYN-B-0184,SHP-SYN-B-0184,2026-06-10T11:59:51+08:00,origin_departed,origin_departed,CAR-SYN-STD,ORIGIN-WH-SYN-EAST,CN-SD-QD,,3
TRE-SYN-B-0184-04,ORD-SYN-B-0184,SHP-SYN-B-0184,2026-06-10T12:34:45+08:00,in_transit,in_transit,CAR-SYN-STD,LINEHAUL-SYN-01,CN-SD-QD,,4
TRE-SYN-B-0184-05,ORD-SYN-B-0184,SHP-SYN-B-0184,2026-06-11T00:42:22+08:00,arrived_at_hub,arrived_at_hub,CAR-SYN-STD,HUB-SYN-01,CN-SD-QD,,5
TRE-SYN-B-0184-06,ORD-SYN-B-0184,SHP-SYN-B-0184,2026-06-11T02:51:49+08:00,departed_hub,departed_hub,CAR-SYN-STD,HUB-SYN-01,CN-SD-QD,,6
TRE-SYN-B-0184-07,ORD-SYN-B-0184,SHP-SYN-B-0184,2026-06-11T17:23:33+08:00,arrived_at_destination_city,arrived_at_destination_city,CAR-SYN-STD,DEST-CN-SD-QD,CN-SD-QD,,7
TRE-SYN-B-0184-08,ORD-SYN-B-0184,SHP-SYN-B-0184,2026-06-12T02:16:29+08:00,out_for_delivery,out_for_delivery,CAR-SYN-STD,SITE-CN-SD-QD,CN-SD-QD,,8
TRE-SYN-B-0184-09,ORD-SYN-B-0184,SHP-SYN-B-0184,2026-06-12T07:32:09+08:00,delivered,delivered,CAR-SYN-STD,SITE-CN-SD-QD,CN-SD-QD,,9
TRE-SYN-B-0185-01,ORD-SYN-B-0185,SHP-SYN-B-0185,2026-06-10T09:11:02+08:00,shipment_created,shipment_created,CAR-SYN-STD,ORIGIN-WH-SYN-EAST,CN-ZJ-HZ,,1
TRE-SYN-B-0185-02,ORD-SYN-B-0185,SHP-SYN-B-0185,2026-06-10T11:56:45+08:00,carrier_picked_up,carrier_picked_up,CAR-SYN-STD,ORIGIN-WH-SYN-EAST,CN-ZJ-HZ,,2
TRE-SYN-B-0185-03,ORD-SYN-B-0185,SHP-SYN-B-0185,2026-06-10T12:55:29+08:00,origin_departed,origin_departed,CAR-SYN-STD,ORIGIN-WH-SYN-EAST,CN-ZJ-HZ,,3
TRE-SYN-B-0185-04,ORD-SYN-B-0185,SHP-SYN-B-0185,2026-06-10T13:46:04+08:00,in_transit,in_transit,CAR-SYN-STD,LINEHAUL-SYN-01,CN-ZJ-HZ,,4
TRE-SYN-B-0185-05,ORD-SYN-B-0185,SHP-SYN-B-0185,2026-06-11T00:32:18+08:00,arrived_at_hub,arrived_at_hub,CAR-SYN-STD,HUB-SYN-01,CN-ZJ-HZ,,5
TRE-SYN-B-0185-06,ORD-SYN-B-0185,SHP-SYN-B-0185,2026-06-11T01:34:29+08:00,departed_hub,departed_hub,CAR-SYN-STD,HUB-SYN-01,CN-ZJ-HZ,,6
TRE-SYN-B-0185-07,ORD-SYN-B-0185,SHP-SYN-B-0185,2026-06-11T13:45:31+08:00,arrived_at_destination_city,arrived_at_destination_city,CAR-SYN-STD,DEST-CN-ZJ-HZ,CN-ZJ-HZ,,7
TRE-SYN-B-0185-08,ORD-SYN-B-0185,SHP-SYN-B-0185,2026-06-11T15:47:42+08:00,out_for_delivery,out_for_delivery,CAR-SYN-STD,SITE-CN-ZJ-HZ,CN-ZJ-HZ,,8
TRE-SYN-B-0185-09,ORD-SYN-B-0185,SHP-SYN-B-0185,2026-06-11T21:07:32+08:00,delivered,delivered,CAR-SYN-STD,SITE-CN-ZJ-HZ,CN-ZJ-HZ,,9
TRE-SYN-B-0186-01,ORD-SYN-B-0186,SHP-SYN-B-0186,2026-06-10T09:37:31+08:00,shipment_created,shipment_created,CAR-SYN-STD,ORIGIN-WH-SYN-WEST,CN-SD-QD,,1
TRE-SYN-B-0186-02,ORD-SYN-B-0186,SHP-SYN-B-0186,2026-06-10T17:21:33+08:00,carrier_picked_up,carrier_picked_up,CAR-SYN-STD,ORIGIN-WH-SYN-WEST,CN-SD-QD,,2
TRE-SYN-B-0186-03,ORD-SYN-B-0186,SHP-SYN-B-0186,2026-06-10T18:32:57+08:00,origin_departed,origin_departed,CAR-SYN-STD,ORIGIN-WH-SYN-WEST,CN-SD-QD,,3
TRE-SYN-B-0186-04,ORD-SYN-B-0186,SHP-SYN-B-0186,2026-06-10T19:23:46+08:00,in_transit,in_transit,CAR-SYN-STD,LINEHAUL-SYN-01,CN-SD-QD,,4
TRE-SYN-B-0186-05,ORD-SYN-B-0186,SHP-SYN-B-0186,2026-06-11T05:08:28+08:00,arrived_at_hub,arrived_at_hub,CAR-SYN-STD,HUB-SYN-01,CN-SD-QD,,5
TRE-SYN-B-0186-06,ORD-SYN-B-0186,SHP-SYN-B-0186,2026-06-11T07:00:57+08:00,departed_hub,departed_hub,CAR-SYN-STD,HUB-SYN-01,CN-SD-QD,,6
TRE-SYN-B-0186-07,ORD-SYN-B-0186,SHP-SYN-B-0186,2026-06-11T21:16:14+08:00,arrived_at_destination_city,arrived_at_destination_city,CAR-SYN-STD,DEST-CN-SD-QD,CN-SD-QD,,7
TRE-SYN-B-0186-08,ORD-SYN-B-0186,SHP-SYN-B-0186,2026-06-11T23:26:56+08:00,out_for_delivery,out_for_delivery,CAR-SYN-STD,SITE-CN-SD-QD,CN-SD-QD,,8
TRE-SYN-B-0186-09,ORD-SYN-B-0186,SHP-SYN-B-0186,2026-06-12T03:36:15+08:00,delivered,delivered,CAR-SYN-STD,SITE-CN-SD-QD,CN-SD-QD,,9
TRE-SYN-B-0187-01,ORD-SYN-B-0187,SHP-SYN-B-0187,2026-06-10T08:33:58+08:00,shipment_created,shipment_created,CAR-SYN-STD,ORIGIN-WH-SYN-EAST,CN-HB-WH,,1
TRE-SYN-B-0187-02,ORD-SYN-B-0187,SHP-SYN-B-0187,2026-06-10T12:07:20+08:00,carrier_picked_up,carrier_picked_up,CAR-SYN-STD,ORIGIN-WH-SYN-EAST,CN-HB-WH,,2
TRE-SYN-B-0187-03,ORD-SYN-B-0187,SHP-SYN-B-0187,2026-06-10T12:50:04+08:00,origin_departed,origin_departed,CAR-SYN-STD,ORIGIN-WH-SYN-EAST,CN-HB-WH,,3
TRE-SYN-B-0187-04,ORD-SYN-B-0187,SHP-SYN-B-0187,2026-06-10T13:35:49+08:00,in_transit,in_transit,CAR-SYN-STD,LINEHAUL-SYN-01,CN-HB-WH,,4
TRE-SYN-B-0187-05,ORD-SYN-B-0187,SHP-SYN-B-0187,2026-06-11T00:32:46+08:00,arrived_at_hub,arrived_at_hub,CAR-SYN-STD,HUB-SYN-01,CN-HB-WH,,5
TRE-SYN-B-0187-06,ORD-SYN-B-0187,SHP-SYN-B-0187,2026-06-11T01:58:57+08:00,departed_hub,departed_hub,CAR-SYN-STD,HUB-SYN-01,CN-HB-WH,,6
TRE-SYN-B-0187-07,ORD-SYN-B-0187,SHP-SYN-B-0187,2026-06-11T13:12:14+08:00,arrived_at_destination_city,arrived_at_destination_city,CAR-SYN-STD,DEST-CN-HB-WH,CN-HB-WH,,7
TRE-SYN-B-0187-08,ORD-SYN-B-0187,SHP-SYN-B-0187,2026-06-11T16:07:01+08:00,out_for_delivery,out_for_delivery,CAR-SYN-STD,SITE-CN-HB-WH,CN-HB-WH,,8
TRE-SYN-B-0187-09,ORD-SYN-B-0187,SHP-SYN-B-0187,2026-06-11T19:51:45+08:00,delivered,delivered,CAR-SYN-STD,SITE-CN-HB-WH,CN-HB-WH,,9
TRE-SYN-B-0188-01,ORD-SYN-B-0188,SHP-SYN-B-0188,2026-06-10T16:36:45+08:00,shipment_created,shipment_created,CAR-SYN-STD,ORIGIN-WH-SYN-EAST,CN-SD-QD,,1
TRE-SYN-B-0188-02,ORD-SYN-B-0188,SHP-SYN-B-0188,2026-06-10T19:28:07+08:00,carrier_picked_up,carrier_picked_up,CAR-SYN-STD,ORIGIN-WH-SYN-EAST,CN-SD-QD,,2
TRE-SYN-B-0188-03,ORD-SYN-B-0188,SHP-SYN-B-0188,2026-06-10T20:01:58+08:00,origin_departed,origin_departed,CAR-SYN-STD,ORIGIN-WH-SYN-EAST,CN-SD-QD,,3
TRE-SYN-B-0188-04,ORD-SYN-B-0188,SHP-SYN-B-0188,2026-06-10T20:37:23+08:00,in_transit,in_transit,CAR-SYN-STD,LINEHAUL-SYN-01,CN-SD-QD,,4
TRE-SYN-B-0188-05,ORD-SYN-B-0188,SHP-SYN-B-0188,2026-06-11T07:54:53+08:00,arrived_at_hub,arrived_at_hub,CAR-SYN-STD,HUB-SYN-01,CN-SD-QD,,5
TRE-SYN-B-0188-06,ORD-SYN-B-0188,SHP-SYN-B-0188,2026-06-11T09:34:19+08:00,departed_hub,departed_hub,CAR-SYN-STD,HUB-SYN-01,CN-SD-QD,,6
TRE-SYN-B-0188-07,ORD-SYN-B-0188,SHP-SYN-B-0188,2026-06-11T23:52:15+08:00,arrived_at_destination_city,arrived_at_destination_city,CAR-SYN-STD,DEST-CN-SD-QD,CN-SD-QD,,7
TRE-SYN-B-0188-08,ORD-SYN-B-0188,SHP-SYN-B-0188,2026-06-12T06:59:45+08:00,out_for_delivery,out_for_delivery,CAR-SYN-STD,SITE-CN-SD-QD,CN-SD-QD,,8
TRE-SYN-B-0188-09,ORD-SYN-B-0188,SHP-SYN-B-0188,2026-06-12T09:07:30+08:00,delivered,delivered,CAR-SYN-STD,SITE-CN-SD-QD,CN-SD-QD,,9
TRE-SYN-B-0189-01,ORD-SYN-B-0189,SHP-SYN-B-0189,2026-06-10T18:23:46+08:00,shipment_created,shipment_created,CAR-SYN-STD,ORIGIN-WH-SYN-EAST,CN-SD-QD,,1
TRE-SYN-B-0189-02,ORD-SYN-B-0189,SHP-SYN-B-0189,2026-06-11T00:11:39+08:00,carrier_picked_up,carrier_picked_up,CAR-SYN-STD,ORIGIN-WH-SYN-EAST,CN-SD-QD,,2
TRE-SYN-B-0189-03,ORD-SYN-B-0189,SHP-SYN-B-0189,2026-06-11T00:48:18+08:00,origin_departed,origin_departed,CAR-SYN-STD,ORIGIN-WH-SYN-EAST,CN-SD-QD,,3
TRE-SYN-B-0189-04,ORD-SYN-B-0189,SHP-SYN-B-0189,2026-06-11T01:36:46+08:00,in_transit,in_transit,CAR-SYN-STD,LINEHAUL-SYN-01,CN-SD-QD,,4
TRE-SYN-B-0189-05,ORD-SYN-B-0189,SHP-SYN-B-0189,2026-06-11T13:29:22+08:00,arrived_at_hub,arrived_at_hub,CAR-SYN-STD,HUB-SYN-01,CN-SD-QD,,5
TRE-SYN-B-0189-06,ORD-SYN-B-0189,SHP-SYN-B-0189,2026-06-11T16:48:33+08:00,departed_hub,departed_hub,CAR-SYN-STD,HUB-SYN-01,CN-SD-QD,,6
TRE-SYN-B-0189-07,ORD-SYN-B-0189,SHP-SYN-B-0189,2026-06-12T01:19:43+08:00,arrived_at_destination_city,arrived_at_destination_city,CAR-SYN-STD,DEST-CN-SD-QD,CN-SD-QD,,7
TRE-SYN-B-0189-08,ORD-SYN-B-0189,SHP-SYN-B-0189,2026-06-12T05:04:29+08:00,out_for_delivery,out_for_delivery,CAR-SYN-STD,SITE-CN-SD-QD,CN-SD-QD,,8
TRE-SYN-B-0189-09,ORD-SYN-B-0189,SHP-SYN-B-0189,2026-06-12T07:46:19+08:00,delivered,delivered,CAR-SYN-STD,SITE-CN-SD-QD,CN-SD-QD,,9
TRE-SYN-B-0190-01,ORD-SYN-B-0190,SHP-SYN-B-0190,2026-06-10T22:26:45+08:00,shipment_created,shipment_created,CAR-SYN-FAST,ORIGIN-WH-SYN-EAST,CN-ZJ-HZ,,1
TRE-SYN-B-0190-02,ORD-SYN-B-0190,SHP-SYN-B-0190,2026-06-11T03:26:13+08:00,carrier_picked_up,carrier_picked_up,CAR-SYN-FAST,ORIGIN-WH-SYN-EAST,CN-ZJ-HZ,,2
TRE-SYN-B-0190-03,ORD-SYN-B-0190,SHP-SYN-B-0190,2026-06-11T04:03:53+08:00,origin_departed,origin_departed,CAR-SYN-FAST,ORIGIN-WH-SYN-EAST,CN-ZJ-HZ,,3
TRE-SYN-B-0190-04,ORD-SYN-B-0190,SHP-SYN-B-0190,2026-06-11T04:43:43+08:00,in_transit,in_transit,CAR-SYN-FAST,LINEHAUL-SYN-01,CN-ZJ-HZ,,4
TRE-SYN-B-0190-05,ORD-SYN-B-0190,SHP-SYN-B-0190,2026-06-11T18:22:49+08:00,arrived_at_hub,arrived_at_hub,CAR-SYN-FAST,HUB-SYN-01,CN-ZJ-HZ,,5
TRE-SYN-B-0190-06,ORD-SYN-B-0190,SHP-SYN-B-0190,2026-06-11T20:33:07+08:00,departed_hub,departed_hub,CAR-SYN-FAST,HUB-SYN-01,CN-ZJ-HZ,,6
TRE-SYN-B-0190-07,ORD-SYN-B-0190,SHP-SYN-B-0190,2026-06-12T11:04:02+08:00,arrived_at_destination_city,arrived_at_destination_city,CAR-SYN-FAST,DEST-CN-ZJ-HZ,CN-ZJ-HZ,,7
TRE-SYN-B-0190-08,ORD-SYN-B-0190,SHP-SYN-B-0190,2026-06-12T19:12:11+08:00,out_for_delivery,out_for_delivery,CAR-SYN-FAST,SITE-CN-ZJ-HZ,CN-ZJ-HZ,,8
TRE-SYN-B-0190-09,ORD-SYN-B-0190,SHP-SYN-B-0190,2026-06-12T21:02:42+08:00,delivered,delivered,CAR-SYN-FAST,SITE-CN-ZJ-HZ,CN-ZJ-HZ,,9
TRE-SYN-B-0191-01,ORD-SYN-B-0191,SHP-SYN-B-0191,2026-06-10T13:53:37+08:00,shipment_created,shipment_created,CAR-SYN-FAST,ORIGIN-WH-SYN-WEST,CN-HB-WH,,1
TRE-SYN-B-0191-02,ORD-SYN-B-0191,SHP-SYN-B-0191,2026-06-10T19:27:06+08:00,carrier_picked_up,carrier_picked_up,CAR-SYN-FAST,ORIGIN-WH-SYN-WEST,CN-HB-WH,,2
TRE-SYN-B-0191-03,ORD-SYN-B-0191,SHP-SYN-B-0191,2026-06-10T20:01:05+08:00,origin_departed,origin_departed,CAR-SYN-FAST,ORIGIN-WH-SYN-WEST,CN-HB-WH,,3
TRE-SYN-B-0191-04,ORD-SYN-B-0191,SHP-SYN-B-0191,2026-06-10T21:21:59+08:00,in_transit,in_transit,CAR-SYN-FAST,LINEHAUL-SYN-01,CN-HB-WH,,4
TRE-SYN-B-0191-05,ORD-SYN-B-0191,SHP-SYN-B-0191,2026-06-11T08:10:41+08:00,arrived_at_hub,arrived_at_hub,CAR-SYN-FAST,HUB-SYN-01,CN-HB-WH,,5
TRE-SYN-B-0191-06,ORD-SYN-B-0191,SHP-SYN-B-0191,2026-06-11T09:36:42+08:00,departed_hub,departed_hub,CAR-SYN-FAST,HUB-SYN-01,CN-HB-WH,,6
TRE-SYN-B-0191-07,ORD-SYN-B-0191,SHP-SYN-B-0191,2026-06-11T22:07:08+08:00,arrived_at_destination_city,arrived_at_destination_city,CAR-SYN-FAST,DEST-CN-HB-WH,CN-HB-WH,,7
TRE-SYN-B-0191-08,ORD-SYN-B-0191,SHP-SYN-B-0191,2026-06-12T04:59:51+08:00,out_for_delivery,out_for_delivery,CAR-SYN-FAST,SITE-CN-HB-WH,CN-HB-WH,,8
TRE-SYN-B-0191-09,ORD-SYN-B-0191,SHP-SYN-B-0191,2026-06-12T07:39:47+08:00,delivered,delivered,CAR-SYN-FAST,SITE-CN-HB-WH,CN-HB-WH,,9
TRE-SYN-B-0192-01,ORD-SYN-B-0192,SHP-SYN-B-0192,2026-06-10T17:15:28+08:00,shipment_created,shipment_created,CAR-SYN-STD,ORIGIN-WH-SYN-EAST,CN-JS-NJ,,1
TRE-SYN-B-0192-02,ORD-SYN-B-0192,SHP-SYN-B-0192,2026-06-10T22:15:16+08:00,carrier_picked_up,carrier_picked_up,CAR-SYN-STD,ORIGIN-WH-SYN-EAST,CN-JS-NJ,,2
TRE-SYN-B-0192-03,ORD-SYN-B-0192,SHP-SYN-B-0192,2026-06-10T22:55:44+08:00,origin_departed,origin_departed,CAR-SYN-STD,ORIGIN-WH-SYN-EAST,CN-JS-NJ,,3
TRE-SYN-B-0192-04,ORD-SYN-B-0192,SHP-SYN-B-0192,2026-06-10T23:41:21+08:00,in_transit,in_transit,CAR-SYN-STD,LINEHAUL-SYN-01,CN-JS-NJ,,4
TRE-SYN-B-0192-05,ORD-SYN-B-0192,SHP-SYN-B-0192,2026-06-11T09:43:37+08:00,arrived_at_hub,arrived_at_hub,CAR-SYN-STD,HUB-SYN-01,CN-JS-NJ,,5
TRE-SYN-B-0192-06,ORD-SYN-B-0192,SHP-SYN-B-0192,2026-06-11T12:09:44+08:00,departed_hub,departed_hub,CAR-SYN-STD,HUB-SYN-01,CN-JS-NJ,,6
TRE-SYN-B-0192-07,ORD-SYN-B-0192,SHP-SYN-B-0192,2026-06-11T21:37:27+08:00,arrived_at_destination_city,arrived_at_destination_city,CAR-SYN-STD,DEST-CN-JS-NJ,CN-JS-NJ,,7
TRE-SYN-B-0192-08,ORD-SYN-B-0192,SHP-SYN-B-0192,2026-06-12T01:10:06+08:00,out_for_delivery,out_for_delivery,CAR-SYN-STD,SITE-CN-JS-NJ,CN-JS-NJ,,8
TRE-SYN-B-0192-09,ORD-SYN-B-0192,SHP-SYN-B-0192,2026-06-12T05:11:11+08:00,delivered,delivered,CAR-SYN-STD,SITE-CN-JS-NJ,CN-JS-NJ,,9
TRE-SYN-B-0193-01,ORD-SYN-B-0193,SHP-SYN-B-0193,2026-06-10T20:13:06+08:00,shipment_created,shipment_created,CAR-SYN-FAST,ORIGIN-WH-SYN-EAST,CN-JS-NJ,,1
TRE-SYN-B-0193-02,ORD-SYN-B-0193,SHP-SYN-B-0193,2026-06-11T01:56:01+08:00,carrier_picked_up,carrier_picked_up,CAR-SYN-FAST,ORIGIN-WH-SYN-EAST,CN-JS-NJ,,2
TRE-SYN-B-0193-03,ORD-SYN-B-0193,SHP-SYN-B-0193,2026-06-11T02:58:35+08:00,origin_departed,origin_departed,CAR-SYN-FAST,ORIGIN-WH-SYN-EAST,CN-JS-NJ,,3
TRE-SYN-B-0193-04,ORD-SYN-B-0193,SHP-SYN-B-0193,2026-06-11T04:00:49+08:00,in_transit,in_transit,CAR-SYN-FAST,LINEHAUL-SYN-01,CN-JS-NJ,,4
TRE-SYN-B-0193-05,ORD-SYN-B-0193,SHP-SYN-B-0193,2026-06-11T14:58:31+08:00,arrived_at_hub,arrived_at_hub,CAR-SYN-FAST,HUB-SYN-01,CN-JS-NJ,,5
TRE-SYN-B-0193-06,ORD-SYN-B-0193,SHP-SYN-B-0193,2026-06-11T17:37:44+08:00,departed_hub,departed_hub,CAR-SYN-FAST,HUB-SYN-01,CN-JS-NJ,,6
TRE-SYN-B-0193-07,ORD-SYN-B-0193,SHP-SYN-B-0193,2026-06-12T05:14:24+08:00,arrived_at_destination_city,arrived_at_destination_city,CAR-SYN-FAST,DEST-CN-JS-NJ,CN-JS-NJ,,7
TRE-SYN-B-0193-08,ORD-SYN-B-0193,SHP-SYN-B-0193,2026-06-12T09:36:54+08:00,out_for_delivery,out_for_delivery,CAR-SYN-FAST,SITE-CN-JS-NJ,CN-JS-NJ,,8
TRE-SYN-B-0193-09,ORD-SYN-B-0193,SHP-SYN-B-0193,2026-06-12T12:01:18+08:00,delivered,delivered,CAR-SYN-FAST,SITE-CN-JS-NJ,CN-JS-NJ,,9
TRE-SYN-B-0194-01,ORD-SYN-B-0194,SHP-SYN-B-0194,2026-06-10T22:52:09+08:00,shipment_created,shipment_created,CAR-SYN-FAST,ORIGIN-WH-SYN-EAST,CN-SD-QD,,1
TRE-SYN-B-0194-02,ORD-SYN-B-0194,SHP-SYN-B-0194,2026-06-11T06:44:49+08:00,carrier_picked_up,carrier_picked_up,CAR-SYN-FAST,ORIGIN-WH-SYN-EAST,CN-SD-QD,,2
TRE-SYN-B-0194-03,ORD-SYN-B-0194,SHP-SYN-B-0194,2026-06-11T07:22:00+08:00,origin_departed,origin_departed,CAR-SYN-FAST,ORIGIN-WH-SYN-EAST,CN-SD-QD,,3
TRE-SYN-B-0194-04,ORD-SYN-B-0194,SHP-SYN-B-0194,2026-06-11T08:23:15+08:00,in_transit,in_transit,CAR-SYN-FAST,LINEHAUL-SYN-01,CN-SD-QD,,4
TRE-SYN-B-0194-05,ORD-SYN-B-0194,SHP-SYN-B-0194,2026-06-11T20:30:47+08:00,arrived_at_hub,arrived_at_hub,CAR-SYN-FAST,HUB-SYN-01,CN-SD-QD,,5
TRE-SYN-B-0194-06,ORD-SYN-B-0194,SHP-SYN-B-0194,2026-06-11T23:59:07+08:00,departed_hub,departed_hub,CAR-SYN-FAST,HUB-SYN-01,CN-SD-QD,,6
TRE-SYN-B-0194-07,ORD-SYN-B-0194,SHP-SYN-B-0194,2026-06-12T13:28:38+08:00,arrived_at_destination_city,arrived_at_destination_city,CAR-SYN-FAST,DEST-CN-SD-QD,CN-SD-QD,,7
TRE-SYN-B-0194-08,ORD-SYN-B-0194,SHP-SYN-B-0194,2026-06-12T17:32:13+08:00,out_for_delivery,out_for_delivery,CAR-SYN-FAST,SITE-CN-SD-QD,CN-SD-QD,,8
TRE-SYN-B-0194-09,ORD-SYN-B-0194,SHP-SYN-B-0194,2026-06-12T23:18:08+08:00,delivered,delivered,CAR-SYN-FAST,SITE-CN-SD-QD,CN-SD-QD,,9
TRE-SYN-B-0195-01,ORD-SYN-B-0195,SHP-SYN-B-0195,2026-06-10T15:48:13+08:00,shipment_created,shipment_created,CAR-SYN-FAST,ORIGIN-WH-SYN-EAST,CN-ZJ-HZ,,1
TRE-SYN-B-0195-02,ORD-SYN-B-0195,SHP-SYN-B-0195,2026-06-10T23:47:48+08:00,carrier_picked_up,carrier_picked_up,CAR-SYN-FAST,ORIGIN-WH-SYN-EAST,CN-ZJ-HZ,,2
TRE-SYN-B-0195-03,ORD-SYN-B-0195,SHP-SYN-B-0195,2026-06-11T00:49:34+08:00,origin_departed,origin_departed,CAR-SYN-FAST,ORIGIN-WH-SYN-EAST,CN-ZJ-HZ,,3
TRE-SYN-B-0195-04,ORD-SYN-B-0195,SHP-SYN-B-0195,2026-06-11T02:11:00+08:00,in_transit,in_transit,CAR-SYN-FAST,LINEHAUL-SYN-01,CN-ZJ-HZ,,4
TRE-SYN-B-0195-05,ORD-SYN-B-0195,SHP-SYN-B-0195,2026-06-11T08:21:07+08:00,arrived_at_hub,arrived_at_hub,CAR-SYN-FAST,HUB-SYN-01,CN-ZJ-HZ,,5
TRE-SYN-B-0195-06,ORD-SYN-B-0195,SHP-SYN-B-0195,2026-06-11T11:00:24+08:00,departed_hub,departed_hub,CAR-SYN-FAST,HUB-SYN-01,CN-ZJ-HZ,,6
TRE-SYN-B-0195-07,ORD-SYN-B-0195,SHP-SYN-B-0195,2026-06-11T20:08:54+08:00,arrived_at_destination_city,arrived_at_destination_city,CAR-SYN-FAST,DEST-CN-ZJ-HZ,CN-ZJ-HZ,,7
TRE-SYN-B-0195-08,ORD-SYN-B-0195,SHP-SYN-B-0195,2026-06-12T03:52:53+08:00,out_for_delivery,out_for_delivery,CAR-SYN-FAST,SITE-CN-ZJ-HZ,CN-ZJ-HZ,,8
TRE-SYN-B-0195-09,ORD-SYN-B-0195,SHP-SYN-B-0195,2026-06-12T07:45:40+08:00,delivered,delivered,CAR-SYN-FAST,SITE-CN-ZJ-HZ,CN-ZJ-HZ,,9
TRE-SYN-B-0196-01,ORD-SYN-B-0196,SHP-SYN-B-0196,2026-06-10T17:55:50+08:00,shipment_created,shipment_created,CAR-SYN-FAST,ORIGIN-WH-SYN-EAST,CN-ZJ-HZ,,1
TRE-SYN-B-0196-02,ORD-SYN-B-0196,SHP-SYN-B-0196,2026-06-10T23:39:37+08:00,carrier_picked_up,carrier_picked_up,CAR-SYN-FAST,ORIGIN-WH-SYN-EAST,CN-ZJ-HZ,,2
TRE-SYN-B-0196-03,ORD-SYN-B-0196,SHP-SYN-B-0196,2026-06-11T00:33:48+08:00,origin_departed,origin_departed,CAR-SYN-FAST,ORIGIN-WH-SYN-EAST,CN-ZJ-HZ,,3
TRE-SYN-B-0196-04,ORD-SYN-B-0196,SHP-SYN-B-0196,2026-06-11T01:33:17+08:00,in_transit,in_transit,CAR-SYN-FAST,LINEHAUL-SYN-01,CN-ZJ-HZ,,4
TRE-SYN-B-0196-05,ORD-SYN-B-0196,SHP-SYN-B-0196,2026-06-11T13:17:46+08:00,arrived_at_hub,arrived_at_hub,CAR-SYN-FAST,HUB-SYN-01,CN-ZJ-HZ,,5
TRE-SYN-B-0196-06,ORD-SYN-B-0196,SHP-SYN-B-0196,2026-06-11T14:52:18+08:00,departed_hub,departed_hub,CAR-SYN-FAST,HUB-SYN-01,CN-ZJ-HZ,,6
TRE-SYN-B-0196-07,ORD-SYN-B-0196,SHP-SYN-B-0196,2026-06-12T01:23:39+08:00,arrived_at_destination_city,arrived_at_destination_city,CAR-SYN-FAST,DEST-CN-ZJ-HZ,CN-ZJ-HZ,,7
TRE-SYN-B-0196-08,ORD-SYN-B-0196,SHP-SYN-B-0196,2026-06-12T08:26:35+08:00,out_for_delivery,out_for_delivery,CAR-SYN-FAST,SITE-CN-ZJ-HZ,CN-ZJ-HZ,,8
TRE-SYN-B-0196-09,ORD-SYN-B-0196,SHP-SYN-B-0196,2026-06-12T10:30:30+08:00,delivered,delivered,CAR-SYN-FAST,SITE-CN-ZJ-HZ,CN-ZJ-HZ,,9
TRE-SYN-B-0197-01,ORD-SYN-B-0197,SHP-SYN-B-0197,2026-06-10T21:36:13+08:00,shipment_created,shipment_created,CAR-SYN-ECON,ORIGIN-WH-SYN-EAST,CN-SD-QD,,1
TRE-SYN-B-0197-02,ORD-SYN-B-0197,SHP-SYN-B-0197,2026-06-11T04:39:05+08:00,carrier_picked_up,carrier_picked_up,CAR-SYN-ECON,ORIGIN-WH-SYN-EAST,CN-SD-QD,,2
TRE-SYN-B-0197-03,ORD-SYN-B-0197,SHP-SYN-B-0197,2026-06-11T06:06:28+08:00,origin_departed,origin_departed,CAR-SYN-ECON,ORIGIN-WH-SYN-EAST,CN-SD-QD,,3
TRE-SYN-B-0197-04,ORD-SYN-B-0197,SHP-SYN-B-0197,2026-06-11T06:49:28+08:00,in_transit,in_transit,CAR-SYN-ECON,LINEHAUL-SYN-01,CN-SD-QD,,4
TRE-SYN-B-0197-05,ORD-SYN-B-0197,SHP-SYN-B-0197,2026-06-11T17:35:00+08:00,arrived_at_hub,arrived_at_hub,CAR-SYN-ECON,HUB-SYN-01,CN-SD-QD,,5
TRE-SYN-B-0197-06,ORD-SYN-B-0197,SHP-SYN-B-0197,2026-06-11T21:13:45+08:00,departed_hub,departed_hub,CAR-SYN-ECON,HUB-SYN-01,CN-SD-QD,,6
TRE-SYN-B-0197-07,ORD-SYN-B-0197,SHP-SYN-B-0197,2026-06-12T09:22:58+08:00,arrived_at_destination_city,arrived_at_destination_city,CAR-SYN-ECON,DEST-CN-SD-QD,CN-SD-QD,,7
TRE-SYN-B-0197-08,ORD-SYN-B-0197,SHP-SYN-B-0197,2026-06-12T16:30:04+08:00,out_for_delivery,out_for_delivery,CAR-SYN-ECON,SITE-CN-SD-QD,CN-SD-QD,,8
TRE-SYN-B-0197-09,ORD-SYN-B-0197,SHP-SYN-B-0197,2026-06-12T19:08:54+08:00,delivered,delivered,CAR-SYN-ECON,SITE-CN-SD-QD,CN-SD-QD,,9
TRE-SYN-B-0198-01,ORD-SYN-B-0198,SHP-SYN-B-0198,2026-06-10T13:57:28+08:00,shipment_created,shipment_created,CAR-SYN-FAST,ORIGIN-WH-SYN-WEST,CN-JS-NJ,,1
TRE-SYN-B-0198-02,ORD-SYN-B-0198,SHP-SYN-B-0198,2026-06-10T20:33:38+08:00,carrier_picked_up,carrier_picked_up,CAR-SYN-FAST,ORIGIN-WH-SYN-WEST,CN-JS-NJ,,2
TRE-SYN-B-0198-03,ORD-SYN-B-0198,SHP-SYN-B-0198,2026-06-10T21:52:13+08:00,origin_departed,origin_departed,CAR-SYN-FAST,ORIGIN-WH-SYN-WEST,CN-JS-NJ,,3
TRE-SYN-B-0198-04,ORD-SYN-B-0198,SHP-SYN-B-0198,2026-06-10T23:02:10+08:00,in_transit,in_transit,CAR-SYN-FAST,LINEHAUL-SYN-01,CN-JS-NJ,,4
TRE-SYN-B-0198-05,ORD-SYN-B-0198,SHP-SYN-B-0198,2026-06-11T07:26:50+08:00,arrived_at_hub,arrived_at_hub,CAR-SYN-FAST,HUB-SYN-01,CN-JS-NJ,,5
TRE-SYN-B-0198-06,ORD-SYN-B-0198,SHP-SYN-B-0198,2026-06-11T09:16:34+08:00,departed_hub,departed_hub,CAR-SYN-FAST,HUB-SYN-01,CN-JS-NJ,,6
TRE-SYN-B-0198-07,ORD-SYN-B-0198,SHP-SYN-B-0198,2026-06-11T22:46:20+08:00,arrived_at_destination_city,arrived_at_destination_city,CAR-SYN-FAST,DEST-CN-JS-NJ,CN-JS-NJ,,7
TRE-SYN-B-0198-08,ORD-SYN-B-0198,SHP-SYN-B-0198,2026-06-12T00:57:20+08:00,out_for_delivery,out_for_delivery,CAR-SYN-FAST,SITE-CN-JS-NJ,CN-JS-NJ,,8
TRE-SYN-B-0198-09,ORD-SYN-B-0198,SHP-SYN-B-0198,2026-06-12T05:00:08+08:00,delivered,delivered,CAR-SYN-FAST,SITE-CN-JS-NJ,CN-JS-NJ,,9
TRE-SYN-B-0199-01,ORD-SYN-B-0199,SHP-SYN-B-0199,2026-06-10T16:14:47+08:00,shipment_created,shipment_created,CAR-SYN-STD,ORIGIN-WH-SYN-EAST,CN-SD-QD,,1
TRE-SYN-B-0199-02,ORD-SYN-B-0199,SHP-SYN-B-0199,2026-06-10T21:10:48+08:00,carrier_picked_up,carrier_picked_up,CAR-SYN-STD,ORIGIN-WH-SYN-EAST,CN-SD-QD,,2
TRE-SYN-B-0199-03,ORD-SYN-B-0199,SHP-SYN-B-0199,2026-06-10T22:26:58+08:00,origin_departed,origin_departed,CAR-SYN-STD,ORIGIN-WH-SYN-EAST,CN-SD-QD,,3
TRE-SYN-B-0199-04,ORD-SYN-B-0199,SHP-SYN-B-0199,2026-06-10T23:20:37+08:00,in_transit,in_transit,CAR-SYN-STD,LINEHAUL-SYN-01,CN-SD-QD,,4
TRE-SYN-B-0199-05,ORD-SYN-B-0199,SHP-SYN-B-0199,2026-06-11T08:11:08+08:00,arrived_at_hub,arrived_at_hub,CAR-SYN-STD,HUB-SYN-01,CN-SD-QD,,5
TRE-SYN-B-0199-06,ORD-SYN-B-0199,SHP-SYN-B-0199,2026-06-11T10:25:47+08:00,departed_hub,departed_hub,CAR-SYN-STD,HUB-SYN-01,CN-SD-QD,,6
TRE-SYN-B-0199-07,ORD-SYN-B-0199,SHP-SYN-B-0199,2026-06-11T19:48:47+08:00,arrived_at_destination_city,arrived_at_destination_city,CAR-SYN-STD,DEST-CN-SD-QD,CN-SD-QD,,7
TRE-SYN-B-0199-08,ORD-SYN-B-0199,SHP-SYN-B-0199,2026-06-11T22:39:53+08:00,out_for_delivery,out_for_delivery,CAR-SYN-STD,SITE-CN-SD-QD,CN-SD-QD,,8
TRE-SYN-B-0199-09,ORD-SYN-B-0199,SHP-SYN-B-0199,2026-06-12T03:32:33+08:00,delivered,delivered,CAR-SYN-STD,SITE-CN-SD-QD,CN-SD-QD,,9
TRE-SYN-B-0200-01,ORD-SYN-B-0200,SHP-SYN-B-0200,2026-06-10T19:22:05+08:00,shipment_created,shipment_created,CAR-SYN-STD,ORIGIN-WH-SYN-EAST,CN-SD-QD,,1
TRE-SYN-B-0200-02,ORD-SYN-B-0200,SHP-SYN-B-0200,2026-06-11T02:53:01+08:00,carrier_picked_up,carrier_picked_up,CAR-SYN-STD,ORIGIN-WH-SYN-EAST,CN-SD-QD,,2
TRE-SYN-B-0200-03,ORD-SYN-B-0200,SHP-SYN-B-0200,2026-06-11T04:01:31+08:00,origin_departed,origin_departed,CAR-SYN-STD,ORIGIN-WH-SYN-EAST,CN-SD-QD,,3
TRE-SYN-B-0200-04,ORD-SYN-B-0200,SHP-SYN-B-0200,2026-06-11T04:39:08+08:00,in_transit,in_transit,CAR-SYN-STD,LINEHAUL-SYN-01,CN-SD-QD,,4
TRE-SYN-B-0200-05,ORD-SYN-B-0200,SHP-SYN-B-0200,2026-06-11T12:13:20+08:00,arrived_at_hub,arrived_at_hub,CAR-SYN-STD,HUB-SYN-01,CN-SD-QD,,5
TRE-SYN-B-0200-06,ORD-SYN-B-0200,SHP-SYN-B-0200,2026-06-11T13:44:20+08:00,departed_hub,departed_hub,CAR-SYN-STD,HUB-SYN-01,CN-SD-QD,,6
TRE-SYN-B-0200-07,ORD-SYN-B-0200,SHP-SYN-B-0200,2026-06-12T01:06:45+08:00,arrived_at_destination_city,arrived_at_destination_city,CAR-SYN-STD,DEST-CN-SD-QD,CN-SD-QD,,7
TRE-SYN-B-0200-08,ORD-SYN-B-0200,SHP-SYN-B-0200,2026-06-12T09:03:26+08:00,out_for_delivery,out_for_delivery,CAR-SYN-STD,SITE-CN-SD-QD,CN-SD-QD,,8
TRE-SYN-B-0200-09,ORD-SYN-B-0200,SHP-SYN-B-0200,2026-06-12T14:20:08+08:00,delivered,delivered,CAR-SYN-STD,SITE-CN-SD-QD,CN-SD-QD,,9
TRE-SYN-B-0201-01,ORD-SYN-B-0201,SHP-SYN-B-0201,2026-06-10T21:43:19+08:00,shipment_created,shipment_created,CAR-SYN-FAST,ORIGIN-WH-SYN-WEST,CN-SD-QD,,1
TRE-SYN-B-0201-02,ORD-SYN-B-0201,SHP-SYN-B-0201,2026-06-11T00:43:24+08:00,carrier_picked_up,carrier_picked_up,CAR-SYN-FAST,ORIGIN-WH-SYN-WEST,CN-SD-QD,,2
TRE-SYN-B-0201-03,ORD-SYN-B-0201,SHP-SYN-B-0201,2026-06-11T01:44:18+08:00,origin_departed,origin_departed,CAR-SYN-FAST,ORIGIN-WH-SYN-WEST,CN-SD-QD,,3
TRE-SYN-B-0201-04,ORD-SYN-B-0201,SHP-SYN-B-0201,2026-06-11T02:37:50+08:00,in_transit,in_transit,CAR-SYN-FAST,LINEHAUL-SYN-01,CN-SD-QD,,4
TRE-SYN-B-0201-05,ORD-SYN-B-0201,SHP-SYN-B-0201,2026-06-11T09:24:01+08:00,arrived_at_hub,arrived_at_hub,CAR-SYN-FAST,HUB-SYN-01,CN-SD-QD,,5
TRE-SYN-B-0201-06,ORD-SYN-B-0201,SHP-SYN-B-0201,2026-06-11T11:54:41+08:00,departed_hub,departed_hub,CAR-SYN-FAST,HUB-SYN-01,CN-SD-QD,,6
TRE-SYN-B-0201-07,ORD-SYN-B-0201,SHP-SYN-B-0201,2026-06-11T19:57:48+08:00,arrived_at_destination_city,arrived_at_destination_city,CAR-SYN-FAST,DEST-CN-SD-QD,CN-SD-QD,,7
TRE-SYN-B-0201-08,ORD-SYN-B-0201,SHP-SYN-B-0201,2026-06-11T23:01:34+08:00,out_for_delivery,out_for_delivery,CAR-SYN-FAST,SITE-CN-SD-QD,CN-SD-QD,,8
TRE-SYN-B-0201-09,ORD-SYN-B-0201,SHP-SYN-B-0201,2026-06-12T04:03:18+08:00,delivered,delivered,CAR-SYN-FAST,SITE-CN-SD-QD,CN-SD-QD,,9
TRE-SYN-B-0202-01,ORD-SYN-B-0202,SHP-SYN-B-0202,2026-06-10T14:44:46+08:00,shipment_created,shipment_created,CAR-SYN-STD,ORIGIN-WH-SYN-WEST,CN-SD-QD,,1
TRE-SYN-B-0202-02,ORD-SYN-B-0202,SHP-SYN-B-0202,2026-06-10T19:02:42+08:00,carrier_picked_up,carrier_picked_up,CAR-SYN-STD,ORIGIN-WH-SYN-WEST,CN-SD-QD,,2
TRE-SYN-B-0202-03,ORD-SYN-B-0202,SHP-SYN-B-0202,2026-06-10T19:53:59+08:00,origin_departed,origin_departed,CAR-SYN-STD,ORIGIN-WH-SYN-WEST,CN-SD-QD,,3
TRE-SYN-B-0202-04,ORD-SYN-B-0202,SHP-SYN-B-0202,2026-06-10T21:09:35+08:00,in_transit,in_transit,CAR-SYN-STD,LINEHAUL-SYN-01,CN-SD-QD,,4
TRE-SYN-B-0202-05,ORD-SYN-B-0202,SHP-SYN-B-0202,2026-06-11T09:32:31+08:00,arrived_at_hub,arrived_at_hub,CAR-SYN-STD,HUB-SYN-01,CN-SD-QD,,5
TRE-SYN-B-0202-06,ORD-SYN-B-0202,SHP-SYN-B-0202,2026-06-11T11:47:17+08:00,departed_hub,departed_hub,CAR-SYN-STD,HUB-SYN-01,CN-SD-QD,,6
TRE-SYN-B-0202-07,ORD-SYN-B-0202,SHP-SYN-B-0202,2026-06-11T20:22:51+08:00,arrived_at_destination_city,arrived_at_destination_city,CAR-SYN-STD,DEST-CN-SD-QD,CN-SD-QD,,7
TRE-SYN-B-0202-08,ORD-SYN-B-0202,SHP-SYN-B-0202,2026-06-12T02:04:11+08:00,out_for_delivery,out_for_delivery,CAR-SYN-STD,SITE-CN-SD-QD,CN-SD-QD,,8
TRE-SYN-B-0202-09,ORD-SYN-B-0202,SHP-SYN-B-0202,2026-06-12T07:55:06+08:00,delivered,delivered,CAR-SYN-STD,SITE-CN-SD-QD,CN-SD-QD,,9
TRE-SYN-B-0203-01,ORD-SYN-B-0203,SHP-SYN-B-0203,2026-06-10T17:57:55+08:00,shipment_created,shipment_created,CAR-SYN-FAST,ORIGIN-WH-SYN-WEST,CN-JS-NJ,,1
TRE-SYN-B-0203-02,ORD-SYN-B-0203,SHP-SYN-B-0203,2026-06-10T21:45:25+08:00,carrier_picked_up,carrier_picked_up,CAR-SYN-FAST,ORIGIN-WH-SYN-WEST,CN-JS-NJ,,2
TRE-SYN-B-0203-03,ORD-SYN-B-0203,SHP-SYN-B-0203,2026-06-10T22:35:21+08:00,origin_departed,origin_departed,CAR-SYN-FAST,ORIGIN-WH-SYN-WEST,CN-JS-NJ,,3
TRE-SYN-B-0203-04,ORD-SYN-B-0203,SHP-SYN-B-0203,2026-06-10T23:58:57+08:00,in_transit,in_transit,CAR-SYN-FAST,LINEHAUL-SYN-01,CN-JS-NJ,,4
TRE-SYN-B-0203-05,ORD-SYN-B-0203,SHP-SYN-B-0203,2026-06-11T08:40:57+08:00,arrived_at_hub,arrived_at_hub,CAR-SYN-FAST,HUB-SYN-01,CN-JS-NJ,,5
TRE-SYN-B-0203-06,ORD-SYN-B-0203,SHP-SYN-B-0203,2026-06-11T12:33:55+08:00,departed_hub,departed_hub,CAR-SYN-FAST,HUB-SYN-01,CN-JS-NJ,,6
TRE-SYN-B-0203-07,ORD-SYN-B-0203,SHP-SYN-B-0203,2026-06-11T22:56:46+08:00,arrived_at_destination_city,arrived_at_destination_city,CAR-SYN-FAST,DEST-CN-JS-NJ,CN-JS-NJ,,7
TRE-SYN-B-0203-08,ORD-SYN-B-0203,SHP-SYN-B-0203,2026-06-12T03:59:43+08:00,out_for_delivery,out_for_delivery,CAR-SYN-FAST,SITE-CN-JS-NJ,CN-JS-NJ,,8
TRE-SYN-B-0203-09,ORD-SYN-B-0203,SHP-SYN-B-0203,2026-06-12T06:24:21+08:00,delivered,delivered,CAR-SYN-FAST,SITE-CN-JS-NJ,CN-JS-NJ,,9
TRE-SYN-B-0204-01,ORD-SYN-B-0204,SHP-SYN-B-0204,2026-06-10T19:53:50+08:00,shipment_created,shipment_created,CAR-SYN-FAST,ORIGIN-WH-SYN-EAST,CN-SD-QD,,1
TRE-SYN-B-0204-02,ORD-SYN-B-0204,SHP-SYN-B-0204,2026-06-10T23:52:15+08:00,carrier_picked_up,carrier_picked_up,CAR-SYN-FAST,ORIGIN-WH-SYN-EAST,CN-SD-QD,,2
TRE-SYN-B-0204-03,ORD-SYN-B-0204,SHP-SYN-B-0204,2026-06-11T00:50:40+08:00,origin_departed,origin_departed,CAR-SYN-FAST,ORIGIN-WH-SYN-EAST,CN-SD-QD,,3
TRE-SYN-B-0204-04,ORD-SYN-B-0204,SHP-SYN-B-0204,2026-06-11T02:03:01+08:00,in_transit,in_transit,CAR-SYN-FAST,LINEHAUL-SYN-01,CN-SD-QD,,4
TRE-SYN-B-0204-05,ORD-SYN-B-0204,SHP-SYN-B-0204,2026-06-11T12:16:38+08:00,arrived_at_hub,arrived_at_hub,CAR-SYN-FAST,HUB-SYN-01,CN-SD-QD,,5
TRE-SYN-B-0204-06,ORD-SYN-B-0204,SHP-SYN-B-0204,2026-06-11T14:06:44+08:00,departed_hub,departed_hub,CAR-SYN-FAST,HUB-SYN-01,CN-SD-QD,,6
TRE-SYN-B-0204-07,ORD-SYN-B-0204,SHP-SYN-B-0204,2026-06-11T22:27:46+08:00,arrived_at_destination_city,arrived_at_destination_city,CAR-SYN-FAST,DEST-CN-SD-QD,CN-SD-QD,,7
TRE-SYN-B-0204-08,ORD-SYN-B-0204,SHP-SYN-B-0204,2026-06-12T01:02:08+08:00,out_for_delivery,out_for_delivery,CAR-SYN-FAST,SITE-CN-SD-QD,CN-SD-QD,,8
TRE-SYN-B-0204-09,ORD-SYN-B-0204,SHP-SYN-B-0204,2026-06-12T05:55:54+08:00,delivered,delivered,CAR-SYN-FAST,SITE-CN-SD-QD,CN-SD-QD,,9
TRE-SYN-B-0205-01,ORD-SYN-B-0205,SHP-SYN-B-0205,2026-06-10T23:40:05+08:00,shipment_created,shipment_created,CAR-SYN-FAST,ORIGIN-WH-SYN-EAST,CN-SD-QD,,1
TRE-SYN-B-0205-02,ORD-SYN-B-0205,SHP-SYN-B-0205,2026-06-11T06:41:49+08:00,carrier_picked_up,carrier_picked_up,CAR-SYN-FAST,ORIGIN-WH-SYN-EAST,CN-SD-QD,,2
TRE-SYN-B-0205-03,ORD-SYN-B-0205,SHP-SYN-B-0205,2026-06-11T07:55:49+08:00,origin_departed,origin_departed,CAR-SYN-FAST,ORIGIN-WH-SYN-EAST,CN-SD-QD,,3
TRE-SYN-B-0205-04,ORD-SYN-B-0205,SHP-SYN-B-0205,2026-06-11T09:11:48+08:00,in_transit,in_transit,CAR-SYN-FAST,LINEHAUL-SYN-01,CN-SD-QD,,4
TRE-SYN-B-0205-05,ORD-SYN-B-0205,SHP-SYN-B-0205,2026-06-11T20:11:57+08:00,arrived_at_hub,arrived_at_hub,CAR-SYN-FAST,HUB-SYN-01,CN-SD-QD,,5
TRE-SYN-B-0205-06,ORD-SYN-B-0205,SHP-SYN-B-0205,2026-06-11T21:18:37+08:00,departed_hub,departed_hub,CAR-SYN-FAST,HUB-SYN-01,CN-SD-QD,,6
TRE-SYN-B-0205-07,ORD-SYN-B-0205,SHP-SYN-B-0205,2026-06-12T13:17:30+08:00,arrived_at_destination_city,arrived_at_destination_city,CAR-SYN-FAST,DEST-CN-SD-QD,CN-SD-QD,,7
TRE-SYN-B-0205-08,ORD-SYN-B-0205,SHP-SYN-B-0205,2026-06-12T18:13:28+08:00,out_for_delivery,out_for_delivery,CAR-SYN-FAST,SITE-CN-SD-QD,CN-SD-QD,,8
TRE-SYN-B-0205-09,ORD-SYN-B-0205,SHP-SYN-B-0205,2026-06-12T21:08:20+08:00,delivered,delivered,CAR-SYN-FAST,SITE-CN-SD-QD,CN-SD-QD,,9
TRE-SYN-B-0206-01,ORD-SYN-B-0206,SHP-SYN-B-0206,2026-06-10T14:41:43+08:00,shipment_created,shipment_created,CAR-SYN-STD,ORIGIN-WH-SYN-EAST,CN-HB-WH,,1
TRE-SYN-B-0206-02,ORD-SYN-B-0206,SHP-SYN-B-0206,2026-06-10T18:43:58+08:00,carrier_picked_up,carrier_picked_up,CAR-SYN-STD,ORIGIN-WH-SYN-EAST,CN-HB-WH,,2
TRE-SYN-B-0206-03,ORD-SYN-B-0206,SHP-SYN-B-0206,2026-06-10T19:45:53+08:00,origin_departed,origin_departed,CAR-SYN-STD,ORIGIN-WH-SYN-EAST,CN-HB-WH,,3
TRE-SYN-B-0206-04,ORD-SYN-B-0206,SHP-SYN-B-0206,2026-06-10T20:17:14+08:00,in_transit,in_transit,CAR-SYN-STD,LINEHAUL-SYN-01,CN-HB-WH,,4
TRE-SYN-B-0206-05,ORD-SYN-B-0206,SHP-SYN-B-0206,2026-06-11T04:34:06+08:00,arrived_at_hub,arrived_at_hub,CAR-SYN-STD,HUB-SYN-01,CN-HB-WH,,5
TRE-SYN-B-0206-06,ORD-SYN-B-0206,SHP-SYN-B-0206,2026-06-11T08:29:27+08:00,departed_hub,departed_hub,CAR-SYN-STD,HUB-SYN-01,CN-HB-WH,,6
TRE-SYN-B-0206-07,ORD-SYN-B-0206,SHP-SYN-B-0206,2026-06-11T20:01:54+08:00,arrived_at_destination_city,arrived_at_destination_city,CAR-SYN-STD,DEST-CN-HB-WH,CN-HB-WH,,7
TRE-SYN-B-0206-08,ORD-SYN-B-0206,SHP-SYN-B-0206,2026-06-12T03:27:35+08:00,out_for_delivery,out_for_delivery,CAR-SYN-STD,SITE-CN-HB-WH,CN-HB-WH,,8
TRE-SYN-B-0206-09,ORD-SYN-B-0206,SHP-SYN-B-0206,2026-06-12T04:47:04+08:00,delivered,delivered,CAR-SYN-STD,SITE-CN-HB-WH,CN-HB-WH,,9
TRE-SYN-B-0207-01,ORD-SYN-B-0207,SHP-SYN-B-0207,2026-06-10T18:30:53+08:00,shipment_created,shipment_created,CAR-SYN-STD,ORIGIN-WH-SYN-EAST,CN-JS-NJ,,1
TRE-SYN-B-0207-02,ORD-SYN-B-0207,SHP-SYN-B-0207,2026-06-10T22:39:04+08:00,carrier_picked_up,carrier_picked_up,CAR-SYN-STD,ORIGIN-WH-SYN-EAST,CN-JS-NJ,,2
TRE-SYN-B-0207-03,ORD-SYN-B-0207,SHP-SYN-B-0207,2026-06-10T23:31:44+08:00,origin_departed,origin_departed,CAR-SYN-STD,ORIGIN-WH-SYN-EAST,CN-JS-NJ,,3
TRE-SYN-B-0207-04,ORD-SYN-B-0207,SHP-SYN-B-0207,2026-06-11T00:10:11+08:00,in_transit,in_transit,CAR-SYN-STD,LINEHAUL-SYN-01,CN-JS-NJ,,4
TRE-SYN-B-0207-05,ORD-SYN-B-0207,SHP-SYN-B-0207,2026-06-11T07:43:30+08:00,arrived_at_hub,arrived_at_hub,CAR-SYN-STD,HUB-SYN-01,CN-JS-NJ,,5
TRE-SYN-B-0207-06,ORD-SYN-B-0207,SHP-SYN-B-0207,2026-06-11T11:42:29+08:00,departed_hub,departed_hub,CAR-SYN-STD,HUB-SYN-01,CN-JS-NJ,,6
TRE-SYN-B-0207-07,ORD-SYN-B-0207,SHP-SYN-B-0207,2026-06-11T23:15:43+08:00,arrived_at_destination_city,arrived_at_destination_city,CAR-SYN-STD,DEST-CN-JS-NJ,CN-JS-NJ,,7
TRE-SYN-B-0207-08,ORD-SYN-B-0207,SHP-SYN-B-0207,2026-06-12T02:55:54+08:00,out_for_delivery,out_for_delivery,CAR-SYN-STD,SITE-CN-JS-NJ,CN-JS-NJ,,8
TRE-SYN-B-0207-09,ORD-SYN-B-0207,SHP-SYN-B-0207,2026-06-12T04:51:04+08:00,delivered,delivered,CAR-SYN-STD,SITE-CN-JS-NJ,CN-JS-NJ,,9
TRE-SYN-B-0208-01,ORD-SYN-B-0208,SHP-SYN-B-0208,2026-06-10T21:31:56+08:00,shipment_created,shipment_created,CAR-SYN-FAST,ORIGIN-WH-SYN-EAST,CN-SD-QD,,1
TRE-SYN-B-0208-02,ORD-SYN-B-0208,SHP-SYN-B-0208,2026-06-11T01:32:36+08:00,carrier_picked_up,carrier_picked_up,CAR-SYN-FAST,ORIGIN-WH-SYN-EAST,CN-SD-QD,,2
TRE-SYN-B-0208-03,ORD-SYN-B-0208,SHP-SYN-B-0208,2026-06-11T02:32:16+08:00,origin_departed,origin_departed,CAR-SYN-FAST,ORIGIN-WH-SYN-EAST,CN-SD-QD,,3
TRE-SYN-B-0208-04,ORD-SYN-B-0208,SHP-SYN-B-0208,2026-06-11T03:41:25+08:00,in_transit,in_transit,CAR-SYN-FAST,LINEHAUL-SYN-01,CN-SD-QD,,4
TRE-SYN-B-0208-05,ORD-SYN-B-0208,SHP-SYN-B-0208,2026-06-11T12:59:36+08:00,arrived_at_hub,arrived_at_hub,CAR-SYN-FAST,HUB-SYN-01,CN-SD-QD,,5
TRE-SYN-B-0208-06,ORD-SYN-B-0208,SHP-SYN-B-0208,2026-06-11T14:52:18+08:00,departed_hub,departed_hub,CAR-SYN-FAST,HUB-SYN-01,CN-SD-QD,,6
TRE-SYN-B-0208-07,ORD-SYN-B-0208,SHP-SYN-B-0208,2026-06-12T01:06:11+08:00,arrived_at_destination_city,arrived_at_destination_city,CAR-SYN-FAST,DEST-CN-SD-QD,CN-SD-QD,,7
TRE-SYN-B-0208-08,ORD-SYN-B-0208,SHP-SYN-B-0208,2026-06-12T03:17:44+08:00,out_for_delivery,out_for_delivery,CAR-SYN-FAST,SITE-CN-SD-QD,CN-SD-QD,,8
TRE-SYN-B-0208-09,ORD-SYN-B-0208,SHP-SYN-B-0208,2026-06-12T06:54:04+08:00,delivered,delivered,CAR-SYN-FAST,SITE-CN-SD-QD,CN-SD-QD,,9
TRE-SYN-B-0209-01,ORD-SYN-B-0209,SHP-SYN-B-0209,2026-06-11T13:14:14+08:00,shipment_created,shipment_created,CAR-SYN-STD,ORIGIN-WH-SYN-WEST,CN-ZJ-HZ,,1
TRE-SYN-B-0209-02,ORD-SYN-B-0209,SHP-SYN-B-0209,2026-06-11T20:40:11+08:00,carrier_picked_up,carrier_picked_up,CAR-SYN-STD,ORIGIN-WH-SYN-WEST,CN-ZJ-HZ,,2
TRE-SYN-B-0209-03,ORD-SYN-B-0209,SHP-SYN-B-0209,2026-06-11T21:43:35+08:00,origin_departed,origin_departed,CAR-SYN-STD,ORIGIN-WH-SYN-WEST,CN-ZJ-HZ,,3
TRE-SYN-B-0209-04,ORD-SYN-B-0209,SHP-SYN-B-0209,2026-06-11T22:33:35+08:00,in_transit,in_transit,CAR-SYN-STD,LINEHAUL-SYN-01,CN-ZJ-HZ,,4
TRE-SYN-B-0209-05,ORD-SYN-B-0209,SHP-SYN-B-0209,2026-06-12T05:52:38+08:00,arrived_at_hub,arrived_at_hub,CAR-SYN-STD,HUB-SYN-01,CN-ZJ-HZ,,5
TRE-SYN-B-0209-06,ORD-SYN-B-0209,SHP-SYN-B-0209,2026-06-12T09:36:11+08:00,departed_hub,departed_hub,CAR-SYN-STD,HUB-SYN-01,CN-ZJ-HZ,,6
TRE-SYN-B-0209-07,ORD-SYN-B-0209,SHP-SYN-B-0209,2026-06-12T23:12:52+08:00,arrived_at_destination_city,arrived_at_destination_city,CAR-SYN-STD,DEST-CN-ZJ-HZ,CN-ZJ-HZ,,7
TRE-SYN-B-0209-08,ORD-SYN-B-0209,SHP-SYN-B-0209,2026-06-13T04:06:43+08:00,out_for_delivery,out_for_delivery,CAR-SYN-STD,SITE-CN-ZJ-HZ,CN-ZJ-HZ,,8
TRE-SYN-B-0209-09,ORD-SYN-B-0209,SHP-SYN-B-0209,2026-06-13T05:09:40+08:00,delivered,delivered,CAR-SYN-STD,SITE-CN-ZJ-HZ,CN-ZJ-HZ,,9
TRE-SYN-B-0210-01,ORD-SYN-B-0210,SHP-SYN-B-0210,2026-06-11T16:38:24+08:00,shipment_created,shipment_created,CAR-SYN-FAST,ORIGIN-WH-SYN-EAST,CN-SD-QD,,1
TRE-SYN-B-0210-02,ORD-SYN-B-0210,SHP-SYN-B-0210,2026-06-11T21:42:34+08:00,carrier_picked_up,carrier_picked_up,CAR-SYN-FAST,ORIGIN-WH-SYN-EAST,CN-SD-QD,,2
TRE-SYN-B-0210-03,ORD-SYN-B-0210,SHP-SYN-B-0210,2026-06-11T23:03:51+08:00,origin_departed,origin_departed,CAR-SYN-FAST,ORIGIN-WH-SYN-EAST,CN-SD-QD,,3
TRE-SYN-B-0210-04,ORD-SYN-B-0210,SHP-SYN-B-0210,2026-06-11T23:56:20+08:00,in_transit,in_transit,CAR-SYN-FAST,LINEHAUL-SYN-01,CN-SD-QD,,4
TRE-SYN-B-0210-05,ORD-SYN-B-0210,SHP-SYN-B-0210,2026-06-12T06:05:37+08:00,arrived_at_hub,arrived_at_hub,CAR-SYN-FAST,HUB-SYN-01,CN-SD-QD,,5
TRE-SYN-B-0210-06,ORD-SYN-B-0210,SHP-SYN-B-0210,2026-06-12T09:47:33+08:00,departed_hub,departed_hub,CAR-SYN-FAST,HUB-SYN-01,CN-SD-QD,,6
TRE-SYN-B-0210-07,ORD-SYN-B-0210,SHP-SYN-B-0210,2026-06-12T23:56:00+08:00,arrived_at_destination_city,arrived_at_destination_city,CAR-SYN-FAST,DEST-CN-SD-QD,CN-SD-QD,,7
TRE-SYN-B-0210-08,ORD-SYN-B-0210,SHP-SYN-B-0210,2026-06-13T02:12:20+08:00,out_for_delivery,out_for_delivery,CAR-SYN-FAST,SITE-CN-SD-QD,CN-SD-QD,,8
TRE-SYN-B-0210-09,ORD-SYN-B-0210,SHP-SYN-B-0210,2026-06-13T06:07:35+08:00,delivered,delivered,CAR-SYN-FAST,SITE-CN-SD-QD,CN-SD-QD,,9
TRE-SYN-B-0211-01,ORD-SYN-B-0211,SHP-SYN-B-0211,2026-06-11T19:14:38+08:00,shipment_created,shipment_created,CAR-SYN-ECON,ORIGIN-WH-SYN-EAST,CN-HB-WH,,1
TRE-SYN-B-0211-02,ORD-SYN-B-0211,SHP-SYN-B-0211,2026-06-12T00:33:52+08:00,carrier_picked_up,carrier_picked_up,CAR-SYN-ECON,ORIGIN-WH-SYN-EAST,CN-HB-WH,,2
TRE-SYN-B-0211-03,ORD-SYN-B-0211,SHP-SYN-B-0211,2026-06-12T01:11:12+08:00,origin_departed,origin_departed,CAR-SYN-ECON,ORIGIN-WH-SYN-EAST,CN-HB-WH,,3
TRE-SYN-B-0211-04,ORD-SYN-B-0211,SHP-SYN-B-0211,2026-06-12T02:10:46+08:00,in_transit,in_transit,CAR-SYN-ECON,LINEHAUL-SYN-01,CN-HB-WH,,4
TRE-SYN-B-0211-05,ORD-SYN-B-0211,SHP-SYN-B-0211,2026-06-12T08:55:40+08:00,arrived_at_hub,arrived_at_hub,CAR-SYN-ECON,HUB-SYN-01,CN-HB-WH,,5
TRE-SYN-B-0211-06,ORD-SYN-B-0211,SHP-SYN-B-0211,2026-06-12T12:08:46+08:00,departed_hub,departed_hub,CAR-SYN-ECON,HUB-SYN-01,CN-HB-WH,,6
TRE-SYN-B-0211-07,ORD-SYN-B-0211,SHP-SYN-B-0211,2026-06-12T23:07:23+08:00,arrived_at_destination_city,arrived_at_destination_city,CAR-SYN-ECON,DEST-CN-HB-WH,CN-HB-WH,,7
TRE-SYN-B-0211-08,ORD-SYN-B-0211,SHP-SYN-B-0211,2026-06-13T07:46:42+08:00,out_for_delivery,out_for_delivery,CAR-SYN-ECON,SITE-CN-HB-WH,CN-HB-WH,,8
TRE-SYN-B-0211-09,ORD-SYN-B-0211,SHP-SYN-B-0211,2026-06-13T09:23:24+08:00,delivered,delivered,CAR-SYN-ECON,SITE-CN-HB-WH,CN-HB-WH,,9
TRE-SYN-B-0212-01,ORD-SYN-B-0212,SHP-SYN-B-0212,2026-06-11T22:08:03+08:00,shipment_created,shipment_created,CAR-SYN-ECON,ORIGIN-WH-SYN-WEST,CN-ZJ-HZ,,1
TRE-SYN-B-0212-02,ORD-SYN-B-0212,SHP-SYN-B-0212,2026-06-12T00:48:38+08:00,carrier_picked_up,carrier_picked_up,CAR-SYN-ECON,ORIGIN-WH-SYN-WEST,CN-ZJ-HZ,,2
TRE-SYN-B-0212-03,ORD-SYN-B-0212,SHP-SYN-B-0212,2026-06-12T01:48:31+08:00,origin_departed,origin_departed,CAR-SYN-ECON,ORIGIN-WH-SYN-WEST,CN-ZJ-HZ,,3
TRE-SYN-B-0212-04,ORD-SYN-B-0212,SHP-SYN-B-0212,2026-06-12T02:57:26+08:00,in_transit,in_transit,CAR-SYN-ECON,LINEHAUL-SYN-01,CN-ZJ-HZ,,4
TRE-SYN-B-0212-05,ORD-SYN-B-0212,SHP-SYN-B-0212,2026-06-12T13:54:56+08:00,arrived_at_hub,arrived_at_hub,CAR-SYN-ECON,HUB-SYN-01,CN-ZJ-HZ,,5
TRE-SYN-B-0212-06,ORD-SYN-B-0212,SHP-SYN-B-0212,2026-06-12T17:50:45+08:00,departed_hub,departed_hub,CAR-SYN-ECON,HUB-SYN-01,CN-ZJ-HZ,,6
TRE-SYN-B-0212-07,ORD-SYN-B-0212,SHP-SYN-B-0212,2026-06-13T05:51:36+08:00,arrived_at_destination_city,arrived_at_destination_city,CAR-SYN-ECON,DEST-CN-ZJ-HZ,CN-ZJ-HZ,,7
TRE-SYN-B-0212-08,ORD-SYN-B-0212,SHP-SYN-B-0212,2026-06-13T14:13:23+08:00,out_for_delivery,out_for_delivery,CAR-SYN-ECON,SITE-CN-ZJ-HZ,CN-ZJ-HZ,,8
TRE-SYN-B-0212-09,ORD-SYN-B-0212,SHP-SYN-B-0212,2026-06-13T16:04:20+08:00,delivered,delivered,CAR-SYN-ECON,SITE-CN-ZJ-HZ,CN-ZJ-HZ,,9
TRE-SYN-B-0213-01,ORD-SYN-B-0213,SHP-SYN-B-0213,2026-06-11T14:45:58+08:00,shipment_created,shipment_created,CAR-SYN-FAST,ORIGIN-WH-SYN-EAST,CN-HB-WH,,1
TRE-SYN-B-0213-02,ORD-SYN-B-0213,SHP-SYN-B-0213,2026-06-11T18:41:57+08:00,carrier_picked_up,carrier_picked_up,CAR-SYN-FAST,ORIGIN-WH-SYN-EAST,CN-HB-WH,,2
TRE-SYN-B-0213-03,ORD-SYN-B-0213,SHP-SYN-B-0213,2026-06-11T19:57:30+08:00,origin_departed,origin_departed,CAR-SYN-FAST,ORIGIN-WH-SYN-EAST,CN-HB-WH,,3
TRE-SYN-B-0213-04,ORD-SYN-B-0213,SHP-SYN-B-0213,2026-06-11T21:11:29+08:00,in_transit,in_transit,CAR-SYN-FAST,LINEHAUL-SYN-01,CN-HB-WH,,4
TRE-SYN-B-0213-05,ORD-SYN-B-0213,SHP-SYN-B-0213,2026-06-12T06:30:55+08:00,arrived_at_hub,arrived_at_hub,CAR-SYN-FAST,HUB-SYN-01,CN-HB-WH,,5
TRE-SYN-B-0213-06,ORD-SYN-B-0213,SHP-SYN-B-0213,2026-06-12T07:32:56+08:00,departed_hub,departed_hub,CAR-SYN-FAST,HUB-SYN-01,CN-HB-WH,,6
TRE-SYN-B-0213-07,ORD-SYN-B-0213,SHP-SYN-B-0213,2026-06-12T15:47:35+08:00,arrived_at_destination_city,arrived_at_destination_city,CAR-SYN-FAST,DEST-CN-HB-WH,CN-HB-WH,,7
TRE-SYN-B-0213-08,ORD-SYN-B-0213,SHP-SYN-B-0213,2026-06-12T18:29:52+08:00,out_for_delivery,out_for_delivery,CAR-SYN-FAST,SITE-CN-HB-WH,CN-HB-WH,,8
TRE-SYN-B-0213-09,ORD-SYN-B-0213,SHP-SYN-B-0213,2026-06-12T20:46:56+08:00,delivered,delivered,CAR-SYN-FAST,SITE-CN-HB-WH,CN-HB-WH,,9
TRE-SYN-B-0214-01,ORD-SYN-B-0214,SHP-SYN-B-0214,2026-06-11T17:07:42+08:00,shipment_created,shipment_created,CAR-SYN-STD,ORIGIN-WH-SYN-EAST,CN-ZJ-HZ,,1
TRE-SYN-B-0214-02,ORD-SYN-B-0214,SHP-SYN-B-0214,2026-06-11T23:22:57+08:00,carrier_picked_up,carrier_picked_up,CAR-SYN-STD,ORIGIN-WH-SYN-EAST,CN-ZJ-HZ,,2
TRE-SYN-B-0214-03,ORD-SYN-B-0214,SHP-SYN-B-0214,2026-06-12T00:27:49+08:00,origin_departed,origin_departed,CAR-SYN-STD,ORIGIN-WH-SYN-EAST,CN-ZJ-HZ,,3
TRE-SYN-B-0214-04,ORD-SYN-B-0214,SHP-SYN-B-0214,2026-06-12T01:16:40+08:00,in_transit,in_transit,CAR-SYN-STD,LINEHAUL-SYN-01,CN-ZJ-HZ,,4
TRE-SYN-B-0214-05,ORD-SYN-B-0214,SHP-SYN-B-0214,2026-06-12T11:46:06+08:00,arrived_at_hub,arrived_at_hub,CAR-SYN-STD,HUB-SYN-01,CN-ZJ-HZ,,5
TRE-SYN-B-0214-06,ORD-SYN-B-0214,SHP-SYN-B-0214,2026-06-12T15:22:18+08:00,departed_hub,departed_hub,CAR-SYN-STD,HUB-SYN-01,CN-ZJ-HZ,,6
TRE-SYN-B-0214-07,ORD-SYN-B-0214,SHP-SYN-B-0214,2026-06-13T05:44:18+08:00,arrived_at_destination_city,arrived_at_destination_city,CAR-SYN-STD,DEST-CN-ZJ-HZ,CN-ZJ-HZ,,7
TRE-SYN-B-0214-08,ORD-SYN-B-0214,SHP-SYN-B-0214,2026-06-13T12:34:08+08:00,out_for_delivery,out_for_delivery,CAR-SYN-STD,SITE-CN-ZJ-HZ,CN-ZJ-HZ,,8
TRE-SYN-B-0214-09,ORD-SYN-B-0214,SHP-SYN-B-0214,2026-06-13T14:37:44+08:00,delivered,delivered,CAR-SYN-STD,SITE-CN-ZJ-HZ,CN-ZJ-HZ,,9
TRE-SYN-B-0215-01,ORD-SYN-B-0215,SHP-SYN-B-0215,2026-06-11T20:34:47+08:00,shipment_created,shipment_created,CAR-SYN-STD,ORIGIN-WH-SYN-WEST,CN-HB-WH,,1
TRE-SYN-B-0215-02,ORD-SYN-B-0215,SHP-SYN-B-0215,2026-06-11T23:26:43+08:00,carrier_picked_up,carrier_picked_up,CAR-SYN-STD,ORIGIN-WH-SYN-WEST,CN-HB-WH,,2
TRE-SYN-B-0215-03,ORD-SYN-B-0215,SHP-SYN-B-0215,2026-06-12T00:07:27+08:00,origin_departed,origin_departed,CAR-SYN-STD,ORIGIN-WH-SYN-WEST,CN-HB-WH,,3
TRE-SYN-B-0215-04,ORD-SYN-B-0215,SHP-SYN-B-0215,2026-06-12T00:48:00+08:00,in_transit,in_transit,CAR-SYN-STD,LINEHAUL-SYN-01,CN-HB-WH,,4
TRE-SYN-B-0215-05,ORD-SYN-B-0215,SHP-SYN-B-0215,2026-06-12T14:23:50+08:00,arrived_at_hub,arrived_at_hub,CAR-SYN-STD,HUB-SYN-01,CN-HB-WH,,5
TRE-SYN-B-0215-06,ORD-SYN-B-0215,SHP-SYN-B-0215,2026-06-12T18:16:14+08:00,departed_hub,departed_hub,CAR-SYN-STD,HUB-SYN-01,CN-HB-WH,,6
TRE-SYN-B-0215-07,ORD-SYN-B-0215,SHP-SYN-B-0215,2026-06-13T05:04:06+08:00,arrived_at_destination_city,arrived_at_destination_city,CAR-SYN-STD,DEST-CN-HB-WH,CN-HB-WH,,7
TRE-SYN-B-0215-08,ORD-SYN-B-0215,SHP-SYN-B-0215,2026-06-13T12:58:57+08:00,out_for_delivery,out_for_delivery,CAR-SYN-STD,SITE-CN-HB-WH,CN-HB-WH,,8
TRE-SYN-B-0215-09,ORD-SYN-B-0215,SHP-SYN-B-0215,2026-06-13T14:36:57+08:00,delivered,delivered,CAR-SYN-STD,SITE-CN-HB-WH,CN-HB-WH,,9
TRE-SYN-B-0216-01,ORD-SYN-B-0216,SHP-SYN-B-0216,2026-06-11T22:54:06+08:00,shipment_created,shipment_created,CAR-SYN-FAST,ORIGIN-WH-SYN-WEST,CN-SD-QD,,1
TRE-SYN-B-0216-02,ORD-SYN-B-0216,SHP-SYN-B-0216,2026-06-12T04:05:25+08:00,carrier_picked_up,carrier_picked_up,CAR-SYN-FAST,ORIGIN-WH-SYN-WEST,CN-SD-QD,,2
TRE-SYN-B-0216-03,ORD-SYN-B-0216,SHP-SYN-B-0216,2026-06-12T04:45:57+08:00,origin_departed,origin_departed,CAR-SYN-FAST,ORIGIN-WH-SYN-WEST,CN-SD-QD,,3
TRE-SYN-B-0216-04,ORD-SYN-B-0216,SHP-SYN-B-0216,2026-06-12T05:56:08+08:00,in_transit,in_transit,CAR-SYN-FAST,LINEHAUL-SYN-01,CN-SD-QD,,4
TRE-SYN-B-0216-05,ORD-SYN-B-0216,SHP-SYN-B-0216,2026-06-12T16:33:30+08:00,arrived_at_hub,arrived_at_hub,CAR-SYN-FAST,HUB-SYN-01,CN-SD-QD,,5
TRE-SYN-B-0216-06,ORD-SYN-B-0216,SHP-SYN-B-0216,2026-06-12T18:11:29+08:00,departed_hub,departed_hub,CAR-SYN-FAST,HUB-SYN-01,CN-SD-QD,,6
TRE-SYN-B-0216-07,ORD-SYN-B-0216,SHP-SYN-B-0216,2026-06-13T03:10:14+08:00,arrived_at_destination_city,arrived_at_destination_city,CAR-SYN-FAST,DEST-CN-SD-QD,CN-SD-QD,,7
TRE-SYN-B-0216-08,ORD-SYN-B-0216,SHP-SYN-B-0216,2026-06-13T10:32:49+08:00,out_for_delivery,out_for_delivery,CAR-SYN-FAST,SITE-CN-SD-QD,CN-SD-QD,,8
TRE-SYN-B-0216-09,ORD-SYN-B-0216,SHP-SYN-B-0216,2026-06-13T16:19:52+08:00,delivered,delivered,CAR-SYN-FAST,SITE-CN-SD-QD,CN-SD-QD,,9
TRE-SYN-B-0217-01,ORD-SYN-B-0217,SHP-SYN-B-0217,2026-06-11T15:41:41+08:00,shipment_created,shipment_created,CAR-SYN-FAST,ORIGIN-WH-SYN-WEST,CN-JS-NJ,,1
TRE-SYN-B-0217-02,ORD-SYN-B-0217,SHP-SYN-B-0217,2026-06-11T19:48:59+08:00,carrier_picked_up,carrier_picked_up,CAR-SYN-FAST,ORIGIN-WH-SYN-WEST,CN-JS-NJ,,2
TRE-SYN-B-0217-03,ORD-SYN-B-0217,SHP-SYN-B-0217,2026-06-11T21:04:19+08:00,origin_departed,origin_departed,CAR-SYN-FAST,ORIGIN-WH-SYN-WEST,CN-JS-NJ,,3
TRE-SYN-B-0217-04,ORD-SYN-B-0217,SHP-SYN-B-0217,2026-06-11T21:47:42+08:00,in_transit,in_transit,CAR-SYN-FAST,LINEHAUL-SYN-01,CN-JS-NJ,,4
TRE-SYN-B-0217-05,ORD-SYN-B-0217,SHP-SYN-B-0217,2026-06-12T05:50:15+08:00,arrived_at_hub,arrived_at_hub,CAR-SYN-FAST,HUB-SYN-01,CN-JS-NJ,,5
TRE-SYN-B-0217-06,ORD-SYN-B-0217,SHP-SYN-B-0217,2026-06-12T08:19:52+08:00,departed_hub,departed_hub,CAR-SYN-FAST,HUB-SYN-01,CN-JS-NJ,,6
TRE-SYN-B-0217-07,ORD-SYN-B-0217,SHP-SYN-B-0217,2026-06-12T17:00:41+08:00,arrived_at_destination_city,arrived_at_destination_city,CAR-SYN-FAST,DEST-CN-JS-NJ,CN-JS-NJ,,7
TRE-SYN-B-0217-08,ORD-SYN-B-0217,SHP-SYN-B-0217,2026-06-12T21:44:07+08:00,out_for_delivery,out_for_delivery,CAR-SYN-FAST,SITE-CN-JS-NJ,CN-JS-NJ,,8
TRE-SYN-B-0217-09,ORD-SYN-B-0217,SHP-SYN-B-0217,2026-06-13T02:48:17+08:00,delivered,delivered,CAR-SYN-FAST,SITE-CN-JS-NJ,CN-JS-NJ,,9
TRE-SYN-B-0218-01,ORD-SYN-B-0218,SHP-SYN-B-0218,2026-06-11T18:25:01+08:00,shipment_created,shipment_created,CAR-SYN-FAST,ORIGIN-WH-SYN-EAST,CN-JS-NJ,,1
TRE-SYN-B-0218-02,ORD-SYN-B-0218,SHP-SYN-B-0218,2026-06-11T22:05:04+08:00,carrier_picked_up,carrier_picked_up,CAR-SYN-FAST,ORIGIN-WH-SYN-EAST,CN-JS-NJ,,2
TRE-SYN-B-0218-03,ORD-SYN-B-0218,SHP-SYN-B-0218,2026-06-11T23:30:21+08:00,origin_departed,origin_departed,CAR-SYN-FAST,ORIGIN-WH-SYN-EAST,CN-JS-NJ,,3
TRE-SYN-B-0218-04,ORD-SYN-B-0218,SHP-SYN-B-0218,2026-06-12T00:09:11+08:00,in_transit,in_transit,CAR-SYN-FAST,LINEHAUL-SYN-01,CN-JS-NJ,,4
TRE-SYN-B-0218-05,ORD-SYN-B-0218,SHP-SYN-B-0218,2026-06-12T12:50:05+08:00,arrived_at_hub,arrived_at_hub,CAR-SYN-FAST,HUB-SYN-01,CN-JS-NJ,,5
TRE-SYN-B-0218-06,ORD-SYN-B-0218,SHP-SYN-B-0218,2026-06-12T15:24:00+08:00,departed_hub,departed_hub,CAR-SYN-FAST,HUB-SYN-01,CN-JS-NJ,,6
TRE-SYN-B-0218-07,ORD-SYN-B-0218,SHP-SYN-B-0218,2026-06-13T00:31:14+08:00,arrived_at_destination_city,arrived_at_destination_city,CAR-SYN-FAST,DEST-CN-JS-NJ,CN-JS-NJ,,7
TRE-SYN-B-0218-08,ORD-SYN-B-0218,SHP-SYN-B-0218,2026-06-13T03:50:58+08:00,out_for_delivery,out_for_delivery,CAR-SYN-FAST,SITE-CN-JS-NJ,CN-JS-NJ,,8
TRE-SYN-B-0218-09,ORD-SYN-B-0218,SHP-SYN-B-0218,2026-06-13T08:05:22+08:00,delivered,delivered,CAR-SYN-FAST,SITE-CN-JS-NJ,CN-JS-NJ,,9
TRE-SYN-B-0219-01,ORD-SYN-B-0219,SHP-SYN-B-0219,2026-06-11T20:57:57+08:00,shipment_created,shipment_created,CAR-SYN-FAST,ORIGIN-WH-SYN-EAST,CN-ZJ-HZ,,1
TRE-SYN-B-0219-02,ORD-SYN-B-0219,SHP-SYN-B-0219,2026-06-12T02:45:13+08:00,carrier_picked_up,carrier_picked_up,CAR-SYN-FAST,ORIGIN-WH-SYN-EAST,CN-ZJ-HZ,,2
TRE-SYN-B-0219-03,ORD-SYN-B-0219,SHP-SYN-B-0219,2026-06-12T04:15:08+08:00,origin_departed,origin_departed,CAR-SYN-FAST,ORIGIN-WH-SYN-EAST,CN-ZJ-HZ,,3
TRE-SYN-B-0219-04,ORD-SYN-B-0219,SHP-SYN-B-0219,2026-06-12T05:35:52+08:00,in_transit,in_transit,CAR-SYN-FAST,LINEHAUL-SYN-01,CN-ZJ-HZ,,4
TRE-SYN-B-0219-05,ORD-SYN-B-0219,SHP-SYN-B-0219,2026-06-12T13:36:05+08:00,arrived_at_hub,arrived_at_hub,CAR-SYN-FAST,HUB-SYN-01,CN-ZJ-HZ,,5
TRE-SYN-B-0219-06,ORD-SYN-B-0219,SHP-SYN-B-0219,2026-06-12T17:16:36+08:00,departed_hub,departed_hub,CAR-SYN-FAST,HUB-SYN-01,CN-ZJ-HZ,,6
TRE-SYN-B-0219-07,ORD-SYN-B-0219,SHP-SYN-B-0219,2026-06-13T09:01:12+08:00,arrived_at_destination_city,arrived_at_destination_city,CAR-SYN-FAST,DEST-CN-ZJ-HZ,CN-ZJ-HZ,,7
TRE-SYN-B-0219-08,ORD-SYN-B-0219,SHP-SYN-B-0219,2026-06-13T11:18:45+08:00,out_for_delivery,out_for_delivery,CAR-SYN-FAST,SITE-CN-ZJ-HZ,CN-ZJ-HZ,,8
TRE-SYN-B-0219-09,ORD-SYN-B-0219,SHP-SYN-B-0219,2026-06-13T14:59:52+08:00,delivered,delivered,CAR-SYN-FAST,SITE-CN-ZJ-HZ,CN-ZJ-HZ,,9
TRE-SYN-B-0220-01,ORD-SYN-B-0220,SHP-SYN-B-0220,2026-06-11T13:32:41+08:00,shipment_created,shipment_created,CAR-SYN-FAST,ORIGIN-WH-SYN-EAST,CN-HB-WH,,1
TRE-SYN-B-0220-02,ORD-SYN-B-0220,SHP-SYN-B-0220,2026-06-11T19:38:42+08:00,carrier_picked_up,carrier_picked_up,CAR-SYN-FAST,ORIGIN-WH-SYN-EAST,CN-HB-WH,,2
TRE-SYN-B-0220-03,ORD-SYN-B-0220,SHP-SYN-B-0220,2026-06-11T20:23:42+08:00,origin_departed,origin_departed,CAR-SYN-FAST,ORIGIN-WH-SYN-EAST,CN-HB-WH,,3
TRE-SYN-B-0220-04,ORD-SYN-B-0220,SHP-SYN-B-0220,2026-06-11T21:42:22+08:00,in_transit,in_transit,CAR-SYN-FAST,LINEHAUL-SYN-01,CN-HB-WH,,4
TRE-SYN-B-0220-05,ORD-SYN-B-0220,SHP-SYN-B-0220,2026-06-12T05:16:06+08:00,arrived_at_hub,arrived_at_hub,CAR-SYN-FAST,HUB-SYN-01,CN-HB-WH,,5
TRE-SYN-B-0220-06,ORD-SYN-B-0220,SHP-SYN-B-0220,2026-06-12T06:35:36+08:00,departed_hub,departed_hub,CAR-SYN-FAST,HUB-SYN-01,CN-HB-WH,,6
TRE-SYN-B-0220-07,ORD-SYN-B-0220,SHP-SYN-B-0220,2026-06-12T22:08:39+08:00,arrived_at_destination_city,arrived_at_destination_city,CAR-SYN-FAST,DEST-CN-HB-WH,CN-HB-WH,,7
TRE-SYN-B-0220-08,ORD-SYN-B-0220,SHP-SYN-B-0220,2026-06-13T03:50:46+08:00,out_for_delivery,out_for_delivery,CAR-SYN-FAST,SITE-CN-HB-WH,CN-HB-WH,,8
TRE-SYN-B-0220-09,ORD-SYN-B-0220,SHP-SYN-B-0220,2026-06-13T07:09:55+08:00,delivered,delivered,CAR-SYN-FAST,SITE-CN-HB-WH,CN-HB-WH,,9
TRE-SYN-B-0221-01,ORD-SYN-B-0221,SHP-SYN-B-0221,2026-06-11T15:58:51+08:00,shipment_created,shipment_created,CAR-SYN-STD,ORIGIN-WH-SYN-EAST,CN-ZJ-HZ,,1
TRE-SYN-B-0221-02,ORD-SYN-B-0221,SHP-SYN-B-0221,2026-06-11T21:27:16+08:00,carrier_picked_up,carrier_picked_up,CAR-SYN-STD,ORIGIN-WH-SYN-EAST,CN-ZJ-HZ,,2
TRE-SYN-B-0221-03,ORD-SYN-B-0221,SHP-SYN-B-0221,2026-06-11T22:04:52+08:00,origin_departed,origin_departed,CAR-SYN-STD,ORIGIN-WH-SYN-EAST,CN-ZJ-HZ,,3
TRE-SYN-B-0221-04,ORD-SYN-B-0221,SHP-SYN-B-0221,2026-06-11T23:06:30+08:00,in_transit,in_transit,CAR-SYN-STD,LINEHAUL-SYN-01,CN-ZJ-HZ,,4
TRE-SYN-B-0221-05,ORD-SYN-B-0221,SHP-SYN-B-0221,2026-06-12T10:47:24+08:00,arrived_at_hub,arrived_at_hub,CAR-SYN-STD,HUB-SYN-01,CN-ZJ-HZ,,5
TRE-SYN-B-0221-06,ORD-SYN-B-0221,SHP-SYN-B-0221,2026-06-12T13:49:19+08:00,departed_hub,departed_hub,CAR-SYN-STD,HUB-SYN-01,CN-ZJ-HZ,,6
TRE-SYN-B-0221-07,ORD-SYN-B-0221,SHP-SYN-B-0221,2026-06-12T22:12:29+08:00,arrived_at_destination_city,arrived_at_destination_city,CAR-SYN-STD,DEST-CN-ZJ-HZ,CN-ZJ-HZ,,7
TRE-SYN-B-0221-08,ORD-SYN-B-0221,SHP-SYN-B-0221,2026-06-13T00:44:06+08:00,out_for_delivery,out_for_delivery,CAR-SYN-STD,SITE-CN-ZJ-HZ,CN-ZJ-HZ,,8
TRE-SYN-B-0221-09,ORD-SYN-B-0221,SHP-SYN-B-0221,2026-06-13T04:03:12+08:00,delivered,delivered,CAR-SYN-STD,SITE-CN-ZJ-HZ,CN-ZJ-HZ,,9
TRE-SYN-B-0222-01,ORD-SYN-B-0222,SHP-SYN-B-0222,2026-06-11T19:19:47+08:00,shipment_created,shipment_created,CAR-SYN-ECON,ORIGIN-WH-SYN-WEST,CN-HB-WH,,1
TRE-SYN-B-0222-02,ORD-SYN-B-0222,SHP-SYN-B-0222,2026-06-12T02:28:41+08:00,carrier_picked_up,carrier_picked_up,CAR-SYN-ECON,ORIGIN-WH-SYN-WEST,CN-HB-WH,,2
TRE-SYN-B-0222-03,ORD-SYN-B-0222,SHP-SYN-B-0222,2026-06-12T03:39:18+08:00,origin_departed,origin_departed,CAR-SYN-ECON,ORIGIN-WH-SYN-WEST,CN-HB-WH,,3
TRE-SYN-B-0222-04,ORD-SYN-B-0222,SHP-SYN-B-0222,2026-06-12T05:02:25+08:00,in_transit,in_transit,CAR-SYN-ECON,LINEHAUL-SYN-01,CN-HB-WH,,4
TRE-SYN-B-0222-05,ORD-SYN-B-0222,SHP-SYN-B-0222,2026-06-12T13:18:56+08:00,arrived_at_hub,arrived_at_hub,CAR-SYN-ECON,HUB-SYN-01,CN-HB-WH,,5
TRE-SYN-B-0222-06,ORD-SYN-B-0222,SHP-SYN-B-0222,2026-06-12T16:35:00+08:00,departed_hub,departed_hub,CAR-SYN-ECON,HUB-SYN-01,CN-HB-WH,,6
TRE-SYN-B-0222-07,ORD-SYN-B-0222,SHP-SYN-B-0222,2026-06-13T06:42:39+08:00,arrived_at_destination_city,arrived_at_destination_city,CAR-SYN-ECON,DEST-CN-HB-WH,CN-HB-WH,,7
TRE-SYN-B-0222-08,ORD-SYN-B-0222,SHP-SYN-B-0222,2026-06-13T14:29:18+08:00,out_for_delivery,out_for_delivery,CAR-SYN-ECON,SITE-CN-HB-WH,CN-HB-WH,,8
TRE-SYN-B-0222-09,ORD-SYN-B-0222,SHP-SYN-B-0222,2026-06-13T16:16:51+08:00,delivered,delivered,CAR-SYN-ECON,SITE-CN-HB-WH,CN-HB-WH,,9
TRE-SYN-B-0223-01,ORD-SYN-B-0223,SHP-SYN-B-0223,2026-06-11T22:49:58+08:00,shipment_created,shipment_created,CAR-SYN-STD,ORIGIN-WH-SYN-EAST,CN-ZJ-HZ,,1
TRE-SYN-B-0223-02,ORD-SYN-B-0223,SHP-SYN-B-0223,2026-06-12T02:11:09+08:00,carrier_picked_up,carrier_picked_up,CAR-SYN-STD,ORIGIN-WH-SYN-EAST,CN-ZJ-HZ,,2
TRE-SYN-B-0223-03,ORD-SYN-B-0223,SHP-SYN-B-0223,2026-06-12T02:55:10+08:00,origin_departed,origin_departed,CAR-SYN-STD,ORIGIN-WH-SYN-EAST,CN-ZJ-HZ,,3
TRE-SYN-B-0223-04,ORD-SYN-B-0223,SHP-SYN-B-0223,2026-06-12T04:14:05+08:00,in_transit,in_transit,CAR-SYN-STD,LINEHAUL-SYN-01,CN-ZJ-HZ,,4
TRE-SYN-B-0223-05,ORD-SYN-B-0223,SHP-SYN-B-0223,2026-06-12T13:26:56+08:00,arrived_at_hub,arrived_at_hub,CAR-SYN-STD,HUB-SYN-01,CN-ZJ-HZ,,5
TRE-SYN-B-0223-06,ORD-SYN-B-0223,SHP-SYN-B-0223,2026-06-12T14:43:44+08:00,departed_hub,departed_hub,CAR-SYN-STD,HUB-SYN-01,CN-ZJ-HZ,,6
TRE-SYN-B-0223-07,ORD-SYN-B-0223,SHP-SYN-B-0223,2026-06-13T00:25:39+08:00,arrived_at_destination_city,arrived_at_destination_city,CAR-SYN-STD,DEST-CN-ZJ-HZ,CN-ZJ-HZ,,7
TRE-SYN-B-0223-08,ORD-SYN-B-0223,SHP-SYN-B-0223,2026-06-13T04:14:58+08:00,out_for_delivery,out_for_delivery,CAR-SYN-STD,SITE-CN-ZJ-HZ,CN-ZJ-HZ,,8
TRE-SYN-B-0223-09,ORD-SYN-B-0223,SHP-SYN-B-0223,2026-06-13T06:23:26+08:00,delivered,delivered,CAR-SYN-STD,SITE-CN-ZJ-HZ,CN-ZJ-HZ,,9
TRE-SYN-B-0224-01,ORD-SYN-B-0224,SHP-SYN-B-0224,2026-06-11T14:30:55+08:00,shipment_created,shipment_created,CAR-SYN-ECON,ORIGIN-WH-SYN-EAST,CN-SD-QD,,1
TRE-SYN-B-0224-02,ORD-SYN-B-0224,SHP-SYN-B-0224,2026-06-11T18:19:23+08:00,carrier_picked_up,carrier_picked_up,CAR-SYN-ECON,ORIGIN-WH-SYN-EAST,CN-SD-QD,,2
TRE-SYN-B-0224-03,ORD-SYN-B-0224,SHP-SYN-B-0224,2026-06-11T19:29:32+08:00,origin_departed,origin_departed,CAR-SYN-ECON,ORIGIN-WH-SYN-EAST,CN-SD-QD,,3
TRE-SYN-B-0224-04,ORD-SYN-B-0224,SHP-SYN-B-0224,2026-06-11T20:43:13+08:00,in_transit,in_transit,CAR-SYN-ECON,LINEHAUL-SYN-01,CN-SD-QD,,4
TRE-SYN-B-0224-05,ORD-SYN-B-0224,SHP-SYN-B-0224,2026-06-12T04:35:26+08:00,arrived_at_hub,arrived_at_hub,CAR-SYN-ECON,HUB-SYN-01,CN-SD-QD,,5
TRE-SYN-B-0224-06,ORD-SYN-B-0224,SHP-SYN-B-0224,2026-06-12T07:05:29+08:00,departed_hub,departed_hub,CAR-SYN-ECON,HUB-SYN-01,CN-SD-QD,,6
TRE-SYN-B-0224-07,ORD-SYN-B-0224,SHP-SYN-B-0224,2026-06-12T18:19:13+08:00,arrived_at_destination_city,arrived_at_destination_city,CAR-SYN-ECON,DEST-CN-SD-QD,CN-SD-QD,,7
TRE-SYN-B-0224-08,ORD-SYN-B-0224,SHP-SYN-B-0224,2026-06-13T01:21:19+08:00,out_for_delivery,out_for_delivery,CAR-SYN-ECON,SITE-CN-SD-QD,CN-SD-QD,,8
TRE-SYN-B-0224-09,ORD-SYN-B-0224,SHP-SYN-B-0224,2026-06-13T05:55:51+08:00,delivered,delivered,CAR-SYN-ECON,SITE-CN-SD-QD,CN-SD-QD,,9
TRE-SYN-B-0225-01,ORD-SYN-B-0225,SHP-SYN-B-0225,2026-06-12T17:02:45+08:00,shipment_created,shipment_created,CAR-SYN-FAST,ORIGIN-WH-SYN-EAST,CN-SD-QD,,1
TRE-SYN-B-0225-02,ORD-SYN-B-0225,SHP-SYN-B-0225,2026-06-12T23:43:11+08:00,carrier_picked_up,carrier_picked_up,CAR-SYN-FAST,ORIGIN-WH-SYN-EAST,CN-SD-QD,,2
TRE-SYN-B-0225-03,ORD-SYN-B-0225,SHP-SYN-B-0225,2026-06-13T01:12:09+08:00,origin_departed,origin_departed,CAR-SYN-FAST,ORIGIN-WH-SYN-EAST,CN-SD-QD,,3
TRE-SYN-B-0225-04,ORD-SYN-B-0225,SHP-SYN-B-0225,2026-06-13T01:58:35+08:00,in_transit,in_transit,CAR-SYN-FAST,LINEHAUL-SYN-01,CN-SD-QD,,4
TRE-SYN-B-0225-05,ORD-SYN-B-0225,SHP-SYN-B-0225,2026-06-13T12:01:20+08:00,arrived_at_hub,arrived_at_hub,CAR-SYN-FAST,HUB-SYN-01,CN-SD-QD,,5
TRE-SYN-B-0225-06,ORD-SYN-B-0225,SHP-SYN-B-0225,2026-06-13T13:52:38+08:00,departed_hub,departed_hub,CAR-SYN-FAST,HUB-SYN-01,CN-SD-QD,,6
TRE-SYN-B-0225-07,ORD-SYN-B-0225,SHP-SYN-B-0225,2026-06-14T05:04:19+08:00,arrived_at_destination_city,arrived_at_destination_city,CAR-SYN-FAST,DEST-CN-SD-QD,CN-SD-QD,,7
TRE-SYN-B-0225-08,ORD-SYN-B-0225,SHP-SYN-B-0225,2026-06-14T12:16:40+08:00,out_for_delivery,out_for_delivery,CAR-SYN-FAST,SITE-CN-SD-QD,CN-SD-QD,,8
TRE-SYN-B-0225-09,ORD-SYN-B-0225,SHP-SYN-B-0225,2026-06-14T14:23:19+08:00,delivered,delivered,CAR-SYN-FAST,SITE-CN-SD-QD,CN-SD-QD,,9
TRE-SYN-B-0226-01,ORD-SYN-B-0226,SHP-SYN-B-0226,2026-06-12T20:15:18+08:00,shipment_created,shipment_created,CAR-SYN-FAST,ORIGIN-WH-SYN-EAST,CN-SD-QD,,1
TRE-SYN-B-0226-02,ORD-SYN-B-0226,SHP-SYN-B-0226,2026-06-12T23:06:26+08:00,carrier_picked_up,carrier_picked_up,CAR-SYN-FAST,ORIGIN-WH-SYN-EAST,CN-SD-QD,,2
TRE-SYN-B-0226-03,ORD-SYN-B-0226,SHP-SYN-B-0226,2026-06-13T00:32:14+08:00,origin_departed,origin_departed,CAR-SYN-FAST,ORIGIN-WH-SYN-EAST,CN-SD-QD,,3
TRE-SYN-B-0226-04,ORD-SYN-B-0226,SHP-SYN-B-0226,2026-06-13T01:24:33+08:00,in_transit,in_transit,CAR-SYN-FAST,LINEHAUL-SYN-01,CN-SD-QD,,4
TRE-SYN-B-0226-05,ORD-SYN-B-0226,SHP-SYN-B-0226,2026-06-13T13:10:25+08:00,arrived_at_hub,arrived_at_hub,CAR-SYN-FAST,HUB-SYN-01,CN-SD-QD,,5
TRE-SYN-B-0226-06,ORD-SYN-B-0226,SHP-SYN-B-0226,2026-06-13T16:05:04+08:00,departed_hub,departed_hub,CAR-SYN-FAST,HUB-SYN-01,CN-SD-QD,,6
TRE-SYN-B-0226-07,ORD-SYN-B-0226,SHP-SYN-B-0226,2026-06-14T05:23:50+08:00,arrived_at_destination_city,arrived_at_destination_city,CAR-SYN-FAST,DEST-CN-SD-QD,CN-SD-QD,,7
TRE-SYN-B-0226-08,ORD-SYN-B-0226,SHP-SYN-B-0226,2026-06-14T12:38:53+08:00,out_for_delivery,out_for_delivery,CAR-SYN-FAST,SITE-CN-SD-QD,CN-SD-QD,,8
TRE-SYN-B-0226-09,ORD-SYN-B-0226,SHP-SYN-B-0226,2026-06-14T15:56:31+08:00,delivered,delivered,CAR-SYN-FAST,SITE-CN-SD-QD,CN-SD-QD,,9
TRE-SYN-B-0227-01,ORD-SYN-B-0227,SHP-SYN-B-0227,2026-06-12T22:54:45+08:00,shipment_created,shipment_created,CAR-SYN-STD,ORIGIN-WH-SYN-EAST,CN-HB-WH,,1
TRE-SYN-B-0227-02,ORD-SYN-B-0227,SHP-SYN-B-0227,2026-06-13T05:02:51+08:00,carrier_picked_up,carrier_picked_up,CAR-SYN-STD,ORIGIN-WH-SYN-EAST,CN-HB-WH,,2
TRE-SYN-B-0227-03,ORD-SYN-B-0227,SHP-SYN-B-0227,2026-06-13T06:09:00+08:00,origin_departed,origin_departed,CAR-SYN-STD,ORIGIN-WH-SYN-EAST,CN-HB-WH,,3
TRE-SYN-B-0227-04,ORD-SYN-B-0227,SHP-SYN-B-0227,2026-06-13T07:15:02+08:00,in_transit,in_transit,CAR-SYN-STD,LINEHAUL-SYN-01,CN-HB-WH,,4
TRE-SYN-B-0227-05,ORD-SYN-B-0227,SHP-SYN-B-0227,2026-06-13T18:50:15+08:00,arrived_at_hub,arrived_at_hub,CAR-SYN-STD,HUB-SYN-01,CN-HB-WH,,5
TRE-SYN-B-0227-06,ORD-SYN-B-0227,SHP-SYN-B-0227,2026-06-13T22:38:50+08:00,departed_hub,departed_hub,CAR-SYN-STD,HUB-SYN-01,CN-HB-WH,,6
TRE-SYN-B-0227-07,ORD-SYN-B-0227,SHP-SYN-B-0227,2026-06-14T13:11:29+08:00,arrived_at_destination_city,arrived_at_destination_city,CAR-SYN-STD,DEST-CN-HB-WH,CN-HB-WH,,7
TRE-SYN-B-0227-08,ORD-SYN-B-0227,SHP-SYN-B-0227,2026-06-14T21:22:04+08:00,out_for_delivery,out_for_delivery,CAR-SYN-STD,SITE-CN-HB-WH,CN-HB-WH,,8
TRE-SYN-B-0227-09,ORD-SYN-B-0227,SHP-SYN-B-0227,2026-06-14T22:25:43+08:00,delivered,delivered,CAR-SYN-STD,SITE-CN-HB-WH,CN-HB-WH,,9
TRE-SYN-B-0228-01,ORD-SYN-B-0228,SHP-SYN-B-0228,2026-06-12T15:06:46+08:00,shipment_created,shipment_created,CAR-SYN-FAST,ORIGIN-WH-SYN-EAST,CN-JS-NJ,,1
TRE-SYN-B-0228-02,ORD-SYN-B-0228,SHP-SYN-B-0228,2026-06-12T21:49:26+08:00,carrier_picked_up,carrier_picked_up,CAR-SYN-FAST,ORIGIN-WH-SYN-EAST,CN-JS-NJ,,2
TRE-SYN-B-0228-03,ORD-SYN-B-0228,SHP-SYN-B-0228,2026-06-12T22:52:19+08:00,origin_departed,origin_departed,CAR-SYN-FAST,ORIGIN-WH-SYN-EAST,CN-JS-NJ,,3
TRE-SYN-B-0228-04,ORD-SYN-B-0228,SHP-SYN-B-0228,2026-06-13T00:18:21+08:00,in_transit,in_transit,CAR-SYN-FAST,LINEHAUL-SYN-01,CN-JS-NJ,,4
TRE-SYN-B-0228-05,ORD-SYN-B-0228,SHP-SYN-B-0228,2026-06-13T11:45:46+08:00,arrived_at_hub,arrived_at_hub,CAR-SYN-FAST,HUB-SYN-01,CN-JS-NJ,,5
TRE-SYN-B-0228-06,ORD-SYN-B-0228,SHP-SYN-B-0228,2026-06-13T13:16:41+08:00,departed_hub,departed_hub,CAR-SYN-FAST,HUB-SYN-01,CN-JS-NJ,,6
TRE-SYN-B-0228-07,ORD-SYN-B-0228,SHP-SYN-B-0228,2026-06-14T02:59:44+08:00,arrived_at_destination_city,arrived_at_destination_city,CAR-SYN-FAST,DEST-CN-JS-NJ,CN-JS-NJ,,7
TRE-SYN-B-0228-08,ORD-SYN-B-0228,SHP-SYN-B-0228,2026-06-14T11:21:01+08:00,out_for_delivery,out_for_delivery,CAR-SYN-FAST,SITE-CN-JS-NJ,CN-JS-NJ,,8
TRE-SYN-B-0228-09,ORD-SYN-B-0228,SHP-SYN-B-0228,2026-06-14T14:27:26+08:00,delivered,delivered,CAR-SYN-FAST,SITE-CN-JS-NJ,CN-JS-NJ,,9
TRE-SYN-B-0229-01,ORD-SYN-B-0229,SHP-SYN-B-0229,2026-06-12T18:38:26+08:00,shipment_created,shipment_created,CAR-SYN-FAST,ORIGIN-WH-SYN-EAST,CN-HB-WH,,1
TRE-SYN-B-0229-02,ORD-SYN-B-0229,SHP-SYN-B-0229,2026-06-12T22:05:08+08:00,carrier_picked_up,carrier_picked_up,CAR-SYN-FAST,ORIGIN-WH-SYN-EAST,CN-HB-WH,,2
TRE-SYN-B-0229-03,ORD-SYN-B-0229,SHP-SYN-B-0229,2026-06-12T22:40:41+08:00,origin_departed,origin_departed,CAR-SYN-FAST,ORIGIN-WH-SYN-EAST,CN-HB-WH,,3
TRE-SYN-B-0229-04,ORD-SYN-B-0229,SHP-SYN-B-0229,2026-06-12T23:44:52+08:00,in_transit,in_transit,CAR-SYN-FAST,LINEHAUL-SYN-01,CN-HB-WH,,4
TRE-SYN-B-0229-05,ORD-SYN-B-0229,SHP-SYN-B-0229,2026-06-13T06:11:58+08:00,arrived_at_hub,arrived_at_hub,CAR-SYN-FAST,HUB-SYN-01,CN-HB-WH,,5
TRE-SYN-B-0229-06,ORD-SYN-B-0229,SHP-SYN-B-0229,2026-06-13T08:02:46+08:00,departed_hub,departed_hub,CAR-SYN-FAST,HUB-SYN-01,CN-HB-WH,,6
TRE-SYN-B-0229-07,ORD-SYN-B-0229,SHP-SYN-B-0229,2026-06-13T19:01:48+08:00,arrived_at_destination_city,arrived_at_destination_city,CAR-SYN-FAST,DEST-CN-HB-WH,CN-HB-WH,,7
TRE-SYN-B-0229-08,ORD-SYN-B-0229,SHP-SYN-B-0229,2026-06-14T01:12:29+08:00,out_for_delivery,out_for_delivery,CAR-SYN-FAST,SITE-CN-HB-WH,CN-HB-WH,,8
TRE-SYN-B-0229-09,ORD-SYN-B-0229,SHP-SYN-B-0229,2026-06-14T02:48:24+08:00,delivered,delivered,CAR-SYN-FAST,SITE-CN-HB-WH,CN-HB-WH,,9
TRE-SYN-B-0230-01,ORD-SYN-B-0230,SHP-SYN-B-0230,2026-06-12T20:39:37+08:00,shipment_created,shipment_created,CAR-SYN-FAST,ORIGIN-WH-SYN-EAST,CN-SD-QD,,1
TRE-SYN-B-0230-02,ORD-SYN-B-0230,SHP-SYN-B-0230,2026-06-13T04:16:19+08:00,carrier_picked_up,carrier_picked_up,CAR-SYN-FAST,ORIGIN-WH-SYN-EAST,CN-SD-QD,,2
TRE-SYN-B-0230-03,ORD-SYN-B-0230,SHP-SYN-B-0230,2026-06-13T04:56:46+08:00,origin_departed,origin_departed,CAR-SYN-FAST,ORIGIN-WH-SYN-EAST,CN-SD-QD,,3
TRE-SYN-B-0230-04,ORD-SYN-B-0230,SHP-SYN-B-0230,2026-06-13T05:34:05+08:00,in_transit,in_transit,CAR-SYN-FAST,LINEHAUL-SYN-01,CN-SD-QD,,4
TRE-SYN-B-0230-05,ORD-SYN-B-0230,SHP-SYN-B-0230,2026-06-13T18:58:03+08:00,arrived_at_hub,arrived_at_hub,CAR-SYN-FAST,HUB-SYN-01,CN-SD-QD,,5
TRE-SYN-B-0230-06,ORD-SYN-B-0230,SHP-SYN-B-0230,2026-06-13T20:48:34+08:00,departed_hub,departed_hub,CAR-SYN-FAST,HUB-SYN-01,CN-SD-QD,,6
TRE-SYN-B-0230-07,ORD-SYN-B-0230,SHP-SYN-B-0230,2026-06-14T05:17:23+08:00,arrived_at_destination_city,arrived_at_destination_city,CAR-SYN-FAST,DEST-CN-SD-QD,CN-SD-QD,,7
TRE-SYN-B-0230-08,ORD-SYN-B-0230,SHP-SYN-B-0230,2026-06-14T09:13:36+08:00,out_for_delivery,out_for_delivery,CAR-SYN-FAST,SITE-CN-SD-QD,CN-SD-QD,,8
TRE-SYN-B-0230-09,ORD-SYN-B-0230,SHP-SYN-B-0230,2026-06-14T14:57:30+08:00,delivered,delivered,CAR-SYN-FAST,SITE-CN-SD-QD,CN-SD-QD,,9
TRE-SYN-B-0231-01,ORD-SYN-B-0231,SHP-SYN-B-0231,2026-06-12T13:08:22+08:00,shipment_created,shipment_created,CAR-SYN-STD,ORIGIN-WH-SYN-WEST,CN-HB-WH,,1
TRE-SYN-B-0231-02,ORD-SYN-B-0231,SHP-SYN-B-0231,2026-06-12T18:42:46+08:00,carrier_picked_up,carrier_picked_up,CAR-SYN-STD,ORIGIN-WH-SYN-WEST,CN-HB-WH,,2
TRE-SYN-B-0231-03,ORD-SYN-B-0231,SHP-SYN-B-0231,2026-06-12T19:28:01+08:00,origin_departed,origin_departed,CAR-SYN-STD,ORIGIN-WH-SYN-WEST,CN-HB-WH,,3
TRE-SYN-B-0231-04,ORD-SYN-B-0231,SHP-SYN-B-0231,2026-06-12T20:18:18+08:00,in_transit,in_transit,CAR-SYN-STD,LINEHAUL-SYN-01,CN-HB-WH,,4
TRE-SYN-B-0231-05,ORD-SYN-B-0231,SHP-SYN-B-0231,2026-06-13T04:38:51+08:00,arrived_at_hub,arrived_at_hub,CAR-SYN-STD,HUB-SYN-01,CN-HB-WH,,5
TRE-SYN-B-0231-06,ORD-SYN-B-0231,SHP-SYN-B-0231,2026-06-13T07:06:40+08:00,departed_hub,departed_hub,CAR-SYN-STD,HUB-SYN-01,CN-HB-WH,,6
TRE-SYN-B-0231-07,ORD-SYN-B-0231,SHP-SYN-B-0231,2026-06-13T21:57:58+08:00,arrived_at_destination_city,arrived_at_destination_city,CAR-SYN-STD,DEST-CN-HB-WH,CN-HB-WH,,7
TRE-SYN-B-0231-08,ORD-SYN-B-0231,SHP-SYN-B-0231,2026-06-14T01:21:49+08:00,out_for_delivery,out_for_delivery,CAR-SYN-STD,SITE-CN-HB-WH,CN-HB-WH,,8
TRE-SYN-B-0231-09,ORD-SYN-B-0231,SHP-SYN-B-0231,2026-06-14T04:50:17+08:00,delivered,delivered,CAR-SYN-STD,SITE-CN-HB-WH,CN-HB-WH,,9
TRE-SYN-B-0232-01,ORD-SYN-B-0232,SHP-SYN-B-0232,2026-06-12T15:50:59+08:00,shipment_created,shipment_created,CAR-SYN-STD,ORIGIN-WH-SYN-WEST,CN-JS-NJ,,1
TRE-SYN-B-0232-02,ORD-SYN-B-0232,SHP-SYN-B-0232,2026-06-12T20:11:25+08:00,carrier_picked_up,carrier_picked_up,CAR-SYN-STD,ORIGIN-WH-SYN-WEST,CN-JS-NJ,,2
TRE-SYN-B-0232-03,ORD-SYN-B-0232,SHP-SYN-B-0232,2026-06-12T21:39:06+08:00,origin_departed,origin_departed,CAR-SYN-STD,ORIGIN-WH-SYN-WEST,CN-JS-NJ,,3
TRE-SYN-B-0232-04,ORD-SYN-B-0232,SHP-SYN-B-0232,2026-06-12T23:01:50+08:00,in_transit,in_transit,CAR-SYN-STD,LINEHAUL-SYN-01,CN-JS-NJ,,4
TRE-SYN-B-0232-05,ORD-SYN-B-0232,SHP-SYN-B-0232,2026-06-13T05:30:50+08:00,arrived_at_hub,arrived_at_hub,CAR-SYN-STD,HUB-SYN-01,CN-JS-NJ,,5
TRE-SYN-B-0232-06,ORD-SYN-B-0232,SHP-SYN-B-0232,2026-06-13T09:12:51+08:00,departed_hub,departed_hub,CAR-SYN-STD,HUB-SYN-01,CN-JS-NJ,,6
TRE-SYN-B-0232-07,ORD-SYN-B-0232,SHP-SYN-B-0232,2026-06-13T21:24:42+08:00,arrived_at_destination_city,arrived_at_destination_city,CAR-SYN-STD,DEST-CN-JS-NJ,CN-JS-NJ,,7
TRE-SYN-B-0232-08,ORD-SYN-B-0232,SHP-SYN-B-0232,2026-06-14T01:10:46+08:00,out_for_delivery,out_for_delivery,CAR-SYN-STD,SITE-CN-JS-NJ,CN-JS-NJ,,8
TRE-SYN-B-0232-09,ORD-SYN-B-0232,SHP-SYN-B-0232,2026-06-14T03:37:10+08:00,delivered,delivered,CAR-SYN-STD,SITE-CN-JS-NJ,CN-JS-NJ,,9
TRE-SYN-B-0233-01,ORD-SYN-B-0233,SHP-SYN-B-0233,2026-06-12T19:12:09+08:00,shipment_created,shipment_created,CAR-SYN-ECON,ORIGIN-WH-SYN-EAST,CN-SD-QD,,1
TRE-SYN-B-0233-02,ORD-SYN-B-0233,SHP-SYN-B-0233,2026-06-13T01:24:10+08:00,carrier_picked_up,carrier_picked_up,CAR-SYN-ECON,ORIGIN-WH-SYN-EAST,CN-SD-QD,,2
TRE-SYN-B-0233-03,ORD-SYN-B-0233,SHP-SYN-B-0233,2026-06-13T02:36:27+08:00,origin_departed,origin_departed,CAR-SYN-ECON,ORIGIN-WH-SYN-EAST,CN-SD-QD,,3
TRE-SYN-B-0233-04,ORD-SYN-B-0233,SHP-SYN-B-0233,2026-06-13T03:55:13+08:00,in_transit,in_transit,CAR-SYN-ECON,LINEHAUL-SYN-01,CN-SD-QD,,4
TRE-SYN-B-0233-05,ORD-SYN-B-0233,SHP-SYN-B-0233,2026-06-13T15:39:55+08:00,arrived_at_hub,arrived_at_hub,CAR-SYN-ECON,HUB-SYN-01,CN-SD-QD,,5
TRE-SYN-B-0233-06,ORD-SYN-B-0233,SHP-SYN-B-0233,2026-06-13T17:02:22+08:00,departed_hub,departed_hub,CAR-SYN-ECON,HUB-SYN-01,CN-SD-QD,,6
TRE-SYN-B-0233-07,ORD-SYN-B-0233,SHP-SYN-B-0233,2026-06-14T03:41:06+08:00,arrived_at_destination_city,arrived_at_destination_city,CAR-SYN-ECON,DEST-CN-SD-QD,CN-SD-QD,,7
TRE-SYN-B-0233-08,ORD-SYN-B-0233,SHP-SYN-B-0233,2026-06-14T08:32:43+08:00,out_for_delivery,out_for_delivery,CAR-SYN-ECON,SITE-CN-SD-QD,CN-SD-QD,,8
TRE-SYN-B-0233-09,ORD-SYN-B-0233,SHP-SYN-B-0233,2026-06-14T09:33:06+08:00,delivered,delivered,CAR-SYN-ECON,SITE-CN-SD-QD,CN-SD-QD,,9
TRE-SYN-B-0234-01,ORD-SYN-B-0234,SHP-SYN-B-0234,2026-06-12T22:37:09+08:00,shipment_created,shipment_created,CAR-SYN-ECON,ORIGIN-WH-SYN-EAST,CN-SD-QD,,1
TRE-SYN-B-0234-02,ORD-SYN-B-0234,SHP-SYN-B-0234,2026-06-13T06:13:33+08:00,carrier_picked_up,carrier_picked_up,CAR-SYN-ECON,ORIGIN-WH-SYN-EAST,CN-SD-QD,,2
TRE-SYN-B-0234-03,ORD-SYN-B-0234,SHP-SYN-B-0234,2026-06-13T06:56:28+08:00,origin_departed,origin_departed,CAR-SYN-ECON,ORIGIN-WH-SYN-EAST,CN-SD-QD,,3
TRE-SYN-B-0234-04,ORD-SYN-B-0234,SHP-SYN-B-0234,2026-06-13T07:47:48+08:00,in_transit,in_transit,CAR-SYN-ECON,LINEHAUL-SYN-01,CN-SD-QD,,4
TRE-SYN-B-0234-05,ORD-SYN-B-0234,SHP-SYN-B-0234,2026-06-13T14:47:15+08:00,arrived_at_hub,arrived_at_hub,CAR-SYN-ECON,HUB-SYN-01,CN-SD-QD,,5
TRE-SYN-B-0234-06,ORD-SYN-B-0234,SHP-SYN-B-0234,2026-06-13T17:30:37+08:00,departed_hub,departed_hub,CAR-SYN-ECON,HUB-SYN-01,CN-SD-QD,,6
TRE-SYN-B-0234-07,ORD-SYN-B-0234,SHP-SYN-B-0234,2026-06-14T05:36:07+08:00,arrived_at_destination_city,arrived_at_destination_city,CAR-SYN-ECON,DEST-CN-SD-QD,CN-SD-QD,,7
TRE-SYN-B-0234-08,ORD-SYN-B-0234,SHP-SYN-B-0234,2026-06-14T10:24:57+08:00,out_for_delivery,out_for_delivery,CAR-SYN-ECON,SITE-CN-SD-QD,CN-SD-QD,,8
TRE-SYN-B-0234-09,ORD-SYN-B-0234,SHP-SYN-B-0234,2026-06-14T11:49:54+08:00,delivered,delivered,CAR-SYN-ECON,SITE-CN-SD-QD,CN-SD-QD,,9
TRE-SYN-B-0235-01,ORD-SYN-B-0235,SHP-SYN-B-0235,2026-06-12T13:58:37+08:00,shipment_created,shipment_created,CAR-SYN-STD,ORIGIN-WH-SYN-EAST,CN-JS-NJ,,1
TRE-SYN-B-0235-02,ORD-SYN-B-0235,SHP-SYN-B-0235,2026-06-12T17:24:47+08:00,carrier_picked_up,carrier_picked_up,CAR-SYN-STD,ORIGIN-WH-SYN-EAST,CN-JS-NJ,,2
TRE-SYN-B-0235-03,ORD-SYN-B-0235,SHP-SYN-B-0235,2026-06-12T17:57:56+08:00,origin_departed,origin_departed,CAR-SYN-STD,ORIGIN-WH-SYN-EAST,CN-JS-NJ,,3
TRE-SYN-B-0235-04,ORD-SYN-B-0235,SHP-SYN-B-0235,2026-06-12T18:43:10+08:00,in_transit,in_transit,CAR-SYN-STD,LINEHAUL-SYN-01,CN-JS-NJ,,4
TRE-SYN-B-0235-05,ORD-SYN-B-0235,SHP-SYN-B-0235,2026-06-13T04:38:49+08:00,arrived_at_hub,arrived_at_hub,CAR-SYN-STD,HUB-SYN-01,CN-JS-NJ,,5
TRE-SYN-B-0235-06,ORD-SYN-B-0235,SHP-SYN-B-0235,2026-06-13T05:45:38+08:00,departed_hub,departed_hub,CAR-SYN-STD,HUB-SYN-01,CN-JS-NJ,,6
TRE-SYN-B-0235-07,ORD-SYN-B-0235,SHP-SYN-B-0235,2026-06-13T18:26:59+08:00,arrived_at_destination_city,arrived_at_destination_city,CAR-SYN-STD,DEST-CN-JS-NJ,CN-JS-NJ,,7
TRE-SYN-B-0235-08,ORD-SYN-B-0235,SHP-SYN-B-0235,2026-06-13T22:21:18+08:00,out_for_delivery,out_for_delivery,CAR-SYN-STD,SITE-CN-JS-NJ,CN-JS-NJ,,8
TRE-SYN-B-0235-09,ORD-SYN-B-0235,SHP-SYN-B-0235,2026-06-14T03:26:05+08:00,delivered,delivered,CAR-SYN-STD,SITE-CN-JS-NJ,CN-JS-NJ,,9
TRE-SYN-B-0236-01,ORD-SYN-B-0236,SHP-SYN-B-0236,2026-06-12T17:39:09+08:00,shipment_created,shipment_created,CAR-SYN-FAST,ORIGIN-WH-SYN-EAST,CN-SD-QD,,1
TRE-SYN-B-0236-02,ORD-SYN-B-0236,SHP-SYN-B-0236,2026-06-12T20:34:17+08:00,carrier_picked_up,carrier_picked_up,CAR-SYN-FAST,ORIGIN-WH-SYN-EAST,CN-SD-QD,,2
TRE-SYN-B-0236-03,ORD-SYN-B-0236,SHP-SYN-B-0236,2026-06-12T21:25:08+08:00,origin_departed,origin_departed,CAR-SYN-FAST,ORIGIN-WH-SYN-EAST,CN-SD-QD,,3
TRE-SYN-B-0236-04,ORD-SYN-B-0236,SHP-SYN-B-0236,2026-06-12T22:23:13+08:00,in_transit,in_transit,CAR-SYN-FAST,LINEHAUL-SYN-01,CN-SD-QD,,4
TRE-SYN-B-0236-05,ORD-SYN-B-0236,SHP-SYN-B-0236,2026-06-13T09:28:58+08:00,arrived_at_hub,arrived_at_hub,CAR-SYN-FAST,HUB-SYN-01,CN-SD-QD,,5
TRE-SYN-B-0236-06,ORD-SYN-B-0236,SHP-SYN-B-0236,2026-06-13T11:28:10+08:00,departed_hub,departed_hub,CAR-SYN-FAST,HUB-SYN-01,CN-SD-QD,,6
TRE-SYN-B-0236-07,ORD-SYN-B-0236,SHP-SYN-B-0236,2026-06-14T00:11:28+08:00,arrived_at_destination_city,arrived_at_destination_city,CAR-SYN-FAST,DEST-CN-SD-QD,CN-SD-QD,,7
TRE-SYN-B-0236-08,ORD-SYN-B-0236,SHP-SYN-B-0236,2026-06-14T04:04:19+08:00,out_for_delivery,out_for_delivery,CAR-SYN-FAST,SITE-CN-SD-QD,CN-SD-QD,,8
TRE-SYN-B-0236-09,ORD-SYN-B-0236,SHP-SYN-B-0236,2026-06-14T07:04:12+08:00,delivered,delivered,CAR-SYN-FAST,SITE-CN-SD-QD,CN-SD-QD,,9
TRE-SYN-B-0237-01,ORD-SYN-B-0237,SHP-SYN-B-0237,2026-06-12T19:43:44+08:00,shipment_created,shipment_created,CAR-SYN-STD,ORIGIN-WH-SYN-WEST,CN-SD-QD,,1
TRE-SYN-B-0237-02,ORD-SYN-B-0237,SHP-SYN-B-0237,2026-06-12T23:14:00+08:00,carrier_picked_up,carrier_picked_up,CAR-SYN-STD,ORIGIN-WH-SYN-WEST,CN-SD-QD,,2
TRE-SYN-B-0237-03,ORD-SYN-B-0237,SHP-SYN-B-0237,2026-06-13T00:13:13+08:00,origin_departed,origin_departed,CAR-SYN-STD,ORIGIN-WH-SYN-WEST,CN-SD-QD,,3
TRE-SYN-B-0237-04,ORD-SYN-B-0237,SHP-SYN-B-0237,2026-06-13T01:34:35+08:00,in_transit,in_transit,CAR-SYN-STD,LINEHAUL-SYN-01,CN-SD-QD,,4
TRE-SYN-B-0237-05,ORD-SYN-B-0237,SHP-SYN-B-0237,2026-06-13T08:53:19+08:00,arrived_at_hub,arrived_at_hub,CAR-SYN-STD,HUB-SYN-01,CN-SD-QD,,5
TRE-SYN-B-0237-06,ORD-SYN-B-0237,SHP-SYN-B-0237,2026-06-13T10:24:26+08:00,departed_hub,departed_hub,CAR-SYN-STD,HUB-SYN-01,CN-SD-QD,,6
TRE-SYN-B-0237-07,ORD-SYN-B-0237,SHP-SYN-B-0237,2026-06-14T01:38:34+08:00,arrived_at_destination_city,arrived_at_destination_city,CAR-SYN-STD,DEST-CN-SD-QD,CN-SD-QD,,7
TRE-SYN-B-0237-08,ORD-SYN-B-0237,SHP-SYN-B-0237,2026-06-14T10:02:06+08:00,out_for_delivery,out_for_delivery,CAR-SYN-STD,SITE-CN-SD-QD,CN-SD-QD,,8
TRE-SYN-B-0237-09,ORD-SYN-B-0237,SHP-SYN-B-0237,2026-06-14T15:03:55+08:00,delivered,delivered,CAR-SYN-STD,SITE-CN-SD-QD,CN-SD-QD,,9
TRE-SYN-B-0238-01,ORD-SYN-B-0238,SHP-SYN-B-0238,2026-06-12T22:54:25+08:00,shipment_created,shipment_created,CAR-SYN-ECON,ORIGIN-WH-SYN-EAST,CN-HB-WH,,1
TRE-SYN-B-0238-02,ORD-SYN-B-0238,SHP-SYN-B-0238,2026-06-13T04:24:56+08:00,carrier_picked_up,carrier_picked_up,CAR-SYN-ECON,ORIGIN-WH-SYN-EAST,CN-HB-WH,,2
TRE-SYN-B-0238-03,ORD-SYN-B-0238,SHP-SYN-B-0238,2026-06-13T05:47:49+08:00,origin_departed,origin_departed,CAR-SYN-ECON,ORIGIN-WH-SYN-EAST,CN-HB-WH,,3
TRE-SYN-B-0238-04,ORD-SYN-B-0238,SHP-SYN-B-0238,2026-06-13T06:41:02+08:00,in_transit,in_transit,CAR-SYN-ECON,LINEHAUL-SYN-01,CN-HB-WH,,4
TRE-SYN-B-0238-05,ORD-SYN-B-0238,SHP-SYN-B-0238,2026-06-13T14:15:57+08:00,arrived_at_hub,arrived_at_hub,CAR-SYN-ECON,HUB-SYN-01,CN-HB-WH,,5
TRE-SYN-B-0238-06,ORD-SYN-B-0238,SHP-SYN-B-0238,2026-06-13T17:25:21+08:00,departed_hub,departed_hub,CAR-SYN-ECON,HUB-SYN-01,CN-HB-WH,,6
TRE-SYN-B-0238-07,ORD-SYN-B-0238,SHP-SYN-B-0238,2026-06-14T01:51:44+08:00,arrived_at_destination_city,arrived_at_destination_city,CAR-SYN-ECON,DEST-CN-HB-WH,CN-HB-WH,,7
TRE-SYN-B-0238-08,ORD-SYN-B-0238,SHP-SYN-B-0238,2026-06-14T10:24:10+08:00,out_for_delivery,out_for_delivery,CAR-SYN-ECON,SITE-CN-HB-WH,CN-HB-WH,,8
TRE-SYN-B-0238-09,ORD-SYN-B-0238,SHP-SYN-B-0238,2026-06-14T16:22:41+08:00,delivered,delivered,CAR-SYN-ECON,SITE-CN-HB-WH,CN-HB-WH,,9
TRE-SYN-B-0239-01,ORD-SYN-B-0239,SHP-SYN-B-0239,2026-06-12T15:15:48+08:00,shipment_created,shipment_created,CAR-SYN-STD,ORIGIN-WH-SYN-EAST,CN-SD-QD,,1
TRE-SYN-B-0239-02,ORD-SYN-B-0239,SHP-SYN-B-0239,2026-06-12T21:06:06+08:00,carrier_picked_up,carrier_picked_up,CAR-SYN-STD,ORIGIN-WH-SYN-EAST,CN-SD-QD,,2
TRE-SYN-B-0239-03,ORD-SYN-B-0239,SHP-SYN-B-0239,2026-06-12T21:40:32+08:00,origin_departed,origin_departed,CAR-SYN-STD,ORIGIN-WH-SYN-EAST,CN-SD-QD,,3
TRE-SYN-B-0239-04,ORD-SYN-B-0239,SHP-SYN-B-0239,2026-06-12T22:37:36+08:00,in_transit,in_transit,CAR-SYN-STD,LINEHAUL-SYN-01,CN-SD-QD,,4
TRE-SYN-B-0239-05,ORD-SYN-B-0239,SHP-SYN-B-0239,2026-06-13T11:05:42+08:00,arrived_at_hub,arrived_at_hub,CAR-SYN-STD,HUB-SYN-01,CN-SD-QD,,5
TRE-SYN-B-0239-06,ORD-SYN-B-0239,SHP-SYN-B-0239,2026-06-13T13:31:40+08:00,departed_hub,departed_hub,CAR-SYN-STD,HUB-SYN-01,CN-SD-QD,,6
TRE-SYN-B-0239-07,ORD-SYN-B-0239,SHP-SYN-B-0239,2026-06-13T22:17:05+08:00,arrived_at_destination_city,arrived_at_destination_city,CAR-SYN-STD,DEST-CN-SD-QD,CN-SD-QD,,7
TRE-SYN-B-0239-08,ORD-SYN-B-0239,SHP-SYN-B-0239,2026-06-14T01:03:12+08:00,out_for_delivery,out_for_delivery,CAR-SYN-STD,SITE-CN-SD-QD,CN-SD-QD,,8
TRE-SYN-B-0239-09,ORD-SYN-B-0239,SHP-SYN-B-0239,2026-06-14T04:53:19+08:00,delivered,delivered,CAR-SYN-STD,SITE-CN-SD-QD,CN-SD-QD,,9
TRE-SYN-B-0240-01,ORD-SYN-B-0240,SHP-SYN-B-0240,2026-06-12T18:06:00+08:00,shipment_created,shipment_created,CAR-SYN-FAST,ORIGIN-WH-SYN-EAST,CN-HB-WH,,1
TRE-SYN-B-0240-02,ORD-SYN-B-0240,SHP-SYN-B-0240,2026-06-12T21:39:54+08:00,carrier_picked_up,carrier_picked_up,CAR-SYN-FAST,ORIGIN-WH-SYN-EAST,CN-HB-WH,,2
TRE-SYN-B-0240-03,ORD-SYN-B-0240,SHP-SYN-B-0240,2026-06-12T22:45:50+08:00,origin_departed,origin_departed,CAR-SYN-FAST,ORIGIN-WH-SYN-EAST,CN-HB-WH,,3
TRE-SYN-B-0240-04,ORD-SYN-B-0240,SHP-SYN-B-0240,2026-06-12T23:19:19+08:00,in_transit,in_transit,CAR-SYN-FAST,LINEHAUL-SYN-01,CN-HB-WH,,4
TRE-SYN-B-0240-05,ORD-SYN-B-0240,SHP-SYN-B-0240,2026-06-13T05:41:25+08:00,arrived_at_hub,arrived_at_hub,CAR-SYN-FAST,HUB-SYN-01,CN-HB-WH,,5
TRE-SYN-B-0240-06,ORD-SYN-B-0240,SHP-SYN-B-0240,2026-06-13T07:45:59+08:00,departed_hub,departed_hub,CAR-SYN-FAST,HUB-SYN-01,CN-HB-WH,,6
TRE-SYN-B-0240-07,ORD-SYN-B-0240,SHP-SYN-B-0240,2026-06-13T18:00:46+08:00,arrived_at_destination_city,arrived_at_destination_city,CAR-SYN-FAST,DEST-CN-HB-WH,CN-HB-WH,,7
TRE-SYN-B-0240-08,ORD-SYN-B-0240,SHP-SYN-B-0240,2026-06-14T01:35:15+08:00,out_for_delivery,out_for_delivery,CAR-SYN-FAST,SITE-CN-HB-WH,CN-HB-WH,,8
TRE-SYN-B-0240-09,ORD-SYN-B-0240,SHP-SYN-B-0240,2026-06-14T06:59:08+08:00,delivered,delivered,CAR-SYN-FAST,SITE-CN-HB-WH,CN-HB-WH,,9
