event_id,order_id,event_time,event_code,raw_status,warehouse_id,quantity,quantity_unit,source_system
WHE-SYN-B-0001-01,ORD-SYN-B-0001,2026-06-01T12:21:44+08:00,order_received,order_received,WH-SYN-WEST,5,piece,synthetic_case_generator
WHE-SYN-B-0001-02,ORD-SYN-B-0001,2026-06-01T12:58:49+08:00,picking_started,picking_started,WH-SYN-WEST,5,piece,synthetic_case_generator
WHE-SYN-B-0001-03,ORD-SYN-B-0001,2026-06-01T13:45:26+08:00,picking_completed,picking_completed,WH-SYN-WEST,5,piece,synthetic_case_generator
WHE-SYN-B-0001-04,ORD-SYN-B-0001,2026-06-01T14:17:27+08:00,quality_check_started,quality_check_started,WH-SYN-WEST,5,piece,synthetic_case_generator
WHE-SYN-B-0001-05,ORD-SYN-B-0001,2026-06-01T14:40:44+08:00,quality_check_completed,quality_check_completed,WH-SYN-WEST,5,piece,synthetic_case_generator
WHE-SYN-B-0001-06,ORD-SYN-B-0001,2026-06-01T14:48:15+08:00,packing_started,packing_started,WH-SYN-WEST,5,piece,synthetic_case_generator
WHE-SYN-B-0001-07,ORD-SYN-B-0001,2026-06-01T15:19:46+08:00,packing_completed,packing_completed,WH-SYN-WEST,5,piece,synthetic_case_generator
WHE-SYN-B-0001-08,ORD-SYN-B-0001,2026-06-01T15:29:42+08:00,ready_to_ship,ready_to_ship,WH-SYN-WEST,5,piece,synthetic_case_generator
WHE-SYN-B-0001-09,ORD-SYN-B-0001,2026-06-01T15:37:03+08:00,shipped_from_warehouse,shipped_from_warehouse,WH-SYN-WEST,5,piece,synthetic_case_generator
WHE-SYN-B-0002-01,ORD-SYN-B-0002,2026-06-01T15:54:00+08:00,order_received,order_received,WH-SYN-EAST,4,piece,synthetic_case_generator
WHE-SYN-B-0002-02,ORD-SYN-B-0002,2026-06-01T16:31:34+08:00,picking_started,picking_started,WH-SYN-EAST,4,piece,synthetic_case_generator
WHE-SYN-B-0002-03,ORD-SYN-B-0002,2026-06-01T17:15:43+08:00,picking_completed,picking_completed,WH-SYN-EAST,4,piece,synthetic_case_generator
WHE-SYN-B-0002-04,ORD-SYN-B-0002,2026-06-01T17:44:05+08:00,quality_check_started,quality_check_started,WH-SYN-EAST,4,piece,synthetic_case_generator
WHE-SYN-B-0002-05,ORD-SYN-B-0002,2026-06-01T18:13:17+08:00,quality_check_completed,quality_check_completed,WH-SYN-EAST,4,piece,synthetic_case_generator
WHE-SYN-B-0002-06,ORD-SYN-B-0002,2026-06-01T18:22:33+08:00,packing_started,packing_started,WH-SYN-EAST,4,piece,synthetic_case_generator
WHE-SYN-B-0002-07,ORD-SYN-B-0002,2026-06-01T19:01:47+08:00,packing_completed,packing_completed,WH-SYN-EAST,4,piece,synthetic_case_generator
WHE-SYN-B-0002-08,ORD-SYN-B-0002,2026-06-01T19:12:29+08:00,ready_to_ship,ready_to_ship,WH-SYN-EAST,4,piece,synthetic_case_generator
WHE-SYN-B-0002-09,ORD-SYN-B-0002,2026-06-01T19:20:58+08:00,shipped_from_warehouse,shipped_from_warehouse,WH-SYN-EAST,4,piece,synthetic_case_generator
WHE-SYN-B-0003-01,ORD-SYN-B-0003,2026-06-01T19:14:33+08:00,order_received,order_received,WH-SYN-EAST,3,piece,synthetic_case_generator
WHE-SYN-B-0003-02,ORD-SYN-B-0003,2026-06-01T19:54:31+08:00,picking_started,picking_started,WH-SYN-EAST,3,piece,synthetic_case_generator
WHE-SYN-B-0003-03,ORD-SYN-B-0003,2026-06-01T20:41:38+08:00,picking_completed,picking_completed,WH-SYN-EAST,3,piece,synthetic_case_generator
WHE-SYN-B-0003-04,ORD-SYN-B-0003,2026-06-01T21:12:30+08:00,quality_check_started,quality_check_started,WH-SYN-EAST,3,piece,synthetic_case_generator
WHE-SYN-B-0003-05,ORD-SYN-B-0003,2026-06-01T21:35:10+08:00,quality_check_completed,quality_check_completed,WH-SYN-EAST,3,piece,synthetic_case_generator
WHE-SYN-B-0003-06,ORD-SYN-B-0003,2026-06-01T21:42:42+08:00,packing_started,packing_started,WH-SYN-EAST,3,piece,synthetic_case_generator
WHE-SYN-B-0003-07,ORD-SYN-B-0003,2026-06-01T22:13:55+08:00,packing_completed,packing_completed,WH-SYN-EAST,3,piece,synthetic_case_generator
WHE-SYN-B-0003-08,ORD-SYN-B-0003,2026-06-01T22:41:30+08:00,ready_to_ship,ready_to_ship,WH-SYN-EAST,3,piece,synthetic_case_generator
WHE-SYN-B-0003-09,ORD-SYN-B-0003,2026-06-01T22:53:10+08:00,shipped_from_warehouse,shipped_from_warehouse,WH-SYN-EAST,3,piece,synthetic_case_generator
WHE-SYN-B-0004-01,ORD-SYN-B-0004,2026-06-01T10:35:55+08:00,order_received,order_received,WH-SYN-EAST,1,piece,synthetic_case_generator
WHE-SYN-B-0004-02,ORD-SYN-B-0004,2026-06-01T11:10:36+08:00,picking_started,picking_started,WH-SYN-EAST,1,piece,synthetic_case_generator
WHE-SYN-B-0004-03,ORD-SYN-B-0004,2026-06-01T11:53:05+08:00,picking_completed,picking_completed,WH-SYN-EAST,1,piece,synthetic_case_generator
WHE-SYN-B-0004-04,ORD-SYN-B-0004,2026-06-01T12:25:42+08:00,quality_check_started,quality_check_started,WH-SYN-EAST,1,piece,synthetic_case_generator
WHE-SYN-B-0004-05,ORD-SYN-B-0004,2026-06-01T12:51:55+08:00,quality_check_completed,quality_check_completed,WH-SYN-EAST,1,piece,synthetic_case_generator
WHE-SYN-B-0004-06,ORD-SYN-B-0004,2026-06-01T12:56:17+08:00,packing_started,packing_started,WH-SYN-EAST,1,piece,synthetic_case_generator
WHE-SYN-B-0004-07,ORD-SYN-B-0004,2026-06-01T13:38:08+08:00,packing_completed,packing_completed,WH-SYN-EAST,1,piece,synthetic_case_generator
WHE-SYN-B-0004-08,ORD-SYN-B-0004,2026-06-01T13:51:34+08:00,ready_to_ship,ready_to_ship,WH-SYN-EAST,1,piece,synthetic_case_generator
WHE-SYN-B-0004-09,ORD-SYN-B-0004,2026-06-01T14:03:24+08:00,shipped_from_warehouse,shipped_from_warehouse,WH-SYN-EAST,1,piece,synthetic_case_generator
WHE-SYN-B-0005-01,ORD-SYN-B-0005,2026-06-01T13:50:19+08:00,order_received,order_received,WH-SYN-EAST,5,piece,synthetic_case_generator
WHE-SYN-B-0005-02,ORD-SYN-B-0005,2026-06-01T14:35:56+08:00,picking_started,picking_started,WH-SYN-EAST,5,piece,synthetic_case_generator
WHE-SYN-B-0005-03,ORD-SYN-B-0005,2026-06-01T15:27:02+08:00,picking_completed,picking_completed,WH-SYN-EAST,5,piece,synthetic_case_generator
WHE-SYN-B-0005-04,ORD-SYN-B-0005,2026-06-01T15:51:33+08:00,quality_check_started,quality_check_started,WH-SYN-EAST,5,piece,synthetic_case_generator
WHE-SYN-B-0005-05,ORD-SYN-B-0005,2026-06-01T16:24:14+08:00,quality_check_completed,quality_check_completed,WH-SYN-EAST,5,piece,synthetic_case_generator
WHE-SYN-B-0005-06,ORD-SYN-B-0005,2026-06-01T16:35:55+08:00,packing_started,packing_started,WH-SYN-EAST,5,piece,synthetic_case_generator
WHE-SYN-B-0005-07,ORD-SYN-B-0005,2026-06-01T17:18:55+08:00,packing_completed,packing_completed,WH-SYN-EAST,5,piece,synthetic_case_generator
WHE-SYN-B-0005-08,ORD-SYN-B-0005,2026-06-01T17:35:20+08:00,ready_to_ship,ready_to_ship,WH-SYN-EAST,5,piece,synthetic_case_generator
WHE-SYN-B-0005-09,ORD-SYN-B-0005,2026-06-01T17:41:22+08:00,shipped_from_warehouse,shipped_from_warehouse,WH-SYN-EAST,5,piece,synthetic_case_generator
WHE-SYN-B-0006-01,ORD-SYN-B-0006,2026-06-01T16:25:59+08:00,order_received,order_received,WH-SYN-EAST,4,piece,synthetic_case_generator
WHE-SYN-B-0006-02,ORD-SYN-B-0006,2026-06-01T17:03:42+08:00,picking_started,picking_started,WH-SYN-EAST,4,piece,synthetic_case_generator
WHE-SYN-B-0006-03,ORD-SYN-B-0006,2026-06-01T17:48:28+08:00,picking_completed,picking_completed,WH-SYN-EAST,4,piece,synthetic_case_generator
WHE-SYN-B-0006-04,ORD-SYN-B-0006,2026-06-01T18:11:58+08:00,quality_check_started,quality_check_started,WH-SYN-EAST,4,piece,synthetic_case_generator
WHE-SYN-B-0006-05,ORD-SYN-B-0006,2026-06-01T18:41:56+08:00,quality_check_completed,quality_check_completed,WH-SYN-EAST,4,piece,synthetic_case_generator
WHE-SYN-B-0006-06,ORD-SYN-B-0006,2026-06-01T18:53:38+08:00,packing_started,packing_started,WH-SYN-EAST,4,piece,synthetic_case_generator
WHE-SYN-B-0006-07,ORD-SYN-B-0006,2026-06-01T19:36:58+08:00,packing_completed,packing_completed,WH-SYN-EAST,4,piece,synthetic_case_generator
WHE-SYN-B-0006-08,ORD-SYN-B-0006,2026-06-01T19:52:54+08:00,ready_to_ship,ready_to_ship,WH-SYN-EAST,4,piece,synthetic_case_generator
WHE-SYN-B-0006-09,ORD-SYN-B-0006,2026-06-01T19:56:36+08:00,shipped_from_warehouse,shipped_from_warehouse,WH-SYN-EAST,4,piece,synthetic_case_generator
WHE-SYN-B-0007-01,ORD-SYN-B-0007,2026-06-01T19:44:59+08:00,order_received,order_received,WH-SYN-EAST,3,piece,synthetic_case_generator
WHE-SYN-B-0007-02,ORD-SYN-B-0007,2026-06-01T20:18:29+08:00,picking_started,picking_started,WH-SYN-EAST,3,piece,synthetic_case_generator
WHE-SYN-B-0007-03,ORD-SYN-B-0007,2026-06-01T21:06:52+08:00,picking_completed,picking_completed,WH-SYN-EAST,3,piece,synthetic_case_generator
WHE-SYN-B-0007-04,ORD-SYN-B-0007,2026-06-01T21:35:48+08:00,quality_check_started,quality_check_started,WH-SYN-EAST,3,piece,synthetic_case_generator
WHE-SYN-B-0007-05,ORD-SYN-B-0007,2026-06-01T22:01:01+08:00,quality_check_completed,quality_check_completed,WH-SYN-EAST,3,piece,synthetic_case_generator
WHE-SYN-B-0007-06,ORD-SYN-B-0007,2026-06-01T22:08:49+08:00,packing_started,packing_started,WH-SYN-EAST,3,piece,synthetic_case_generator
WHE-SYN-B-0007-07,ORD-SYN-B-0007,2026-06-01T22:41:27+08:00,packing_completed,packing_completed,WH-SYN-EAST,3,piece,synthetic_case_generator
WHE-SYN-B-0007-08,ORD-SYN-B-0007,2026-06-01T22:55:29+08:00,ready_to_ship,ready_to_ship,WH-SYN-EAST,3,piece,synthetic_case_generator
WHE-SYN-B-0007-09,ORD-SYN-B-0007,2026-06-01T23:06:13+08:00,shipped_from_warehouse,shipped_from_warehouse,WH-SYN-EAST,3,piece,synthetic_case_generator
WHE-SYN-B-0008-01,ORD-SYN-B-0008,2026-06-01T12:14:43+08:00,order_received,order_received,WH-SYN-WEST,2,piece,synthetic_case_generator
WHE-SYN-B-0008-02,ORD-SYN-B-0008,2026-06-01T13:01:22+08:00,picking_started,picking_started,WH-SYN-WEST,2,piece,synthetic_case_generator
WHE-SYN-B-0008-03,ORD-SYN-B-0008,2026-06-01T13:50:40+08:00,picking_completed,picking_completed,WH-SYN-WEST,2,piece,synthetic_case_generator
WHE-SYN-B-0008-04,ORD-SYN-B-0008,2026-06-01T14:12:54+08:00,quality_check_started,quality_check_started,WH-SYN-WEST,2,piece,synthetic_case_generator
WHE-SYN-B-0008-05,ORD-SYN-B-0008,2026-06-01T14:34:52+08:00,quality_check_completed,quality_check_completed,WH-SYN-WEST,2,piece,synthetic_case_generator
WHE-SYN-B-0008-06,ORD-SYN-B-0008,2026-06-01T14:38:58+08:00,packing_started,packing_started,WH-SYN-WEST,2,piece,synthetic_case_generator
WHE-SYN-B-0008-07,ORD-SYN-B-0008,2026-06-01T15:11:51+08:00,packing_completed,packing_completed,WH-SYN-WEST,2,piece,synthetic_case_generator
WHE-SYN-B-0008-08,ORD-SYN-B-0008,2026-06-01T15:32:31+08:00,ready_to_ship,ready_to_ship,WH-SYN-WEST,2,piece,synthetic_case_generator
WHE-SYN-B-0008-09,ORD-SYN-B-0008,2026-06-01T15:39:14+08:00,shipped_from_warehouse,shipped_from_warehouse,WH-SYN-WEST,2,piece,synthetic_case_generator
WHE-SYN-B-0009-01,ORD-SYN-B-0009,2026-06-01T14:32:25+08:00,order_received,order_received,WH-SYN-WEST,4,piece,synthetic_case_generator
WHE-SYN-B-0009-02,ORD-SYN-B-0009,2026-06-01T15:07:33+08:00,picking_started,picking_started,WH-SYN-WEST,4,piece,synthetic_case_generator
WHE-SYN-B-0009-03,ORD-SYN-B-0009,2026-06-01T15:52:47+08:00,picking_completed,picking_completed,WH-SYN-WEST,4,piece,synthetic_case_generator
WHE-SYN-B-0009-04,ORD-SYN-B-0009,2026-06-01T16:23:05+08:00,quality_check_started,quality_check_started,WH-SYN-WEST,4,piece,synthetic_case_generator
WHE-SYN-B-0009-05,ORD-SYN-B-0009,2026-06-01T16:52:50+08:00,quality_check_completed,quality_check_completed,WH-SYN-WEST,4,piece,synthetic_case_generator
WHE-SYN-B-0009-06,ORD-SYN-B-0009,2026-06-01T16:56:35+08:00,packing_started,packing_started,WH-SYN-WEST,4,piece,synthetic_case_generator
WHE-SYN-B-0009-07,ORD-SYN-B-0009,2026-06-01T17:34:25+08:00,packing_completed,packing_completed,WH-SYN-WEST,4,piece,synthetic_case_generator
WHE-SYN-B-0009-08,ORD-SYN-B-0009,2026-06-01T17:49:30+08:00,ready_to_ship,ready_to_ship,WH-SYN-WEST,4,piece,synthetic_case_generator
WHE-SYN-B-0009-09,ORD-SYN-B-0009,2026-06-01T18:00:25+08:00,shipped_from_warehouse,shipped_from_warehouse,WH-SYN-WEST,4,piece,synthetic_case_generator
WHE-SYN-B-0010-01,ORD-SYN-B-0010,2026-06-01T17:52:21+08:00,order_received,order_received,WH-SYN-EAST,2,piece,synthetic_case_generator
WHE-SYN-B-0010-02,ORD-SYN-B-0010,2026-06-01T18:41:25+08:00,picking_started,picking_started,WH-SYN-EAST,2,piece,synthetic_case_generator
WHE-SYN-B-0010-03,ORD-SYN-B-0010,2026-06-01T19:31:00+08:00,picking_completed,picking_completed,WH-SYN-EAST,2,piece,synthetic_case_generator
WHE-SYN-B-0010-04,ORD-SYN-B-0010,2026-06-01T19:56:46+08:00,quality_check_started,quality_check_started,WH-SYN-EAST,2,piece,synthetic_case_generator
WHE-SYN-B-0010-05,ORD-SYN-B-0010,2026-06-01T20:19:20+08:00,quality_check_completed,quality_check_completed,WH-SYN-EAST,2,piece,synthetic_case_generator
WHE-SYN-B-0010-06,ORD-SYN-B-0010,2026-06-01T20:24:19+08:00,packing_started,packing_started,WH-SYN-EAST,2,piece,synthetic_case_generator
WHE-SYN-B-0010-07,ORD-SYN-B-0010,2026-06-01T20:55:08+08:00,packing_completed,packing_completed,WH-SYN-EAST,2,piece,synthetic_case_generator
WHE-SYN-B-0010-08,ORD-SYN-B-0010,2026-06-01T21:06:44+08:00,ready_to_ship,ready_to_ship,WH-SYN-EAST,2,piece,synthetic_case_generator
WHE-SYN-B-0010-09,ORD-SYN-B-0010,2026-06-01T21:14:17+08:00,shipped_from_warehouse,shipped_from_warehouse,WH-SYN-EAST,2,piece,synthetic_case_generator
WHE-SYN-B-0011-01,ORD-SYN-B-0011,2026-06-01T09:28:00+08:00,order_received,order_received,WH-SYN-WEST,5,piece,synthetic_case_generator
WHE-SYN-B-0011-02,ORD-SYN-B-0011,2026-06-01T10:05:27+08:00,picking_started,picking_started,WH-SYN-WEST,5,piece,synthetic_case_generator
WHE-SYN-B-0011-03,ORD-SYN-B-0011,2026-06-01T10:57:27+08:00,picking_completed,picking_completed,WH-SYN-WEST,5,piece,synthetic_case_generator
WHE-SYN-B-0011-04,ORD-SYN-B-0011,2026-06-01T11:26:03+08:00,quality_check_started,quality_check_started,WH-SYN-WEST,5,piece,synthetic_case_generator
WHE-SYN-B-0011-05,ORD-SYN-B-0011,2026-06-01T11:55:47+08:00,quality_check_completed,quality_check_completed,WH-SYN-WEST,5,piece,synthetic_case_generator
WHE-SYN-B-0011-06,ORD-SYN-B-0011,2026-06-01T12:06:50+08:00,packing_started,packing_started,WH-SYN-WEST,5,piece,synthetic_case_generator
WHE-SYN-B-0011-07,ORD-SYN-B-0011,2026-06-01T12:49:24+08:00,packing_completed,packing_completed,WH-SYN-WEST,5,piece,synthetic_case_generator
WHE-SYN-B-0011-08,ORD-SYN-B-0011,2026-06-01T13:18:03+08:00,ready_to_ship,ready_to_ship,WH-SYN-WEST,5,piece,synthetic_case_generator
WHE-SYN-B-0011-09,ORD-SYN-B-0011,2026-06-01T13:22:55+08:00,shipped_from_warehouse,shipped_from_warehouse,WH-SYN-WEST,5,piece,synthetic_case_generator
WHE-SYN-B-0012-01,ORD-SYN-B-0012,2026-06-02T12:34:38+08:00,order_received,order_received,WH-SYN-EAST,3,piece,synthetic_case_generator
WHE-SYN-B-0012-02,ORD-SYN-B-0012,2026-06-02T13:11:11+08:00,picking_started,picking_started,WH-SYN-EAST,3,piece,synthetic_case_generator
WHE-SYN-B-0012-03,ORD-SYN-B-0012,2026-06-02T13:53:56+08:00,picking_completed,picking_completed,WH-SYN-EAST,3,piece,synthetic_case_generator
WHE-SYN-B-0012-04,ORD-SYN-B-0012,2026-06-02T14:15:32+08:00,quality_check_started,quality_check_started,WH-SYN-EAST,3,piece,synthetic_case_generator
WHE-SYN-B-0012-05,ORD-SYN-B-0012,2026-06-02T14:47:20+08:00,quality_check_completed,quality_check_completed,WH-SYN-EAST,3,piece,synthetic_case_generator
WHE-SYN-B-0012-06,ORD-SYN-B-0012,2026-06-02T14:52:42+08:00,packing_started,packing_started,WH-SYN-EAST,3,piece,synthetic_case_generator
WHE-SYN-B-0012-07,ORD-SYN-B-0012,2026-06-02T15:31:13+08:00,packing_completed,packing_completed,WH-SYN-EAST,3,piece,synthetic_case_generator
WHE-SYN-B-0012-08,ORD-SYN-B-0012,2026-06-02T15:44:52+08:00,ready_to_ship,ready_to_ship,WH-SYN-EAST,3,piece,synthetic_case_generator
WHE-SYN-B-0012-09,ORD-SYN-B-0012,2026-06-02T15:56:34+08:00,shipped_from_warehouse,shipped_from_warehouse,WH-SYN-EAST,3,piece,synthetic_case_generator
WHE-SYN-B-0013-01,ORD-SYN-B-0013,2026-06-02T16:01:53+08:00,order_received,order_received,WH-SYN-EAST,5,piece,synthetic_case_generator
WHE-SYN-B-0013-02,ORD-SYN-B-0013,2026-06-02T16:42:12+08:00,picking_started,picking_started,WH-SYN-EAST,5,piece,synthetic_case_generator
WHE-SYN-B-0013-03,ORD-SYN-B-0013,2026-06-02T17:26:52+08:00,picking_completed,picking_completed,WH-SYN-EAST,5,piece,synthetic_case_generator
WHE-SYN-B-0013-04,ORD-SYN-B-0013,2026-06-02T17:56:00+08:00,quality_check_started,quality_check_started,WH-SYN-EAST,5,piece,synthetic_case_generator
WHE-SYN-B-0013-05,ORD-SYN-B-0013,2026-06-02T18:26:24+08:00,quality_check_completed,quality_check_completed,WH-SYN-EAST,5,piece,synthetic_case_generator
WHE-SYN-B-0013-06,ORD-SYN-B-0013,2026-06-02T18:36:35+08:00,packing_started,packing_started,WH-SYN-EAST,5,piece,synthetic_case_generator
WHE-SYN-B-0013-07,ORD-SYN-B-0013,2026-06-02T19:07:42+08:00,packing_completed,packing_completed,WH-SYN-EAST,5,piece,synthetic_case_generator
WHE-SYN-B-0013-08,ORD-SYN-B-0013,2026-06-02T19:30:42+08:00,ready_to_ship,ready_to_ship,WH-SYN-EAST,5,piece,synthetic_case_generator
WHE-SYN-B-0013-09,ORD-SYN-B-0013,2026-06-02T19:37:08+08:00,shipped_from_warehouse,shipped_from_warehouse,WH-SYN-EAST,5,piece,synthetic_case_generator
WHE-SYN-B-0014-01,ORD-SYN-B-0014,2026-06-02T18:21:01+08:00,order_received,order_received,WH-SYN-EAST,1,piece,synthetic_case_generator
WHE-SYN-B-0014-02,ORD-SYN-B-0014,2026-06-02T19:00:05+08:00,picking_started,picking_started,WH-SYN-EAST,1,piece,synthetic_case_generator
WHE-SYN-B-0014-03,ORD-SYN-B-0014,2026-06-02T19:55:47+08:00,picking_completed,picking_completed,WH-SYN-EAST,1,piece,synthetic_case_generator
WHE-SYN-B-0014-04,ORD-SYN-B-0014,2026-06-02T20:18:04+08:00,quality_check_started,quality_check_started,WH-SYN-EAST,1,piece,synthetic_case_generator
WHE-SYN-B-0014-05,ORD-SYN-B-0014,2026-06-02T20:48:41+08:00,quality_check_completed,quality_check_completed,WH-SYN-EAST,1,piece,synthetic_case_generator
WHE-SYN-B-0014-06,ORD-SYN-B-0014,2026-06-02T20:59:04+08:00,packing_started,packing_started,WH-SYN-EAST,1,piece,synthetic_case_generator
WHE-SYN-B-0014-07,ORD-SYN-B-0014,2026-06-02T21:34:40+08:00,packing_completed,packing_completed,WH-SYN-EAST,1,piece,synthetic_case_generator
WHE-SYN-B-0014-08,ORD-SYN-B-0014,2026-06-02T21:59:39+08:00,ready_to_ship,ready_to_ship,WH-SYN-EAST,1,piece,synthetic_case_generator
WHE-SYN-B-0014-09,ORD-SYN-B-0014,2026-06-02T22:09:03+08:00,shipped_from_warehouse,shipped_from_warehouse,WH-SYN-EAST,1,piece,synthetic_case_generator
WHE-SYN-B-0015-01,ORD-SYN-B-0015,2026-06-02T10:52:25+08:00,order_received,order_received,WH-SYN-EAST,1,piece,synthetic_case_generator
WHE-SYN-B-0015-02,ORD-SYN-B-0015,2026-06-02T11:39:55+08:00,picking_started,picking_started,WH-SYN-EAST,1,piece,synthetic_case_generator
WHE-SYN-B-0015-03,ORD-SYN-B-0015,2026-06-02T12:24:19+08:00,picking_completed,picking_completed,WH-SYN-EAST,1,piece,synthetic_case_generator
WHE-SYN-B-0015-04,ORD-SYN-B-0015,2026-06-02T12:48:36+08:00,quality_check_started,quality_check_started,WH-SYN-EAST,1,piece,synthetic_case_generator
WHE-SYN-B-0015-05,ORD-SYN-B-0015,2026-06-02T13:13:32+08:00,quality_check_completed,quality_check_completed,WH-SYN-EAST,1,piece,synthetic_case_generator
WHE-SYN-B-0015-06,ORD-SYN-B-0015,2026-06-02T13:20:44+08:00,packing_started,packing_started,WH-SYN-EAST,1,piece,synthetic_case_generator
WHE-SYN-B-0015-07,ORD-SYN-B-0015,2026-06-02T13:52:30+08:00,packing_completed,packing_completed,WH-SYN-EAST,1,piece,synthetic_case_generator
WHE-SYN-B-0015-08,ORD-SYN-B-0015,2026-06-02T14:03:53+08:00,ready_to_ship,ready_to_ship,WH-SYN-EAST,1,piece,synthetic_case_generator
WHE-SYN-B-0015-09,ORD-SYN-B-0015,2026-06-02T14:10:24+08:00,shipped_from_warehouse,shipped_from_warehouse,WH-SYN-EAST,1,piece,synthetic_case_generator
WHE-SYN-B-0016-01,ORD-SYN-B-0016,2026-06-02T13:14:51+08:00,order_received,order_received,WH-SYN-EAST,2,piece,synthetic_case_generator
WHE-SYN-B-0016-02,ORD-SYN-B-0016,2026-06-02T14:04:39+08:00,picking_started,picking_started,WH-SYN-EAST,2,piece,synthetic_case_generator
WHE-SYN-B-0016-03,ORD-SYN-B-0016,2026-06-02T14:48:37+08:00,picking_completed,picking_completed,WH-SYN-EAST,2,piece,synthetic_case_generator
WHE-SYN-B-0016-04,ORD-SYN-B-0016,2026-06-02T15:12:15+08:00,quality_check_started,quality_check_started,WH-SYN-EAST,2,piece,synthetic_case_generator
WHE-SYN-B-0016-05,ORD-SYN-B-0016,2026-06-02T15:42:36+08:00,quality_check_completed,quality_check_completed,WH-SYN-EAST,2,piece,synthetic_case_generator
WHE-SYN-B-0016-06,ORD-SYN-B-0016,2026-06-02T15:52:39+08:00,packing_started,packing_started,WH-SYN-EAST,2,piece,synthetic_case_generator
WHE-SYN-B-0016-07,ORD-SYN-B-0016,2026-06-02T16:22:43+08:00,packing_completed,packing_completed,WH-SYN-EAST,2,piece,synthetic_case_generator
WHE-SYN-B-0016-08,ORD-SYN-B-0016,2026-06-02T16:34:48+08:00,ready_to_ship,ready_to_ship,WH-SYN-EAST,2,piece,synthetic_case_generator
WHE-SYN-B-0016-09,ORD-SYN-B-0016,2026-06-02T16:46:19+08:00,shipped_from_warehouse,shipped_from_warehouse,WH-SYN-EAST,2,piece,synthetic_case_generator
WHE-SYN-B-0017-01,ORD-SYN-B-0017,2026-06-02T16:34:16+08:00,order_received,order_received,WH-SYN-EAST,3,piece,synthetic_case_generator
WHE-SYN-B-0017-02,ORD-SYN-B-0017,2026-06-02T17:14:09+08:00,picking_started,picking_started,WH-SYN-EAST,3,piece,synthetic_case_generator
WHE-SYN-B-0017-03,ORD-SYN-B-0017,2026-06-02T18:09:11+08:00,picking_completed,picking_completed,WH-SYN-EAST,3,piece,synthetic_case_generator
WHE-SYN-B-0017-04,ORD-SYN-B-0017,2026-06-02T18:37:20+08:00,quality_check_started,quality_check_started,WH-SYN-EAST,3,piece,synthetic_case_generator
WHE-SYN-B-0017-05,ORD-SYN-B-0017,2026-06-02T19:01:18+08:00,quality_check_completed,quality_check_completed,WH-SYN-EAST,3,piece,synthetic_case_generator
WHE-SYN-B-0017-06,ORD-SYN-B-0017,2026-06-02T19:08:13+08:00,packing_started,packing_started,WH-SYN-EAST,3,piece,synthetic_case_generator
WHE-SYN-B-0017-07,ORD-SYN-B-0017,2026-06-02T19:43:17+08:00,packing_completed,packing_completed,WH-SYN-EAST,3,piece,synthetic_case_generator
WHE-SYN-B-0017-08,ORD-SYN-B-0017,2026-06-02T20:05:18+08:00,ready_to_ship,ready_to_ship,WH-SYN-EAST,3,piece,synthetic_case_generator
WHE-SYN-B-0017-09,ORD-SYN-B-0017,2026-06-02T20:13:34+08:00,shipped_from_warehouse,shipped_from_warehouse,WH-SYN-EAST,3,piece,synthetic_case_generator
WHE-SYN-B-0018-01,ORD-SYN-B-0018,2026-06-02T20:01:38+08:00,order_received,order_received,WH-SYN-EAST,3,piece,synthetic_case_generator
WHE-SYN-B-0018-02,ORD-SYN-B-0018,2026-06-02T20:32:21+08:00,picking_started,picking_started,WH-SYN-EAST,3,piece,synthetic_case_generator
WHE-SYN-B-0018-03,ORD-SYN-B-0018,2026-06-02T21:17:21+08:00,picking_completed,picking_completed,WH-SYN-EAST,3,piece,synthetic_case_generator
WHE-SYN-B-0018-04,ORD-SYN-B-0018,2026-06-02T21:49:50+08:00,quality_check_started,quality_check_started,WH-SYN-EAST,3,piece,synthetic_case_generator
WHE-SYN-B-0018-05,ORD-SYN-B-0018,2026-06-02T22:22:11+08:00,quality_check_completed,quality_check_completed,WH-SYN-EAST,3,piece,synthetic_case_generator
WHE-SYN-B-0018-06,ORD-SYN-B-0018,2026-06-02T22:34:07+08:00,packing_started,packing_started,WH-SYN-EAST,3,piece,synthetic_case_generator
WHE-SYN-B-0018-07,ORD-SYN-B-0018,2026-06-02T23:11:02+08:00,packing_completed,packing_completed,WH-SYN-EAST,3,piece,synthetic_case_generator
WHE-SYN-B-0018-08,ORD-SYN-B-0018,2026-06-02T23:20:11+08:00,ready_to_ship,ready_to_ship,WH-SYN-EAST,3,piece,synthetic_case_generator
WHE-SYN-B-0018-09,ORD-SYN-B-0018,2026-06-02T23:31:32+08:00,shipped_from_warehouse,shipped_from_warehouse,WH-SYN-EAST,3,piece,synthetic_case_generator
WHE-SYN-B-0019-01,ORD-SYN-B-0019,2026-06-02T11:19:48+08:00,order_received,order_received,WH-SYN-WEST,2,piece,synthetic_case_generator
WHE-SYN-B-0019-02,ORD-SYN-B-0019,2026-06-02T11:57:31+08:00,picking_started,picking_started,WH-SYN-WEST,2,piece,synthetic_case_generator
WHE-SYN-B-0019-03,ORD-SYN-B-0019,2026-06-02T12:51:34+08:00,picking_completed,picking_completed,WH-SYN-WEST,2,piece,synthetic_case_generator
WHE-SYN-B-0019-04,ORD-SYN-B-0019,2026-06-02T13:13:07+08:00,quality_check_started,quality_check_started,WH-SYN-WEST,2,piece,synthetic_case_generator
WHE-SYN-B-0019-05,ORD-SYN-B-0019,2026-06-02T13:34:36+08:00,quality_check_completed,quality_check_completed,WH-SYN-WEST,2,piece,synthetic_case_generator
WHE-SYN-B-0019-06,ORD-SYN-B-0019,2026-06-02T13:44:27+08:00,packing_started,packing_started,WH-SYN-WEST,2,piece,synthetic_case_generator
WHE-SYN-B-0019-07,ORD-SYN-B-0019,2026-06-02T14:22:03+08:00,packing_completed,packing_completed,WH-SYN-WEST,2,piece,synthetic_case_generator
WHE-SYN-B-0019-08,ORD-SYN-B-0019,2026-06-02T14:52:00+08:00,ready_to_ship,ready_to_ship,WH-SYN-WEST,2,piece,synthetic_case_generator
WHE-SYN-B-0019-09,ORD-SYN-B-0019,2026-06-02T15:00:46+08:00,shipped_from_warehouse,shipped_from_warehouse,WH-SYN-WEST,2,piece,synthetic_case_generator
WHE-SYN-B-0020-01,ORD-SYN-B-0020,2026-06-02T14:50:20+08:00,order_received,order_received,WH-SYN-EAST,2,piece,synthetic_case_generator
WHE-SYN-B-0020-02,ORD-SYN-B-0020,2026-06-02T15:21:14+08:00,picking_started,picking_started,WH-SYN-EAST,2,piece,synthetic_case_generator
WHE-SYN-B-0020-03,ORD-SYN-B-0020,2026-06-02T16:05:38+08:00,picking_completed,picking_completed,WH-SYN-EAST,2,piece,synthetic_case_generator
WHE-SYN-B-0020-04,ORD-SYN-B-0020,2026-06-02T16:31:31+08:00,quality_check_started,quality_check_started,WH-SYN-EAST,2,piece,synthetic_case_generator
WHE-SYN-B-0020-05,ORD-SYN-B-0020,2026-06-02T16:54:08+08:00,quality_check_completed,quality_check_completed,WH-SYN-EAST,2,piece,synthetic_case_generator
WHE-SYN-B-0020-06,ORD-SYN-B-0020,2026-06-02T17:02:08+08:00,packing_started,packing_started,WH-SYN-EAST,2,piece,synthetic_case_generator
WHE-SYN-B-0020-07,ORD-SYN-B-0020,2026-06-02T17:42:07+08:00,packing_completed,packing_completed,WH-SYN-EAST,2,piece,synthetic_case_generator
WHE-SYN-B-0020-08,ORD-SYN-B-0020,2026-06-02T18:11:14+08:00,ready_to_ship,ready_to_ship,WH-SYN-EAST,2,piece,synthetic_case_generator
WHE-SYN-B-0020-09,ORD-SYN-B-0020,2026-06-02T18:22:46+08:00,shipped_from_warehouse,shipped_from_warehouse,WH-SYN-EAST,2,piece,synthetic_case_generator
WHE-SYN-B-0021-01,ORD-SYN-B-0021,2026-06-02T17:07:59+08:00,order_received,order_received,WH-SYN-EAST,2,piece,synthetic_case_generator
WHE-SYN-B-0021-02,ORD-SYN-B-0021,2026-06-02T17:49:43+08:00,picking_started,picking_started,WH-SYN-EAST,2,piece,synthetic_case_generator
WHE-SYN-B-0021-03,ORD-SYN-B-0021,2026-06-02T18:40:09+08:00,picking_completed,picking_completed,WH-SYN-EAST,2,piece,synthetic_case_generator
WHE-SYN-B-0021-04,ORD-SYN-B-0021,2026-06-02T19:08:41+08:00,quality_check_started,quality_check_started,WH-SYN-EAST,2,piece,synthetic_case_generator
WHE-SYN-B-0021-05,ORD-SYN-B-0021,2026-06-02T19:33:37+08:00,quality_check_completed,quality_check_completed,WH-SYN-EAST,2,piece,synthetic_case_generator
WHE-SYN-B-0021-06,ORD-SYN-B-0021,2026-06-02T19:41:12+08:00,packing_started,packing_started,WH-SYN-EAST,2,piece,synthetic_case_generator
WHE-SYN-B-0021-07,ORD-SYN-B-0021,2026-06-02T20:19:34+08:00,packing_completed,packing_completed,WH-SYN-EAST,2,piece,synthetic_case_generator
WHE-SYN-B-0021-08,ORD-SYN-B-0021,2026-06-02T20:47:29+08:00,ready_to_ship,ready_to_ship,WH-SYN-EAST,2,piece,synthetic_case_generator
WHE-SYN-B-0021-09,ORD-SYN-B-0021,2026-06-02T20:56:20+08:00,shipped_from_warehouse,shipped_from_warehouse,WH-SYN-EAST,2,piece,synthetic_case_generator
WHE-SYN-B-0022-01,ORD-SYN-B-0022,2026-06-02T09:36:31+08:00,order_received,order_received,WH-SYN-EAST,1,piece,synthetic_case_generator
WHE-SYN-B-0022-02,ORD-SYN-B-0022,2026-06-02T10:08:06+08:00,picking_started,picking_started,WH-SYN-EAST,1,piece,synthetic_case_generator
WHE-SYN-B-0022-03,ORD-SYN-B-0022,2026-06-02T10:53:25+08:00,picking_completed,picking_completed,WH-SYN-EAST,1,piece,synthetic_case_generator
WHE-SYN-B-0022-04,ORD-SYN-B-0022,2026-06-02T11:22:45+08:00,quality_check_started,quality_check_started,WH-SYN-EAST,1,piece,synthetic_case_generator
WHE-SYN-B-0022-05,ORD-SYN-B-0022,2026-06-02T11:53:13+08:00,quality_check_completed,quality_check_completed,WH-SYN-EAST,1,piece,synthetic_case_generator
WHE-SYN-B-0022-06,ORD-SYN-B-0022,2026-06-02T11:58:17+08:00,packing_started,packing_started,WH-SYN-EAST,1,piece,synthetic_case_generator
WHE-SYN-B-0022-07,ORD-SYN-B-0022,2026-06-02T12:29:09+08:00,packing_completed,packing_completed,WH-SYN-EAST,1,piece,synthetic_case_generator
WHE-SYN-B-0022-08,ORD-SYN-B-0022,2026-06-02T12:43:29+08:00,ready_to_ship,ready_to_ship,WH-SYN-EAST,1,piece,synthetic_case_generator
WHE-SYN-B-0022-09,ORD-SYN-B-0022,2026-06-02T12:53:34+08:00,shipped_from_warehouse,shipped_from_warehouse,WH-SYN-EAST,1,piece,synthetic_case_generator
WHE-SYN-B-0023-01,ORD-SYN-B-0023,2026-06-03T13:03:49+08:00,order_received,order_received,WH-SYN-EAST,3,piece,synthetic_case_generator
WHE-SYN-B-0023-02,ORD-SYN-B-0023,2026-06-03T13:41:24+08:00,picking_started,picking_started,WH-SYN-EAST,3,piece,synthetic_case_generator
WHE-SYN-B-0023-03,ORD-SYN-B-0023,2026-06-03T14:24:58+08:00,picking_completed,picking_completed,WH-SYN-EAST,3,piece,synthetic_case_generator
WHE-SYN-B-0023-04,ORD-SYN-B-0023,2026-06-03T14:46:12+08:00,quality_check_started,quality_check_started,WH-SYN-EAST,3,piece,synthetic_case_generator
WHE-SYN-B-0023-05,ORD-SYN-B-0023,2026-06-03T15:16:26+08:00,quality_check_completed,quality_check_completed,WH-SYN-EAST,3,piece,synthetic_case_generator
WHE-SYN-B-0023-06,ORD-SYN-B-0023,2026-06-03T15:21:24+08:00,packing_started,packing_started,WH-SYN-EAST,3,piece,synthetic_case_generator
WHE-SYN-B-0023-07,ORD-SYN-B-0023,2026-06-03T15:53:41+08:00,packing_completed,packing_completed,WH-SYN-EAST,3,piece,synthetic_case_generator
WHE-SYN-B-0023-08,ORD-SYN-B-0023,2026-06-03T16:10:43+08:00,ready_to_ship,ready_to_ship,WH-SYN-EAST,3,piece,synthetic_case_generator
WHE-SYN-B-0023-09,ORD-SYN-B-0023,2026-06-03T16:19:17+08:00,shipped_from_warehouse,shipped_from_warehouse,WH-SYN-EAST,3,piece,synthetic_case_generator
WHE-SYN-B-0024-01,ORD-SYN-B-0024,2026-06-03T15:19:29+08:00,order_received,order_received,WH-SYN-EAST,3,piece,synthetic_case_generator
WHE-SYN-B-0024-02,ORD-SYN-B-0024,2026-06-03T16:09:04+08:00,picking_started,picking_started,WH-SYN-EAST,3,piece,synthetic_case_generator
WHE-SYN-B-0024-03,ORD-SYN-B-0024,2026-06-03T16:55:01+08:00,picking_completed,picking_completed,WH-SYN-EAST,3,piece,synthetic_case_generator
WHE-SYN-B-0024-04,ORD-SYN-B-0024,2026-06-03T17:26:35+08:00,quality_check_started,quality_check_started,WH-SYN-EAST,3,piece,synthetic_case_generator
WHE-SYN-B-0024-05,ORD-SYN-B-0024,2026-06-03T17:58:55+08:00,quality_check_completed,quality_check_completed,WH-SYN-EAST,3,piece,synthetic_case_generator
WHE-SYN-B-0024-06,ORD-SYN-B-0024,2026-06-03T18:06:39+08:00,packing_started,packing_started,WH-SYN-EAST,3,piece,synthetic_case_generator
WHE-SYN-B-0024-07,ORD-SYN-B-0024,2026-06-03T18:40:37+08:00,packing_completed,packing_completed,WH-SYN-EAST,3,piece,synthetic_case_generator
WHE-SYN-B-0024-08,ORD-SYN-B-0024,2026-06-03T18:59:55+08:00,ready_to_ship,ready_to_ship,WH-SYN-EAST,3,piece,synthetic_case_generator
WHE-SYN-B-0024-09,ORD-SYN-B-0024,2026-06-03T19:07:12+08:00,shipped_from_warehouse,shipped_from_warehouse,WH-SYN-EAST,3,piece,synthetic_case_generator
WHE-SYN-B-0025-01,ORD-SYN-B-0025,2026-06-03T18:44:02+08:00,order_received,order_received,WH-SYN-EAST,1,piece,synthetic_case_generator
WHE-SYN-B-0025-02,ORD-SYN-B-0025,2026-06-03T19:36:59+08:00,picking_started,picking_started,WH-SYN-EAST,1,piece,synthetic_case_generator
WHE-SYN-B-0025-03,ORD-SYN-B-0025,2026-06-03T20:22:32+08:00,picking_completed,picking_completed,WH-SYN-EAST,1,piece,synthetic_case_generator
WHE-SYN-B-0025-04,ORD-SYN-B-0025,2026-06-03T20:45:03+08:00,quality_check_started,quality_check_started,WH-SYN-EAST,1,piece,synthetic_case_generator
WHE-SYN-B-0025-05,ORD-SYN-B-0025,2026-06-03T21:14:47+08:00,quality_check_completed,quality_check_completed,WH-SYN-EAST,1,piece,synthetic_case_generator
WHE-SYN-B-0025-06,ORD-SYN-B-0025,2026-06-03T21:21:01+08:00,packing_started,packing_started,WH-SYN-EAST,1,piece,synthetic_case_generator
WHE-SYN-B-0025-07,ORD-SYN-B-0025,2026-06-03T21:52:01+08:00,packing_completed,packing_completed,WH-SYN-EAST,1,piece,synthetic_case_generator
WHE-SYN-B-0025-08,ORD-SYN-B-0025,2026-06-03T22:02:23+08:00,ready_to_ship,ready_to_ship,WH-SYN-EAST,1,piece,synthetic_case_generator
WHE-SYN-B-0025-09,ORD-SYN-B-0025,2026-06-03T22:08:14+08:00,shipped_from_warehouse,shipped_from_warehouse,WH-SYN-EAST,1,piece,synthetic_case_generator
WHE-SYN-B-0026-01,ORD-SYN-B-0026,2026-06-03T11:10:29+08:00,order_received,order_received,WH-SYN-WEST,1,piece,synthetic_case_generator
WHE-SYN-B-0026-02,ORD-SYN-B-0026,2026-06-03T11:56:14+08:00,picking_started,picking_started,WH-SYN-WEST,1,piece,synthetic_case_generator
WHE-SYN-B-0026-03,ORD-SYN-B-0026,2026-06-03T12:49:09+08:00,picking_completed,picking_completed,WH-SYN-WEST,1,piece,synthetic_case_generator
WHE-SYN-B-0026-04,ORD-SYN-B-0026,2026-06-03T13:15:55+08:00,quality_check_started,quality_check_started,WH-SYN-WEST,1,piece,synthetic_case_generator
WHE-SYN-B-0026-05,ORD-SYN-B-0026,2026-06-03T13:45:05+08:00,quality_check_completed,quality_check_completed,WH-SYN-WEST,1,piece,synthetic_case_generator
WHE-SYN-B-0026-06,ORD-SYN-B-0026,2026-06-03T13:56:39+08:00,packing_started,packing_started,WH-SYN-WEST,1,piece,synthetic_case_generator
WHE-SYN-B-0026-07,ORD-SYN-B-0026,2026-06-03T14:32:35+08:00,packing_completed,packing_completed,WH-SYN-WEST,1,piece,synthetic_case_generator
WHE-SYN-B-0026-08,ORD-SYN-B-0026,2026-06-03T14:53:59+08:00,ready_to_ship,ready_to_ship,WH-SYN-WEST,1,piece,synthetic_case_generator
WHE-SYN-B-0026-09,ORD-SYN-B-0026,2026-06-03T14:57:35+08:00,shipped_from_warehouse,shipped_from_warehouse,WH-SYN-WEST,1,piece,synthetic_case_generator
WHE-SYN-B-0027-01,ORD-SYN-B-0027,2026-06-03T13:28:53+08:00,order_received,order_received,WH-SYN-WEST,2,piece,synthetic_case_generator
WHE-SYN-B-0027-02,ORD-SYN-B-0027,2026-06-03T14:21:49+08:00,picking_started,picking_started,WH-SYN-WEST,2,piece,synthetic_case_generator
WHE-SYN-B-0027-03,ORD-SYN-B-0027,2026-06-03T15:10:30+08:00,picking_completed,picking_completed,WH-SYN-WEST,2,piece,synthetic_case_generator
WHE-SYN-B-0027-04,ORD-SYN-B-0027,2026-06-03T15:33:29+08:00,quality_check_started,quality_check_started,WH-SYN-WEST,2,piece,synthetic_case_generator
WHE-SYN-B-0027-05,ORD-SYN-B-0027,2026-06-03T15:56:19+08:00,quality_check_completed,quality_check_completed,WH-SYN-WEST,2,piece,synthetic_case_generator
WHE-SYN-B-0027-06,ORD-SYN-B-0027,2026-06-03T16:06:19+08:00,packing_started,packing_started,WH-SYN-WEST,2,piece,synthetic_case_generator
WHE-SYN-B-0027-07,ORD-SYN-B-0027,2026-06-03T16:48:01+08:00,packing_completed,packing_completed,WH-SYN-WEST,2,piece,synthetic_case_generator
WHE-SYN-B-0027-08,ORD-SYN-B-0027,2026-06-03T17:13:10+08:00,ready_to_ship,ready_to_ship,WH-SYN-WEST,2,piece,synthetic_case_generator
WHE-SYN-B-0027-09,ORD-SYN-B-0027,2026-06-03T17:20:52+08:00,shipped_from_warehouse,shipped_from_warehouse,WH-SYN-WEST,2,piece,synthetic_case_generator
WHE-SYN-B-0028-01,ORD-SYN-B-0028,2026-06-03T17:02:54+08:00,order_received,order_received,WH-SYN-EAST,4,piece,synthetic_case_generator
WHE-SYN-B-0028-02,ORD-SYN-B-0028,2026-06-03T17:44:02+08:00,picking_started,picking_started,WH-SYN-EAST,4,piece,synthetic_case_generator
WHE-SYN-B-0028-03,ORD-SYN-B-0028,2026-06-03T18:37:36+08:00,picking_completed,picking_completed,WH-SYN-EAST,4,piece,synthetic_case_generator
WHE-SYN-B-0028-04,ORD-SYN-B-0028,2026-06-03T19:02:31+08:00,quality_check_started,quality_check_started,WH-SYN-EAST,4,piece,synthetic_case_generator
WHE-SYN-B-0028-05,ORD-SYN-B-0028,2026-06-03T19:27:12+08:00,quality_check_completed,quality_check_completed,WH-SYN-EAST,4,piece,synthetic_case_generator
WHE-SYN-B-0028-06,ORD-SYN-B-0028,2026-06-03T19:36:32+08:00,packing_started,packing_started,WH-SYN-EAST,4,piece,synthetic_case_generator
WHE-SYN-B-0028-07,ORD-SYN-B-0028,2026-06-03T20:20:12+08:00,packing_completed,packing_completed,WH-SYN-EAST,4,piece,synthetic_case_generator
WHE-SYN-B-0028-08,ORD-SYN-B-0028,2026-06-03T20:50:08+08:00,ready_to_ship,ready_to_ship,WH-SYN-EAST,4,piece,synthetic_case_generator
WHE-SYN-B-0028-09,ORD-SYN-B-0028,2026-06-03T20:58:27+08:00,shipped_from_warehouse,shipped_from_warehouse,WH-SYN-EAST,4,piece,synthetic_case_generator
WHE-SYN-B-0029-01,ORD-SYN-B-0029,2026-06-03T19:28:33+08:00,order_received,order_received,WH-SYN-EAST,3,piece,synthetic_case_generator
WHE-SYN-B-0029-02,ORD-SYN-B-0029,2026-06-03T20:10:04+08:00,picking_started,picking_started,WH-SYN-EAST,3,piece,synthetic_case_generator
WHE-SYN-B-0029-03,ORD-SYN-B-0029,2026-06-03T20:57:22+08:00,picking_completed,picking_completed,WH-SYN-EAST,3,piece,synthetic_case_generator
WHE-SYN-B-0029-04,ORD-SYN-B-0029,2026-06-03T21:28:28+08:00,quality_check_started,quality_check_started,WH-SYN-EAST,3,piece,synthetic_case_generator
WHE-SYN-B-0029-05,ORD-SYN-B-0029,2026-06-03T21:51:51+08:00,quality_check_completed,quality_check_completed,WH-SYN-EAST,3,piece,synthetic_case_generator
WHE-SYN-B-0029-06,ORD-SYN-B-0029,2026-06-03T22:02:30+08:00,packing_started,packing_started,WH-SYN-EAST,3,piece,synthetic_case_generator
WHE-SYN-B-0029-07,ORD-SYN-B-0029,2026-06-03T22:38:18+08:00,packing_completed,packing_completed,WH-SYN-EAST,3,piece,synthetic_case_generator
WHE-SYN-B-0029-08,ORD-SYN-B-0029,2026-06-03T23:00:29+08:00,ready_to_ship,ready_to_ship,WH-SYN-EAST,3,piece,synthetic_case_generator
WHE-SYN-B-0029-09,ORD-SYN-B-0029,2026-06-03T23:10:27+08:00,shipped_from_warehouse,shipped_from_warehouse,WH-SYN-EAST,3,piece,synthetic_case_generator
WHE-SYN-B-0030-01,ORD-SYN-B-0030,2026-06-03T11:43:14+08:00,order_received,order_received,WH-SYN-EAST,5,piece,synthetic_case_generator
WHE-SYN-B-0030-02,ORD-SYN-B-0030,2026-06-03T12:17:19+08:00,picking_started,picking_started,WH-SYN-EAST,5,piece,synthetic_case_generator
WHE-SYN-B-0030-03,ORD-SYN-B-0030,2026-06-03T13:11:05+08:00,picking_completed,picking_completed,WH-SYN-EAST,5,piece,synthetic_case_generator
WHE-SYN-B-0030-04,ORD-SYN-B-0030,2026-06-03T13:42:05+08:00,quality_check_started,quality_check_started,WH-SYN-EAST,5,piece,synthetic_case_generator
WHE-SYN-B-0030-05,ORD-SYN-B-0030,2026-06-03T14:06:07+08:00,quality_check_completed,quality_check_completed,WH-SYN-EAST,5,piece,synthetic_case_generator
WHE-SYN-B-0030-06,ORD-SYN-B-0030,2026-06-03T14:17:59+08:00,packing_started,packing_started,WH-SYN-EAST,5,piece,synthetic_case_generator
WHE-SYN-B-0030-07,ORD-SYN-B-0030,2026-06-03T14:51:15+08:00,packing_completed,packing_completed,WH-SYN-EAST,5,piece,synthetic_case_generator
WHE-SYN-B-0030-08,ORD-SYN-B-0030,2026-06-03T15:18:19+08:00,ready_to_ship,ready_to_ship,WH-SYN-EAST,5,piece,synthetic_case_generator
WHE-SYN-B-0030-09,ORD-SYN-B-0030,2026-06-03T15:24:28+08:00,shipped_from_warehouse,shipped_from_warehouse,WH-SYN-EAST,5,piece,synthetic_case_generator
WHE-SYN-B-0031-01,ORD-SYN-B-0031,2026-06-03T15:05:14+08:00,order_received,order_received,WH-SYN-EAST,5,piece,synthetic_case_generator
WHE-SYN-B-0031-02,ORD-SYN-B-0031,2026-06-03T15:48:06+08:00,picking_started,picking_started,WH-SYN-EAST,5,piece,synthetic_case_generator
WHE-SYN-B-0031-03,ORD-SYN-B-0031,2026-06-03T16:30:24+08:00,picking_completed,picking_completed,WH-SYN-EAST,5,piece,synthetic_case_generator
WHE-SYN-B-0031-04,ORD-SYN-B-0031,2026-06-03T16:52:38+08:00,quality_check_started,quality_check_started,WH-SYN-EAST,5,piece,synthetic_case_generator
WHE-SYN-B-0031-05,ORD-SYN-B-0031,2026-06-03T17:24:04+08:00,quality_check_completed,quality_check_completed,WH-SYN-EAST,5,piece,synthetic_case_generator
WHE-SYN-B-0031-06,ORD-SYN-B-0031,2026-06-03T17:32:12+08:00,packing_started,packing_started,WH-SYN-EAST,5,piece,synthetic_case_generator
WHE-SYN-B-0031-07,ORD-SYN-B-0031,2026-06-03T18:08:49+08:00,packing_completed,packing_completed,WH-SYN-EAST,5,piece,synthetic_case_generator
WHE-SYN-B-0031-08,ORD-SYN-B-0031,2026-06-03T18:30:51+08:00,ready_to_ship,ready_to_ship,WH-SYN-EAST,5,piece,synthetic_case_generator
WHE-SYN-B-0031-09,ORD-SYN-B-0031,2026-06-03T18:34:17+08:00,shipped_from_warehouse,shipped_from_warehouse,WH-SYN-EAST,5,piece,synthetic_case_generator
WHE-SYN-B-0032-01,ORD-SYN-B-0032,2026-06-03T17:33:21+08:00,order_received,order_received,WH-SYN-WEST,1,piece,synthetic_case_generator
WHE-SYN-B-0032-02,ORD-SYN-B-0032,2026-06-03T18:16:54+08:00,picking_started,picking_started,WH-SYN-WEST,1,piece,synthetic_case_generator
WHE-SYN-B-0032-03,ORD-SYN-B-0032,2026-06-03T19:10:09+08:00,picking_completed,picking_completed,WH-SYN-WEST,1,piece,synthetic_case_generator
WHE-SYN-B-0032-04,ORD-SYN-B-0032,2026-06-03T19:35:26+08:00,quality_check_started,quality_check_started,WH-SYN-WEST,1,piece,synthetic_case_generator
WHE-SYN-B-0032-05,ORD-SYN-B-0032,2026-06-03T20:04:53+08:00,quality_check_completed,quality_check_completed,WH-SYN-WEST,1,piece,synthetic_case_generator
WHE-SYN-B-0032-06,ORD-SYN-B-0032,2026-06-03T20:13:42+08:00,packing_started,packing_started,WH-SYN-WEST,1,piece,synthetic_case_generator
WHE-SYN-B-0032-07,ORD-SYN-B-0032,2026-06-03T20:52:03+08:00,packing_completed,packing_completed,WH-SYN-WEST,1,piece,synthetic_case_generator
WHE-SYN-B-0032-08,ORD-SYN-B-0032,2026-06-03T21:19:52+08:00,ready_to_ship,ready_to_ship,WH-SYN-WEST,1,piece,synthetic_case_generator
WHE-SYN-B-0032-09,ORD-SYN-B-0032,2026-06-03T21:29:52+08:00,shipped_from_warehouse,shipped_from_warehouse,WH-SYN-WEST,1,piece,synthetic_case_generator
WHE-SYN-B-0033-01,ORD-SYN-B-0033,2026-06-04T10:05:03+08:00,order_received,order_received,WH-SYN-EAST,5,piece,synthetic_case_generator
WHE-SYN-B-0033-02,ORD-SYN-B-0033,2026-06-04T10:56:51+08:00,picking_started,picking_started,WH-SYN-EAST,5,piece,synthetic_case_generator
WHE-SYN-B-0033-03,ORD-SYN-B-0033,2026-06-04T11:49:06+08:00,picking_completed,picking_completed,WH-SYN-EAST,5,piece,synthetic_case_generator
WHE-SYN-B-0033-04,ORD-SYN-B-0033,2026-06-04T12:15:05+08:00,quality_check_started,quality_check_started,WH-SYN-EAST,5,piece,synthetic_case_generator
WHE-SYN-B-0033-05,ORD-SYN-B-0033,2026-06-04T12:37:38+08:00,quality_check_completed,quality_check_completed,WH-SYN-EAST,5,piece,synthetic_case_generator
WHE-SYN-B-0033-06,ORD-SYN-B-0033,2026-06-04T12:48:36+08:00,packing_started,packing_started,WH-SYN-EAST,5,piece,synthetic_case_generator
WHE-SYN-B-0033-07,ORD-SYN-B-0033,2026-06-04T13:19:21+08:00,packing_completed,packing_completed,WH-SYN-EAST,5,piece,synthetic_case_generator
WHE-SYN-B-0033-08,ORD-SYN-B-0033,2026-06-04T13:39:34+08:00,ready_to_ship,ready_to_ship,WH-SYN-EAST,5,piece,synthetic_case_generator
WHE-SYN-B-0033-09,ORD-SYN-B-0033,2026-06-04T13:48:59+08:00,shipped_from_warehouse,shipped_from_warehouse,WH-SYN-EAST,5,piece,synthetic_case_generator
WHE-SYN-B-0034-01,ORD-SYN-B-0034,2026-06-04T12:35:13+08:00,order_received,order_received,WH-SYN-WEST,3,piece,synthetic_case_generator
WHE-SYN-B-0034-02,ORD-SYN-B-0034,2026-06-04T13:17:40+08:00,picking_started,picking_started,WH-SYN-WEST,3,piece,synthetic_case_generator
WHE-SYN-B-0034-03,ORD-SYN-B-0034,2026-06-04T14:13:43+08:00,picking_completed,picking_completed,WH-SYN-WEST,3,piece,synthetic_case_generator
WHE-SYN-B-0034-04,ORD-SYN-B-0034,2026-06-04T14:41:05+08:00,quality_check_started,quality_check_started,WH-SYN-WEST,3,piece,synthetic_case_generator
WHE-SYN-B-0034-05,ORD-SYN-B-0034,2026-06-04T15:09:14+08:00,quality_check_completed,quality_check_completed,WH-SYN-WEST,3,piece,synthetic_case_generator
WHE-SYN-B-0034-06,ORD-SYN-B-0034,2026-06-04T15:19:38+08:00,packing_started,packing_started,WH-SYN-WEST,3,piece,synthetic_case_generator
WHE-SYN-B-0034-07,ORD-SYN-B-0034,2026-06-04T15:51:11+08:00,packing_completed,packing_completed,WH-SYN-WEST,3,piece,synthetic_case_generator
WHE-SYN-B-0034-08,ORD-SYN-B-0034,2026-06-04T16:20:37+08:00,ready_to_ship,ready_to_ship,WH-SYN-WEST,3,piece,synthetic_case_generator
WHE-SYN-B-0034-09,ORD-SYN-B-0034,2026-06-04T16:26:48+08:00,shipped_from_warehouse,shipped_from_warehouse,WH-SYN-WEST,3,piece,synthetic_case_generator
WHE-SYN-B-0035-01,ORD-SYN-B-0035,2026-06-04T15:45:50+08:00,order_received,order_received,WH-SYN-EAST,5,piece,synthetic_case_generator
WHE-SYN-B-0035-02,ORD-SYN-B-0035,2026-06-04T16:19:08+08:00,picking_started,picking_started,WH-SYN-EAST,5,piece,synthetic_case_generator
WHE-SYN-B-0035-03,ORD-SYN-B-0035,2026-06-04T17:06:00+08:00,picking_completed,picking_completed,WH-SYN-EAST,5,piece,synthetic_case_generator
WHE-SYN-B-0035-04,ORD-SYN-B-0035,2026-06-04T17:37:07+08:00,quality_check_started,quality_check_started,WH-SYN-EAST,5,piece,synthetic_case_generator
WHE-SYN-B-0035-05,ORD-SYN-B-0035,2026-06-04T18:04:27+08:00,quality_check_completed,quality_check_completed,WH-SYN-EAST,5,piece,synthetic_case_generator
WHE-SYN-B-0035-06,ORD-SYN-B-0035,2026-06-04T18:09:31+08:00,packing_started,packing_started,WH-SYN-EAST,5,piece,synthetic_case_generator
WHE-SYN-B-0035-07,ORD-SYN-B-0035,2026-06-04T18:43:18+08:00,packing_completed,packing_completed,WH-SYN-EAST,5,piece,synthetic_case_generator
WHE-SYN-B-0035-08,ORD-SYN-B-0035,2026-06-04T19:10:29+08:00,ready_to_ship,ready_to_ship,WH-SYN-EAST,5,piece,synthetic_case_generator
WHE-SYN-B-0035-09,ORD-SYN-B-0035,2026-06-04T19:16:41+08:00,shipped_from_warehouse,shipped_from_warehouse,WH-SYN-EAST,5,piece,synthetic_case_generator
WHE-SYN-B-0036-01,ORD-SYN-B-0036,2026-06-04T18:21:15+08:00,order_received,order_received,WH-SYN-EAST,3,piece,synthetic_case_generator
WHE-SYN-B-0036-02,ORD-SYN-B-0036,2026-06-04T19:07:26+08:00,picking_started,picking_started,WH-SYN-EAST,3,piece,synthetic_case_generator
WHE-SYN-B-0036-03,ORD-SYN-B-0036,2026-06-04T20:00:59+08:00,picking_completed,picking_completed,WH-SYN-EAST,3,piece,synthetic_case_generator
WHE-SYN-B-0036-04,ORD-SYN-B-0036,2026-06-04T20:25:25+08:00,quality_check_started,quality_check_started,WH-SYN-EAST,3,piece,synthetic_case_generator
WHE-SYN-B-0036-05,ORD-SYN-B-0036,2026-06-04T20:49:00+08:00,quality_check_completed,quality_check_completed,WH-SYN-EAST,3,piece,synthetic_case_generator
WHE-SYN-B-0036-06,ORD-SYN-B-0036,2026-06-04T21:00:18+08:00,packing_started,packing_started,WH-SYN-EAST,3,piece,synthetic_case_generator
WHE-SYN-B-0036-07,ORD-SYN-B-0036,2026-06-04T21:40:50+08:00,packing_completed,packing_completed,WH-SYN-EAST,3,piece,synthetic_case_generator
WHE-SYN-B-0036-08,ORD-SYN-B-0036,2026-06-04T22:04:18+08:00,ready_to_ship,ready_to_ship,WH-SYN-EAST,3,piece,synthetic_case_generator
WHE-SYN-B-0036-09,ORD-SYN-B-0036,2026-06-04T22:10:09+08:00,shipped_from_warehouse,shipped_from_warehouse,WH-SYN-EAST,3,piece,synthetic_case_generator
WHE-SYN-B-0037-01,ORD-SYN-B-0037,2026-06-04T10:33:03+08:00,order_received,order_received,WH-SYN-EAST,2,piece,synthetic_case_generator
WHE-SYN-B-0037-02,ORD-SYN-B-0037,2026-06-04T11:08:23+08:00,picking_started,picking_started,WH-SYN-EAST,2,piece,synthetic_case_generator
WHE-SYN-B-0037-03,ORD-SYN-B-0037,2026-06-04T11:59:40+08:00,picking_completed,picking_completed,WH-SYN-EAST,2,piece,synthetic_case_generator
WHE-SYN-B-0037-04,ORD-SYN-B-0037,2026-06-04T12:21:31+08:00,quality_check_started,quality_check_started,WH-SYN-EAST,2,piece,synthetic_case_generator
WHE-SYN-B-0037-05,ORD-SYN-B-0037,2026-06-04T12:42:53+08:00,quality_check_completed,quality_check_completed,WH-SYN-EAST,2,piece,synthetic_case_generator
WHE-SYN-B-0037-06,ORD-SYN-B-0037,2026-06-04T12:53:24+08:00,packing_started,packing_started,WH-SYN-EAST,2,piece,synthetic_case_generator
WHE-SYN-B-0037-07,ORD-SYN-B-0037,2026-06-04T13:33:23+08:00,packing_completed,packing_completed,WH-SYN-EAST,2,piece,synthetic_case_generator
WHE-SYN-B-0037-08,ORD-SYN-B-0037,2026-06-04T13:55:37+08:00,ready_to_ship,ready_to_ship,WH-SYN-EAST,2,piece,synthetic_case_generator
WHE-SYN-B-0037-09,ORD-SYN-B-0037,2026-06-04T14:01:03+08:00,shipped_from_warehouse,shipped_from_warehouse,WH-SYN-EAST,2,piece,synthetic_case_generator
WHE-SYN-B-0038-01,ORD-SYN-B-0038,2026-06-04T14:10:24+08:00,order_received,order_received,WH-SYN-EAST,5,piece,synthetic_case_generator
WHE-SYN-B-0038-02,ORD-SYN-B-0038,2026-06-04T14:41:13+08:00,picking_started,picking_started,WH-SYN-EAST,5,piece,synthetic_case_generator
WHE-SYN-B-0038-03,ORD-SYN-B-0038,2026-06-04T15:24:49+08:00,picking_completed,picking_completed,WH-SYN-EAST,5,piece,synthetic_case_generator
WHE-SYN-B-0038-04,ORD-SYN-B-0038,2026-06-04T15:49:23+08:00,quality_check_started,quality_check_started,WH-SYN-EAST,5,piece,synthetic_case_generator
WHE-SYN-B-0038-05,ORD-SYN-B-0038,2026-06-04T16:10:36+08:00,quality_check_completed,quality_check_completed,WH-SYN-EAST,5,piece,synthetic_case_generator
WHE-SYN-B-0038-06,ORD-SYN-B-0038,2026-06-04T16:18:10+08:00,packing_started,packing_started,WH-SYN-EAST,5,piece,synthetic_case_generator
WHE-SYN-B-0038-07,ORD-SYN-B-0038,2026-06-04T16:57:22+08:00,packing_completed,packing_completed,WH-SYN-EAST,5,piece,synthetic_case_generator
WHE-SYN-B-0038-08,ORD-SYN-B-0038,2026-06-04T17:09:30+08:00,ready_to_ship,ready_to_ship,WH-SYN-EAST,5,piece,synthetic_case_generator
WHE-SYN-B-0038-09,ORD-SYN-B-0038,2026-06-04T17:15:08+08:00,shipped_from_warehouse,shipped_from_warehouse,WH-SYN-EAST,5,piece,synthetic_case_generator
WHE-SYN-B-0039-01,ORD-SYN-B-0039,2026-06-04T16:34:45+08:00,order_received,order_received,WH-SYN-EAST,4,piece,synthetic_case_generator
WHE-SYN-B-0039-02,ORD-SYN-B-0039,2026-06-04T17:11:58+08:00,picking_started,picking_started,WH-SYN-EAST,4,piece,synthetic_case_generator
WHE-SYN-B-0039-03,ORD-SYN-B-0039,2026-06-04T17:57:30+08:00,picking_completed,picking_completed,WH-SYN-EAST,4,piece,synthetic_case_generator
WHE-SYN-B-0039-04,ORD-SYN-B-0039,2026-06-04T18:25:44+08:00,quality_check_started,quality_check_started,WH-SYN-EAST,4,piece,synthetic_case_generator
WHE-SYN-B-0039-05,ORD-SYN-B-0039,2026-06-04T18:54:02+08:00,quality_check_completed,quality_check_completed,WH-SYN-EAST,4,piece,synthetic_case_generator
WHE-SYN-B-0039-06,ORD-SYN-B-0039,2026-06-04T19:03:38+08:00,packing_started,packing_started,WH-SYN-EAST,4,piece,synthetic_case_generator
WHE-SYN-B-0039-07,ORD-SYN-B-0039,2026-06-04T19:43:46+08:00,packing_completed,packing_completed,WH-SYN-EAST,4,piece,synthetic_case_generator
WHE-SYN-B-0039-08,ORD-SYN-B-0039,2026-06-04T19:54:32+08:00,ready_to_ship,ready_to_ship,WH-SYN-EAST,4,piece,synthetic_case_generator
WHE-SYN-B-0039-09,ORD-SYN-B-0039,2026-06-04T20:05:21+08:00,shipped_from_warehouse,shipped_from_warehouse,WH-SYN-EAST,4,piece,synthetic_case_generator
WHE-SYN-B-0040-01,ORD-SYN-B-0040,2026-06-04T20:00:50+08:00,order_received,order_received,WH-SYN-WEST,5,piece,synthetic_case_generator
WHE-SYN-B-0040-02,ORD-SYN-B-0040,2026-06-04T20:31:49+08:00,picking_started,picking_started,WH-SYN-WEST,5,piece,synthetic_case_generator
WHE-SYN-B-0040-03,ORD-SYN-B-0040,2026-06-04T21:27:11+08:00,picking_completed,picking_completed,WH-SYN-WEST,5,piece,synthetic_case_generator
WHE-SYN-B-0040-04,ORD-SYN-B-0040,2026-06-04T21:54:20+08:00,quality_check_started,quality_check_started,WH-SYN-WEST,5,piece,synthetic_case_generator
WHE-SYN-B-0040-05,ORD-SYN-B-0040,2026-06-04T22:18:18+08:00,quality_check_completed,quality_check_completed,WH-SYN-WEST,5,piece,synthetic_case_generator
WHE-SYN-B-0040-06,ORD-SYN-B-0040,2026-06-04T22:22:08+08:00,packing_started,packing_started,WH-SYN-WEST,5,piece,synthetic_case_generator
WHE-SYN-B-0040-07,ORD-SYN-B-0040,2026-06-04T23:04:25+08:00,packing_completed,packing_completed,WH-SYN-WEST,5,piece,synthetic_case_generator
WHE-SYN-B-0040-08,ORD-SYN-B-0040,2026-06-04T23:27:26+08:00,ready_to_ship,ready_to_ship,WH-SYN-WEST,5,piece,synthetic_case_generator
WHE-SYN-B-0040-09,ORD-SYN-B-0040,2026-06-04T23:31:21+08:00,shipped_from_warehouse,shipped_from_warehouse,WH-SYN-WEST,5,piece,synthetic_case_generator
WHE-SYN-B-0041-01,ORD-SYN-B-0041,2026-06-04T11:13:27+08:00,order_received,order_received,WH-SYN-EAST,5,piece,synthetic_case_generator
WHE-SYN-B-0041-02,ORD-SYN-B-0041,2026-06-04T11:52:54+08:00,picking_started,picking_started,WH-SYN-EAST,5,piece,synthetic_case_generator
WHE-SYN-B-0041-03,ORD-SYN-B-0041,2026-06-04T12:37:02+08:00,picking_completed,picking_completed,WH-SYN-EAST,5,piece,synthetic_case_generator
WHE-SYN-B-0041-04,ORD-SYN-B-0041,2026-06-04T13:00:45+08:00,quality_check_started,quality_check_started,WH-SYN-EAST,5,piece,synthetic_case_generator
WHE-SYN-B-0041-05,ORD-SYN-B-0041,2026-06-04T13:26:36+08:00,quality_check_completed,quality_check_completed,WH-SYN-EAST,5,piece,synthetic_case_generator
WHE-SYN-B-0041-06,ORD-SYN-B-0041,2026-06-04T13:31:02+08:00,packing_started,packing_started,WH-SYN-EAST,5,piece,synthetic_case_generator
WHE-SYN-B-0041-07,ORD-SYN-B-0041,2026-06-04T14:12:21+08:00,packing_completed,packing_completed,WH-SYN-EAST,5,piece,synthetic_case_generator
WHE-SYN-B-0041-08,ORD-SYN-B-0041,2026-06-04T14:34:58+08:00,ready_to_ship,ready_to_ship,WH-SYN-EAST,5,piece,synthetic_case_generator
WHE-SYN-B-0041-09,ORD-SYN-B-0041,2026-06-04T14:44:14+08:00,shipped_from_warehouse,shipped_from_warehouse,WH-SYN-EAST,5,piece,synthetic_case_generator
WHE-SYN-B-0042-01,ORD-SYN-B-0042,2026-06-04T14:50:21+08:00,order_received,order_received,WH-SYN-EAST,5,piece,synthetic_case_generator
WHE-SYN-B-0042-02,ORD-SYN-B-0042,2026-06-04T15:40:31+08:00,picking_started,picking_started,WH-SYN-EAST,5,piece,synthetic_case_generator
WHE-SYN-B-0042-03,ORD-SYN-B-0042,2026-06-04T16:30:41+08:00,picking_completed,picking_completed,WH-SYN-EAST,5,piece,synthetic_case_generator
WHE-SYN-B-0042-04,ORD-SYN-B-0042,2026-06-04T16:57:21+08:00,quality_check_started,quality_check_started,WH-SYN-EAST,5,piece,synthetic_case_generator
WHE-SYN-B-0042-05,ORD-SYN-B-0042,2026-06-04T17:29:12+08:00,quality_check_completed,quality_check_completed,WH-SYN-EAST,5,piece,synthetic_case_generator
WHE-SYN-B-0042-06,ORD-SYN-B-0042,2026-06-04T17:41:10+08:00,packing_started,packing_started,WH-SYN-EAST,5,piece,synthetic_case_generator
WHE-SYN-B-0042-07,ORD-SYN-B-0042,2026-06-04T18:13:45+08:00,packing_completed,packing_completed,WH-SYN-EAST,5,piece,synthetic_case_generator
WHE-SYN-B-0042-08,ORD-SYN-B-0042,2026-06-04T18:35:04+08:00,ready_to_ship,ready_to_ship,WH-SYN-EAST,5,piece,synthetic_case_generator
WHE-SYN-B-0042-09,ORD-SYN-B-0042,2026-06-04T18:41:45+08:00,shipped_from_warehouse,shipped_from_warehouse,WH-SYN-EAST,5,piece,synthetic_case_generator
WHE-SYN-B-0043-01,ORD-SYN-B-0043,2026-06-05T17:18:58+08:00,order_received,order_received,WH-SYN-WEST,2,piece,synthetic_case_generator
WHE-SYN-B-0043-02,ORD-SYN-B-0043,2026-06-05T17:58:27+08:00,picking_started,picking_started,WH-SYN-WEST,2,piece,synthetic_case_generator
WHE-SYN-B-0043-03,ORD-SYN-B-0043,2026-06-05T18:52:49+08:00,picking_completed,picking_completed,WH-SYN-WEST,2,piece,synthetic_case_generator
WHE-SYN-B-0043-04,ORD-SYN-B-0043,2026-06-05T19:24:58+08:00,quality_check_started,quality_check_started,WH-SYN-WEST,2,piece,synthetic_case_generator
WHE-SYN-B-0043-05,ORD-SYN-B-0043,2026-06-05T19:49:55+08:00,quality_check_completed,quality_check_completed,WH-SYN-WEST,2,piece,synthetic_case_generator
WHE-SYN-B-0043-06,ORD-SYN-B-0043,2026-06-05T19:53:26+08:00,packing_started,packing_started,WH-SYN-WEST,2,piece,synthetic_case_generator
WHE-SYN-B-0043-07,ORD-SYN-B-0043,2026-06-05T20:32:03+08:00,packing_completed,packing_completed,WH-SYN-WEST,2,piece,synthetic_case_generator
WHE-SYN-B-0043-08,ORD-SYN-B-0043,2026-06-05T20:58:11+08:00,ready_to_ship,ready_to_ship,WH-SYN-WEST,2,piece,synthetic_case_generator
WHE-SYN-B-0043-09,ORD-SYN-B-0043,2026-06-05T21:03:55+08:00,shipped_from_warehouse,shipped_from_warehouse,WH-SYN-WEST,2,piece,synthetic_case_generator
WHE-SYN-B-0044-01,ORD-SYN-B-0044,2026-06-05T09:41:58+08:00,order_received,order_received,WH-SYN-WEST,4,piece,synthetic_case_generator
WHE-SYN-B-0044-02,ORD-SYN-B-0044,2026-06-05T10:13:10+08:00,picking_started,picking_started,WH-SYN-WEST,4,piece,synthetic_case_generator
WHE-SYN-B-0044-03,ORD-SYN-B-0044,2026-06-05T11:03:29+08:00,picking_completed,picking_completed,WH-SYN-WEST,4,piece,synthetic_case_generator
WHE-SYN-B-0044-04,ORD-SYN-B-0044,2026-06-05T11:28:24+08:00,quality_check_started,quality_check_started,WH-SYN-WEST,4,piece,synthetic_case_generator
WHE-SYN-B-0044-05,ORD-SYN-B-0044,2026-06-05T11:50:34+08:00,quality_check_completed,quality_check_completed,WH-SYN-WEST,4,piece,synthetic_case_generator
WHE-SYN-B-0044-06,ORD-SYN-B-0044,2026-06-05T11:53:35+08:00,packing_started,packing_started,WH-SYN-WEST,4,piece,synthetic_case_generator
WHE-SYN-B-0044-07,ORD-SYN-B-0044,2026-06-05T12:28:45+08:00,packing_completed,packing_completed,WH-SYN-WEST,4,piece,synthetic_case_generator
WHE-SYN-B-0044-08,ORD-SYN-B-0044,2026-06-05T12:52:22+08:00,ready_to_ship,ready_to_ship,WH-SYN-WEST,4,piece,synthetic_case_generator
WHE-SYN-B-0044-09,ORD-SYN-B-0044,2026-06-05T12:56:31+08:00,shipped_from_warehouse,shipped_from_warehouse,WH-SYN-WEST,4,piece,synthetic_case_generator
WHE-SYN-B-0045-01,ORD-SYN-B-0045,2026-06-05T13:09:47+08:00,order_received,order_received,WH-SYN-EAST,5,piece,synthetic_case_generator
WHE-SYN-B-0045-02,ORD-SYN-B-0045,2026-06-05T13:53:59+08:00,picking_started,picking_started,WH-SYN-EAST,5,piece,synthetic_case_generator
WHE-SYN-B-0045-03,ORD-SYN-B-0045,2026-06-05T14:48:02+08:00,picking_completed,picking_completed,WH-SYN-EAST,5,piece,synthetic_case_generator
WHE-SYN-B-0045-04,ORD-SYN-B-0045,2026-06-05T15:12:48+08:00,quality_check_started,quality_check_started,WH-SYN-EAST,5,piece,synthetic_case_generator
WHE-SYN-B-0045-05,ORD-SYN-B-0045,2026-06-05T15:39:19+08:00,quality_check_completed,quality_check_completed,WH-SYN-EAST,5,piece,synthetic_case_generator
WHE-SYN-B-0045-06,ORD-SYN-B-0045,2026-06-05T15:46:57+08:00,packing_started,packing_started,WH-SYN-EAST,5,piece,synthetic_case_generator
WHE-SYN-B-0045-07,ORD-SYN-B-0045,2026-06-05T16:30:40+08:00,packing_completed,packing_completed,WH-SYN-EAST,5,piece,synthetic_case_generator
WHE-SYN-B-0045-08,ORD-SYN-B-0045,2026-06-05T16:47:02+08:00,ready_to_ship,ready_to_ship,WH-SYN-EAST,5,piece,synthetic_case_generator
WHE-SYN-B-0045-09,ORD-SYN-B-0045,2026-06-05T16:50:30+08:00,shipped_from_warehouse,shipped_from_warehouse,WH-SYN-EAST,5,piece,synthetic_case_generator
WHE-SYN-B-0046-01,ORD-SYN-B-0046,2026-06-05T15:25:27+08:00,order_received,order_received,WH-SYN-EAST,1,piece,synthetic_case_generator
WHE-SYN-B-0046-02,ORD-SYN-B-0046,2026-06-05T16:10:02+08:00,picking_started,picking_started,WH-SYN-EAST,1,piece,synthetic_case_generator
WHE-SYN-B-0046-03,ORD-SYN-B-0046,2026-06-05T16:52:22+08:00,picking_completed,picking_completed,WH-SYN-EAST,1,piece,synthetic_case_generator
WHE-SYN-B-0046-04,ORD-SYN-B-0046,2026-06-05T17:14:46+08:00,quality_check_started,quality_check_started,WH-SYN-EAST,1,piece,synthetic_case_generator
WHE-SYN-B-0046-05,ORD-SYN-B-0046,2026-06-05T17:43:36+08:00,quality_check_completed,quality_check_completed,WH-SYN-EAST,1,piece,synthetic_case_generator
WHE-SYN-B-0046-06,ORD-SYN-B-0046,2026-06-05T17:49:10+08:00,packing_started,packing_started,WH-SYN-EAST,1,piece,synthetic_case_generator
WHE-SYN-B-0046-07,ORD-SYN-B-0046,2026-06-05T18:22:05+08:00,packing_completed,packing_completed,WH-SYN-EAST,1,piece,synthetic_case_generator
WHE-SYN-B-0046-08,ORD-SYN-B-0046,2026-06-05T18:32:06+08:00,ready_to_ship,ready_to_ship,WH-SYN-EAST,1,piece,synthetic_case_generator
WHE-SYN-B-0046-09,ORD-SYN-B-0046,2026-06-05T18:41:01+08:00,shipped_from_warehouse,shipped_from_warehouse,WH-SYN-EAST,1,piece,synthetic_case_generator
WHE-SYN-B-0047-01,ORD-SYN-B-0047,2026-06-05T18:43:40+08:00,order_received,order_received,WH-SYN-EAST,4,piece,synthetic_case_generator
WHE-SYN-B-0047-02,ORD-SYN-B-0047,2026-06-05T19:23:30+08:00,picking_started,picking_started,WH-SYN-EAST,4,piece,synthetic_case_generator
WHE-SYN-B-0047-03,ORD-SYN-B-0047,2026-06-05T20:10:16+08:00,picking_completed,picking_completed,WH-SYN-EAST,4,piece,synthetic_case_generator
WHE-SYN-B-0047-04,ORD-SYN-B-0047,2026-06-05T20:39:18+08:00,quality_check_started,quality_check_started,WH-SYN-EAST,4,piece,synthetic_case_generator
WHE-SYN-B-0047-05,ORD-SYN-B-0047,2026-06-05T21:05:02+08:00,quality_check_completed,quality_check_completed,WH-SYN-EAST,4,piece,synthetic_case_generator
WHE-SYN-B-0047-06,ORD-SYN-B-0047,2026-06-05T21:09:48+08:00,packing_started,packing_started,WH-SYN-EAST,4,piece,synthetic_case_generator
WHE-SYN-B-0047-07,ORD-SYN-B-0047,2026-06-05T21:44:26+08:00,packing_completed,packing_completed,WH-SYN-EAST,4,piece,synthetic_case_generator
WHE-SYN-B-0047-08,ORD-SYN-B-0047,2026-06-05T22:12:38+08:00,ready_to_ship,ready_to_ship,WH-SYN-EAST,4,piece,synthetic_case_generator
WHE-SYN-B-0047-09,ORD-SYN-B-0047,2026-06-05T22:19:53+08:00,shipped_from_warehouse,shipped_from_warehouse,WH-SYN-EAST,4,piece,synthetic_case_generator
WHE-SYN-B-0048-01,ORD-SYN-B-0048,2026-06-05T10:09:29+08:00,order_received,order_received,WH-SYN-WEST,5,piece,synthetic_case_generator
WHE-SYN-B-0048-02,ORD-SYN-B-0048,2026-06-05T10:50:26+08:00,picking_started,picking_started,WH-SYN-WEST,5,piece,synthetic_case_generator
WHE-SYN-B-0048-03,ORD-SYN-B-0048,2026-06-05T11:32:56+08:00,picking_completed,picking_completed,WH-SYN-WEST,5,piece,synthetic_case_generator
WHE-SYN-B-0048-04,ORD-SYN-B-0048,2026-06-05T11:58:44+08:00,quality_check_started,quality_check_started,WH-SYN-WEST,5,piece,synthetic_case_generator
WHE-SYN-B-0048-05,ORD-SYN-B-0048,2026-06-05T12:23:15+08:00,quality_check_completed,quality_check_completed,WH-SYN-WEST,5,piece,synthetic_case_generator
WHE-SYN-B-0048-06,ORD-SYN-B-0048,2026-06-05T12:33:10+08:00,packing_started,packing_started,WH-SYN-WEST,5,piece,synthetic_case_generator
WHE-SYN-B-0048-07,ORD-SYN-B-0048,2026-06-05T13:16:26+08:00,packing_completed,packing_completed,WH-SYN-WEST,5,piece,synthetic_case_generator
WHE-SYN-B-0048-08,ORD-SYN-B-0048,2026-06-05T13:33:38+08:00,ready_to_ship,ready_to_ship,WH-SYN-WEST,5,piece,synthetic_case_generator
WHE-SYN-B-0048-09,ORD-SYN-B-0048,2026-06-05T13:43:44+08:00,shipped_from_warehouse,shipped_from_warehouse,WH-SYN-WEST,5,piece,synthetic_case_generator
WHE-SYN-B-0049-01,ORD-SYN-B-0049,2026-06-05T13:38:04+08:00,order_received,order_received,WH-SYN-EAST,1,piece,synthetic_case_generator
WHE-SYN-B-0049-02,ORD-SYN-B-0049,2026-06-05T14:27:25+08:00,picking_started,picking_started,WH-SYN-EAST,1,piece,synthetic_case_generator
WHE-SYN-B-0049-03,ORD-SYN-B-0049,2026-06-05T15:16:41+08:00,picking_completed,picking_completed,WH-SYN-EAST,1,piece,synthetic_case_generator
WHE-SYN-B-0049-04,ORD-SYN-B-0049,2026-06-05T15:41:23+08:00,quality_check_started,quality_check_started,WH-SYN-EAST,1,piece,synthetic_case_generator
WHE-SYN-B-0049-05,ORD-SYN-B-0049,2026-06-05T16:05:13+08:00,quality_check_completed,quality_check_completed,WH-SYN-EAST,1,piece,synthetic_case_generator
WHE-SYN-B-0049-06,ORD-SYN-B-0049,2026-06-05T16:08:15+08:00,packing_started,packing_started,WH-SYN-EAST,1,piece,synthetic_case_generator
WHE-SYN-B-0049-07,ORD-SYN-B-0049,2026-06-05T16:43:10+08:00,packing_completed,packing_completed,WH-SYN-EAST,1,piece,synthetic_case_generator
WHE-SYN-B-0049-08,ORD-SYN-B-0049,2026-06-05T17:07:01+08:00,ready_to_ship,ready_to_ship,WH-SYN-EAST,1,piece,synthetic_case_generator
WHE-SYN-B-0049-09,ORD-SYN-B-0049,2026-06-05T17:13:57+08:00,shipped_from_warehouse,shipped_from_warehouse,WH-SYN-EAST,1,piece,synthetic_case_generator
WHE-SYN-B-0050-01,ORD-SYN-B-0050,2026-06-05T17:06:19+08:00,order_received,order_received,WH-SYN-EAST,2,piece,synthetic_case_generator
WHE-SYN-B-0050-02,ORD-SYN-B-0050,2026-06-05T17:56:39+08:00,picking_started,picking_started,WH-SYN-EAST,2,piece,synthetic_case_generator
WHE-SYN-B-0050-03,ORD-SYN-B-0050,2026-06-05T18:42:27+08:00,picking_completed,picking_completed,WH-SYN-EAST,2,piece,synthetic_case_generator
WHE-SYN-B-0050-04,ORD-SYN-B-0050,2026-06-05T19:09:30+08:00,quality_check_started,quality_check_started,WH-SYN-EAST,2,piece,synthetic_case_generator
WHE-SYN-B-0050-05,ORD-SYN-B-0050,2026-06-05T19:37:53+08:00,quality_check_completed,quality_check_completed,WH-SYN-EAST,2,piece,synthetic_case_generator
WHE-SYN-B-0050-06,ORD-SYN-B-0050,2026-06-05T19:46:26+08:00,packing_started,packing_started,WH-SYN-EAST,2,piece,synthetic_case_generator
WHE-SYN-B-0050-07,ORD-SYN-B-0050,2026-06-05T20:21:54+08:00,packing_completed,packing_completed,WH-SYN-EAST,2,piece,synthetic_case_generator
WHE-SYN-B-0050-08,ORD-SYN-B-0050,2026-06-05T20:47:13+08:00,ready_to_ship,ready_to_ship,WH-SYN-EAST,2,piece,synthetic_case_generator
WHE-SYN-B-0050-09,ORD-SYN-B-0050,2026-06-05T20:56:02+08:00,shipped_from_warehouse,shipped_from_warehouse,WH-SYN-EAST,2,piece,synthetic_case_generator
WHE-SYN-B-0051-01,ORD-SYN-B-0051,2026-06-05T19:26:25+08:00,order_received,order_received,WH-SYN-EAST,3,piece,synthetic_case_generator
WHE-SYN-B-0051-02,ORD-SYN-B-0051,2026-06-05T20:01:19+08:00,picking_started,picking_started,WH-SYN-EAST,3,piece,synthetic_case_generator
WHE-SYN-B-0051-03,ORD-SYN-B-0051,2026-06-05T20:46:43+08:00,picking_completed,picking_completed,WH-SYN-EAST,3,piece,synthetic_case_generator
WHE-SYN-B-0051-04,ORD-SYN-B-0051,2026-06-05T21:14:33+08:00,quality_check_started,quality_check_started,WH-SYN-EAST,3,piece,synthetic_case_generator
WHE-SYN-B-0051-05,ORD-SYN-B-0051,2026-06-05T21:42:58+08:00,quality_check_completed,quality_check_completed,WH-SYN-EAST,3,piece,synthetic_case_generator
WHE-SYN-B-0051-06,ORD-SYN-B-0051,2026-06-05T21:53:01+08:00,packing_started,packing_started,WH-SYN-EAST,3,piece,synthetic_case_generator
WHE-SYN-B-0051-07,ORD-SYN-B-0051,2026-06-05T22:29:28+08:00,packing_completed,packing_completed,WH-SYN-EAST,3,piece,synthetic_case_generator
WHE-SYN-B-0051-08,ORD-SYN-B-0051,2026-06-05T22:55:31+08:00,ready_to_ship,ready_to_ship,WH-SYN-EAST,3,piece,synthetic_case_generator
WHE-SYN-B-0051-09,ORD-SYN-B-0051,2026-06-05T23:05:40+08:00,shipped_from_warehouse,shipped_from_warehouse,WH-SYN-EAST,3,piece,synthetic_case_generator
WHE-SYN-B-0052-01,ORD-SYN-B-0052,2026-06-05T11:45:22+08:00,order_received,order_received,WH-SYN-WEST,3,piece,synthetic_case_generator
WHE-SYN-B-0052-02,ORD-SYN-B-0052,2026-06-05T12:30:43+08:00,picking_started,picking_started,WH-SYN-WEST,3,piece,synthetic_case_generator
WHE-SYN-B-0052-03,ORD-SYN-B-0052,2026-06-05T13:16:48+08:00,picking_completed,picking_completed,WH-SYN-WEST,3,piece,synthetic_case_generator
WHE-SYN-B-0052-04,ORD-SYN-B-0052,2026-06-05T13:49:42+08:00,quality_check_started,quality_check_started,WH-SYN-WEST,3,piece,synthetic_case_generator
WHE-SYN-B-0052-05,ORD-SYN-B-0052,2026-06-05T14:14:43+08:00,quality_check_completed,quality_check_completed,WH-SYN-WEST,3,piece,synthetic_case_generator
WHE-SYN-B-0052-06,ORD-SYN-B-0052,2026-06-05T14:26:06+08:00,packing_started,packing_started,WH-SYN-WEST,3,piece,synthetic_case_generator
WHE-SYN-B-0052-07,ORD-SYN-B-0052,2026-06-05T14:57:12+08:00,packing_completed,packing_completed,WH-SYN-WEST,3,piece,synthetic_case_generator
WHE-SYN-B-0052-08,ORD-SYN-B-0052,2026-06-05T15:18:30+08:00,ready_to_ship,ready_to_ship,WH-SYN-WEST,3,piece,synthetic_case_generator
WHE-SYN-B-0052-09,ORD-SYN-B-0052,2026-06-05T15:24:20+08:00,shipped_from_warehouse,shipped_from_warehouse,WH-SYN-WEST,3,piece,synthetic_case_generator
WHE-SYN-B-0053-01,ORD-SYN-B-0053,2026-06-06T14:17:13+08:00,order_received,order_received,WH-SYN-EAST,2,piece,synthetic_case_generator
WHE-SYN-B-0053-02,ORD-SYN-B-0053,2026-06-06T15:07:20+08:00,picking_started,picking_started,WH-SYN-EAST,2,piece,synthetic_case_generator
WHE-SYN-B-0053-03,ORD-SYN-B-0053,2026-06-06T16:02:35+08:00,picking_completed,picking_completed,WH-SYN-EAST,2,piece,synthetic_case_generator
WHE-SYN-B-0053-04,ORD-SYN-B-0053,2026-06-06T16:30:43+08:00,quality_check_started,quality_check_started,WH-SYN-EAST,2,piece,synthetic_case_generator
WHE-SYN-B-0053-05,ORD-SYN-B-0053,2026-06-06T16:52:11+08:00,quality_check_completed,quality_check_completed,WH-SYN-EAST,2,piece,synthetic_case_generator
WHE-SYN-B-0053-06,ORD-SYN-B-0053,2026-06-06T17:02:20+08:00,packing_started,packing_started,WH-SYN-EAST,2,piece,synthetic_case_generator
WHE-SYN-B-0053-07,ORD-SYN-B-0053,2026-06-06T17:44:28+08:00,packing_completed,packing_completed,WH-SYN-EAST,2,piece,synthetic_case_generator
WHE-SYN-B-0053-08,ORD-SYN-B-0053,2026-06-06T18:08:02+08:00,ready_to_ship,ready_to_ship,WH-SYN-EAST,2,piece,synthetic_case_generator
WHE-SYN-B-0053-09,ORD-SYN-B-0053,2026-06-06T18:11:16+08:00,shipped_from_warehouse,shipped_from_warehouse,WH-SYN-EAST,2,piece,synthetic_case_generator
WHE-SYN-B-0054-01,ORD-SYN-B-0054,2026-06-06T17:49:59+08:00,order_received,order_received,WH-SYN-EAST,2,piece,synthetic_case_generator
WHE-SYN-B-0054-02,ORD-SYN-B-0054,2026-06-06T18:28:04+08:00,picking_started,picking_started,WH-SYN-EAST,2,piece,synthetic_case_generator
WHE-SYN-B-0054-03,ORD-SYN-B-0054,2026-06-06T19:17:25+08:00,picking_completed,picking_completed,WH-SYN-EAST,2,piece,synthetic_case_generator
WHE-SYN-B-0054-04,ORD-SYN-B-0054,2026-06-06T19:46:07+08:00,quality_check_started,quality_check_started,WH-SYN-EAST,2,piece,synthetic_case_generator
WHE-SYN-B-0054-05,ORD-SYN-B-0054,2026-06-06T20:13:30+08:00,quality_check_completed,quality_check_completed,WH-SYN-EAST,2,piece,synthetic_case_generator
WHE-SYN-B-0054-06,ORD-SYN-B-0054,2026-06-06T20:17:11+08:00,packing_started,packing_started,WH-SYN-EAST,2,piece,synthetic_case_generator
WHE-SYN-B-0054-07,ORD-SYN-B-0054,2026-06-06T20:56:16+08:00,packing_completed,packing_completed,WH-SYN-EAST,2,piece,synthetic_case_generator
WHE-SYN-B-0054-08,ORD-SYN-B-0054,2026-06-06T21:08:47+08:00,ready_to_ship,ready_to_ship,WH-SYN-EAST,2,piece,synthetic_case_generator
WHE-SYN-B-0054-09,ORD-SYN-B-0054,2026-06-06T21:19:42+08:00,shipped_from_warehouse,shipped_from_warehouse,WH-SYN-EAST,2,piece,synthetic_case_generator
WHE-SYN-B-0055-01,ORD-SYN-B-0055,2026-06-06T10:08:43+08:00,order_received,order_received,WH-SYN-EAST,1,piece,synthetic_case_generator
WHE-SYN-B-0055-02,ORD-SYN-B-0055,2026-06-06T10:48:08+08:00,picking_started,picking_started,WH-SYN-EAST,1,piece,synthetic_case_generator
WHE-SYN-B-0055-03,ORD-SYN-B-0055,2026-06-06T11:42:28+08:00,picking_completed,picking_completed,WH-SYN-EAST,1,piece,synthetic_case_generator
WHE-SYN-B-0055-04,ORD-SYN-B-0055,2026-06-06T12:07:47+08:00,quality_check_started,quality_check_started,WH-SYN-EAST,1,piece,synthetic_case_generator
WHE-SYN-B-0055-05,ORD-SYN-B-0055,2026-06-06T12:35:08+08:00,quality_check_completed,quality_check_completed,WH-SYN-EAST,1,piece,synthetic_case_generator
WHE-SYN-B-0055-06,ORD-SYN-B-0055,2026-06-06T12:40:16+08:00,packing_started,packing_started,WH-SYN-EAST,1,piece,synthetic_case_generator
WHE-SYN-B-0055-07,ORD-SYN-B-0055,2026-06-06T13:24:58+08:00,packing_completed,packing_completed,WH-SYN-EAST,1,piece,synthetic_case_generator
WHE-SYN-B-0055-08,ORD-SYN-B-0055,2026-06-06T13:47:25+08:00,ready_to_ship,ready_to_ship,WH-SYN-EAST,1,piece,synthetic_case_generator
WHE-SYN-B-0055-09,ORD-SYN-B-0055,2026-06-06T13:57:09+08:00,shipped_from_warehouse,shipped_from_warehouse,WH-SYN-EAST,1,piece,synthetic_case_generator
WHE-SYN-B-0056-01,ORD-SYN-B-0056,2026-06-06T12:33:49+08:00,order_received,order_received,WH-SYN-EAST,5,piece,synthetic_case_generator
WHE-SYN-B-0056-02,ORD-SYN-B-0056,2026-06-06T13:07:42+08:00,picking_started,picking_started,WH-SYN-EAST,5,piece,synthetic_case_generator
WHE-SYN-B-0056-03,ORD-SYN-B-0056,2026-06-06T13:49:45+08:00,picking_completed,picking_completed,WH-SYN-EAST,5,piece,synthetic_case_generator
WHE-SYN-B-0056-04,ORD-SYN-B-0056,2026-06-06T14:15:03+08:00,quality_check_started,quality_check_started,WH-SYN-EAST,5,piece,synthetic_case_generator
WHE-SYN-B-0056-05,ORD-SYN-B-0056,2026-06-06T14:47:37+08:00,quality_check_completed,quality_check_completed,WH-SYN-EAST,5,piece,synthetic_case_generator
WHE-SYN-B-0056-06,ORD-SYN-B-0056,2026-06-06T14:57:07+08:00,packing_started,packing_started,WH-SYN-EAST,5,piece,synthetic_case_generator
WHE-SYN-B-0056-07,ORD-SYN-B-0056,2026-06-06T15:38:31+08:00,packing_completed,packing_completed,WH-SYN-EAST,5,piece,synthetic_case_generator
WHE-SYN-B-0056-08,ORD-SYN-B-0056,2026-06-06T16:07:18+08:00,ready_to_ship,ready_to_ship,WH-SYN-EAST,5,piece,synthetic_case_generator
WHE-SYN-B-0056-09,ORD-SYN-B-0056,2026-06-06T16:17:31+08:00,shipped_from_warehouse,shipped_from_warehouse,WH-SYN-EAST,5,piece,synthetic_case_generator
WHE-SYN-B-0057-01,ORD-SYN-B-0057,2026-06-06T15:56:22+08:00,order_received,order_received,WH-SYN-EAST,2,piece,synthetic_case_generator
WHE-SYN-B-0057-02,ORD-SYN-B-0057,2026-06-06T16:31:28+08:00,picking_started,picking_started,WH-SYN-EAST,2,piece,synthetic_case_generator
WHE-SYN-B-0057-03,ORD-SYN-B-0057,2026-06-06T17:20:44+08:00,picking_completed,picking_completed,WH-SYN-EAST,2,piece,synthetic_case_generator
WHE-SYN-B-0057-04,ORD-SYN-B-0057,2026-06-06T17:43:35+08:00,quality_check_started,quality_check_started,WH-SYN-EAST,2,piece,synthetic_case_generator
WHE-SYN-B-0057-05,ORD-SYN-B-0057,2026-06-06T18:09:38+08:00,quality_check_completed,quality_check_completed,WH-SYN-EAST,2,piece,synthetic_case_generator
WHE-SYN-B-0057-06,ORD-SYN-B-0057,2026-06-06T18:17:48+08:00,packing_started,packing_started,WH-SYN-EAST,2,piece,synthetic_case_generator
WHE-SYN-B-0057-07,ORD-SYN-B-0057,2026-06-06T19:01:19+08:00,packing_completed,packing_completed,WH-SYN-EAST,2,piece,synthetic_case_generator
WHE-SYN-B-0057-08,ORD-SYN-B-0057,2026-06-06T19:30:01+08:00,ready_to_ship,ready_to_ship,WH-SYN-EAST,2,piece,synthetic_case_generator
WHE-SYN-B-0057-09,ORD-SYN-B-0057,2026-06-06T19:36:01+08:00,shipped_from_warehouse,shipped_from_warehouse,WH-SYN-EAST,2,piece,synthetic_case_generator
WHE-SYN-B-0058-01,ORD-SYN-B-0058,2026-06-06T18:30:10+08:00,order_received,order_received,WH-SYN-EAST,2,piece,synthetic_case_generator
WHE-SYN-B-0058-02,ORD-SYN-B-0058,2026-06-06T19:10:35+08:00,picking_started,picking_started,WH-SYN-EAST,2,piece,synthetic_case_generator
WHE-SYN-B-0058-03,ORD-SYN-B-0058,2026-06-06T19:56:29+08:00,picking_completed,picking_completed,WH-SYN-EAST,2,piece,synthetic_case_generator
WHE-SYN-B-0058-04,ORD-SYN-B-0058,2026-06-06T20:24:11+08:00,quality_check_started,quality_check_started,WH-SYN-EAST,2,piece,synthetic_case_generator
WHE-SYN-B-0058-05,ORD-SYN-B-0058,2026-06-06T20:51:28+08:00,quality_check_completed,quality_check_completed,WH-SYN-EAST,2,piece,synthetic_case_generator
WHE-SYN-B-0058-06,ORD-SYN-B-0058,2026-06-06T20:58:44+08:00,packing_started,packing_started,WH-SYN-EAST,2,piece,synthetic_case_generator
WHE-SYN-B-0058-07,ORD-SYN-B-0058,2026-06-06T21:33:05+08:00,packing_completed,packing_completed,WH-SYN-EAST,2,piece,synthetic_case_generator
WHE-SYN-B-0058-08,ORD-SYN-B-0058,2026-06-06T22:02:09+08:00,ready_to_ship,ready_to_ship,WH-SYN-EAST,2,piece,synthetic_case_generator
WHE-SYN-B-0058-09,ORD-SYN-B-0058,2026-06-06T22:11:12+08:00,shipped_from_warehouse,shipped_from_warehouse,WH-SYN-EAST,2,piece,synthetic_case_generator
WHE-SYN-B-0059-01,ORD-SYN-B-0059,2026-06-06T10:57:15+08:00,order_received,order_received,WH-SYN-EAST,4,piece,synthetic_case_generator
WHE-SYN-B-0059-02,ORD-SYN-B-0059,2026-06-06T11:30:19+08:00,picking_started,picking_started,WH-SYN-EAST,4,piece,synthetic_case_generator
WHE-SYN-B-0059-03,ORD-SYN-B-0059,2026-06-06T12:19:19+08:00,picking_completed,picking_completed,WH-SYN-EAST,4,piece,synthetic_case_generator
WHE-SYN-B-0059-04,ORD-SYN-B-0059,2026-06-06T12:45:48+08:00,quality_check_started,quality_check_started,WH-SYN-EAST,4,piece,synthetic_case_generator
WHE-SYN-B-0059-05,ORD-SYN-B-0059,2026-06-06T13:11:30+08:00,quality_check_completed,quality_check_completed,WH-SYN-EAST,4,piece,synthetic_case_generator
WHE-SYN-B-0059-06,ORD-SYN-B-0059,2026-06-06T13:21:40+08:00,packing_started,packing_started,WH-SYN-EAST,4,piece,synthetic_case_generator
WHE-SYN-B-0059-07,ORD-SYN-B-0059,2026-06-06T13:57:50+08:00,packing_completed,packing_completed,WH-SYN-EAST,4,piece,synthetic_case_generator
WHE-SYN-B-0059-08,ORD-SYN-B-0059,2026-06-06T14:17:55+08:00,ready_to_ship,ready_to_ship,WH-SYN-EAST,4,piece,synthetic_case_generator
WHE-SYN-B-0059-09,ORD-SYN-B-0059,2026-06-06T14:24:48+08:00,shipped_from_warehouse,shipped_from_warehouse,WH-SYN-EAST,4,piece,synthetic_case_generator
WHE-SYN-B-0060-01,ORD-SYN-B-0060,2026-06-06T14:21:12+08:00,order_received,order_received,WH-SYN-WEST,4,piece,synthetic_case_generator
WHE-SYN-B-0060-02,ORD-SYN-B-0060,2026-06-06T14:53:15+08:00,picking_started,picking_started,WH-SYN-WEST,4,piece,synthetic_case_generator
WHE-SYN-B-0060-03,ORD-SYN-B-0060,2026-06-06T15:50:00+08:00,picking_completed,picking_completed,WH-SYN-WEST,4,piece,synthetic_case_generator
WHE-SYN-B-0060-04,ORD-SYN-B-0060,2026-06-06T16:12:11+08:00,quality_check_started,quality_check_started,WH-SYN-WEST,4,piece,synthetic_case_generator
WHE-SYN-B-0060-05,ORD-SYN-B-0060,2026-06-06T16:34:56+08:00,quality_check_completed,quality_check_completed,WH-SYN-WEST,4,piece,synthetic_case_generator
WHE-SYN-B-0060-06,ORD-SYN-B-0060,2026-06-06T16:43:18+08:00,packing_started,packing_started,WH-SYN-WEST,4,piece,synthetic_case_generator
WHE-SYN-B-0060-07,ORD-SYN-B-0060,2026-06-06T17:19:24+08:00,packing_completed,packing_completed,WH-SYN-WEST,4,piece,synthetic_case_generator
WHE-SYN-B-0060-08,ORD-SYN-B-0060,2026-06-06T17:29:10+08:00,ready_to_ship,ready_to_ship,WH-SYN-WEST,4,piece,synthetic_case_generator
WHE-SYN-B-0060-09,ORD-SYN-B-0060,2026-06-06T17:33:03+08:00,shipped_from_warehouse,shipped_from_warehouse,WH-SYN-WEST,4,piece,synthetic_case_generator
WHE-SYN-B-0061-01,ORD-SYN-B-0061,2026-06-06T16:38:43+08:00,order_received,order_received,WH-SYN-EAST,2,piece,synthetic_case_generator
WHE-SYN-B-0061-02,ORD-SYN-B-0061,2026-06-06T17:10:44+08:00,picking_started,picking_started,WH-SYN-EAST,2,piece,synthetic_case_generator
WHE-SYN-B-0061-03,ORD-SYN-B-0061,2026-06-06T18:03:13+08:00,picking_completed,picking_completed,WH-SYN-EAST,2,piece,synthetic_case_generator
WHE-SYN-B-0061-04,ORD-SYN-B-0061,2026-06-06T18:29:29+08:00,quality_check_started,quality_check_started,WH-SYN-EAST,2,piece,synthetic_case_generator
WHE-SYN-B-0061-05,ORD-SYN-B-0061,2026-06-06T18:57:25+08:00,quality_check_completed,quality_check_completed,WH-SYN-EAST,2,piece,synthetic_case_generator
WHE-SYN-B-0061-06,ORD-SYN-B-0061,2026-06-06T19:06:16+08:00,packing_started,packing_started,WH-SYN-EAST,2,piece,synthetic_case_generator
WHE-SYN-B-0061-07,ORD-SYN-B-0061,2026-06-06T19:46:33+08:00,packing_completed,packing_completed,WH-SYN-EAST,2,piece,synthetic_case_generator
WHE-SYN-B-0061-08,ORD-SYN-B-0061,2026-06-06T20:05:10+08:00,ready_to_ship,ready_to_ship,WH-SYN-EAST,2,piece,synthetic_case_generator
WHE-SYN-B-0061-09,ORD-SYN-B-0061,2026-06-06T20:11:02+08:00,shipped_from_warehouse,shipped_from_warehouse,WH-SYN-EAST,2,piece,synthetic_case_generator
WHE-SYN-B-0062-01,ORD-SYN-B-0062,2026-06-06T20:09:42+08:00,order_received,order_received,WH-SYN-EAST,5,piece,synthetic_case_generator
WHE-SYN-B-0062-02,ORD-SYN-B-0062,2026-06-06T20:58:23+08:00,picking_started,picking_started,WH-SYN-EAST,5,piece,synthetic_case_generator
WHE-SYN-B-0062-03,ORD-SYN-B-0062,2026-06-06T21:47:21+08:00,picking_completed,picking_completed,WH-SYN-EAST,5,piece,synthetic_case_generator
WHE-SYN-B-0062-04,ORD-SYN-B-0062,2026-06-06T22:19:18+08:00,quality_check_started,quality_check_started,WH-SYN-EAST,5,piece,synthetic_case_generator
WHE-SYN-B-0062-05,ORD-SYN-B-0062,2026-06-06T22:49:43+08:00,quality_check_completed,quality_check_completed,WH-SYN-EAST,5,piece,synthetic_case_generator
WHE-SYN-B-0062-06,ORD-SYN-B-0062,2026-06-06T22:57:15+08:00,packing_started,packing_started,WH-SYN-EAST,5,piece,synthetic_case_generator
WHE-SYN-B-0062-07,ORD-SYN-B-0062,2026-06-06T23:28:27+08:00,packing_completed,packing_completed,WH-SYN-EAST,5,piece,synthetic_case_generator
WHE-SYN-B-0062-08,ORD-SYN-B-0062,2026-06-06T23:52:45+08:00,ready_to_ship,ready_to_ship,WH-SYN-EAST,5,piece,synthetic_case_generator
WHE-SYN-B-0062-09,ORD-SYN-B-0062,2026-06-07T00:03:36+08:00,shipped_from_warehouse,shipped_from_warehouse,WH-SYN-EAST,5,piece,synthetic_case_generator
WHE-SYN-B-0063-01,ORD-SYN-B-0063,2026-06-07T11:41:29+08:00,order_received,order_received,WH-SYN-EAST,5,piece,synthetic_case_generator
WHE-SYN-B-0063-02,ORD-SYN-B-0063,2026-06-07T12:23:46+08:00,picking_started,picking_started,WH-SYN-EAST,5,piece,synthetic_case_generator
WHE-SYN-B-0063-03,ORD-SYN-B-0063,2026-06-07T13:07:20+08:00,picking_completed,picking_completed,WH-SYN-EAST,5,piece,synthetic_case_generator
WHE-SYN-B-0063-04,ORD-SYN-B-0063,2026-06-07T13:36:51+08:00,quality_check_started,quality_check_started,WH-SYN-EAST,5,piece,synthetic_case_generator
WHE-SYN-B-0063-05,ORD-SYN-B-0063,2026-06-07T14:04:54+08:00,quality_check_completed,quality_check_completed,WH-SYN-EAST,5,piece,synthetic_case_generator
WHE-SYN-B-0063-06,ORD-SYN-B-0063,2026-06-07T14:15:57+08:00,packing_started,packing_started,WH-SYN-EAST,5,piece,synthetic_case_generator
WHE-SYN-B-0063-07,ORD-SYN-B-0063,2026-06-07T14:46:45+08:00,packing_completed,packing_completed,WH-SYN-EAST,5,piece,synthetic_case_generator
WHE-SYN-B-0063-08,ORD-SYN-B-0063,2026-06-07T15:07:06+08:00,ready_to_ship,ready_to_ship,WH-SYN-EAST,5,piece,synthetic_case_generator
WHE-SYN-B-0063-09,ORD-SYN-B-0063,2026-06-07T15:11:39+08:00,shipped_from_warehouse,shipped_from_warehouse,WH-SYN-EAST,5,piece,synthetic_case_generator
WHE-SYN-B-0064-01,ORD-SYN-B-0064,2026-06-07T15:00:13+08:00,order_received,order_received,WH-SYN-EAST,5,piece,synthetic_case_generator
WHE-SYN-B-0064-02,ORD-SYN-B-0064,2026-06-07T15:45:18+08:00,picking_started,picking_started,WH-SYN-EAST,5,piece,synthetic_case_generator
WHE-SYN-B-0064-03,ORD-SYN-B-0064,2026-06-07T16:28:25+08:00,picking_completed,picking_completed,WH-SYN-EAST,5,piece,synthetic_case_generator
WHE-SYN-B-0064-04,ORD-SYN-B-0064,2026-06-07T16:53:51+08:00,quality_check_started,quality_check_started,WH-SYN-EAST,5,piece,synthetic_case_generator
WHE-SYN-B-0064-05,ORD-SYN-B-0064,2026-06-07T17:18:37+08:00,quality_check_completed,quality_check_completed,WH-SYN-EAST,5,piece,synthetic_case_generator
WHE-SYN-B-0064-06,ORD-SYN-B-0064,2026-06-07T17:30:04+08:00,packing_started,packing_started,WH-SYN-EAST,5,piece,synthetic_case_generator
WHE-SYN-B-0064-07,ORD-SYN-B-0064,2026-06-07T18:03:17+08:00,packing_completed,packing_completed,WH-SYN-EAST,5,piece,synthetic_case_generator
WHE-SYN-B-0064-08,ORD-SYN-B-0064,2026-06-07T18:30:38+08:00,ready_to_ship,ready_to_ship,WH-SYN-EAST,5,piece,synthetic_case_generator
WHE-SYN-B-0064-09,ORD-SYN-B-0064,2026-06-07T18:34:21+08:00,shipped_from_warehouse,shipped_from_warehouse,WH-SYN-EAST,5,piece,synthetic_case_generator
WHE-SYN-B-0065-01,ORD-SYN-B-0065,2026-06-07T17:17:30+08:00,order_received,order_received,WH-SYN-EAST,1,piece,synthetic_case_generator
WHE-SYN-B-0065-02,ORD-SYN-B-0065,2026-06-07T17:58:17+08:00,picking_started,picking_started,WH-SYN-EAST,1,piece,synthetic_case_generator
WHE-SYN-B-0065-03,ORD-SYN-B-0065,2026-06-07T18:41:34+08:00,picking_completed,picking_completed,WH-SYN-EAST,1,piece,synthetic_case_generator
WHE-SYN-B-0065-04,ORD-SYN-B-0065,2026-06-07T19:09:33+08:00,quality_check_started,quality_check_started,WH-SYN-EAST,1,piece,synthetic_case_generator
WHE-SYN-B-0065-05,ORD-SYN-B-0065,2026-06-07T19:31:28+08:00,quality_check_completed,quality_check_completed,WH-SYN-EAST,1,piece,synthetic_case_generator
WHE-SYN-B-0065-06,ORD-SYN-B-0065,2026-06-07T19:36:05+08:00,packing_started,packing_started,WH-SYN-EAST,1,piece,synthetic_case_generator
WHE-SYN-B-0065-07,ORD-SYN-B-0065,2026-06-07T20:09:07+08:00,packing_completed,packing_completed,WH-SYN-EAST,1,piece,synthetic_case_generator
WHE-SYN-B-0065-08,ORD-SYN-B-0065,2026-06-07T20:38:34+08:00,ready_to_ship,ready_to_ship,WH-SYN-EAST,1,piece,synthetic_case_generator
WHE-SYN-B-0065-09,ORD-SYN-B-0065,2026-06-07T20:49:27+08:00,shipped_from_warehouse,shipped_from_warehouse,WH-SYN-EAST,1,piece,synthetic_case_generator
WHE-SYN-B-0066-01,ORD-SYN-B-0066,2026-06-07T09:46:15+08:00,order_received,order_received,WH-SYN-EAST,3,piece,synthetic_case_generator
WHE-SYN-B-0066-02,ORD-SYN-B-0066,2026-06-07T10:27:56+08:00,picking_started,picking_started,WH-SYN-EAST,3,piece,synthetic_case_generator
WHE-SYN-B-0066-03,ORD-SYN-B-0066,2026-06-07T11:21:52+08:00,picking_completed,picking_completed,WH-SYN-EAST,3,piece,synthetic_case_generator
WHE-SYN-B-0066-04,ORD-SYN-B-0066,2026-06-07T11:54:03+08:00,quality_check_started,quality_check_started,WH-SYN-EAST,3,piece,synthetic_case_generator
WHE-SYN-B-0066-05,ORD-SYN-B-0066,2026-06-07T12:22:27+08:00,quality_check_completed,quality_check_completed,WH-SYN-EAST,3,piece,synthetic_case_generator
WHE-SYN-B-0066-06,ORD-SYN-B-0066,2026-06-07T12:34:13+08:00,packing_started,packing_started,WH-SYN-EAST,3,piece,synthetic_case_generator
WHE-SYN-B-0066-07,ORD-SYN-B-0066,2026-06-07T13:16:13+08:00,packing_completed,packing_completed,WH-SYN-EAST,3,piece,synthetic_case_generator
WHE-SYN-B-0066-08,ORD-SYN-B-0066,2026-06-07T13:44:15+08:00,ready_to_ship,ready_to_ship,WH-SYN-EAST,3,piece,synthetic_case_generator
WHE-SYN-B-0066-09,ORD-SYN-B-0066,2026-06-07T13:48:29+08:00,shipped_from_warehouse,shipped_from_warehouse,WH-SYN-EAST,3,piece,synthetic_case_generator
WHE-SYN-B-0067-01,ORD-SYN-B-0067,2026-06-07T13:05:52+08:00,order_received,order_received,WH-SYN-WEST,5,piece,synthetic_case_generator
WHE-SYN-B-0067-02,ORD-SYN-B-0067,2026-06-07T13:49:53+08:00,picking_started,picking_started,WH-SYN-WEST,5,piece,synthetic_case_generator
WHE-SYN-B-0067-03,ORD-SYN-B-0067,2026-06-07T14:41:37+08:00,picking_completed,picking_completed,WH-SYN-WEST,5,piece,synthetic_case_generator
WHE-SYN-B-0067-04,ORD-SYN-B-0067,2026-06-07T15:11:38+08:00,quality_check_started,quality_check_started,WH-SYN-WEST,5,piece,synthetic_case_generator
WHE-SYN-B-0067-05,ORD-SYN-B-0067,2026-06-07T15:40:47+08:00,quality_check_completed,quality_check_completed,WH-SYN-WEST,5,piece,synthetic_case_generator
WHE-SYN-B-0067-06,ORD-SYN-B-0067,2026-06-07T15:47:00+08:00,packing_started,packing_started,WH-SYN-WEST,5,piece,synthetic_case_generator
WHE-SYN-B-0067-07,ORD-SYN-B-0067,2026-06-07T16:30:43+08:00,packing_completed,packing_completed,WH-SYN-WEST,5,piece,synthetic_case_generator
WHE-SYN-B-0067-08,ORD-SYN-B-0067,2026-06-07T16:45:31+08:00,ready_to_ship,ready_to_ship,WH-SYN-WEST,5,piece,synthetic_case_generator
WHE-SYN-B-0067-09,ORD-SYN-B-0067,2026-06-07T16:56:07+08:00,shipped_from_warehouse,shipped_from_warehouse,WH-SYN-WEST,5,piece,synthetic_case_generator
WHE-SYN-B-0068-01,ORD-SYN-B-0068,2026-06-07T15:37:57+08:00,order_received,order_received,WH-SYN-EAST,5,piece,synthetic_case_generator
WHE-SYN-B-0068-02,ORD-SYN-B-0068,2026-06-07T16:22:47+08:00,picking_started,picking_started,WH-SYN-EAST,5,piece,synthetic_case_generator
WHE-SYN-B-0068-03,ORD-SYN-B-0068,2026-06-07T17:06:51+08:00,picking_completed,picking_completed,WH-SYN-EAST,5,piece,synthetic_case_generator
WHE-SYN-B-0068-04,ORD-SYN-B-0068,2026-06-07T17:36:52+08:00,quality_check_started,quality_check_started,WH-SYN-EAST,5,piece,synthetic_case_generator
WHE-SYN-B-0068-05,ORD-SYN-B-0068,2026-06-07T18:06:30+08:00,quality_check_completed,quality_check_completed,WH-SYN-EAST,5,piece,synthetic_case_generator
WHE-SYN-B-0068-06,ORD-SYN-B-0068,2026-06-07T18:15:40+08:00,packing_started,packing_started,WH-SYN-EAST,5,piece,synthetic_case_generator
WHE-SYN-B-0068-07,ORD-SYN-B-0068,2026-06-07T18:55:34+08:00,packing_completed,packing_completed,WH-SYN-EAST,5,piece,synthetic_case_generator
WHE-SYN-B-0068-08,ORD-SYN-B-0068,2026-06-07T19:17:35+08:00,ready_to_ship,ready_to_ship,WH-SYN-EAST,5,piece,synthetic_case_generator
WHE-SYN-B-0068-09,ORD-SYN-B-0068,2026-06-07T19:26:59+08:00,shipped_from_warehouse,shipped_from_warehouse,WH-SYN-EAST,5,piece,synthetic_case_generator
WHE-SYN-B-0069-01,ORD-SYN-B-0069,2026-06-07T18:58:17+08:00,order_received,order_received,WH-SYN-WEST,4,piece,synthetic_case_generator
WHE-SYN-B-0069-02,ORD-SYN-B-0069,2026-06-07T19:44:02+08:00,picking_started,picking_started,WH-SYN-WEST,4,piece,synthetic_case_generator
WHE-SYN-B-0069-03,ORD-SYN-B-0069,2026-06-07T20:26:30+08:00,picking_completed,picking_completed,WH-SYN-WEST,4,piece,synthetic_case_generator
WHE-SYN-B-0069-04,ORD-SYN-B-0069,2026-06-07T20:53:43+08:00,quality_check_started,quality_check_started,WH-SYN-WEST,4,piece,synthetic_case_generator
WHE-SYN-B-0069-05,ORD-SYN-B-0069,2026-06-07T21:15:37+08:00,quality_check_completed,quality_check_completed,WH-SYN-WEST,4,piece,synthetic_case_generator
WHE-SYN-B-0069-06,ORD-SYN-B-0069,2026-06-07T21:23:08+08:00,packing_started,packing_started,WH-SYN-WEST,4,piece,synthetic_case_generator
WHE-SYN-B-0069-07,ORD-SYN-B-0069,2026-06-07T21:55:44+08:00,packing_completed,packing_completed,WH-SYN-WEST,4,piece,synthetic_case_generator
WHE-SYN-B-0069-08,ORD-SYN-B-0069,2026-06-07T22:08:48+08:00,ready_to_ship,ready_to_ship,WH-SYN-WEST,4,piece,synthetic_case_generator
WHE-SYN-B-0069-09,ORD-SYN-B-0069,2026-06-07T22:12:40+08:00,shipped_from_warehouse,shipped_from_warehouse,WH-SYN-WEST,4,piece,synthetic_case_generator
WHE-SYN-B-0070-01,ORD-SYN-B-0070,2026-06-07T10:21:41+08:00,order_received,order_received,WH-SYN-EAST,4,piece,synthetic_case_generator
WHE-SYN-B-0070-02,ORD-SYN-B-0070,2026-06-07T11:13:07+08:00,picking_started,picking_started,WH-SYN-EAST,4,piece,synthetic_case_generator
WHE-SYN-B-0070-03,ORD-SYN-B-0070,2026-06-07T12:01:35+08:00,picking_completed,picking_completed,WH-SYN-EAST,4,piece,synthetic_case_generator
WHE-SYN-B-0070-04,ORD-SYN-B-0070,2026-06-07T12:24:02+08:00,quality_check_started,quality_check_started,WH-SYN-EAST,4,piece,synthetic_case_generator
WHE-SYN-B-0070-05,ORD-SYN-B-0070,2026-06-07T12:47:03+08:00,quality_check_completed,quality_check_completed,WH-SYN-EAST,4,piece,synthetic_case_generator
WHE-SYN-B-0070-06,ORD-SYN-B-0070,2026-06-07T12:51:46+08:00,packing_started,packing_started,WH-SYN-EAST,4,piece,synthetic_case_generator
WHE-SYN-B-0070-07,ORD-SYN-B-0070,2026-06-07T13:22:13+08:00,packing_completed,packing_completed,WH-SYN-EAST,4,piece,synthetic_case_generator
WHE-SYN-B-0070-08,ORD-SYN-B-0070,2026-06-07T13:32:16+08:00,ready_to_ship,ready_to_ship,WH-SYN-EAST,4,piece,synthetic_case_generator
WHE-SYN-B-0070-09,ORD-SYN-B-0070,2026-06-07T13:41:47+08:00,shipped_from_warehouse,shipped_from_warehouse,WH-SYN-EAST,4,piece,synthetic_case_generator
WHE-SYN-B-0071-01,ORD-SYN-B-0071,2026-06-07T13:53:51+08:00,order_received,order_received,WH-SYN-EAST,2,piece,synthetic_case_generator
WHE-SYN-B-0071-02,ORD-SYN-B-0071,2026-06-07T14:35:37+08:00,picking_started,picking_started,WH-SYN-EAST,2,piece,synthetic_case_generator
WHE-SYN-B-0071-03,ORD-SYN-B-0071,2026-06-07T15:27:16+08:00,picking_completed,picking_completed,WH-SYN-EAST,2,piece,synthetic_case_generator
WHE-SYN-B-0071-04,ORD-SYN-B-0071,2026-06-07T15:53:32+08:00,quality_check_started,quality_check_started,WH-SYN-EAST,2,piece,synthetic_case_generator
WHE-SYN-B-0071-05,ORD-SYN-B-0071,2026-06-07T16:21:17+08:00,quality_check_completed,quality_check_completed,WH-SYN-EAST,2,piece,synthetic_case_generator
WHE-SYN-B-0071-06,ORD-SYN-B-0071,2026-06-07T16:29:12+08:00,packing_started,packing_started,WH-SYN-EAST,2,piece,synthetic_case_generator
WHE-SYN-B-0071-07,ORD-SYN-B-0071,2026-06-07T17:08:14+08:00,packing_completed,packing_completed,WH-SYN-EAST,2,piece,synthetic_case_generator
WHE-SYN-B-0071-08,ORD-SYN-B-0071,2026-06-07T17:21:32+08:00,ready_to_ship,ready_to_ship,WH-SYN-EAST,2,piece,synthetic_case_generator
WHE-SYN-B-0071-09,ORD-SYN-B-0071,2026-06-07T17:29:04+08:00,shipped_from_warehouse,shipped_from_warehouse,WH-SYN-EAST,2,piece,synthetic_case_generator
WHE-SYN-B-0072-01,ORD-SYN-B-0072,2026-06-07T17:08:05+08:00,order_received,order_received,WH-SYN-WEST,1,piece,synthetic_case_generator
WHE-SYN-B-0072-02,ORD-SYN-B-0072,2026-06-07T17:53:25+08:00,picking_started,picking_started,WH-SYN-WEST,1,piece,synthetic_case_generator
WHE-SYN-B-0072-03,ORD-SYN-B-0072,2026-06-07T18:46:26+08:00,picking_completed,picking_completed,WH-SYN-WEST,1,piece,synthetic_case_generator
WHE-SYN-B-0072-04,ORD-SYN-B-0072,2026-06-07T19:10:44+08:00,quality_check_started,quality_check_started,WH-SYN-WEST,1,piece,synthetic_case_generator
WHE-SYN-B-0072-05,ORD-SYN-B-0072,2026-06-07T19:38:28+08:00,quality_check_completed,quality_check_completed,WH-SYN-WEST,1,piece,synthetic_case_generator
WHE-SYN-B-0072-06,ORD-SYN-B-0072,2026-06-07T19:43:38+08:00,packing_started,packing_started,WH-SYN-WEST,1,piece,synthetic_case_generator
WHE-SYN-B-0072-07,ORD-SYN-B-0072,2026-06-07T20:17:18+08:00,packing_completed,packing_completed,WH-SYN-WEST,1,piece,synthetic_case_generator
WHE-SYN-B-0072-08,ORD-SYN-B-0072,2026-06-07T20:39:19+08:00,ready_to_ship,ready_to_ship,WH-SYN-WEST,1,piece,synthetic_case_generator
WHE-SYN-B-0072-09,ORD-SYN-B-0072,2026-06-07T20:42:46+08:00,shipped_from_warehouse,shipped_from_warehouse,WH-SYN-WEST,1,piece,synthetic_case_generator
WHE-SYN-B-0073-01,ORD-SYN-B-0073,2026-06-08T10:54:42+08:00,order_received,order_received,WH-SYN-WEST,3,piece,synthetic_case_generator
WHE-SYN-B-0073-02,ORD-SYN-B-0073,2026-06-08T17:35:08+08:00,picking_started,picking_started,WH-SYN-WEST,3,piece,synthetic_case_generator
WHE-SYN-B-0073-03,ORD-SYN-B-0073,2026-06-08T21:26:50+08:00,picking_completed,picking_completed,WH-SYN-WEST,3,piece,synthetic_case_generator
WHE-SYN-B-0073-04,ORD-SYN-B-0073,2026-06-08T23:45:04+08:00,quality_check_started,quality_check_started,WH-SYN-WEST,3,piece,synthetic_case_generator
WHE-SYN-B-0073-05,ORD-SYN-B-0073,2026-06-09T02:05:51+08:00,quality_check_completed,quality_check_completed,WH-SYN-WEST,3,piece,synthetic_case_generator
WHE-SYN-B-0073-06,ORD-SYN-B-0073,2026-06-09T02:10:34+08:00,packing_started,packing_started,WH-SYN-WEST,3,piece,synthetic_case_generator
WHE-SYN-B-0073-07,ORD-SYN-B-0073,2026-06-09T05:08:59+08:00,packing_completed,packing_completed,WH-SYN-WEST,3,piece,synthetic_case_generator
WHE-SYN-B-0073-08,ORD-SYN-B-0073,2026-06-09T05:27:05+08:00,ready_to_ship,ready_to_ship,WH-SYN-WEST,3,piece,synthetic_case_generator
WHE-SYN-B-0073-09,ORD-SYN-B-0073,2026-06-09T05:32:51+08:00,shipped_from_warehouse,shipped_from_warehouse,WH-SYN-WEST,3,piece,synthetic_case_generator
WHE-SYN-B-0074-01,ORD-SYN-B-0074,2026-06-08T11:18:28+08:00,order_received,order_received,WH-SYN-EAST,1,piece,synthetic_case_generator
WHE-SYN-B-0074-02,ORD-SYN-B-0074,2026-06-08T17:16:18+08:00,picking_started,picking_started,WH-SYN-EAST,1,piece,synthetic_case_generator
WHE-SYN-B-0074-03,ORD-SYN-B-0074,2026-06-08T20:53:07+08:00,picking_completed,picking_completed,WH-SYN-EAST,1,piece,synthetic_case_generator
WHE-SYN-B-0074-04,ORD-SYN-B-0074,2026-06-08T23:26:07+08:00,quality_check_started,quality_check_started,WH-SYN-EAST,1,piece,synthetic_case_generator
WHE-SYN-B-0074-05,ORD-SYN-B-0074,2026-06-09T01:47:30+08:00,quality_check_completed,quality_check_completed,WH-SYN-EAST,1,piece,synthetic_case_generator
WHE-SYN-B-0074-06,ORD-SYN-B-0074,2026-06-09T01:55:34+08:00,packing_started,packing_started,WH-SYN-EAST,1,piece,synthetic_case_generator
WHE-SYN-B-0074-07,ORD-SYN-B-0074,2026-06-09T05:26:45+08:00,packing_completed,packing_completed,WH-SYN-EAST,1,piece,synthetic_case_generator
WHE-SYN-B-0074-08,ORD-SYN-B-0074,2026-06-09T05:47:06+08:00,ready_to_ship,ready_to_ship,WH-SYN-EAST,1,piece,synthetic_case_generator
WHE-SYN-B-0074-09,ORD-SYN-B-0074,2026-06-09T05:51:19+08:00,shipped_from_warehouse,shipped_from_warehouse,WH-SYN-EAST,1,piece,synthetic_case_generator
WHE-SYN-B-0075-01,ORD-SYN-B-0075,2026-06-08T10:41:03+08:00,order_received,order_received,WH-SYN-EAST,1,piece,synthetic_case_generator
WHE-SYN-B-0075-02,ORD-SYN-B-0075,2026-06-08T17:34:32+08:00,picking_started,picking_started,WH-SYN-EAST,1,piece,synthetic_case_generator
WHE-SYN-B-0075-03,ORD-SYN-B-0075,2026-06-08T21:12:22+08:00,picking_completed,picking_completed,WH-SYN-EAST,1,piece,synthetic_case_generator
WHE-SYN-B-0075-04,ORD-SYN-B-0075,2026-06-08T23:26:25+08:00,quality_check_started,quality_check_started,WH-SYN-EAST,1,piece,synthetic_case_generator
WHE-SYN-B-0075-05,ORD-SYN-B-0075,2026-06-09T02:03:32+08:00,quality_check_completed,quality_check_completed,WH-SYN-EAST,1,piece,synthetic_case_generator
WHE-SYN-B-0075-06,ORD-SYN-B-0075,2026-06-09T02:12:32+08:00,packing_started,packing_started,WH-SYN-EAST,1,piece,synthetic_case_generator
WHE-SYN-B-0075-07,ORD-SYN-B-0075,2026-06-09T05:30:10+08:00,packing_completed,packing_completed,WH-SYN-EAST,1,piece,synthetic_case_generator
WHE-SYN-B-0075-08,ORD-SYN-B-0075,2026-06-09T05:53:10+08:00,ready_to_ship,ready_to_ship,WH-SYN-EAST,1,piece,synthetic_case_generator
WHE-SYN-B-0075-09,ORD-SYN-B-0075,2026-06-09T06:02:09+08:00,shipped_from_warehouse,shipped_from_warehouse,WH-SYN-EAST,1,piece,synthetic_case_generator
WHE-SYN-B-0076-01,ORD-SYN-B-0076,2026-06-08T11:05:36+08:00,order_received,order_received,WH-SYN-EAST,1,piece,synthetic_case_generator
WHE-SYN-B-0076-02,ORD-SYN-B-0076,2026-06-08T17:44:40+08:00,picking_started,picking_started,WH-SYN-EAST,1,piece,synthetic_case_generator
WHE-SYN-B-0076-03,ORD-SYN-B-0076,2026-06-08T21:46:05+08:00,picking_completed,picking_completed,WH-SYN-EAST,1,piece,synthetic_case_generator
WHE-SYN-B-0076-04,ORD-SYN-B-0076,2026-06-09T01:04:08+08:00,quality_check_started,quality_check_started,WH-SYN-EAST,1,piece,synthetic_case_generator
WHE-SYN-B-0076-05,ORD-SYN-B-0076,2026-06-09T02:58:14+08:00,quality_check_completed,quality_check_completed,WH-SYN-EAST,1,piece,synthetic_case_generator
WHE-SYN-B-0076-06,ORD-SYN-B-0076,2026-06-09T03:09:43+08:00,packing_started,packing_started,WH-SYN-EAST,1,piece,synthetic_case_generator
WHE-SYN-B-0076-07,ORD-SYN-B-0076,2026-06-09T05:56:54+08:00,packing_completed,packing_completed,WH-SYN-EAST,1,piece,synthetic_case_generator
WHE-SYN-B-0076-08,ORD-SYN-B-0076,2026-06-09T06:10:17+08:00,ready_to_ship,ready_to_ship,WH-SYN-EAST,1,piece,synthetic_case_generator
WHE-SYN-B-0076-09,ORD-SYN-B-0076,2026-06-09T06:19:31+08:00,shipped_from_warehouse,shipped_from_warehouse,WH-SYN-EAST,1,piece,synthetic_case_generator
WHE-SYN-B-0077-01,ORD-SYN-B-0077,2026-06-08T10:15:10+08:00,order_received,order_received,WH-SYN-EAST,4,piece,synthetic_case_generator
WHE-SYN-B-0077-02,ORD-SYN-B-0077,2026-06-08T15:52:16+08:00,picking_started,picking_started,WH-SYN-EAST,4,piece,synthetic_case_generator
WHE-SYN-B-0077-03,ORD-SYN-B-0077,2026-06-08T19:34:58+08:00,picking_completed,picking_completed,WH-SYN-EAST,4,piece,synthetic_case_generator
WHE-SYN-B-0077-04,ORD-SYN-B-0077,2026-06-08T22:32:48+08:00,quality_check_started,quality_check_started,WH-SYN-EAST,4,piece,synthetic_case_generator
WHE-SYN-B-0077-05,ORD-SYN-B-0077,2026-06-09T01:11:11+08:00,quality_check_completed,quality_check_completed,WH-SYN-EAST,4,piece,synthetic_case_generator
WHE-SYN-B-0077-06,ORD-SYN-B-0077,2026-06-09T01:17:08+08:00,packing_started,packing_started,WH-SYN-EAST,4,piece,synthetic_case_generator
WHE-SYN-B-0077-07,ORD-SYN-B-0077,2026-06-09T04:16:24+08:00,packing_completed,packing_completed,WH-SYN-EAST,4,piece,synthetic_case_generator
WHE-SYN-B-0077-08,ORD-SYN-B-0077,2026-06-09T04:25:24+08:00,ready_to_ship,ready_to_ship,WH-SYN-EAST,4,piece,synthetic_case_generator
WHE-SYN-B-0077-09,ORD-SYN-B-0077,2026-06-09T04:37:05+08:00,shipped_from_warehouse,shipped_from_warehouse,WH-SYN-EAST,4,piece,synthetic_case_generator
WHE-SYN-B-0078-01,ORD-SYN-B-0078,2026-06-08T10:50:27+08:00,order_received,order_received,WH-SYN-EAST,3,piece,synthetic_case_generator
WHE-SYN-B-0078-02,ORD-SYN-B-0078,2026-06-08T17:10:28+08:00,picking_started,picking_started,WH-SYN-EAST,3,piece,synthetic_case_generator
WHE-SYN-B-0078-03,ORD-SYN-B-0078,2026-06-08T20:24:39+08:00,picking_completed,picking_completed,WH-SYN-EAST,3,piece,synthetic_case_generator
WHE-SYN-B-0078-04,ORD-SYN-B-0078,2026-06-08T22:38:58+08:00,quality_check_started,quality_check_started,WH-SYN-EAST,3,piece,synthetic_case_generator
WHE-SYN-B-0078-05,ORD-SYN-B-0078,2026-06-09T01:10:35+08:00,quality_check_completed,quality_check_completed,WH-SYN-EAST,3,piece,synthetic_case_generator
WHE-SYN-B-0078-06,ORD-SYN-B-0078,2026-06-09T01:21:34+08:00,packing_started,packing_started,WH-SYN-EAST,3,piece,synthetic_case_generator
WHE-SYN-B-0078-07,ORD-SYN-B-0078,2026-06-09T04:37:51+08:00,packing_completed,packing_completed,WH-SYN-EAST,3,piece,synthetic_case_generator
WHE-SYN-B-0078-08,ORD-SYN-B-0078,2026-06-09T04:54:06+08:00,ready_to_ship,ready_to_ship,WH-SYN-EAST,3,piece,synthetic_case_generator
WHE-SYN-B-0078-09,ORD-SYN-B-0078,2026-06-09T05:03:16+08:00,shipped_from_warehouse,shipped_from_warehouse,WH-SYN-EAST,3,piece,synthetic_case_generator
WHE-SYN-B-0079-01,ORD-SYN-B-0079,2026-06-08T11:17:28+08:00,order_received,order_received,WH-SYN-WEST,1,piece,synthetic_case_generator
WHE-SYN-B-0079-02,ORD-SYN-B-0079,2026-06-08T16:14:51+08:00,picking_started,picking_started,WH-SYN-WEST,1,piece,synthetic_case_generator
WHE-SYN-B-0079-03,ORD-SYN-B-0079,2026-06-08T20:14:06+08:00,picking_completed,picking_completed,WH-SYN-WEST,1,piece,synthetic_case_generator
WHE-SYN-B-0079-04,ORD-SYN-B-0079,2026-06-08T23:20:28+08:00,quality_check_started,quality_check_started,WH-SYN-WEST,1,piece,synthetic_case_generator
WHE-SYN-B-0079-05,ORD-SYN-B-0079,2026-06-09T01:26:25+08:00,quality_check_completed,quality_check_completed,WH-SYN-WEST,1,piece,synthetic_case_generator
WHE-SYN-B-0079-06,ORD-SYN-B-0079,2026-06-09T01:36:55+08:00,packing_started,packing_started,WH-SYN-WEST,1,piece,synthetic_case_generator
WHE-SYN-B-0079-07,ORD-SYN-B-0079,2026-06-09T04:26:35+08:00,packing_completed,packing_completed,WH-SYN-WEST,1,piece,synthetic_case_generator
WHE-SYN-B-0079-08,ORD-SYN-B-0079,2026-06-09T04:49:12+08:00,ready_to_ship,ready_to_ship,WH-SYN-WEST,1,piece,synthetic_case_generator
WHE-SYN-B-0079-09,ORD-SYN-B-0079,2026-06-09T04:53:15+08:00,shipped_from_warehouse,shipped_from_warehouse,WH-SYN-WEST,1,piece,synthetic_case_generator
WHE-SYN-B-0080-01,ORD-SYN-B-0080,2026-06-08T10:40:36+08:00,order_received,order_received,WH-SYN-EAST,1,piece,synthetic_case_generator
WHE-SYN-B-0080-02,ORD-SYN-B-0080,2026-06-08T16:49:55+08:00,picking_started,picking_started,WH-SYN-EAST,1,piece,synthetic_case_generator
WHE-SYN-B-0080-03,ORD-SYN-B-0080,2026-06-08T20:28:43+08:00,picking_completed,picking_completed,WH-SYN-EAST,1,piece,synthetic_case_generator
WHE-SYN-B-0080-04,ORD-SYN-B-0080,2026-06-08T22:54:19+08:00,quality_check_started,quality_check_started,WH-SYN-EAST,1,piece,synthetic_case_generator
WHE-SYN-B-0080-05,ORD-SYN-B-0080,2026-06-09T01:07:27+08:00,quality_check_completed,quality_check_completed,WH-SYN-EAST,1,piece,synthetic_case_generator
WHE-SYN-B-0080-06,ORD-SYN-B-0080,2026-06-09T01:16:31+08:00,packing_started,packing_started,WH-SYN-EAST,1,piece,synthetic_case_generator
WHE-SYN-B-0080-07,ORD-SYN-B-0080,2026-06-09T04:07:27+08:00,packing_completed,packing_completed,WH-SYN-EAST,1,piece,synthetic_case_generator
WHE-SYN-B-0080-08,ORD-SYN-B-0080,2026-06-09T04:26:10+08:00,ready_to_ship,ready_to_ship,WH-SYN-EAST,1,piece,synthetic_case_generator
WHE-SYN-B-0080-09,ORD-SYN-B-0080,2026-06-09T04:33:26+08:00,shipped_from_warehouse,shipped_from_warehouse,WH-SYN-EAST,1,piece,synthetic_case_generator
WHE-SYN-B-0081-01,ORD-SYN-B-0081,2026-06-08T10:52:24+08:00,order_received,order_received,WH-SYN-EAST,2,piece,synthetic_case_generator
WHE-SYN-B-0081-02,ORD-SYN-B-0081,2026-06-08T17:18:51+08:00,picking_started,picking_started,WH-SYN-EAST,2,piece,synthetic_case_generator
WHE-SYN-B-0081-03,ORD-SYN-B-0081,2026-06-08T20:13:28+08:00,picking_completed,picking_completed,WH-SYN-EAST,2,piece,synthetic_case_generator
WHE-SYN-B-0081-04,ORD-SYN-B-0081,2026-06-08T23:36:09+08:00,quality_check_started,quality_check_started,WH-SYN-EAST,2,piece,synthetic_case_generator
WHE-SYN-B-0081-05,ORD-SYN-B-0081,2026-06-09T01:52:39+08:00,quality_check_completed,quality_check_completed,WH-SYN-EAST,2,piece,synthetic_case_generator
WHE-SYN-B-0081-06,ORD-SYN-B-0081,2026-06-09T02:02:41+08:00,packing_started,packing_started,WH-SYN-EAST,2,piece,synthetic_case_generator
WHE-SYN-B-0081-07,ORD-SYN-B-0081,2026-06-09T05:30:02+08:00,packing_completed,packing_completed,WH-SYN-EAST,2,piece,synthetic_case_generator
WHE-SYN-B-0081-08,ORD-SYN-B-0081,2026-06-09T05:56:58+08:00,ready_to_ship,ready_to_ship,WH-SYN-EAST,2,piece,synthetic_case_generator
WHE-SYN-B-0081-09,ORD-SYN-B-0081,2026-06-09T06:00:20+08:00,shipped_from_warehouse,shipped_from_warehouse,WH-SYN-EAST,2,piece,synthetic_case_generator
WHE-SYN-B-0082-01,ORD-SYN-B-0082,2026-06-08T10:28:31+08:00,order_received,order_received,WH-SYN-EAST,2,piece,synthetic_case_generator
WHE-SYN-B-0082-02,ORD-SYN-B-0082,2026-06-08T17:08:13+08:00,picking_started,picking_started,WH-SYN-EAST,2,piece,synthetic_case_generator
WHE-SYN-B-0082-03,ORD-SYN-B-0082,2026-06-08T20:29:33+08:00,picking_completed,picking_completed,WH-SYN-EAST,2,piece,synthetic_case_generator
WHE-SYN-B-0082-04,ORD-SYN-B-0082,2026-06-08T23:51:34+08:00,quality_check_started,quality_check_started,WH-SYN-EAST,2,piece,synthetic_case_generator
WHE-SYN-B-0082-05,ORD-SYN-B-0082,2026-06-09T02:13:37+08:00,quality_check_completed,quality_check_completed,WH-SYN-EAST,2,piece,synthetic_case_generator
WHE-SYN-B-0082-06,ORD-SYN-B-0082,2026-06-09T02:20:16+08:00,packing_started,packing_started,WH-SYN-EAST,2,piece,synthetic_case_generator
WHE-SYN-B-0082-07,ORD-SYN-B-0082,2026-06-09T05:10:35+08:00,packing_completed,packing_completed,WH-SYN-EAST,2,piece,synthetic_case_generator
WHE-SYN-B-0082-08,ORD-SYN-B-0082,2026-06-09T05:24:16+08:00,ready_to_ship,ready_to_ship,WH-SYN-EAST,2,piece,synthetic_case_generator
WHE-SYN-B-0082-09,ORD-SYN-B-0082,2026-06-09T05:32:33+08:00,shipped_from_warehouse,shipped_from_warehouse,WH-SYN-EAST,2,piece,synthetic_case_generator
WHE-SYN-B-0083-01,ORD-SYN-B-0083,2026-06-08T10:39:37+08:00,order_received,order_received,WH-SYN-EAST,4,piece,synthetic_case_generator
WHE-SYN-B-0083-02,ORD-SYN-B-0083,2026-06-08T16:22:44+08:00,picking_started,picking_started,WH-SYN-EAST,4,piece,synthetic_case_generator
WHE-SYN-B-0083-03,ORD-SYN-B-0083,2026-06-08T19:24:34+08:00,picking_completed,picking_completed,WH-SYN-EAST,4,piece,synthetic_case_generator
WHE-SYN-B-0083-04,ORD-SYN-B-0083,2026-06-08T21:42:33+08:00,quality_check_started,quality_check_started,WH-SYN-EAST,4,piece,synthetic_case_generator
WHE-SYN-B-0083-05,ORD-SYN-B-0083,2026-06-08T23:32:06+08:00,quality_check_completed,quality_check_completed,WH-SYN-EAST,4,piece,synthetic_case_generator
WHE-SYN-B-0083-06,ORD-SYN-B-0083,2026-06-08T23:40:08+08:00,packing_started,packing_started,WH-SYN-EAST,4,piece,synthetic_case_generator
WHE-SYN-B-0083-07,ORD-SYN-B-0083,2026-06-09T02:54:40+08:00,packing_completed,packing_completed,WH-SYN-EAST,4,piece,synthetic_case_generator
WHE-SYN-B-0083-08,ORD-SYN-B-0083,2026-06-09T03:16:02+08:00,ready_to_ship,ready_to_ship,WH-SYN-EAST,4,piece,synthetic_case_generator
WHE-SYN-B-0083-09,ORD-SYN-B-0083,2026-06-09T03:25:06+08:00,shipped_from_warehouse,shipped_from_warehouse,WH-SYN-EAST,4,piece,synthetic_case_generator
WHE-SYN-B-0084-01,ORD-SYN-B-0084,2026-06-08T11:02:46+08:00,order_received,order_received,WH-SYN-WEST,3,piece,synthetic_case_generator
WHE-SYN-B-0084-02,ORD-SYN-B-0084,2026-06-08T17:44:44+08:00,picking_started,picking_started,WH-SYN-WEST,3,piece,synthetic_case_generator
WHE-SYN-B-0084-03,ORD-SYN-B-0084,2026-06-08T21:46:00+08:00,picking_completed,picking_completed,WH-SYN-WEST,3,piece,synthetic_case_generator
WHE-SYN-B-0084-04,ORD-SYN-B-0084,2026-06-09T00:26:10+08:00,quality_check_started,quality_check_started,WH-SYN-WEST,3,piece,synthetic_case_generator
WHE-SYN-B-0084-05,ORD-SYN-B-0084,2026-06-09T02:46:06+08:00,quality_check_completed,quality_check_completed,WH-SYN-WEST,3,piece,synthetic_case_generator
WHE-SYN-B-0084-06,ORD-SYN-B-0084,2026-06-09T02:51:06+08:00,packing_started,packing_started,WH-SYN-WEST,3,piece,synthetic_case_generator
WHE-SYN-B-0084-07,ORD-SYN-B-0084,2026-06-09T05:27:25+08:00,packing_completed,packing_completed,WH-SYN-WEST,3,piece,synthetic_case_generator
WHE-SYN-B-0084-08,ORD-SYN-B-0084,2026-06-09T05:44:08+08:00,ready_to_ship,ready_to_ship,WH-SYN-WEST,3,piece,synthetic_case_generator
WHE-SYN-B-0084-09,ORD-SYN-B-0084,2026-06-09T05:52:58+08:00,shipped_from_warehouse,shipped_from_warehouse,WH-SYN-WEST,3,piece,synthetic_case_generator
WHE-SYN-B-0085-01,ORD-SYN-B-0085,2026-06-08T10:28:46+08:00,order_received,order_received,WH-SYN-EAST,5,piece,synthetic_case_generator
WHE-SYN-B-0085-02,ORD-SYN-B-0085,2026-06-08T15:35:33+08:00,picking_started,picking_started,WH-SYN-EAST,5,piece,synthetic_case_generator
WHE-SYN-B-0085-03,ORD-SYN-B-0085,2026-06-08T18:33:18+08:00,picking_completed,picking_completed,WH-SYN-EAST,5,piece,synthetic_case_generator
WHE-SYN-B-0085-04,ORD-SYN-B-0085,2026-06-08T20:55:04+08:00,quality_check_started,quality_check_started,WH-SYN-EAST,5,piece,synthetic_case_generator
WHE-SYN-B-0085-05,ORD-SYN-B-0085,2026-06-08T23:15:57+08:00,quality_check_completed,quality_check_completed,WH-SYN-EAST,5,piece,synthetic_case_generator
WHE-SYN-B-0085-06,ORD-SYN-B-0085,2026-06-08T23:22:48+08:00,packing_started,packing_started,WH-SYN-EAST,5,piece,synthetic_case_generator
WHE-SYN-B-0085-07,ORD-SYN-B-0085,2026-06-09T02:28:46+08:00,packing_completed,packing_completed,WH-SYN-EAST,5,piece,synthetic_case_generator
WHE-SYN-B-0085-08,ORD-SYN-B-0085,2026-06-09T02:44:31+08:00,ready_to_ship,ready_to_ship,WH-SYN-EAST,5,piece,synthetic_case_generator
WHE-SYN-B-0085-09,ORD-SYN-B-0085,2026-06-09T02:54:41+08:00,shipped_from_warehouse,shipped_from_warehouse,WH-SYN-EAST,5,piece,synthetic_case_generator
WHE-SYN-B-0086-01,ORD-SYN-B-0086,2026-06-08T11:00:44+08:00,order_received,order_received,WH-SYN-EAST,3,piece,synthetic_case_generator
WHE-SYN-B-0086-02,ORD-SYN-B-0086,2026-06-08T16:32:02+08:00,picking_started,picking_started,WH-SYN-EAST,3,piece,synthetic_case_generator
WHE-SYN-B-0086-03,ORD-SYN-B-0086,2026-06-08T19:45:21+08:00,picking_completed,picking_completed,WH-SYN-EAST,3,piece,synthetic_case_generator
WHE-SYN-B-0086-04,ORD-SYN-B-0086,2026-06-08T22:00:27+08:00,quality_check_started,quality_check_started,WH-SYN-EAST,3,piece,synthetic_case_generator
WHE-SYN-B-0086-05,ORD-SYN-B-0086,2026-06-09T00:18:57+08:00,quality_check_completed,quality_check_completed,WH-SYN-EAST,3,piece,synthetic_case_generator
WHE-SYN-B-0086-06,ORD-SYN-B-0086,2026-06-09T00:23:14+08:00,packing_started,packing_started,WH-SYN-EAST,3,piece,synthetic_case_generator
WHE-SYN-B-0086-07,ORD-SYN-B-0086,2026-06-09T03:21:08+08:00,packing_completed,packing_completed,WH-SYN-EAST,3,piece,synthetic_case_generator
WHE-SYN-B-0086-08,ORD-SYN-B-0086,2026-06-09T03:47:57+08:00,ready_to_ship,ready_to_ship,WH-SYN-EAST,3,piece,synthetic_case_generator
WHE-SYN-B-0086-09,ORD-SYN-B-0086,2026-06-09T03:51:57+08:00,shipped_from_warehouse,shipped_from_warehouse,WH-SYN-EAST,3,piece,synthetic_case_generator
WHE-SYN-B-0087-01,ORD-SYN-B-0087,2026-06-08T10:21:02+08:00,order_received,order_received,WH-SYN-EAST,3,piece,synthetic_case_generator
WHE-SYN-B-0087-02,ORD-SYN-B-0087,2026-06-08T15:15:28+08:00,picking_started,picking_started,WH-SYN-EAST,3,piece,synthetic_case_generator
WHE-SYN-B-0087-03,ORD-SYN-B-0087,2026-06-08T18:23:09+08:00,picking_completed,picking_completed,WH-SYN-EAST,3,piece,synthetic_case_generator
WHE-SYN-B-0087-04,ORD-SYN-B-0087,2026-06-08T21:04:26+08:00,quality_check_started,quality_check_started,WH-SYN-EAST,3,piece,synthetic_case_generator
WHE-SYN-B-0087-05,ORD-SYN-B-0087,2026-06-08T23:08:54+08:00,quality_check_completed,quality_check_completed,WH-SYN-EAST,3,piece,synthetic_case_generator
WHE-SYN-B-0087-06,ORD-SYN-B-0087,2026-06-08T23:14:36+08:00,packing_started,packing_started,WH-SYN-EAST,3,piece,synthetic_case_generator
WHE-SYN-B-0087-07,ORD-SYN-B-0087,2026-06-09T02:50:24+08:00,packing_completed,packing_completed,WH-SYN-EAST,3,piece,synthetic_case_generator
WHE-SYN-B-0087-08,ORD-SYN-B-0087,2026-06-09T03:06:57+08:00,ready_to_ship,ready_to_ship,WH-SYN-EAST,3,piece,synthetic_case_generator
WHE-SYN-B-0087-09,ORD-SYN-B-0087,2026-06-09T03:14:56+08:00,shipped_from_warehouse,shipped_from_warehouse,WH-SYN-EAST,3,piece,synthetic_case_generator
WHE-SYN-B-0088-01,ORD-SYN-B-0088,2026-06-08T10:40:52+08:00,order_received,order_received,WH-SYN-WEST,4,piece,synthetic_case_generator
WHE-SYN-B-0088-02,ORD-SYN-B-0088,2026-06-08T17:06:10+08:00,picking_started,picking_started,WH-SYN-WEST,4,piece,synthetic_case_generator
WHE-SYN-B-0088-03,ORD-SYN-B-0088,2026-06-08T20:59:53+08:00,picking_completed,picking_completed,WH-SYN-WEST,4,piece,synthetic_case_generator
WHE-SYN-B-0088-04,ORD-SYN-B-0088,2026-06-08T23:47:12+08:00,quality_check_started,quality_check_started,WH-SYN-WEST,4,piece,synthetic_case_generator
WHE-SYN-B-0088-05,ORD-SYN-B-0088,2026-06-09T02:15:48+08:00,quality_check_completed,quality_check_completed,WH-SYN-WEST,4,piece,synthetic_case_generator
WHE-SYN-B-0088-06,ORD-SYN-B-0088,2026-06-09T02:22:32+08:00,packing_started,packing_started,WH-SYN-WEST,4,piece,synthetic_case_generator
WHE-SYN-B-0088-07,ORD-SYN-B-0088,2026-06-09T05:51:08+08:00,packing_completed,packing_completed,WH-SYN-WEST,4,piece,synthetic_case_generator
WHE-SYN-B-0088-08,ORD-SYN-B-0088,2026-06-09T06:05:50+08:00,ready_to_ship,ready_to_ship,WH-SYN-WEST,4,piece,synthetic_case_generator
WHE-SYN-B-0088-09,ORD-SYN-B-0088,2026-06-09T06:13:47+08:00,shipped_from_warehouse,shipped_from_warehouse,WH-SYN-WEST,4,piece,synthetic_case_generator
WHE-SYN-B-0089-01,ORD-SYN-B-0089,2026-06-08T11:01:01+08:00,order_received,order_received,WH-SYN-EAST,5,piece,synthetic_case_generator
WHE-SYN-B-0089-02,ORD-SYN-B-0089,2026-06-08T16:02:55+08:00,picking_started,picking_started,WH-SYN-EAST,5,piece,synthetic_case_generator
WHE-SYN-B-0089-03,ORD-SYN-B-0089,2026-06-08T18:53:40+08:00,picking_completed,picking_completed,WH-SYN-EAST,5,piece,synthetic_case_generator
WHE-SYN-B-0089-04,ORD-SYN-B-0089,2026-06-08T21:42:31+08:00,quality_check_started,quality_check_started,WH-SYN-EAST,5,piece,synthetic_case_generator
WHE-SYN-B-0089-05,ORD-SYN-B-0089,2026-06-09T00:02:46+08:00,quality_check_completed,quality_check_completed,WH-SYN-EAST,5,piece,synthetic_case_generator
WHE-SYN-B-0089-06,ORD-SYN-B-0089,2026-06-09T00:14:38+08:00,packing_started,packing_started,WH-SYN-EAST,5,piece,synthetic_case_generator
WHE-SYN-B-0089-07,ORD-SYN-B-0089,2026-06-09T02:48:46+08:00,packing_completed,packing_completed,WH-SYN-EAST,5,piece,synthetic_case_generator
WHE-SYN-B-0089-08,ORD-SYN-B-0089,2026-06-09T03:12:44+08:00,ready_to_ship,ready_to_ship,WH-SYN-EAST,5,piece,synthetic_case_generator
WHE-SYN-B-0089-09,ORD-SYN-B-0089,2026-06-09T03:17:44+08:00,shipped_from_warehouse,shipped_from_warehouse,WH-SYN-EAST,5,piece,synthetic_case_generator
WHE-SYN-B-0090-01,ORD-SYN-B-0090,2026-06-08T10:28:46+08:00,order_received,order_received,WH-SYN-EAST,4,piece,synthetic_case_generator
WHE-SYN-B-0090-02,ORD-SYN-B-0090,2026-06-08T15:18:46+08:00,picking_started,picking_started,WH-SYN-EAST,4,piece,synthetic_case_generator
WHE-SYN-B-0090-03,ORD-SYN-B-0090,2026-06-08T18:15:27+08:00,picking_completed,picking_completed,WH-SYN-EAST,4,piece,synthetic_case_generator
WHE-SYN-B-0090-04,ORD-SYN-B-0090,2026-06-08T20:35:35+08:00,quality_check_started,quality_check_started,WH-SYN-EAST,4,piece,synthetic_case_generator
WHE-SYN-B-0090-05,ORD-SYN-B-0090,2026-06-08T22:51:16+08:00,quality_check_completed,quality_check_completed,WH-SYN-EAST,4,piece,synthetic_case_generator
WHE-SYN-B-0090-06,ORD-SYN-B-0090,2026-06-08T22:58:03+08:00,packing_started,packing_started,WH-SYN-EAST,4,piece,synthetic_case_generator
WHE-SYN-B-0090-07,ORD-SYN-B-0090,2026-06-09T02:43:07+08:00,packing_completed,packing_completed,WH-SYN-EAST,4,piece,synthetic_case_generator
WHE-SYN-B-0090-08,ORD-SYN-B-0090,2026-06-09T03:12:38+08:00,ready_to_ship,ready_to_ship,WH-SYN-EAST,4,piece,synthetic_case_generator
WHE-SYN-B-0090-09,ORD-SYN-B-0090,2026-06-09T03:22:02+08:00,shipped_from_warehouse,shipped_from_warehouse,WH-SYN-EAST,4,piece,synthetic_case_generator
WHE-SYN-B-0091-01,ORD-SYN-B-0091,2026-06-08T11:05:13+08:00,order_received,order_received,WH-SYN-EAST,2,piece,synthetic_case_generator
WHE-SYN-B-0091-02,ORD-SYN-B-0091,2026-06-08T16:06:33+08:00,picking_started,picking_started,WH-SYN-EAST,2,piece,synthetic_case_generator
WHE-SYN-B-0091-03,ORD-SYN-B-0091,2026-06-08T19:01:10+08:00,picking_completed,picking_completed,WH-SYN-EAST,2,piece,synthetic_case_generator
WHE-SYN-B-0091-04,ORD-SYN-B-0091,2026-06-08T21:37:59+08:00,quality_check_started,quality_check_started,WH-SYN-EAST,2,piece,synthetic_case_generator
WHE-SYN-B-0091-05,ORD-SYN-B-0091,2026-06-09T00:05:05+08:00,quality_check_completed,quality_check_completed,WH-SYN-EAST,2,piece,synthetic_case_generator
WHE-SYN-B-0091-06,ORD-SYN-B-0091,2026-06-09T00:15:59+08:00,packing_started,packing_started,WH-SYN-EAST,2,piece,synthetic_case_generator
WHE-SYN-B-0091-07,ORD-SYN-B-0091,2026-06-09T03:15:06+08:00,packing_completed,packing_completed,WH-SYN-EAST,2,piece,synthetic_case_generator
WHE-SYN-B-0091-08,ORD-SYN-B-0091,2026-06-09T03:37:55+08:00,ready_to_ship,ready_to_ship,WH-SYN-EAST,2,piece,synthetic_case_generator
WHE-SYN-B-0091-09,ORD-SYN-B-0091,2026-06-09T03:49:07+08:00,shipped_from_warehouse,shipped_from_warehouse,WH-SYN-EAST,2,piece,synthetic_case_generator
WHE-SYN-B-0092-01,ORD-SYN-B-0092,2026-06-08T10:20:47+08:00,order_received,order_received,WH-SYN-WEST,2,piece,synthetic_case_generator
WHE-SYN-B-0092-02,ORD-SYN-B-0092,2026-06-08T15:58:55+08:00,picking_started,picking_started,WH-SYN-WEST,2,piece,synthetic_case_generator
WHE-SYN-B-0092-03,ORD-SYN-B-0092,2026-06-08T20:05:59+08:00,picking_completed,picking_completed,WH-SYN-WEST,2,piece,synthetic_case_generator
WHE-SYN-B-0092-04,ORD-SYN-B-0092,2026-06-08T22:41:21+08:00,quality_check_started,quality_check_started,WH-SYN-WEST,2,piece,synthetic_case_generator
WHE-SYN-B-0092-05,ORD-SYN-B-0092,2026-06-09T00:51:29+08:00,quality_check_completed,quality_check_completed,WH-SYN-WEST,2,piece,synthetic_case_generator
WHE-SYN-B-0092-06,ORD-SYN-B-0092,2026-06-09T01:01:06+08:00,packing_started,packing_started,WH-SYN-WEST,2,piece,synthetic_case_generator
WHE-SYN-B-0092-07,ORD-SYN-B-0092,2026-06-09T04:40:34+08:00,packing_completed,packing_completed,WH-SYN-WEST,2,piece,synthetic_case_generator
WHE-SYN-B-0092-08,ORD-SYN-B-0092,2026-06-09T05:02:24+08:00,ready_to_ship,ready_to_ship,WH-SYN-WEST,2,piece,synthetic_case_generator
WHE-SYN-B-0092-09,ORD-SYN-B-0092,2026-06-09T05:11:23+08:00,shipped_from_warehouse,shipped_from_warehouse,WH-SYN-WEST,2,piece,synthetic_case_generator
WHE-SYN-B-0093-01,ORD-SYN-B-0093,2026-06-08T10:37:20+08:00,order_received,order_received,WH-SYN-EAST,4,piece,synthetic_case_generator
WHE-SYN-B-0093-02,ORD-SYN-B-0093,2026-06-08T17:33:30+08:00,picking_started,picking_started,WH-SYN-EAST,4,piece,synthetic_case_generator
WHE-SYN-B-0093-03,ORD-SYN-B-0093,2026-06-08T21:27:06+08:00,picking_completed,picking_completed,WH-SYN-EAST,4,piece,synthetic_case_generator
WHE-SYN-B-0093-04,ORD-SYN-B-0093,2026-06-08T23:40:20+08:00,quality_check_started,quality_check_started,WH-SYN-EAST,4,piece,synthetic_case_generator
WHE-SYN-B-0093-05,ORD-SYN-B-0093,2026-06-09T01:52:57+08:00,quality_check_completed,quality_check_completed,WH-SYN-EAST,4,piece,synthetic_case_generator
WHE-SYN-B-0093-06,ORD-SYN-B-0093,2026-06-09T01:59:00+08:00,packing_started,packing_started,WH-SYN-EAST,4,piece,synthetic_case_generator
WHE-SYN-B-0093-07,ORD-SYN-B-0093,2026-06-09T05:30:09+08:00,packing_completed,packing_completed,WH-SYN-EAST,4,piece,synthetic_case_generator
WHE-SYN-B-0093-08,ORD-SYN-B-0093,2026-06-09T05:49:16+08:00,ready_to_ship,ready_to_ship,WH-SYN-EAST,4,piece,synthetic_case_generator
WHE-SYN-B-0093-09,ORD-SYN-B-0093,2026-06-09T05:57:37+08:00,shipped_from_warehouse,shipped_from_warehouse,WH-SYN-EAST,4,piece,synthetic_case_generator
WHE-SYN-B-0094-01,ORD-SYN-B-0094,2026-06-08T11:11:35+08:00,order_received,order_received,WH-SYN-EAST,4,piece,synthetic_case_generator
WHE-SYN-B-0094-02,ORD-SYN-B-0094,2026-06-08T16:14:52+08:00,picking_started,picking_started,WH-SYN-EAST,4,piece,synthetic_case_generator
WHE-SYN-B-0094-03,ORD-SYN-B-0094,2026-06-08T19:23:17+08:00,picking_completed,picking_completed,WH-SYN-EAST,4,piece,synthetic_case_generator
WHE-SYN-B-0094-04,ORD-SYN-B-0094,2026-06-08T22:07:18+08:00,quality_check_started,quality_check_started,WH-SYN-EAST,4,piece,synthetic_case_generator
WHE-SYN-B-0094-05,ORD-SYN-B-0094,2026-06-09T00:07:59+08:00,quality_check_completed,quality_check_completed,WH-SYN-EAST,4,piece,synthetic_case_generator
WHE-SYN-B-0094-06,ORD-SYN-B-0094,2026-06-09T00:11:03+08:00,packing_started,packing_started,WH-SYN-EAST,4,piece,synthetic_case_generator
WHE-SYN-B-0094-07,ORD-SYN-B-0094,2026-06-09T03:31:21+08:00,packing_completed,packing_completed,WH-SYN-EAST,4,piece,synthetic_case_generator
WHE-SYN-B-0094-08,ORD-SYN-B-0094,2026-06-09T03:56:02+08:00,ready_to_ship,ready_to_ship,WH-SYN-EAST,4,piece,synthetic_case_generator
WHE-SYN-B-0094-09,ORD-SYN-B-0094,2026-06-09T04:04:05+08:00,shipped_from_warehouse,shipped_from_warehouse,WH-SYN-EAST,4,piece,synthetic_case_generator
WHE-SYN-B-0095-01,ORD-SYN-B-0095,2026-06-08T10:35:27+08:00,order_received,order_received,WH-SYN-WEST,5,piece,synthetic_case_generator
WHE-SYN-B-0095-02,ORD-SYN-B-0095,2026-06-08T16:35:24+08:00,picking_started,picking_started,WH-SYN-WEST,5,piece,synthetic_case_generator
WHE-SYN-B-0095-03,ORD-SYN-B-0095,2026-06-08T20:25:26+08:00,picking_completed,picking_completed,WH-SYN-WEST,5,piece,synthetic_case_generator
WHE-SYN-B-0095-04,ORD-SYN-B-0095,2026-06-08T23:11:46+08:00,quality_check_started,quality_check_started,WH-SYN-WEST,5,piece,synthetic_case_generator
WHE-SYN-B-0095-05,ORD-SYN-B-0095,2026-06-09T01:03:29+08:00,quality_check_completed,quality_check_completed,WH-SYN-WEST,5,piece,synthetic_case_generator
WHE-SYN-B-0095-06,ORD-SYN-B-0095,2026-06-09T01:09:57+08:00,packing_started,packing_started,WH-SYN-WEST,5,piece,synthetic_case_generator
WHE-SYN-B-0095-07,ORD-SYN-B-0095,2026-06-09T04:17:49+08:00,packing_completed,packing_completed,WH-SYN-WEST,5,piece,synthetic_case_generator
WHE-SYN-B-0095-08,ORD-SYN-B-0095,2026-06-09T04:32:18+08:00,ready_to_ship,ready_to_ship,WH-SYN-WEST,5,piece,synthetic_case_generator
WHE-SYN-B-0095-09,ORD-SYN-B-0095,2026-06-09T04:36:06+08:00,shipped_from_warehouse,shipped_from_warehouse,WH-SYN-WEST,5,piece,synthetic_case_generator
WHE-SYN-B-0096-01,ORD-SYN-B-0096,2026-06-08T10:58:14+08:00,order_received,order_received,WH-SYN-EAST,1,piece,synthetic_case_generator
WHE-SYN-B-0096-02,ORD-SYN-B-0096,2026-06-08T16:14:58+08:00,picking_started,picking_started,WH-SYN-EAST,1,piece,synthetic_case_generator
WHE-SYN-B-0096-03,ORD-SYN-B-0096,2026-06-08T20:19:46+08:00,picking_completed,picking_completed,WH-SYN-EAST,1,piece,synthetic_case_generator
WHE-SYN-B-0096-04,ORD-SYN-B-0096,2026-06-08T23:21:57+08:00,quality_check_started,quality_check_started,WH-SYN-EAST,1,piece,synthetic_case_generator
WHE-SYN-B-0096-05,ORD-SYN-B-0096,2026-06-09T01:33:08+08:00,quality_check_completed,quality_check_completed,WH-SYN-EAST,1,piece,synthetic_case_generator
WHE-SYN-B-0096-06,ORD-SYN-B-0096,2026-06-09T01:42:27+08:00,packing_started,packing_started,WH-SYN-EAST,1,piece,synthetic_case_generator
WHE-SYN-B-0096-07,ORD-SYN-B-0096,2026-06-09T04:40:21+08:00,packing_completed,packing_completed,WH-SYN-EAST,1,piece,synthetic_case_generator
WHE-SYN-B-0096-08,ORD-SYN-B-0096,2026-06-09T04:57:07+08:00,ready_to_ship,ready_to_ship,WH-SYN-EAST,1,piece,synthetic_case_generator
WHE-SYN-B-0096-09,ORD-SYN-B-0096,2026-06-09T05:04:10+08:00,shipped_from_warehouse,shipped_from_warehouse,WH-SYN-EAST,1,piece,synthetic_case_generator
WHE-SYN-B-0097-01,ORD-SYN-B-0097,2026-06-08T10:15:56+08:00,order_received,order_received,WH-SYN-WEST,5,piece,synthetic_case_generator
WHE-SYN-B-0097-02,ORD-SYN-B-0097,2026-06-08T16:14:05+08:00,picking_started,picking_started,WH-SYN-WEST,5,piece,synthetic_case_generator
WHE-SYN-B-0097-03,ORD-SYN-B-0097,2026-06-08T19:49:00+08:00,picking_completed,picking_completed,WH-SYN-WEST,5,piece,synthetic_case_generator
WHE-SYN-B-0097-04,ORD-SYN-B-0097,2026-06-08T22:15:49+08:00,quality_check_started,quality_check_started,WH-SYN-WEST,5,piece,synthetic_case_generator
WHE-SYN-B-0097-05,ORD-SYN-B-0097,2026-06-09T00:40:57+08:00,quality_check_completed,quality_check_completed,WH-SYN-WEST,5,piece,synthetic_case_generator
WHE-SYN-B-0097-06,ORD-SYN-B-0097,2026-06-09T00:51:55+08:00,packing_started,packing_started,WH-SYN-WEST,5,piece,synthetic_case_generator
WHE-SYN-B-0097-07,ORD-SYN-B-0097,2026-06-09T04:13:53+08:00,packing_completed,packing_completed,WH-SYN-WEST,5,piece,synthetic_case_generator
WHE-SYN-B-0097-08,ORD-SYN-B-0097,2026-06-09T04:26:54+08:00,ready_to_ship,ready_to_ship,WH-SYN-WEST,5,piece,synthetic_case_generator
WHE-SYN-B-0097-09,ORD-SYN-B-0097,2026-06-09T04:35:50+08:00,shipped_from_warehouse,shipped_from_warehouse,WH-SYN-WEST,5,piece,synthetic_case_generator
WHE-SYN-B-0098-01,ORD-SYN-B-0098,2026-06-08T10:51:39+08:00,order_received,order_received,WH-SYN-EAST,5,piece,synthetic_case_generator
WHE-SYN-B-0098-02,ORD-SYN-B-0098,2026-06-08T15:55:22+08:00,picking_started,picking_started,WH-SYN-EAST,5,piece,synthetic_case_generator
WHE-SYN-B-0098-03,ORD-SYN-B-0098,2026-06-08T19:16:02+08:00,picking_completed,picking_completed,WH-SYN-EAST,5,piece,synthetic_case_generator
WHE-SYN-B-0098-04,ORD-SYN-B-0098,2026-06-08T22:00:52+08:00,quality_check_started,quality_check_started,WH-SYN-EAST,5,piece,synthetic_case_generator
WHE-SYN-B-0098-05,ORD-SYN-B-0098,2026-06-09T00:33:43+08:00,quality_check_completed,quality_check_completed,WH-SYN-EAST,5,piece,synthetic_case_generator
WHE-SYN-B-0098-06,ORD-SYN-B-0098,2026-06-09T00:41:14+08:00,packing_started,packing_started,WH-SYN-EAST,5,piece,synthetic_case_generator
WHE-SYN-B-0098-07,ORD-SYN-B-0098,2026-06-09T03:26:43+08:00,packing_completed,packing_completed,WH-SYN-EAST,5,piece,synthetic_case_generator
WHE-SYN-B-0098-08,ORD-SYN-B-0098,2026-06-09T03:35:49+08:00,ready_to_ship,ready_to_ship,WH-SYN-EAST,5,piece,synthetic_case_generator
WHE-SYN-B-0098-09,ORD-SYN-B-0098,2026-06-09T03:39:28+08:00,shipped_from_warehouse,shipped_from_warehouse,WH-SYN-EAST,5,piece,synthetic_case_generator
WHE-SYN-B-0099-01,ORD-SYN-B-0099,2026-06-08T11:16:48+08:00,order_received,order_received,WH-SYN-WEST,1,piece,synthetic_case_generator
WHE-SYN-B-0099-02,ORD-SYN-B-0099,2026-06-08T16:52:50+08:00,picking_started,picking_started,WH-SYN-WEST,1,piece,synthetic_case_generator
WHE-SYN-B-0099-03,ORD-SYN-B-0099,2026-06-08T19:43:15+08:00,picking_completed,picking_completed,WH-SYN-WEST,1,piece,synthetic_case_generator
WHE-SYN-B-0099-04,ORD-SYN-B-0099,2026-06-08T22:35:43+08:00,quality_check_started,quality_check_started,WH-SYN-WEST,1,piece,synthetic_case_generator
WHE-SYN-B-0099-05,ORD-SYN-B-0099,2026-06-09T01:01:42+08:00,quality_check_completed,quality_check_completed,WH-SYN-WEST,1,piece,synthetic_case_generator
WHE-SYN-B-0099-06,ORD-SYN-B-0099,2026-06-09T01:10:58+08:00,packing_started,packing_started,WH-SYN-WEST,1,piece,synthetic_case_generator
WHE-SYN-B-0099-07,ORD-SYN-B-0099,2026-06-09T03:56:47+08:00,packing_completed,packing_completed,WH-SYN-WEST,1,piece,synthetic_case_generator
WHE-SYN-B-0099-08,ORD-SYN-B-0099,2026-06-09T04:17:32+08:00,ready_to_ship,ready_to_ship,WH-SYN-WEST,1,piece,synthetic_case_generator
WHE-SYN-B-0099-09,ORD-SYN-B-0099,2026-06-09T04:23:36+08:00,shipped_from_warehouse,shipped_from_warehouse,WH-SYN-WEST,1,piece,synthetic_case_generator
WHE-SYN-B-0100-01,ORD-SYN-B-0100,2026-06-08T10:28:39+08:00,order_received,order_received,WH-SYN-WEST,4,piece,synthetic_case_generator
WHE-SYN-B-0100-02,ORD-SYN-B-0100,2026-06-08T15:38:15+08:00,picking_started,picking_started,WH-SYN-WEST,4,piece,synthetic_case_generator
WHE-SYN-B-0100-03,ORD-SYN-B-0100,2026-06-08T18:39:37+08:00,picking_completed,picking_completed,WH-SYN-WEST,4,piece,synthetic_case_generator
WHE-SYN-B-0100-04,ORD-SYN-B-0100,2026-06-08T21:51:03+08:00,quality_check_started,quality_check_started,WH-SYN-WEST,4,piece,synthetic_case_generator
WHE-SYN-B-0100-05,ORD-SYN-B-0100,2026-06-09T00:01:19+08:00,quality_check_completed,quality_check_completed,WH-SYN-WEST,4,piece,synthetic_case_generator
WHE-SYN-B-0100-06,ORD-SYN-B-0100,2026-06-09T00:12:52+08:00,packing_started,packing_started,WH-SYN-WEST,4,piece,synthetic_case_generator
WHE-SYN-B-0100-07,ORD-SYN-B-0100,2026-06-09T02:55:26+08:00,packing_completed,packing_completed,WH-SYN-WEST,4,piece,synthetic_case_generator
WHE-SYN-B-0100-08,ORD-SYN-B-0100,2026-06-09T03:07:50+08:00,ready_to_ship,ready_to_ship,WH-SYN-WEST,4,piece,synthetic_case_generator
WHE-SYN-B-0100-09,ORD-SYN-B-0100,2026-06-09T03:16:06+08:00,shipped_from_warehouse,shipped_from_warehouse,WH-SYN-WEST,4,piece,synthetic_case_generator
WHE-SYN-B-0101-01,ORD-SYN-B-0101,2026-06-08T11:04:55+08:00,order_received,order_received,WH-SYN-WEST,4,piece,synthetic_case_generator
WHE-SYN-B-0101-02,ORD-SYN-B-0101,2026-06-08T17:29:53+08:00,picking_started,picking_started,WH-SYN-WEST,4,piece,synthetic_case_generator
WHE-SYN-B-0101-03,ORD-SYN-B-0101,2026-06-08T21:26:11+08:00,picking_completed,picking_completed,WH-SYN-WEST,4,piece,synthetic_case_generator
WHE-SYN-B-0101-04,ORD-SYN-B-0101,2026-06-08T23:57:19+08:00,quality_check_started,quality_check_started,WH-SYN-WEST,4,piece,synthetic_case_generator
WHE-SYN-B-0101-05,ORD-SYN-B-0101,2026-06-09T02:07:44+08:00,quality_check_completed,quality_check_completed,WH-SYN-WEST,4,piece,synthetic_case_generator
WHE-SYN-B-0101-06,ORD-SYN-B-0101,2026-06-09T02:18:19+08:00,packing_started,packing_started,WH-SYN-WEST,4,piece,synthetic_case_generator
WHE-SYN-B-0101-07,ORD-SYN-B-0101,2026-06-09T05:31:08+08:00,packing_completed,packing_completed,WH-SYN-WEST,4,piece,synthetic_case_generator
WHE-SYN-B-0101-08,ORD-SYN-B-0101,2026-06-09T05:57:37+08:00,ready_to_ship,ready_to_ship,WH-SYN-WEST,4,piece,synthetic_case_generator
WHE-SYN-B-0101-09,ORD-SYN-B-0101,2026-06-09T06:08:12+08:00,shipped_from_warehouse,shipped_from_warehouse,WH-SYN-WEST,4,piece,synthetic_case_generator
WHE-SYN-B-0102-01,ORD-SYN-B-0102,2026-06-08T10:21:17+08:00,order_received,order_received,WH-SYN-EAST,5,piece,synthetic_case_generator
WHE-SYN-B-0102-02,ORD-SYN-B-0102,2026-06-08T15:30:08+08:00,picking_started,picking_started,WH-SYN-EAST,5,piece,synthetic_case_generator
WHE-SYN-B-0102-03,ORD-SYN-B-0102,2026-06-08T19:19:57+08:00,picking_completed,picking_completed,WH-SYN-EAST,5,piece,synthetic_case_generator
WHE-SYN-B-0102-04,ORD-SYN-B-0102,2026-06-08T22:00:27+08:00,quality_check_started,quality_check_started,WH-SYN-EAST,5,piece,synthetic_case_generator
WHE-SYN-B-0102-05,ORD-SYN-B-0102,2026-06-08T23:57:03+08:00,quality_check_completed,quality_check_completed,WH-SYN-EAST,5,piece,synthetic_case_generator
WHE-SYN-B-0102-06,ORD-SYN-B-0102,2026-06-09T00:08:05+08:00,packing_started,packing_started,WH-SYN-EAST,5,piece,synthetic_case_generator
WHE-SYN-B-0102-07,ORD-SYN-B-0102,2026-06-09T03:09:16+08:00,packing_completed,packing_completed,WH-SYN-EAST,5,piece,synthetic_case_generator
WHE-SYN-B-0102-08,ORD-SYN-B-0102,2026-06-09T03:28:53+08:00,ready_to_ship,ready_to_ship,WH-SYN-EAST,5,piece,synthetic_case_generator
WHE-SYN-B-0102-09,ORD-SYN-B-0102,2026-06-09T03:35:54+08:00,shipped_from_warehouse,shipped_from_warehouse,WH-SYN-EAST,5,piece,synthetic_case_generator
WHE-SYN-B-0103-01,ORD-SYN-B-0103,2026-06-08T10:44:54+08:00,order_received,order_received,WH-SYN-EAST,1,piece,synthetic_case_generator
WHE-SYN-B-0103-02,ORD-SYN-B-0103,2026-06-08T15:57:10+08:00,picking_started,picking_started,WH-SYN-EAST,1,piece,synthetic_case_generator
WHE-SYN-B-0103-03,ORD-SYN-B-0103,2026-06-08T19:14:35+08:00,picking_completed,picking_completed,WH-SYN-EAST,1,piece,synthetic_case_generator
WHE-SYN-B-0103-04,ORD-SYN-B-0103,2026-06-08T21:30:11+08:00,quality_check_started,quality_check_started,WH-SYN-EAST,1,piece,synthetic_case_generator
WHE-SYN-B-0103-05,ORD-SYN-B-0103,2026-06-09T00:08:09+08:00,quality_check_completed,quality_check_completed,WH-SYN-EAST,1,piece,synthetic_case_generator
WHE-SYN-B-0103-06,ORD-SYN-B-0103,2026-06-09T00:14:12+08:00,packing_started,packing_started,WH-SYN-EAST,1,piece,synthetic_case_generator
WHE-SYN-B-0103-07,ORD-SYN-B-0103,2026-06-09T03:31:29+08:00,packing_completed,packing_completed,WH-SYN-EAST,1,piece,synthetic_case_generator
WHE-SYN-B-0103-08,ORD-SYN-B-0103,2026-06-09T03:59:34+08:00,ready_to_ship,ready_to_ship,WH-SYN-EAST,1,piece,synthetic_case_generator
WHE-SYN-B-0103-09,ORD-SYN-B-0103,2026-06-09T04:10:59+08:00,shipped_from_warehouse,shipped_from_warehouse,WH-SYN-EAST,1,piece,synthetic_case_generator
WHE-SYN-B-0104-01,ORD-SYN-B-0104,2026-06-08T11:13:31+08:00,order_received,order_received,WH-SYN-EAST,2,piece,synthetic_case_generator
WHE-SYN-B-0104-02,ORD-SYN-B-0104,2026-06-08T17:19:20+08:00,picking_started,picking_started,WH-SYN-EAST,2,piece,synthetic_case_generator
WHE-SYN-B-0104-03,ORD-SYN-B-0104,2026-06-08T21:10:43+08:00,picking_completed,picking_completed,WH-SYN-EAST,2,piece,synthetic_case_generator
WHE-SYN-B-0104-04,ORD-SYN-B-0104,2026-06-08T23:28:27+08:00,quality_check_started,quality_check_started,WH-SYN-EAST,2,piece,synthetic_case_generator
WHE-SYN-B-0104-05,ORD-SYN-B-0104,2026-06-09T02:05:24+08:00,quality_check_completed,quality_check_completed,WH-SYN-EAST,2,piece,synthetic_case_generator
WHE-SYN-B-0104-06,ORD-SYN-B-0104,2026-06-09T02:12:26+08:00,packing_started,packing_started,WH-SYN-EAST,2,piece,synthetic_case_generator
WHE-SYN-B-0104-07,ORD-SYN-B-0104,2026-06-09T05:16:52+08:00,packing_completed,packing_completed,WH-SYN-EAST,2,piece,synthetic_case_generator
WHE-SYN-B-0104-08,ORD-SYN-B-0104,2026-06-09T05:27:57+08:00,ready_to_ship,ready_to_ship,WH-SYN-EAST,2,piece,synthetic_case_generator
WHE-SYN-B-0104-09,ORD-SYN-B-0104,2026-06-09T05:35:52+08:00,shipped_from_warehouse,shipped_from_warehouse,WH-SYN-EAST,2,piece,synthetic_case_generator
WHE-SYN-B-0105-01,ORD-SYN-B-0105,2026-06-08T10:33:27+08:00,order_received,order_received,WH-SYN-WEST,5,piece,synthetic_case_generator
WHE-SYN-B-0105-02,ORD-SYN-B-0105,2026-06-08T17:00:43+08:00,picking_started,picking_started,WH-SYN-WEST,5,piece,synthetic_case_generator
WHE-SYN-B-0105-03,ORD-SYN-B-0105,2026-06-08T19:53:34+08:00,picking_completed,picking_completed,WH-SYN-WEST,5,piece,synthetic_case_generator
WHE-SYN-B-0105-04,ORD-SYN-B-0105,2026-06-08T23:01:39+08:00,quality_check_started,quality_check_started,WH-SYN-WEST,5,piece,synthetic_case_generator
WHE-SYN-B-0105-05,ORD-SYN-B-0105,2026-06-09T01:33:55+08:00,quality_check_completed,quality_check_completed,WH-SYN-WEST,5,piece,synthetic_case_generator
WHE-SYN-B-0105-06,ORD-SYN-B-0105,2026-06-09T01:43:30+08:00,packing_started,packing_started,WH-SYN-WEST,5,piece,synthetic_case_generator
WHE-SYN-B-0105-07,ORD-SYN-B-0105,2026-06-09T05:23:23+08:00,packing_completed,packing_completed,WH-SYN-WEST,5,piece,synthetic_case_generator
WHE-SYN-B-0105-08,ORD-SYN-B-0105,2026-06-09T05:44:34+08:00,ready_to_ship,ready_to_ship,WH-SYN-WEST,5,piece,synthetic_case_generator
WHE-SYN-B-0105-09,ORD-SYN-B-0105,2026-06-09T05:54:26+08:00,shipped_from_warehouse,shipped_from_warehouse,WH-SYN-WEST,5,piece,synthetic_case_generator
WHE-SYN-B-0106-01,ORD-SYN-B-0106,2026-06-08T11:02:50+08:00,order_received,order_received,WH-SYN-EAST,2,piece,synthetic_case_generator
WHE-SYN-B-0106-02,ORD-SYN-B-0106,2026-06-08T16:07:36+08:00,picking_started,picking_started,WH-SYN-EAST,2,piece,synthetic_case_generator
WHE-SYN-B-0106-03,ORD-SYN-B-0106,2026-06-08T18:59:01+08:00,picking_completed,picking_completed,WH-SYN-EAST,2,piece,synthetic_case_generator
WHE-SYN-B-0106-04,ORD-SYN-B-0106,2026-06-08T21:35:53+08:00,quality_check_started,quality_check_started,WH-SYN-EAST,2,piece,synthetic_case_generator
WHE-SYN-B-0106-05,ORD-SYN-B-0106,2026-06-08T23:45:39+08:00,quality_check_completed,quality_check_completed,WH-SYN-EAST,2,piece,synthetic_case_generator
WHE-SYN-B-0106-06,ORD-SYN-B-0106,2026-06-08T23:51:48+08:00,packing_started,packing_started,WH-SYN-EAST,2,piece,synthetic_case_generator
WHE-SYN-B-0106-07,ORD-SYN-B-0106,2026-06-09T02:34:37+08:00,packing_completed,packing_completed,WH-SYN-EAST,2,piece,synthetic_case_generator
WHE-SYN-B-0106-08,ORD-SYN-B-0106,2026-06-09T02:47:22+08:00,ready_to_ship,ready_to_ship,WH-SYN-EAST,2,piece,synthetic_case_generator
WHE-SYN-B-0106-09,ORD-SYN-B-0106,2026-06-09T02:52:17+08:00,shipped_from_warehouse,shipped_from_warehouse,WH-SYN-EAST,2,piece,synthetic_case_generator
WHE-SYN-B-0107-01,ORD-SYN-B-0107,2026-06-08T10:30:56+08:00,order_received,order_received,WH-SYN-WEST,2,piece,synthetic_case_generator
WHE-SYN-B-0107-02,ORD-SYN-B-0107,2026-06-08T17:15:34+08:00,picking_started,picking_started,WH-SYN-WEST,2,piece,synthetic_case_generator
WHE-SYN-B-0107-03,ORD-SYN-B-0107,2026-06-08T21:23:00+08:00,picking_completed,picking_completed,WH-SYN-WEST,2,piece,synthetic_case_generator
WHE-SYN-B-0107-04,ORD-SYN-B-0107,2026-06-09T00:44:03+08:00,quality_check_started,quality_check_started,WH-SYN-WEST,2,piece,synthetic_case_generator
WHE-SYN-B-0107-05,ORD-SYN-B-0107,2026-06-09T02:41:59+08:00,quality_check_completed,quality_check_completed,WH-SYN-WEST,2,piece,synthetic_case_generator
WHE-SYN-B-0107-06,ORD-SYN-B-0107,2026-06-09T02:51:10+08:00,packing_started,packing_started,WH-SYN-WEST,2,piece,synthetic_case_generator
WHE-SYN-B-0107-07,ORD-SYN-B-0107,2026-06-09T05:42:32+08:00,packing_completed,packing_completed,WH-SYN-WEST,2,piece,synthetic_case_generator
WHE-SYN-B-0107-08,ORD-SYN-B-0107,2026-06-09T06:08:16+08:00,ready_to_ship,ready_to_ship,WH-SYN-WEST,2,piece,synthetic_case_generator
WHE-SYN-B-0107-09,ORD-SYN-B-0107,2026-06-09T06:19:31+08:00,shipped_from_warehouse,shipped_from_warehouse,WH-SYN-WEST,2,piece,synthetic_case_generator
WHE-SYN-B-0108-01,ORD-SYN-B-0108,2026-06-08T10:52:26+08:00,order_received,order_received,WH-SYN-EAST,3,piece,synthetic_case_generator
WHE-SYN-B-0108-02,ORD-SYN-B-0108,2026-06-08T16:41:59+08:00,picking_started,picking_started,WH-SYN-EAST,3,piece,synthetic_case_generator
WHE-SYN-B-0108-03,ORD-SYN-B-0108,2026-06-08T20:00:30+08:00,picking_completed,picking_completed,WH-SYN-EAST,3,piece,synthetic_case_generator
WHE-SYN-B-0108-04,ORD-SYN-B-0108,2026-06-08T22:28:23+08:00,quality_check_started,quality_check_started,WH-SYN-EAST,3,piece,synthetic_case_generator
WHE-SYN-B-0108-05,ORD-SYN-B-0108,2026-06-09T00:26:56+08:00,quality_check_completed,quality_check_completed,WH-SYN-EAST,3,piece,synthetic_case_generator
WHE-SYN-B-0108-06,ORD-SYN-B-0108,2026-06-09T00:33:29+08:00,packing_started,packing_started,WH-SYN-EAST,3,piece,synthetic_case_generator
WHE-SYN-B-0108-07,ORD-SYN-B-0108,2026-06-09T03:09:45+08:00,packing_completed,packing_completed,WH-SYN-EAST,3,piece,synthetic_case_generator
WHE-SYN-B-0108-08,ORD-SYN-B-0108,2026-06-09T03:28:33+08:00,ready_to_ship,ready_to_ship,WH-SYN-EAST,3,piece,synthetic_case_generator
WHE-SYN-B-0108-09,ORD-SYN-B-0108,2026-06-09T03:32:32+08:00,shipped_from_warehouse,shipped_from_warehouse,WH-SYN-EAST,3,piece,synthetic_case_generator
WHE-SYN-B-0109-01,ORD-SYN-B-0109,2026-06-08T11:12:16+08:00,order_received,order_received,WH-SYN-WEST,4,piece,synthetic_case_generator
WHE-SYN-B-0109-02,ORD-SYN-B-0109,2026-06-08T18:06:37+08:00,picking_started,picking_started,WH-SYN-WEST,4,piece,synthetic_case_generator
WHE-SYN-B-0109-03,ORD-SYN-B-0109,2026-06-08T21:19:18+08:00,picking_completed,picking_completed,WH-SYN-WEST,4,piece,synthetic_case_generator
WHE-SYN-B-0109-04,ORD-SYN-B-0109,2026-06-09T00:22:48+08:00,quality_check_started,quality_check_started,WH-SYN-WEST,4,piece,synthetic_case_generator
WHE-SYN-B-0109-05,ORD-SYN-B-0109,2026-06-09T02:25:52+08:00,quality_check_completed,quality_check_completed,WH-SYN-WEST,4,piece,synthetic_case_generator
WHE-SYN-B-0109-06,ORD-SYN-B-0109,2026-06-09T02:34:10+08:00,packing_started,packing_started,WH-SYN-WEST,4,piece,synthetic_case_generator
WHE-SYN-B-0109-07,ORD-SYN-B-0109,2026-06-09T05:07:32+08:00,packing_completed,packing_completed,WH-SYN-WEST,4,piece,synthetic_case_generator
WHE-SYN-B-0109-08,ORD-SYN-B-0109,2026-06-09T05:36:41+08:00,ready_to_ship,ready_to_ship,WH-SYN-WEST,4,piece,synthetic_case_generator
WHE-SYN-B-0109-09,ORD-SYN-B-0109,2026-06-09T05:43:42+08:00,shipped_from_warehouse,shipped_from_warehouse,WH-SYN-WEST,4,piece,synthetic_case_generator
WHE-SYN-B-0110-01,ORD-SYN-B-0110,2026-06-08T10:26:45+08:00,order_received,order_received,WH-SYN-WEST,2,piece,synthetic_case_generator
WHE-SYN-B-0110-02,ORD-SYN-B-0110,2026-06-08T16:31:14+08:00,picking_started,picking_started,WH-SYN-WEST,2,piece,synthetic_case_generator
WHE-SYN-B-0110-03,ORD-SYN-B-0110,2026-06-08T20:09:36+08:00,picking_completed,picking_completed,WH-SYN-WEST,2,piece,synthetic_case_generator
WHE-SYN-B-0110-04,ORD-SYN-B-0110,2026-06-08T22:48:54+08:00,quality_check_started,quality_check_started,WH-SYN-WEST,2,piece,synthetic_case_generator
WHE-SYN-B-0110-05,ORD-SYN-B-0110,2026-06-09T00:45:24+08:00,quality_check_completed,quality_check_completed,WH-SYN-WEST,2,piece,synthetic_case_generator
WHE-SYN-B-0110-06,ORD-SYN-B-0110,2026-06-09T00:56:51+08:00,packing_started,packing_started,WH-SYN-WEST,2,piece,synthetic_case_generator
WHE-SYN-B-0110-07,ORD-SYN-B-0110,2026-06-09T04:13:45+08:00,packing_completed,packing_completed,WH-SYN-WEST,2,piece,synthetic_case_generator
WHE-SYN-B-0110-08,ORD-SYN-B-0110,2026-06-09T04:29:26+08:00,ready_to_ship,ready_to_ship,WH-SYN-WEST,2,piece,synthetic_case_generator
WHE-SYN-B-0110-09,ORD-SYN-B-0110,2026-06-09T04:38:28+08:00,shipped_from_warehouse,shipped_from_warehouse,WH-SYN-WEST,2,piece,synthetic_case_generator
WHE-SYN-B-0111-01,ORD-SYN-B-0111,2026-06-08T11:01:57+08:00,order_received,order_received,WH-SYN-EAST,5,piece,synthetic_case_generator
WHE-SYN-B-0111-02,ORD-SYN-B-0111,2026-06-08T17:11:45+08:00,picking_started,picking_started,WH-SYN-EAST,5,piece,synthetic_case_generator
WHE-SYN-B-0111-03,ORD-SYN-B-0111,2026-06-08T20:46:50+08:00,picking_completed,picking_completed,WH-SYN-EAST,5,piece,synthetic_case_generator
WHE-SYN-B-0111-04,ORD-SYN-B-0111,2026-06-08T23:22:49+08:00,quality_check_started,quality_check_started,WH-SYN-EAST,5,piece,synthetic_case_generator
WHE-SYN-B-0111-05,ORD-SYN-B-0111,2026-06-09T01:11:39+08:00,quality_check_completed,quality_check_completed,WH-SYN-EAST,5,piece,synthetic_case_generator
WHE-SYN-B-0111-06,ORD-SYN-B-0111,2026-06-09T01:14:50+08:00,packing_started,packing_started,WH-SYN-EAST,5,piece,synthetic_case_generator
WHE-SYN-B-0111-07,ORD-SYN-B-0111,2026-06-09T03:58:29+08:00,packing_completed,packing_completed,WH-SYN-EAST,5,piece,synthetic_case_generator
WHE-SYN-B-0111-08,ORD-SYN-B-0111,2026-06-09T04:18:11+08:00,ready_to_ship,ready_to_ship,WH-SYN-EAST,5,piece,synthetic_case_generator
WHE-SYN-B-0111-09,ORD-SYN-B-0111,2026-06-09T04:26:37+08:00,shipped_from_warehouse,shipped_from_warehouse,WH-SYN-EAST,5,piece,synthetic_case_generator
WHE-SYN-B-0112-01,ORD-SYN-B-0112,2026-06-08T10:13:55+08:00,order_received,order_received,WH-SYN-EAST,2,piece,synthetic_case_generator
WHE-SYN-B-0112-02,ORD-SYN-B-0112,2026-06-08T16:32:50+08:00,picking_started,picking_started,WH-SYN-EAST,2,piece,synthetic_case_generator
WHE-SYN-B-0112-03,ORD-SYN-B-0112,2026-06-08T19:57:33+08:00,picking_completed,picking_completed,WH-SYN-EAST,2,piece,synthetic_case_generator
WHE-SYN-B-0112-04,ORD-SYN-B-0112,2026-06-08T22:17:00+08:00,quality_check_started,quality_check_started,WH-SYN-EAST,2,piece,synthetic_case_generator
WHE-SYN-B-0112-05,ORD-SYN-B-0112,2026-06-09T00:21:23+08:00,quality_check_completed,quality_check_completed,WH-SYN-EAST,2,piece,synthetic_case_generator
WHE-SYN-B-0112-06,ORD-SYN-B-0112,2026-06-09T00:31:53+08:00,packing_started,packing_started,WH-SYN-EAST,2,piece,synthetic_case_generator
WHE-SYN-B-0112-07,ORD-SYN-B-0112,2026-06-09T03:58:48+08:00,packing_completed,packing_completed,WH-SYN-EAST,2,piece,synthetic_case_generator
WHE-SYN-B-0112-08,ORD-SYN-B-0112,2026-06-09T04:25:28+08:00,ready_to_ship,ready_to_ship,WH-SYN-EAST,2,piece,synthetic_case_generator
WHE-SYN-B-0112-09,ORD-SYN-B-0112,2026-06-09T04:32:46+08:00,shipped_from_warehouse,shipped_from_warehouse,WH-SYN-EAST,2,piece,synthetic_case_generator
WHE-SYN-B-0113-01,ORD-SYN-B-0113,2026-06-08T10:40:56+08:00,order_received,order_received,WH-SYN-EAST,4,piece,synthetic_case_generator
WHE-SYN-B-0113-02,ORD-SYN-B-0113,2026-06-08T16:19:48+08:00,picking_started,picking_started,WH-SYN-EAST,4,piece,synthetic_case_generator
WHE-SYN-B-0113-03,ORD-SYN-B-0113,2026-06-08T19:27:43+08:00,picking_completed,picking_completed,WH-SYN-EAST,4,piece,synthetic_case_generator
WHE-SYN-B-0113-04,ORD-SYN-B-0113,2026-06-08T22:40:17+08:00,quality_check_started,quality_check_started,WH-SYN-EAST,4,piece,synthetic_case_generator
WHE-SYN-B-0113-05,ORD-SYN-B-0113,2026-06-09T00:43:34+08:00,quality_check_completed,quality_check_completed,WH-SYN-EAST,4,piece,synthetic_case_generator
WHE-SYN-B-0113-06,ORD-SYN-B-0113,2026-06-09T00:49:11+08:00,packing_started,packing_started,WH-SYN-EAST,4,piece,synthetic_case_generator
WHE-SYN-B-0113-07,ORD-SYN-B-0113,2026-06-09T03:21:58+08:00,packing_completed,packing_completed,WH-SYN-EAST,4,piece,synthetic_case_generator
WHE-SYN-B-0113-08,ORD-SYN-B-0113,2026-06-09T03:39:12+08:00,ready_to_ship,ready_to_ship,WH-SYN-EAST,4,piece,synthetic_case_generator
WHE-SYN-B-0113-09,ORD-SYN-B-0113,2026-06-09T03:48:57+08:00,shipped_from_warehouse,shipped_from_warehouse,WH-SYN-EAST,4,piece,synthetic_case_generator
WHE-SYN-B-0114-01,ORD-SYN-B-0114,2026-06-08T11:10:19+08:00,order_received,order_received,WH-SYN-WEST,1,piece,synthetic_case_generator
WHE-SYN-B-0114-02,ORD-SYN-B-0114,2026-06-08T16:35:47+08:00,picking_started,picking_started,WH-SYN-WEST,1,piece,synthetic_case_generator
WHE-SYN-B-0114-03,ORD-SYN-B-0114,2026-06-08T20:43:40+08:00,picking_completed,picking_completed,WH-SYN-WEST,1,piece,synthetic_case_generator
WHE-SYN-B-0114-04,ORD-SYN-B-0114,2026-06-08T23:06:13+08:00,quality_check_started,quality_check_started,WH-SYN-WEST,1,piece,synthetic_case_generator
WHE-SYN-B-0114-05,ORD-SYN-B-0114,2026-06-09T01:14:24+08:00,quality_check_completed,quality_check_completed,WH-SYN-WEST,1,piece,synthetic_case_generator
WHE-SYN-B-0114-06,ORD-SYN-B-0114,2026-06-09T01:20:00+08:00,packing_started,packing_started,WH-SYN-WEST,1,piece,synthetic_case_generator
WHE-SYN-B-0114-07,ORD-SYN-B-0114,2026-06-09T04:38:01+08:00,packing_completed,packing_completed,WH-SYN-WEST,1,piece,synthetic_case_generator
WHE-SYN-B-0114-08,ORD-SYN-B-0114,2026-06-09T05:05:44+08:00,ready_to_ship,ready_to_ship,WH-SYN-WEST,1,piece,synthetic_case_generator
WHE-SYN-B-0114-09,ORD-SYN-B-0114,2026-06-09T05:12:13+08:00,shipped_from_warehouse,shipped_from_warehouse,WH-SYN-WEST,1,piece,synthetic_case_generator
WHE-SYN-B-0115-01,ORD-SYN-B-0115,2026-06-08T10:33:08+08:00,order_received,order_received,WH-SYN-WEST,1,piece,synthetic_case_generator
WHE-SYN-B-0115-02,ORD-SYN-B-0115,2026-06-08T16:48:33+08:00,picking_started,picking_started,WH-SYN-WEST,1,piece,synthetic_case_generator
WHE-SYN-B-0115-03,ORD-SYN-B-0115,2026-06-08T20:59:04+08:00,picking_completed,picking_completed,WH-SYN-WEST,1,piece,synthetic_case_generator
WHE-SYN-B-0115-04,ORD-SYN-B-0115,2026-06-08T23:14:54+08:00,quality_check_started,quality_check_started,WH-SYN-WEST,1,piece,synthetic_case_generator
WHE-SYN-B-0115-05,ORD-SYN-B-0115,2026-06-09T01:26:47+08:00,quality_check_completed,quality_check_completed,WH-SYN-WEST,1,piece,synthetic_case_generator
WHE-SYN-B-0115-06,ORD-SYN-B-0115,2026-06-09T01:36:43+08:00,packing_started,packing_started,WH-SYN-WEST,1,piece,synthetic_case_generator
WHE-SYN-B-0115-07,ORD-SYN-B-0115,2026-06-09T04:37:06+08:00,packing_completed,packing_completed,WH-SYN-WEST,1,piece,synthetic_case_generator
WHE-SYN-B-0115-08,ORD-SYN-B-0115,2026-06-09T04:54:24+08:00,ready_to_ship,ready_to_ship,WH-SYN-WEST,1,piece,synthetic_case_generator
WHE-SYN-B-0115-09,ORD-SYN-B-0115,2026-06-09T05:04:02+08:00,shipped_from_warehouse,shipped_from_warehouse,WH-SYN-WEST,1,piece,synthetic_case_generator
WHE-SYN-B-0116-01,ORD-SYN-B-0116,2026-06-08T10:55:56+08:00,order_received,order_received,WH-SYN-WEST,4,piece,synthetic_case_generator
WHE-SYN-B-0116-02,ORD-SYN-B-0116,2026-06-08T17:10:36+08:00,picking_started,picking_started,WH-SYN-WEST,4,piece,synthetic_case_generator
WHE-SYN-B-0116-03,ORD-SYN-B-0116,2026-06-08T21:20:20+08:00,picking_completed,picking_completed,WH-SYN-WEST,4,piece,synthetic_case_generator
WHE-SYN-B-0116-04,ORD-SYN-B-0116,2026-06-08T23:33:31+08:00,quality_check_started,quality_check_started,WH-SYN-WEST,4,piece,synthetic_case_generator
WHE-SYN-B-0116-05,ORD-SYN-B-0116,2026-06-09T01:34:59+08:00,quality_check_completed,quality_check_completed,WH-SYN-WEST,4,piece,synthetic_case_generator
WHE-SYN-B-0116-06,ORD-SYN-B-0116,2026-06-09T01:40:13+08:00,packing_started,packing_started,WH-SYN-WEST,4,piece,synthetic_case_generator
WHE-SYN-B-0116-07,ORD-SYN-B-0116,2026-06-09T05:09:49+08:00,packing_completed,packing_completed,WH-SYN-WEST,4,piece,synthetic_case_generator
WHE-SYN-B-0116-08,ORD-SYN-B-0116,2026-06-09T05:37:14+08:00,ready_to_ship,ready_to_ship,WH-SYN-WEST,4,piece,synthetic_case_generator
WHE-SYN-B-0116-09,ORD-SYN-B-0116,2026-06-09T05:46:52+08:00,shipped_from_warehouse,shipped_from_warehouse,WH-SYN-WEST,4,piece,synthetic_case_generator
WHE-SYN-B-0117-01,ORD-SYN-B-0117,2026-06-08T10:13:00+08:00,order_received,order_received,WH-SYN-EAST,2,piece,synthetic_case_generator
WHE-SYN-B-0117-02,ORD-SYN-B-0117,2026-06-08T15:45:50+08:00,picking_started,picking_started,WH-SYN-EAST,2,piece,synthetic_case_generator
WHE-SYN-B-0117-03,ORD-SYN-B-0117,2026-06-08T18:52:19+08:00,picking_completed,picking_completed,WH-SYN-EAST,2,piece,synthetic_case_generator
WHE-SYN-B-0117-04,ORD-SYN-B-0117,2026-06-08T21:25:02+08:00,quality_check_started,quality_check_started,WH-SYN-EAST,2,piece,synthetic_case_generator
WHE-SYN-B-0117-05,ORD-SYN-B-0117,2026-06-08T23:58:28+08:00,quality_check_completed,quality_check_completed,WH-SYN-EAST,2,piece,synthetic_case_generator
WHE-SYN-B-0117-06,ORD-SYN-B-0117,2026-06-09T00:08:03+08:00,packing_started,packing_started,WH-SYN-EAST,2,piece,synthetic_case_generator
WHE-SYN-B-0117-07,ORD-SYN-B-0117,2026-06-09T02:38:47+08:00,packing_completed,packing_completed,WH-SYN-EAST,2,piece,synthetic_case_generator
WHE-SYN-B-0117-08,ORD-SYN-B-0117,2026-06-09T02:49:05+08:00,ready_to_ship,ready_to_ship,WH-SYN-EAST,2,piece,synthetic_case_generator
WHE-SYN-B-0117-09,ORD-SYN-B-0117,2026-06-09T03:01:05+08:00,shipped_from_warehouse,shipped_from_warehouse,WH-SYN-EAST,2,piece,synthetic_case_generator
WHE-SYN-B-0118-01,ORD-SYN-B-0118,2026-06-08T10:52:47+08:00,order_received,order_received,WH-SYN-WEST,2,piece,synthetic_case_generator
WHE-SYN-B-0118-02,ORD-SYN-B-0118,2026-06-08T16:40:57+08:00,picking_started,picking_started,WH-SYN-WEST,2,piece,synthetic_case_generator
WHE-SYN-B-0118-03,ORD-SYN-B-0118,2026-06-08T20:52:51+08:00,picking_completed,picking_completed,WH-SYN-WEST,2,piece,synthetic_case_generator
WHE-SYN-B-0118-04,ORD-SYN-B-0118,2026-06-08T23:07:19+08:00,quality_check_started,quality_check_started,WH-SYN-WEST,2,piece,synthetic_case_generator
WHE-SYN-B-0118-05,ORD-SYN-B-0118,2026-06-09T01:26:40+08:00,quality_check_completed,quality_check_completed,WH-SYN-WEST,2,piece,synthetic_case_generator
WHE-SYN-B-0118-06,ORD-SYN-B-0118,2026-06-09T01:32:05+08:00,packing_started,packing_started,WH-SYN-WEST,2,piece,synthetic_case_generator
WHE-SYN-B-0118-07,ORD-SYN-B-0118,2026-06-09T04:04:34+08:00,packing_completed,packing_completed,WH-SYN-WEST,2,piece,synthetic_case_generator
WHE-SYN-B-0118-08,ORD-SYN-B-0118,2026-06-09T04:17:11+08:00,ready_to_ship,ready_to_ship,WH-SYN-WEST,2,piece,synthetic_case_generator
WHE-SYN-B-0118-09,ORD-SYN-B-0118,2026-06-09T04:22:35+08:00,shipped_from_warehouse,shipped_from_warehouse,WH-SYN-WEST,2,piece,synthetic_case_generator
WHE-SYN-B-0119-01,ORD-SYN-B-0119,2026-06-08T11:18:49+08:00,order_received,order_received,WH-SYN-WEST,3,piece,synthetic_case_generator
WHE-SYN-B-0119-02,ORD-SYN-B-0119,2026-06-08T16:26:10+08:00,picking_started,picking_started,WH-SYN-WEST,3,piece,synthetic_case_generator
WHE-SYN-B-0119-03,ORD-SYN-B-0119,2026-06-08T19:59:12+08:00,picking_completed,picking_completed,WH-SYN-WEST,3,piece,synthetic_case_generator
WHE-SYN-B-0119-04,ORD-SYN-B-0119,2026-06-08T22:34:04+08:00,quality_check_started,quality_check_started,WH-SYN-WEST,3,piece,synthetic_case_generator
WHE-SYN-B-0119-05,ORD-SYN-B-0119,2026-06-09T00:45:13+08:00,quality_check_completed,quality_check_completed,WH-SYN-WEST,3,piece,synthetic_case_generator
WHE-SYN-B-0119-06,ORD-SYN-B-0119,2026-06-09T00:51:35+08:00,packing_started,packing_started,WH-SYN-WEST,3,piece,synthetic_case_generator
WHE-SYN-B-0119-07,ORD-SYN-B-0119,2026-06-09T03:23:04+08:00,packing_completed,packing_completed,WH-SYN-WEST,3,piece,synthetic_case_generator
WHE-SYN-B-0119-08,ORD-SYN-B-0119,2026-06-09T03:42:03+08:00,ready_to_ship,ready_to_ship,WH-SYN-WEST,3,piece,synthetic_case_generator
WHE-SYN-B-0119-09,ORD-SYN-B-0119,2026-06-09T03:49:37+08:00,shipped_from_warehouse,shipped_from_warehouse,WH-SYN-WEST,3,piece,synthetic_case_generator
WHE-SYN-B-0120-01,ORD-SYN-B-0120,2026-06-08T10:36:19+08:00,order_received,order_received,WH-SYN-WEST,4,piece,synthetic_case_generator
WHE-SYN-B-0120-02,ORD-SYN-B-0120,2026-06-08T15:41:42+08:00,picking_started,picking_started,WH-SYN-WEST,4,piece,synthetic_case_generator
WHE-SYN-B-0120-03,ORD-SYN-B-0120,2026-06-08T19:29:01+08:00,picking_completed,picking_completed,WH-SYN-WEST,4,piece,synthetic_case_generator
WHE-SYN-B-0120-04,ORD-SYN-B-0120,2026-06-08T21:52:28+08:00,quality_check_started,quality_check_started,WH-SYN-WEST,4,piece,synthetic_case_generator
WHE-SYN-B-0120-05,ORD-SYN-B-0120,2026-06-08T23:47:13+08:00,quality_check_completed,quality_check_completed,WH-SYN-WEST,4,piece,synthetic_case_generator
WHE-SYN-B-0120-06,ORD-SYN-B-0120,2026-06-08T23:56:40+08:00,packing_started,packing_started,WH-SYN-WEST,4,piece,synthetic_case_generator
WHE-SYN-B-0120-07,ORD-SYN-B-0120,2026-06-09T02:51:32+08:00,packing_completed,packing_completed,WH-SYN-WEST,4,piece,synthetic_case_generator
WHE-SYN-B-0120-08,ORD-SYN-B-0120,2026-06-09T03:06:31+08:00,ready_to_ship,ready_to_ship,WH-SYN-WEST,4,piece,synthetic_case_generator
WHE-SYN-B-0120-09,ORD-SYN-B-0120,2026-06-09T03:15:35+08:00,shipped_from_warehouse,shipped_from_warehouse,WH-SYN-WEST,4,piece,synthetic_case_generator
WHE-SYN-B-0121-01,ORD-SYN-B-0121,2026-06-08T10:51:57+08:00,order_received,order_received,WH-SYN-EAST,5,piece,synthetic_case_generator
WHE-SYN-B-0121-02,ORD-SYN-B-0121,2026-06-08T15:43:36+08:00,picking_started,picking_started,WH-SYN-EAST,5,piece,synthetic_case_generator
WHE-SYN-B-0121-03,ORD-SYN-B-0121,2026-06-08T19:19:11+08:00,picking_completed,picking_completed,WH-SYN-EAST,5,piece,synthetic_case_generator
WHE-SYN-B-0121-04,ORD-SYN-B-0121,2026-06-08T21:32:29+08:00,quality_check_started,quality_check_started,WH-SYN-EAST,5,piece,synthetic_case_generator
WHE-SYN-B-0121-05,ORD-SYN-B-0121,2026-06-08T23:40:55+08:00,quality_check_completed,quality_check_completed,WH-SYN-EAST,5,piece,synthetic_case_generator
WHE-SYN-B-0121-06,ORD-SYN-B-0121,2026-06-08T23:51:35+08:00,packing_started,packing_started,WH-SYN-EAST,5,piece,synthetic_case_generator
WHE-SYN-B-0121-07,ORD-SYN-B-0121,2026-06-09T02:46:04+08:00,packing_completed,packing_completed,WH-SYN-EAST,5,piece,synthetic_case_generator
WHE-SYN-B-0121-08,ORD-SYN-B-0121,2026-06-09T03:15:17+08:00,ready_to_ship,ready_to_ship,WH-SYN-EAST,5,piece,synthetic_case_generator
WHE-SYN-B-0121-09,ORD-SYN-B-0121,2026-06-09T03:26:54+08:00,shipped_from_warehouse,shipped_from_warehouse,WH-SYN-EAST,5,piece,synthetic_case_generator
WHE-SYN-B-0122-01,ORD-SYN-B-0122,2026-06-08T10:19:20+08:00,order_received,order_received,WH-SYN-EAST,5,piece,synthetic_case_generator
WHE-SYN-B-0122-02,ORD-SYN-B-0122,2026-06-08T16:45:52+08:00,picking_started,picking_started,WH-SYN-EAST,5,piece,synthetic_case_generator
WHE-SYN-B-0122-03,ORD-SYN-B-0122,2026-06-08T20:00:04+08:00,picking_completed,picking_completed,WH-SYN-EAST,5,piece,synthetic_case_generator
WHE-SYN-B-0122-04,ORD-SYN-B-0122,2026-06-08T23:16:33+08:00,quality_check_started,quality_check_started,WH-SYN-EAST,5,piece,synthetic_case_generator
WHE-SYN-B-0122-05,ORD-SYN-B-0122,2026-06-09T01:39:27+08:00,quality_check_completed,quality_check_completed,WH-SYN-EAST,5,piece,synthetic_case_generator
WHE-SYN-B-0122-06,ORD-SYN-B-0122,2026-06-09T01:51:25+08:00,packing_started,packing_started,WH-SYN-EAST,5,piece,synthetic_case_generator
WHE-SYN-B-0122-07,ORD-SYN-B-0122,2026-06-09T04:32:31+08:00,packing_completed,packing_completed,WH-SYN-EAST,5,piece,synthetic_case_generator
WHE-SYN-B-0122-08,ORD-SYN-B-0122,2026-06-09T04:45:14+08:00,ready_to_ship,ready_to_ship,WH-SYN-EAST,5,piece,synthetic_case_generator
WHE-SYN-B-0122-09,ORD-SYN-B-0122,2026-06-09T04:56:16+08:00,shipped_from_warehouse,shipped_from_warehouse,WH-SYN-EAST,5,piece,synthetic_case_generator
WHE-SYN-B-0123-01,ORD-SYN-B-0123,2026-06-08T10:47:28+08:00,order_received,order_received,WH-SYN-WEST,3,piece,synthetic_case_generator
WHE-SYN-B-0123-02,ORD-SYN-B-0123,2026-06-08T16:19:49+08:00,picking_started,picking_started,WH-SYN-WEST,3,piece,synthetic_case_generator
WHE-SYN-B-0123-03,ORD-SYN-B-0123,2026-06-08T19:31:46+08:00,picking_completed,picking_completed,WH-SYN-WEST,3,piece,synthetic_case_generator
WHE-SYN-B-0123-04,ORD-SYN-B-0123,2026-06-08T22:54:11+08:00,quality_check_started,quality_check_started,WH-SYN-WEST,3,piece,synthetic_case_generator
WHE-SYN-B-0123-05,ORD-SYN-B-0123,2026-06-09T01:20:37+08:00,quality_check_completed,quality_check_completed,WH-SYN-WEST,3,piece,synthetic_case_generator
WHE-SYN-B-0123-06,ORD-SYN-B-0123,2026-06-09T01:29:55+08:00,packing_started,packing_started,WH-SYN-WEST,3,piece,synthetic_case_generator
WHE-SYN-B-0123-07,ORD-SYN-B-0123,2026-06-09T05:08:40+08:00,packing_completed,packing_completed,WH-SYN-WEST,3,piece,synthetic_case_generator
WHE-SYN-B-0123-08,ORD-SYN-B-0123,2026-06-09T05:29:22+08:00,ready_to_ship,ready_to_ship,WH-SYN-WEST,3,piece,synthetic_case_generator
WHE-SYN-B-0123-09,ORD-SYN-B-0123,2026-06-09T05:37:03+08:00,shipped_from_warehouse,shipped_from_warehouse,WH-SYN-WEST,3,piece,synthetic_case_generator
WHE-SYN-B-0124-01,ORD-SYN-B-0124,2026-06-08T11:02:20+08:00,order_received,order_received,WH-SYN-EAST,1,piece,synthetic_case_generator
WHE-SYN-B-0124-02,ORD-SYN-B-0124,2026-06-08T17:09:48+08:00,picking_started,picking_started,WH-SYN-EAST,1,piece,synthetic_case_generator
WHE-SYN-B-0124-03,ORD-SYN-B-0124,2026-06-08T20:01:14+08:00,picking_completed,picking_completed,WH-SYN-EAST,1,piece,synthetic_case_generator
WHE-SYN-B-0124-04,ORD-SYN-B-0124,2026-06-08T22:19:12+08:00,quality_check_started,quality_check_started,WH-SYN-EAST,1,piece,synthetic_case_generator
WHE-SYN-B-0124-05,ORD-SYN-B-0124,2026-06-09T00:39:27+08:00,quality_check_completed,quality_check_completed,WH-SYN-EAST,1,piece,synthetic_case_generator
WHE-SYN-B-0124-06,ORD-SYN-B-0124,2026-06-09T00:49:03+08:00,packing_started,packing_started,WH-SYN-EAST,1,piece,synthetic_case_generator
WHE-SYN-B-0124-07,ORD-SYN-B-0124,2026-06-09T04:32:19+08:00,packing_completed,packing_completed,WH-SYN-EAST,1,piece,synthetic_case_generator
WHE-SYN-B-0124-08,ORD-SYN-B-0124,2026-06-09T04:48:10+08:00,ready_to_ship,ready_to_ship,WH-SYN-EAST,1,piece,synthetic_case_generator
WHE-SYN-B-0124-09,ORD-SYN-B-0124,2026-06-09T04:52:13+08:00,shipped_from_warehouse,shipped_from_warehouse,WH-SYN-EAST,1,piece,synthetic_case_generator
WHE-SYN-B-0125-01,ORD-SYN-B-0125,2026-06-08T10:35:53+08:00,order_received,order_received,WH-SYN-EAST,3,piece,synthetic_case_generator
WHE-SYN-B-0125-02,ORD-SYN-B-0125,2026-06-08T15:48:12+08:00,picking_started,picking_started,WH-SYN-EAST,3,piece,synthetic_case_generator
WHE-SYN-B-0125-03,ORD-SYN-B-0125,2026-06-08T19:44:46+08:00,picking_completed,picking_completed,WH-SYN-EAST,3,piece,synthetic_case_generator
WHE-SYN-B-0125-04,ORD-SYN-B-0125,2026-06-08T22:53:54+08:00,quality_check_started,quality_check_started,WH-SYN-EAST,3,piece,synthetic_case_generator
WHE-SYN-B-0125-05,ORD-SYN-B-0125,2026-06-09T01:19:22+08:00,quality_check_completed,quality_check_completed,WH-SYN-EAST,3,piece,synthetic_case_generator
WHE-SYN-B-0125-06,ORD-SYN-B-0125,2026-06-09T01:27:53+08:00,packing_started,packing_started,WH-SYN-EAST,3,piece,synthetic_case_generator
WHE-SYN-B-0125-07,ORD-SYN-B-0125,2026-06-09T04:45:42+08:00,packing_completed,packing_completed,WH-SYN-EAST,3,piece,synthetic_case_generator
WHE-SYN-B-0125-08,ORD-SYN-B-0125,2026-06-09T04:59:01+08:00,ready_to_ship,ready_to_ship,WH-SYN-EAST,3,piece,synthetic_case_generator
WHE-SYN-B-0125-09,ORD-SYN-B-0125,2026-06-09T05:06:55+08:00,shipped_from_warehouse,shipped_from_warehouse,WH-SYN-EAST,3,piece,synthetic_case_generator
WHE-SYN-B-0126-01,ORD-SYN-B-0126,2026-06-08T10:56:13+08:00,order_received,order_received,WH-SYN-WEST,1,piece,synthetic_case_generator
WHE-SYN-B-0126-02,ORD-SYN-B-0126,2026-06-08T17:42:59+08:00,picking_started,picking_started,WH-SYN-WEST,1,piece,synthetic_case_generator
WHE-SYN-B-0126-03,ORD-SYN-B-0126,2026-06-08T20:45:55+08:00,picking_completed,picking_completed,WH-SYN-WEST,1,piece,synthetic_case_generator
WHE-SYN-B-0126-04,ORD-SYN-B-0126,2026-06-08T23:19:21+08:00,quality_check_started,quality_check_started,WH-SYN-WEST,1,piece,synthetic_case_generator
WHE-SYN-B-0126-05,ORD-SYN-B-0126,2026-06-09T01:45:33+08:00,quality_check_completed,quality_check_completed,WH-SYN-WEST,1,piece,synthetic_case_generator
WHE-SYN-B-0126-06,ORD-SYN-B-0126,2026-06-09T01:49:07+08:00,packing_started,packing_started,WH-SYN-WEST,1,piece,synthetic_case_generator
WHE-SYN-B-0126-07,ORD-SYN-B-0126,2026-06-09T04:33:46+08:00,packing_completed,packing_completed,WH-SYN-WEST,1,piece,synthetic_case_generator
WHE-SYN-B-0126-08,ORD-SYN-B-0126,2026-06-09T04:49:12+08:00,ready_to_ship,ready_to_ship,WH-SYN-WEST,1,piece,synthetic_case_generator
WHE-SYN-B-0126-09,ORD-SYN-B-0126,2026-06-09T04:54:48+08:00,shipped_from_warehouse,shipped_from_warehouse,WH-SYN-WEST,1,piece,synthetic_case_generator
WHE-SYN-B-0127-01,ORD-SYN-B-0127,2026-06-08T10:20:31+08:00,order_received,order_received,WH-SYN-EAST,4,piece,synthetic_case_generator
WHE-SYN-B-0127-02,ORD-SYN-B-0127,2026-06-08T15:40:02+08:00,picking_started,picking_started,WH-SYN-EAST,4,piece,synthetic_case_generator
WHE-SYN-B-0127-03,ORD-SYN-B-0127,2026-06-08T19:19:24+08:00,picking_completed,picking_completed,WH-SYN-EAST,4,piece,synthetic_case_generator
WHE-SYN-B-0127-04,ORD-SYN-B-0127,2026-06-08T22:14:08+08:00,quality_check_started,quality_check_started,WH-SYN-EAST,4,piece,synthetic_case_generator
WHE-SYN-B-0127-05,ORD-SYN-B-0127,2026-06-09T00:53:15+08:00,quality_check_completed,quality_check_completed,WH-SYN-EAST,4,piece,synthetic_case_generator
WHE-SYN-B-0127-06,ORD-SYN-B-0127,2026-06-09T01:01:53+08:00,packing_started,packing_started,WH-SYN-EAST,4,piece,synthetic_case_generator
WHE-SYN-B-0127-07,ORD-SYN-B-0127,2026-06-09T03:33:05+08:00,packing_completed,packing_completed,WH-SYN-EAST,4,piece,synthetic_case_generator
WHE-SYN-B-0127-08,ORD-SYN-B-0127,2026-06-09T03:48:18+08:00,ready_to_ship,ready_to_ship,WH-SYN-EAST,4,piece,synthetic_case_generator
WHE-SYN-B-0127-09,ORD-SYN-B-0127,2026-06-09T03:58:03+08:00,shipped_from_warehouse,shipped_from_warehouse,WH-SYN-EAST,4,piece,synthetic_case_generator
WHE-SYN-B-0128-01,ORD-SYN-B-0128,2026-06-08T10:54:02+08:00,order_received,order_received,WH-SYN-EAST,2,piece,synthetic_case_generator
WHE-SYN-B-0128-02,ORD-SYN-B-0128,2026-06-08T16:54:51+08:00,picking_started,picking_started,WH-SYN-EAST,2,piece,synthetic_case_generator
WHE-SYN-B-0128-03,ORD-SYN-B-0128,2026-06-08T19:53:08+08:00,picking_completed,picking_completed,WH-SYN-EAST,2,piece,synthetic_case_generator
WHE-SYN-B-0128-04,ORD-SYN-B-0128,2026-06-08T22:39:50+08:00,quality_check_started,quality_check_started,WH-SYN-EAST,2,piece,synthetic_case_generator
WHE-SYN-B-0128-05,ORD-SYN-B-0128,2026-06-09T01:01:58+08:00,quality_check_completed,quality_check_completed,WH-SYN-EAST,2,piece,synthetic_case_generator
WHE-SYN-B-0128-06,ORD-SYN-B-0128,2026-06-09T01:08:45+08:00,packing_started,packing_started,WH-SYN-EAST,2,piece,synthetic_case_generator
WHE-SYN-B-0128-07,ORD-SYN-B-0128,2026-06-09T03:48:26+08:00,packing_completed,packing_completed,WH-SYN-EAST,2,piece,synthetic_case_generator
WHE-SYN-B-0128-08,ORD-SYN-B-0128,2026-06-09T04:05:16+08:00,ready_to_ship,ready_to_ship,WH-SYN-EAST,2,piece,synthetic_case_generator
WHE-SYN-B-0128-09,ORD-SYN-B-0128,2026-06-09T04:13:46+08:00,shipped_from_warehouse,shipped_from_warehouse,WH-SYN-EAST,2,piece,synthetic_case_generator
WHE-SYN-B-0129-01,ORD-SYN-B-0129,2026-06-08T11:15:15+08:00,order_received,order_received,WH-SYN-EAST,1,piece,synthetic_case_generator
WHE-SYN-B-0129-02,ORD-SYN-B-0129,2026-06-08T16:18:25+08:00,picking_started,picking_started,WH-SYN-EAST,1,piece,synthetic_case_generator
WHE-SYN-B-0129-03,ORD-SYN-B-0129,2026-06-08T20:06:58+08:00,picking_completed,picking_completed,WH-SYN-EAST,1,piece,synthetic_case_generator
WHE-SYN-B-0129-04,ORD-SYN-B-0129,2026-06-08T23:27:25+08:00,quality_check_started,quality_check_started,WH-SYN-EAST,1,piece,synthetic_case_generator
WHE-SYN-B-0129-05,ORD-SYN-B-0129,2026-06-09T01:29:58+08:00,quality_check_completed,quality_check_completed,WH-SYN-EAST,1,piece,synthetic_case_generator
WHE-SYN-B-0129-06,ORD-SYN-B-0129,2026-06-09T01:33:10+08:00,packing_started,packing_started,WH-SYN-EAST,1,piece,synthetic_case_generator
WHE-SYN-B-0129-07,ORD-SYN-B-0129,2026-06-09T04:14:23+08:00,packing_completed,packing_completed,WH-SYN-EAST,1,piece,synthetic_case_generator
WHE-SYN-B-0129-08,ORD-SYN-B-0129,2026-06-09T04:31:13+08:00,ready_to_ship,ready_to_ship,WH-SYN-EAST,1,piece,synthetic_case_generator
WHE-SYN-B-0129-09,ORD-SYN-B-0129,2026-06-09T04:41:07+08:00,shipped_from_warehouse,shipped_from_warehouse,WH-SYN-EAST,1,piece,synthetic_case_generator
WHE-SYN-B-0130-01,ORD-SYN-B-0130,2026-06-08T10:40:24+08:00,order_received,order_received,WH-SYN-EAST,2,piece,synthetic_case_generator
WHE-SYN-B-0130-02,ORD-SYN-B-0130,2026-06-08T16:39:04+08:00,picking_started,picking_started,WH-SYN-EAST,2,piece,synthetic_case_generator
WHE-SYN-B-0130-03,ORD-SYN-B-0130,2026-06-08T20:17:19+08:00,picking_completed,picking_completed,WH-SYN-EAST,2,piece,synthetic_case_generator
WHE-SYN-B-0130-04,ORD-SYN-B-0130,2026-06-08T23:02:26+08:00,quality_check_started,quality_check_started,WH-SYN-EAST,2,piece,synthetic_case_generator
WHE-SYN-B-0130-05,ORD-SYN-B-0130,2026-06-09T00:53:00+08:00,quality_check_completed,quality_check_completed,WH-SYN-EAST,2,piece,synthetic_case_generator
WHE-SYN-B-0130-06,ORD-SYN-B-0130,2026-06-09T00:57:21+08:00,packing_started,packing_started,WH-SYN-EAST,2,piece,synthetic_case_generator
WHE-SYN-B-0130-07,ORD-SYN-B-0130,2026-06-09T04:01:17+08:00,packing_completed,packing_completed,WH-SYN-EAST,2,piece,synthetic_case_generator
WHE-SYN-B-0130-08,ORD-SYN-B-0130,2026-06-09T04:19:39+08:00,ready_to_ship,ready_to_ship,WH-SYN-EAST,2,piece,synthetic_case_generator
WHE-SYN-B-0130-09,ORD-SYN-B-0130,2026-06-09T04:28:54+08:00,shipped_from_warehouse,shipped_from_warehouse,WH-SYN-EAST,2,piece,synthetic_case_generator
WHE-SYN-B-0131-01,ORD-SYN-B-0131,2026-06-08T11:06:12+08:00,order_received,order_received,WH-SYN-EAST,3,piece,synthetic_case_generator
WHE-SYN-B-0131-02,ORD-SYN-B-0131,2026-06-08T16:56:12+08:00,picking_started,picking_started,WH-SYN-EAST,3,piece,synthetic_case_generator
WHE-SYN-B-0131-03,ORD-SYN-B-0131,2026-06-08T19:46:57+08:00,picking_completed,picking_completed,WH-SYN-EAST,3,piece,synthetic_case_generator
WHE-SYN-B-0131-04,ORD-SYN-B-0131,2026-06-08T22:49:12+08:00,quality_check_started,quality_check_started,WH-SYN-EAST,3,piece,synthetic_case_generator
WHE-SYN-B-0131-05,ORD-SYN-B-0131,2026-06-09T01:20:27+08:00,quality_check_completed,quality_check_completed,WH-SYN-EAST,3,piece,synthetic_case_generator
WHE-SYN-B-0131-06,ORD-SYN-B-0131,2026-06-09T01:28:42+08:00,packing_started,packing_started,WH-SYN-EAST,3,piece,synthetic_case_generator
WHE-SYN-B-0131-07,ORD-SYN-B-0131,2026-06-09T04:49:32+08:00,packing_completed,packing_completed,WH-SYN-EAST,3,piece,synthetic_case_generator
WHE-SYN-B-0131-08,ORD-SYN-B-0131,2026-06-09T05:15:11+08:00,ready_to_ship,ready_to_ship,WH-SYN-EAST,3,piece,synthetic_case_generator
WHE-SYN-B-0131-09,ORD-SYN-B-0131,2026-06-09T05:21:50+08:00,shipped_from_warehouse,shipped_from_warehouse,WH-SYN-EAST,3,piece,synthetic_case_generator
WHE-SYN-B-0132-01,ORD-SYN-B-0132,2026-06-08T10:17:47+08:00,order_received,order_received,WH-SYN-EAST,1,piece,synthetic_case_generator
WHE-SYN-B-0132-02,ORD-SYN-B-0132,2026-06-08T15:56:15+08:00,picking_started,picking_started,WH-SYN-EAST,1,piece,synthetic_case_generator
WHE-SYN-B-0132-03,ORD-SYN-B-0132,2026-06-08T19:35:08+08:00,picking_completed,picking_completed,WH-SYN-EAST,1,piece,synthetic_case_generator
WHE-SYN-B-0132-04,ORD-SYN-B-0132,2026-06-08T22:58:41+08:00,quality_check_started,quality_check_started,WH-SYN-EAST,1,piece,synthetic_case_generator
WHE-SYN-B-0132-05,ORD-SYN-B-0132,2026-06-09T01:11:25+08:00,quality_check_completed,quality_check_completed,WH-SYN-EAST,1,piece,synthetic_case_generator
WHE-SYN-B-0132-06,ORD-SYN-B-0132,2026-06-09T01:16:33+08:00,packing_started,packing_started,WH-SYN-EAST,1,piece,synthetic_case_generator
WHE-SYN-B-0132-07,ORD-SYN-B-0132,2026-06-09T04:20:40+08:00,packing_completed,packing_completed,WH-SYN-EAST,1,piece,synthetic_case_generator
WHE-SYN-B-0132-08,ORD-SYN-B-0132,2026-06-09T04:36:54+08:00,ready_to_ship,ready_to_ship,WH-SYN-EAST,1,piece,synthetic_case_generator
WHE-SYN-B-0132-09,ORD-SYN-B-0132,2026-06-09T04:41:24+08:00,shipped_from_warehouse,shipped_from_warehouse,WH-SYN-EAST,1,piece,synthetic_case_generator
WHE-SYN-B-0133-01,ORD-SYN-B-0133,2026-06-08T10:50:38+08:00,order_received,order_received,WH-SYN-EAST,4,piece,synthetic_case_generator
WHE-SYN-B-0133-02,ORD-SYN-B-0133,2026-06-08T16:17:21+08:00,picking_started,picking_started,WH-SYN-EAST,4,piece,synthetic_case_generator
WHE-SYN-B-0133-03,ORD-SYN-B-0133,2026-06-08T19:54:50+08:00,picking_completed,picking_completed,WH-SYN-EAST,4,piece,synthetic_case_generator
WHE-SYN-B-0133-04,ORD-SYN-B-0133,2026-06-08T22:37:33+08:00,quality_check_started,quality_check_started,WH-SYN-EAST,4,piece,synthetic_case_generator
WHE-SYN-B-0133-05,ORD-SYN-B-0133,2026-06-09T00:29:56+08:00,quality_check_completed,quality_check_completed,WH-SYN-EAST,4,piece,synthetic_case_generator
WHE-SYN-B-0133-06,ORD-SYN-B-0133,2026-06-09T00:33:31+08:00,packing_started,packing_started,WH-SYN-EAST,4,piece,synthetic_case_generator
WHE-SYN-B-0133-07,ORD-SYN-B-0133,2026-06-09T03:15:26+08:00,packing_completed,packing_completed,WH-SYN-EAST,4,piece,synthetic_case_generator
WHE-SYN-B-0133-08,ORD-SYN-B-0133,2026-06-09T03:32:26+08:00,ready_to_ship,ready_to_ship,WH-SYN-EAST,4,piece,synthetic_case_generator
WHE-SYN-B-0133-09,ORD-SYN-B-0133,2026-06-09T03:40:09+08:00,shipped_from_warehouse,shipped_from_warehouse,WH-SYN-EAST,4,piece,synthetic_case_generator
WHE-SYN-B-0134-01,ORD-SYN-B-0134,2026-06-08T11:08:22+08:00,order_received,order_received,WH-SYN-EAST,5,piece,synthetic_case_generator
WHE-SYN-B-0134-02,ORD-SYN-B-0134,2026-06-08T16:02:03+08:00,picking_started,picking_started,WH-SYN-EAST,5,piece,synthetic_case_generator
WHE-SYN-B-0134-03,ORD-SYN-B-0134,2026-06-08T19:56:32+08:00,picking_completed,picking_completed,WH-SYN-EAST,5,piece,synthetic_case_generator
WHE-SYN-B-0134-04,ORD-SYN-B-0134,2026-06-08T23:04:10+08:00,quality_check_started,quality_check_started,WH-SYN-EAST,5,piece,synthetic_case_generator
WHE-SYN-B-0134-05,ORD-SYN-B-0134,2026-06-09T01:04:42+08:00,quality_check_completed,quality_check_completed,WH-SYN-EAST,5,piece,synthetic_case_generator
WHE-SYN-B-0134-06,ORD-SYN-B-0134,2026-06-09T01:15:58+08:00,packing_started,packing_started,WH-SYN-EAST,5,piece,synthetic_case_generator
WHE-SYN-B-0134-07,ORD-SYN-B-0134,2026-06-09T04:55:41+08:00,packing_completed,packing_completed,WH-SYN-EAST,5,piece,synthetic_case_generator
WHE-SYN-B-0134-08,ORD-SYN-B-0134,2026-06-09T05:19:38+08:00,ready_to_ship,ready_to_ship,WH-SYN-EAST,5,piece,synthetic_case_generator
WHE-SYN-B-0134-09,ORD-SYN-B-0134,2026-06-09T05:29:14+08:00,shipped_from_warehouse,shipped_from_warehouse,WH-SYN-EAST,5,piece,synthetic_case_generator
WHE-SYN-B-0135-01,ORD-SYN-B-0135,2026-06-08T10:33:28+08:00,order_received,order_received,WH-SYN-WEST,4,piece,synthetic_case_generator
WHE-SYN-B-0135-02,ORD-SYN-B-0135,2026-06-08T16:03:07+08:00,picking_started,picking_started,WH-SYN-WEST,4,piece,synthetic_case_generator
WHE-SYN-B-0135-03,ORD-SYN-B-0135,2026-06-08T19:10:20+08:00,picking_completed,picking_completed,WH-SYN-WEST,4,piece,synthetic_case_generator
WHE-SYN-B-0135-04,ORD-SYN-B-0135,2026-06-08T22:27:56+08:00,quality_check_started,quality_check_started,WH-SYN-WEST,4,piece,synthetic_case_generator
WHE-SYN-B-0135-05,ORD-SYN-B-0135,2026-06-09T00:36:48+08:00,quality_check_completed,quality_check_completed,WH-SYN-WEST,4,piece,synthetic_case_generator
WHE-SYN-B-0135-06,ORD-SYN-B-0135,2026-06-09T00:43:34+08:00,packing_started,packing_started,WH-SYN-WEST,4,piece,synthetic_case_generator
WHE-SYN-B-0135-07,ORD-SYN-B-0135,2026-06-09T03:30:08+08:00,packing_completed,packing_completed,WH-SYN-WEST,4,piece,synthetic_case_generator
WHE-SYN-B-0135-08,ORD-SYN-B-0135,2026-06-09T03:59:28+08:00,ready_to_ship,ready_to_ship,WH-SYN-WEST,4,piece,synthetic_case_generator
WHE-SYN-B-0135-09,ORD-SYN-B-0135,2026-06-09T04:03:13+08:00,shipped_from_warehouse,shipped_from_warehouse,WH-SYN-WEST,4,piece,synthetic_case_generator
WHE-SYN-B-0136-01,ORD-SYN-B-0136,2026-06-09T13:59:10+08:00,order_received,order_received,WH-SYN-EAST,2,piece,synthetic_case_generator
WHE-SYN-B-0136-02,ORD-SYN-B-0136,2026-06-09T18:51:36+08:00,picking_started,picking_started,WH-SYN-EAST,2,piece,synthetic_case_generator
WHE-SYN-B-0136-03,ORD-SYN-B-0136,2026-06-09T22:02:14+08:00,picking_completed,picking_completed,WH-SYN-EAST,2,piece,synthetic_case_generator
WHE-SYN-B-0136-04,ORD-SYN-B-0136,2026-06-10T00:36:13+08:00,quality_check_started,quality_check_started,WH-SYN-EAST,2,piece,synthetic_case_generator
WHE-SYN-B-0136-05,ORD-SYN-B-0136,2026-06-10T03:02:30+08:00,quality_check_completed,quality_check_completed,WH-SYN-EAST,2,piece,synthetic_case_generator
WHE-SYN-B-0136-06,ORD-SYN-B-0136,2026-06-10T03:07:13+08:00,packing_started,packing_started,WH-SYN-EAST,2,piece,synthetic_case_generator
WHE-SYN-B-0136-07,ORD-SYN-B-0136,2026-06-10T06:28:24+08:00,packing_completed,packing_completed,WH-SYN-EAST,2,piece,synthetic_case_generator
WHE-SYN-B-0136-08,ORD-SYN-B-0136,2026-06-10T06:43:04+08:00,ready_to_ship,ready_to_ship,WH-SYN-EAST,2,piece,synthetic_case_generator
WHE-SYN-B-0136-09,ORD-SYN-B-0136,2026-06-10T06:51:04+08:00,shipped_from_warehouse,shipped_from_warehouse,WH-SYN-EAST,2,piece,synthetic_case_generator
WHE-SYN-B-0137-01,ORD-SYN-B-0137,2026-06-09T13:24:13+08:00,order_received,order_received,WH-SYN-WEST,4,piece,synthetic_case_generator
WHE-SYN-B-0137-02,ORD-SYN-B-0137,2026-06-09T18:30:01+08:00,picking_started,picking_started,WH-SYN-WEST,4,piece,synthetic_case_generator
WHE-SYN-B-0137-03,ORD-SYN-B-0137,2026-06-09T22:07:50+08:00,picking_completed,picking_completed,WH-SYN-WEST,4,piece,synthetic_case_generator
WHE-SYN-B-0137-04,ORD-SYN-B-0137,2026-06-10T00:21:43+08:00,quality_check_started,quality_check_started,WH-SYN-WEST,4,piece,synthetic_case_generator
WHE-SYN-B-0137-05,ORD-SYN-B-0137,2026-06-10T02:25:36+08:00,quality_check_completed,quality_check_completed,WH-SYN-WEST,4,piece,synthetic_case_generator
WHE-SYN-B-0137-06,ORD-SYN-B-0137,2026-06-10T02:32:02+08:00,packing_started,packing_started,WH-SYN-WEST,4,piece,synthetic_case_generator
WHE-SYN-B-0137-07,ORD-SYN-B-0137,2026-06-10T05:58:12+08:00,packing_completed,packing_completed,WH-SYN-WEST,4,piece,synthetic_case_generator
WHE-SYN-B-0137-08,ORD-SYN-B-0137,2026-06-10T06:16:32+08:00,ready_to_ship,ready_to_ship,WH-SYN-WEST,4,piece,synthetic_case_generator
WHE-SYN-B-0137-09,ORD-SYN-B-0137,2026-06-10T06:19:52+08:00,shipped_from_warehouse,shipped_from_warehouse,WH-SYN-WEST,4,piece,synthetic_case_generator
WHE-SYN-B-0138-01,ORD-SYN-B-0138,2026-06-09T13:57:33+08:00,order_received,order_received,WH-SYN-EAST,5,piece,synthetic_case_generator
WHE-SYN-B-0138-02,ORD-SYN-B-0138,2026-06-09T20:52:48+08:00,picking_started,picking_started,WH-SYN-EAST,5,piece,synthetic_case_generator
WHE-SYN-B-0138-03,ORD-SYN-B-0138,2026-06-10T00:58:14+08:00,picking_completed,picking_completed,WH-SYN-EAST,5,piece,synthetic_case_generator
WHE-SYN-B-0138-04,ORD-SYN-B-0138,2026-06-10T04:08:58+08:00,quality_check_started,quality_check_started,WH-SYN-EAST,5,piece,synthetic_case_generator
WHE-SYN-B-0138-05,ORD-SYN-B-0138,2026-06-10T06:26:09+08:00,quality_check_completed,quality_check_completed,WH-SYN-EAST,5,piece,synthetic_case_generator
WHE-SYN-B-0138-06,ORD-SYN-B-0138,2026-06-10T06:37:00+08:00,packing_started,packing_started,WH-SYN-EAST,5,piece,synthetic_case_generator
WHE-SYN-B-0138-07,ORD-SYN-B-0138,2026-06-10T09:35:02+08:00,packing_completed,packing_completed,WH-SYN-EAST,5,piece,synthetic_case_generator
WHE-SYN-B-0138-08,ORD-SYN-B-0138,2026-06-10T09:51:00+08:00,ready_to_ship,ready_to_ship,WH-SYN-EAST,5,piece,synthetic_case_generator
WHE-SYN-B-0138-09,ORD-SYN-B-0138,2026-06-10T09:54:37+08:00,shipped_from_warehouse,shipped_from_warehouse,WH-SYN-EAST,5,piece,synthetic_case_generator
WHE-SYN-B-0139-01,ORD-SYN-B-0139,2026-06-09T13:25:59+08:00,order_received,order_received,WH-SYN-EAST,1,piece,synthetic_case_generator
WHE-SYN-B-0139-02,ORD-SYN-B-0139,2026-06-09T19:41:12+08:00,picking_started,picking_started,WH-SYN-EAST,1,piece,synthetic_case_generator
WHE-SYN-B-0139-03,ORD-SYN-B-0139,2026-06-09T23:46:07+08:00,picking_completed,picking_completed,WH-SYN-EAST,1,piece,synthetic_case_generator
WHE-SYN-B-0139-04,ORD-SYN-B-0139,2026-06-10T02:09:17+08:00,quality_check_started,quality_check_started,WH-SYN-EAST,1,piece,synthetic_case_generator
WHE-SYN-B-0139-05,ORD-SYN-B-0139,2026-06-10T04:03:57+08:00,quality_check_completed,quality_check_completed,WH-SYN-EAST,1,piece,synthetic_case_generator
WHE-SYN-B-0139-06,ORD-SYN-B-0139,2026-06-10T04:10:58+08:00,packing_started,packing_started,WH-SYN-EAST,1,piece,synthetic_case_generator
WHE-SYN-B-0139-07,ORD-SYN-B-0139,2026-06-10T06:55:30+08:00,packing_completed,packing_completed,WH-SYN-EAST,1,piece,synthetic_case_generator
WHE-SYN-B-0139-08,ORD-SYN-B-0139,2026-06-10T07:22:51+08:00,ready_to_ship,ready_to_ship,WH-SYN-EAST,1,piece,synthetic_case_generator
WHE-SYN-B-0139-09,ORD-SYN-B-0139,2026-06-10T07:34:11+08:00,shipped_from_warehouse,shipped_from_warehouse,WH-SYN-EAST,1,piece,synthetic_case_generator
WHE-SYN-B-0140-01,ORD-SYN-B-0140,2026-06-09T13:40:53+08:00,order_received,order_received,WH-SYN-EAST,1,piece,synthetic_case_generator
WHE-SYN-B-0140-02,ORD-SYN-B-0140,2026-06-09T19:08:44+08:00,picking_started,picking_started,WH-SYN-EAST,1,piece,synthetic_case_generator
WHE-SYN-B-0140-03,ORD-SYN-B-0140,2026-06-09T23:06:11+08:00,picking_completed,picking_completed,WH-SYN-EAST,1,piece,synthetic_case_generator
WHE-SYN-B-0140-04,ORD-SYN-B-0140,2026-06-10T01:24:28+08:00,quality_check_started,quality_check_started,WH-SYN-EAST,1,piece,synthetic_case_generator
WHE-SYN-B-0140-05,ORD-SYN-B-0140,2026-06-10T03:21:33+08:00,quality_check_completed,quality_check_completed,WH-SYN-EAST,1,piece,synthetic_case_generator
WHE-SYN-B-0140-06,ORD-SYN-B-0140,2026-06-10T03:30:44+08:00,packing_started,packing_started,WH-SYN-EAST,1,piece,synthetic_case_generator
WHE-SYN-B-0140-07,ORD-SYN-B-0140,2026-06-10T07:05:24+08:00,packing_completed,packing_completed,WH-SYN-EAST,1,piece,synthetic_case_generator
WHE-SYN-B-0140-08,ORD-SYN-B-0140,2026-06-10T07:20:38+08:00,ready_to_ship,ready_to_ship,WH-SYN-EAST,1,piece,synthetic_case_generator
WHE-SYN-B-0140-09,ORD-SYN-B-0140,2026-06-10T07:32:07+08:00,shipped_from_warehouse,shipped_from_warehouse,WH-SYN-EAST,1,piece,synthetic_case_generator
WHE-SYN-B-0141-01,ORD-SYN-B-0141,2026-06-09T14:06:09+08:00,order_received,order_received,WH-SYN-WEST,1,piece,synthetic_case_generator
WHE-SYN-B-0141-02,ORD-SYN-B-0141,2026-06-09T20:10:43+08:00,picking_started,picking_started,WH-SYN-WEST,1,piece,synthetic_case_generator
WHE-SYN-B-0141-03,ORD-SYN-B-0141,2026-06-10T00:15:51+08:00,picking_completed,picking_completed,WH-SYN-WEST,1,piece,synthetic_case_generator
WHE-SYN-B-0141-04,ORD-SYN-B-0141,2026-06-10T03:34:10+08:00,quality_check_started,quality_check_started,WH-SYN-WEST,1,piece,synthetic_case_generator
WHE-SYN-B-0141-05,ORD-SYN-B-0141,2026-06-10T05:30:07+08:00,quality_check_completed,quality_check_completed,WH-SYN-WEST,1,piece,synthetic_case_generator
WHE-SYN-B-0141-06,ORD-SYN-B-0141,2026-06-10T05:38:17+08:00,packing_started,packing_started,WH-SYN-WEST,1,piece,synthetic_case_generator
WHE-SYN-B-0141-07,ORD-SYN-B-0141,2026-06-10T08:39:16+08:00,packing_completed,packing_completed,WH-SYN-WEST,1,piece,synthetic_case_generator
WHE-SYN-B-0141-08,ORD-SYN-B-0141,2026-06-10T08:54:54+08:00,ready_to_ship,ready_to_ship,WH-SYN-WEST,1,piece,synthetic_case_generator
WHE-SYN-B-0141-09,ORD-SYN-B-0141,2026-06-10T08:59:03+08:00,shipped_from_warehouse,shipped_from_warehouse,WH-SYN-WEST,1,piece,synthetic_case_generator
WHE-SYN-B-0142-01,ORD-SYN-B-0142,2026-06-09T13:25:13+08:00,order_received,order_received,WH-SYN-EAST,2,piece,synthetic_case_generator
WHE-SYN-B-0142-02,ORD-SYN-B-0142,2026-06-09T19:20:18+08:00,picking_started,picking_started,WH-SYN-EAST,2,piece,synthetic_case_generator
WHE-SYN-B-0142-03,ORD-SYN-B-0142,2026-06-09T22:49:58+08:00,picking_completed,picking_completed,WH-SYN-EAST,2,piece,synthetic_case_generator
WHE-SYN-B-0142-04,ORD-SYN-B-0142,2026-06-10T01:57:46+08:00,quality_check_started,quality_check_started,WH-SYN-EAST,2,piece,synthetic_case_generator
WHE-SYN-B-0142-05,ORD-SYN-B-0142,2026-06-10T04:29:13+08:00,quality_check_completed,quality_check_completed,WH-SYN-EAST,2,piece,synthetic_case_generator
WHE-SYN-B-0142-06,ORD-SYN-B-0142,2026-06-10T04:40:06+08:00,packing_started,packing_started,WH-SYN-EAST,2,piece,synthetic_case_generator
WHE-SYN-B-0142-07,ORD-SYN-B-0142,2026-06-10T07:45:20+08:00,packing_completed,packing_completed,WH-SYN-EAST,2,piece,synthetic_case_generator
WHE-SYN-B-0142-08,ORD-SYN-B-0142,2026-06-10T08:07:59+08:00,ready_to_ship,ready_to_ship,WH-SYN-EAST,2,piece,synthetic_case_generator
WHE-SYN-B-0142-09,ORD-SYN-B-0142,2026-06-10T08:18:11+08:00,shipped_from_warehouse,shipped_from_warehouse,WH-SYN-EAST,2,piece,synthetic_case_generator
WHE-SYN-B-0143-01,ORD-SYN-B-0143,2026-06-09T13:54:51+08:00,order_received,order_received,WH-SYN-EAST,1,piece,synthetic_case_generator
WHE-SYN-B-0143-02,ORD-SYN-B-0143,2026-06-09T20:33:42+08:00,picking_started,picking_started,WH-SYN-EAST,1,piece,synthetic_case_generator
WHE-SYN-B-0143-03,ORD-SYN-B-0143,2026-06-09T23:38:54+08:00,picking_completed,picking_completed,WH-SYN-EAST,1,piece,synthetic_case_generator
WHE-SYN-B-0143-04,ORD-SYN-B-0143,2026-06-10T01:58:56+08:00,quality_check_started,quality_check_started,WH-SYN-EAST,1,piece,synthetic_case_generator
WHE-SYN-B-0143-05,ORD-SYN-B-0143,2026-06-10T04:19:01+08:00,quality_check_completed,quality_check_completed,WH-SYN-EAST,1,piece,synthetic_case_generator
WHE-SYN-B-0143-06,ORD-SYN-B-0143,2026-06-10T04:26:07+08:00,packing_started,packing_started,WH-SYN-EAST,1,piece,synthetic_case_generator
WHE-SYN-B-0143-07,ORD-SYN-B-0143,2026-06-10T07:46:08+08:00,packing_completed,packing_completed,WH-SYN-EAST,1,piece,synthetic_case_generator
WHE-SYN-B-0143-08,ORD-SYN-B-0143,2026-06-10T07:59:04+08:00,ready_to_ship,ready_to_ship,WH-SYN-EAST,1,piece,synthetic_case_generator
WHE-SYN-B-0143-09,ORD-SYN-B-0143,2026-06-10T08:10:22+08:00,shipped_from_warehouse,shipped_from_warehouse,WH-SYN-EAST,1,piece,synthetic_case_generator
WHE-SYN-B-0144-01,ORD-SYN-B-0144,2026-06-09T13:16:20+08:00,order_received,order_received,WH-SYN-EAST,4,piece,synthetic_case_generator
WHE-SYN-B-0144-02,ORD-SYN-B-0144,2026-06-09T19:17:34+08:00,picking_started,picking_started,WH-SYN-EAST,4,piece,synthetic_case_generator
WHE-SYN-B-0144-03,ORD-SYN-B-0144,2026-06-09T22:22:24+08:00,picking_completed,picking_completed,WH-SYN-EAST,4,piece,synthetic_case_generator
WHE-SYN-B-0144-04,ORD-SYN-B-0144,2026-06-10T01:05:24+08:00,quality_check_started,quality_check_started,WH-SYN-EAST,4,piece,synthetic_case_generator
WHE-SYN-B-0144-05,ORD-SYN-B-0144,2026-06-10T03:35:18+08:00,quality_check_completed,quality_check_completed,WH-SYN-EAST,4,piece,synthetic_case_generator
WHE-SYN-B-0144-06,ORD-SYN-B-0144,2026-06-10T03:42:55+08:00,packing_started,packing_started,WH-SYN-EAST,4,piece,synthetic_case_generator
WHE-SYN-B-0144-07,ORD-SYN-B-0144,2026-06-10T07:20:46+08:00,packing_completed,packing_completed,WH-SYN-EAST,4,piece,synthetic_case_generator
WHE-SYN-B-0144-08,ORD-SYN-B-0144,2026-06-10T07:46:36+08:00,ready_to_ship,ready_to_ship,WH-SYN-EAST,4,piece,synthetic_case_generator
WHE-SYN-B-0144-09,ORD-SYN-B-0144,2026-06-10T07:57:21+08:00,shipped_from_warehouse,shipped_from_warehouse,WH-SYN-EAST,4,piece,synthetic_case_generator
WHE-SYN-B-0145-01,ORD-SYN-B-0145,2026-06-09T13:37:35+08:00,order_received,order_received,WH-SYN-EAST,5,piece,synthetic_case_generator
WHE-SYN-B-0145-02,ORD-SYN-B-0145,2026-06-09T18:45:53+08:00,picking_started,picking_started,WH-SYN-EAST,5,piece,synthetic_case_generator
WHE-SYN-B-0145-03,ORD-SYN-B-0145,2026-06-09T22:28:09+08:00,picking_completed,picking_completed,WH-SYN-EAST,5,piece,synthetic_case_generator
WHE-SYN-B-0145-04,ORD-SYN-B-0145,2026-06-10T01:21:37+08:00,quality_check_started,quality_check_started,WH-SYN-EAST,5,piece,synthetic_case_generator
WHE-SYN-B-0145-05,ORD-SYN-B-0145,2026-06-10T03:30:54+08:00,quality_check_completed,quality_check_completed,WH-SYN-EAST,5,piece,synthetic_case_generator
WHE-SYN-B-0145-06,ORD-SYN-B-0145,2026-06-10T03:38:13+08:00,packing_started,packing_started,WH-SYN-EAST,5,piece,synthetic_case_generator
WHE-SYN-B-0145-07,ORD-SYN-B-0145,2026-06-10T07:13:42+08:00,packing_completed,packing_completed,WH-SYN-EAST,5,piece,synthetic_case_generator
WHE-SYN-B-0145-08,ORD-SYN-B-0145,2026-06-10T07:24:06+08:00,ready_to_ship,ready_to_ship,WH-SYN-EAST,5,piece,synthetic_case_generator
WHE-SYN-B-0145-09,ORD-SYN-B-0145,2026-06-10T07:27:51+08:00,shipped_from_warehouse,shipped_from_warehouse,WH-SYN-EAST,5,piece,synthetic_case_generator
WHE-SYN-B-0146-01,ORD-SYN-B-0146,2026-06-09T14:01:19+08:00,order_received,order_received,WH-SYN-EAST,4,piece,synthetic_case_generator
WHE-SYN-B-0146-02,ORD-SYN-B-0146,2026-06-09T20:06:42+08:00,picking_started,picking_started,WH-SYN-EAST,4,piece,synthetic_case_generator
WHE-SYN-B-0146-03,ORD-SYN-B-0146,2026-06-09T23:39:03+08:00,picking_completed,picking_completed,WH-SYN-EAST,4,piece,synthetic_case_generator
WHE-SYN-B-0146-04,ORD-SYN-B-0146,2026-06-10T02:16:08+08:00,quality_check_started,quality_check_started,WH-SYN-EAST,4,piece,synthetic_case_generator
WHE-SYN-B-0146-05,ORD-SYN-B-0146,2026-06-10T04:09:24+08:00,quality_check_completed,quality_check_completed,WH-SYN-EAST,4,piece,synthetic_case_generator
WHE-SYN-B-0146-06,ORD-SYN-B-0146,2026-06-10T04:12:24+08:00,packing_started,packing_started,WH-SYN-EAST,4,piece,synthetic_case_generator
WHE-SYN-B-0146-07,ORD-SYN-B-0146,2026-06-10T06:49:03+08:00,packing_completed,packing_completed,WH-SYN-EAST,4,piece,synthetic_case_generator
WHE-SYN-B-0146-08,ORD-SYN-B-0146,2026-06-10T07:02:23+08:00,ready_to_ship,ready_to_ship,WH-SYN-EAST,4,piece,synthetic_case_generator
WHE-SYN-B-0146-09,ORD-SYN-B-0146,2026-06-10T07:08:43+08:00,shipped_from_warehouse,shipped_from_warehouse,WH-SYN-EAST,4,piece,synthetic_case_generator
WHE-SYN-B-0147-01,ORD-SYN-B-0147,2026-06-09T13:29:12+08:00,order_received,order_received,WH-SYN-WEST,1,piece,synthetic_case_generator
WHE-SYN-B-0147-02,ORD-SYN-B-0147,2026-06-09T19:07:26+08:00,picking_started,picking_started,WH-SYN-WEST,1,piece,synthetic_case_generator
WHE-SYN-B-0147-03,ORD-SYN-B-0147,2026-06-09T22:46:49+08:00,picking_completed,picking_completed,WH-SYN-WEST,1,piece,synthetic_case_generator
WHE-SYN-B-0147-04,ORD-SYN-B-0147,2026-06-10T01:53:57+08:00,quality_check_started,quality_check_started,WH-SYN-WEST,1,piece,synthetic_case_generator
WHE-SYN-B-0147-05,ORD-SYN-B-0147,2026-06-10T04:19:17+08:00,quality_check_completed,quality_check_completed,WH-SYN-WEST,1,piece,synthetic_case_generator
WHE-SYN-B-0147-06,ORD-SYN-B-0147,2026-06-10T04:30:49+08:00,packing_started,packing_started,WH-SYN-WEST,1,piece,synthetic_case_generator
WHE-SYN-B-0147-07,ORD-SYN-B-0147,2026-06-10T07:36:49+08:00,packing_completed,packing_completed,WH-SYN-WEST,1,piece,synthetic_case_generator
WHE-SYN-B-0147-08,ORD-SYN-B-0147,2026-06-10T07:55:11+08:00,ready_to_ship,ready_to_ship,WH-SYN-WEST,1,piece,synthetic_case_generator
WHE-SYN-B-0147-09,ORD-SYN-B-0147,2026-06-10T08:01:04+08:00,shipped_from_warehouse,shipped_from_warehouse,WH-SYN-WEST,1,piece,synthetic_case_generator
WHE-SYN-B-0148-01,ORD-SYN-B-0148,2026-06-09T13:58:44+08:00,order_received,order_received,WH-SYN-EAST,5,piece,synthetic_case_generator
WHE-SYN-B-0148-02,ORD-SYN-B-0148,2026-06-09T19:50:50+08:00,picking_started,picking_started,WH-SYN-EAST,5,piece,synthetic_case_generator
WHE-SYN-B-0148-03,ORD-SYN-B-0148,2026-06-09T22:44:54+08:00,picking_completed,picking_completed,WH-SYN-EAST,5,piece,synthetic_case_generator
WHE-SYN-B-0148-04,ORD-SYN-B-0148,2026-06-10T01:56:53+08:00,quality_check_started,quality_check_started,WH-SYN-EAST,5,piece,synthetic_case_generator
WHE-SYN-B-0148-05,ORD-SYN-B-0148,2026-06-10T04:02:33+08:00,quality_check_completed,quality_check_completed,WH-SYN-EAST,5,piece,synthetic_case_generator
WHE-SYN-B-0148-06,ORD-SYN-B-0148,2026-06-10T04:11:40+08:00,packing_started,packing_started,WH-SYN-EAST,5,piece,synthetic_case_generator
WHE-SYN-B-0148-07,ORD-SYN-B-0148,2026-06-10T07:18:38+08:00,packing_completed,packing_completed,WH-SYN-EAST,5,piece,synthetic_case_generator
WHE-SYN-B-0148-08,ORD-SYN-B-0148,2026-06-10T07:48:23+08:00,ready_to_ship,ready_to_ship,WH-SYN-EAST,5,piece,synthetic_case_generator
WHE-SYN-B-0148-09,ORD-SYN-B-0148,2026-06-10T07:52:32+08:00,shipped_from_warehouse,shipped_from_warehouse,WH-SYN-EAST,5,piece,synthetic_case_generator
WHE-SYN-B-0149-01,ORD-SYN-B-0149,2026-06-09T13:25:08+08:00,order_received,order_received,WH-SYN-EAST,3,piece,synthetic_case_generator
WHE-SYN-B-0149-02,ORD-SYN-B-0149,2026-06-09T19:55:46+08:00,picking_started,picking_started,WH-SYN-EAST,3,piece,synthetic_case_generator
WHE-SYN-B-0149-03,ORD-SYN-B-0149,2026-06-09T23:52:13+08:00,picking_completed,picking_completed,WH-SYN-EAST,3,piece,synthetic_case_generator
WHE-SYN-B-0149-04,ORD-SYN-B-0149,2026-06-10T02:36:27+08:00,quality_check_started,quality_check_started,WH-SYN-EAST,3,piece,synthetic_case_generator
WHE-SYN-B-0149-05,ORD-SYN-B-0149,2026-06-10T04:31:39+08:00,quality_check_completed,quality_check_completed,WH-SYN-EAST,3,piece,synthetic_case_generator
WHE-SYN-B-0149-06,ORD-SYN-B-0149,2026-06-10T04:34:56+08:00,packing_started,packing_started,WH-SYN-EAST,3,piece,synthetic_case_generator
WHE-SYN-B-0149-07,ORD-SYN-B-0149,2026-06-10T07:52:17+08:00,packing_completed,packing_completed,WH-SYN-EAST,3,piece,synthetic_case_generator
WHE-SYN-B-0149-08,ORD-SYN-B-0149,2026-06-10T08:04:00+08:00,ready_to_ship,ready_to_ship,WH-SYN-EAST,3,piece,synthetic_case_generator
WHE-SYN-B-0149-09,ORD-SYN-B-0149,2026-06-10T08:08:12+08:00,shipped_from_warehouse,shipped_from_warehouse,WH-SYN-EAST,3,piece,synthetic_case_generator
WHE-SYN-B-0150-01,ORD-SYN-B-0150,2026-06-09T13:34:48+08:00,order_received,order_received,WH-SYN-EAST,3,piece,synthetic_case_generator
WHE-SYN-B-0150-02,ORD-SYN-B-0150,2026-06-09T19:24:29+08:00,picking_started,picking_started,WH-SYN-EAST,3,piece,synthetic_case_generator
WHE-SYN-B-0150-03,ORD-SYN-B-0150,2026-06-09T22:20:08+08:00,picking_completed,picking_completed,WH-SYN-EAST,3,piece,synthetic_case_generator
WHE-SYN-B-0150-04,ORD-SYN-B-0150,2026-06-10T01:13:49+08:00,quality_check_started,quality_check_started,WH-SYN-EAST,3,piece,synthetic_case_generator
WHE-SYN-B-0150-05,ORD-SYN-B-0150,2026-06-10T03:20:20+08:00,quality_check_completed,quality_check_completed,WH-SYN-EAST,3,piece,synthetic_case_generator
WHE-SYN-B-0150-06,ORD-SYN-B-0150,2026-06-10T03:28:53+08:00,packing_started,packing_started,WH-SYN-EAST,3,piece,synthetic_case_generator
WHE-SYN-B-0150-07,ORD-SYN-B-0150,2026-06-10T06:51:43+08:00,packing_completed,packing_completed,WH-SYN-EAST,3,piece,synthetic_case_generator
WHE-SYN-B-0150-08,ORD-SYN-B-0150,2026-06-10T07:07:02+08:00,ready_to_ship,ready_to_ship,WH-SYN-EAST,3,piece,synthetic_case_generator
WHE-SYN-B-0150-09,ORD-SYN-B-0150,2026-06-10T07:11:27+08:00,shipped_from_warehouse,shipped_from_warehouse,WH-SYN-EAST,3,piece,synthetic_case_generator
WHE-SYN-B-0151-01,ORD-SYN-B-0151,2026-06-09T14:00:08+08:00,order_received,order_received,WH-SYN-EAST,5,piece,synthetic_case_generator
WHE-SYN-B-0151-02,ORD-SYN-B-0151,2026-06-09T19:53:11+08:00,picking_started,picking_started,WH-SYN-EAST,5,piece,synthetic_case_generator
WHE-SYN-B-0151-03,ORD-SYN-B-0151,2026-06-09T23:12:51+08:00,picking_completed,picking_completed,WH-SYN-EAST,5,piece,synthetic_case_generator
WHE-SYN-B-0151-04,ORD-SYN-B-0151,2026-06-10T02:26:33+08:00,quality_check_started,quality_check_started,WH-SYN-EAST,5,piece,synthetic_case_generator
WHE-SYN-B-0151-05,ORD-SYN-B-0151,2026-06-10T04:30:58+08:00,quality_check_completed,quality_check_completed,WH-SYN-EAST,5,piece,synthetic_case_generator
WHE-SYN-B-0151-06,ORD-SYN-B-0151,2026-06-10T04:41:52+08:00,packing_started,packing_started,WH-SYN-EAST,5,piece,synthetic_case_generator
WHE-SYN-B-0151-07,ORD-SYN-B-0151,2026-06-10T08:14:59+08:00,packing_completed,packing_completed,WH-SYN-EAST,5,piece,synthetic_case_generator
WHE-SYN-B-0151-08,ORD-SYN-B-0151,2026-06-10T08:29:47+08:00,ready_to_ship,ready_to_ship,WH-SYN-EAST,5,piece,synthetic_case_generator
WHE-SYN-B-0151-09,ORD-SYN-B-0151,2026-06-10T08:34:03+08:00,shipped_from_warehouse,shipped_from_warehouse,WH-SYN-EAST,5,piece,synthetic_case_generator
WHE-SYN-B-0152-01,ORD-SYN-B-0152,2026-06-09T13:29:32+08:00,order_received,order_received,WH-SYN-EAST,1,piece,synthetic_case_generator
WHE-SYN-B-0152-02,ORD-SYN-B-0152,2026-06-09T19:29:02+08:00,picking_started,picking_started,WH-SYN-EAST,1,piece,synthetic_case_generator
WHE-SYN-B-0152-03,ORD-SYN-B-0152,2026-06-09T22:32:43+08:00,picking_completed,picking_completed,WH-SYN-EAST,1,piece,synthetic_case_generator
WHE-SYN-B-0152-04,ORD-SYN-B-0152,2026-06-10T01:53:20+08:00,quality_check_started,quality_check_started,WH-SYN-EAST,1,piece,synthetic_case_generator
WHE-SYN-B-0152-05,ORD-SYN-B-0152,2026-06-10T03:58:35+08:00,quality_check_completed,quality_check_completed,WH-SYN-EAST,1,piece,synthetic_case_generator
WHE-SYN-B-0152-06,ORD-SYN-B-0152,2026-06-10T04:02:46+08:00,packing_started,packing_started,WH-SYN-EAST,1,piece,synthetic_case_generator
WHE-SYN-B-0152-07,ORD-SYN-B-0152,2026-06-10T06:37:42+08:00,packing_completed,packing_completed,WH-SYN-EAST,1,piece,synthetic_case_generator
WHE-SYN-B-0152-08,ORD-SYN-B-0152,2026-06-10T07:07:13+08:00,ready_to_ship,ready_to_ship,WH-SYN-EAST,1,piece,synthetic_case_generator
WHE-SYN-B-0152-09,ORD-SYN-B-0152,2026-06-10T07:16:58+08:00,shipped_from_warehouse,shipped_from_warehouse,WH-SYN-EAST,1,piece,synthetic_case_generator
WHE-SYN-B-0153-01,ORD-SYN-B-0153,2026-06-09T14:01:45+08:00,order_received,order_received,WH-SYN-EAST,1,piece,synthetic_case_generator
WHE-SYN-B-0153-02,ORD-SYN-B-0153,2026-06-09T19:07:06+08:00,picking_started,picking_started,WH-SYN-EAST,1,piece,synthetic_case_generator
WHE-SYN-B-0153-03,ORD-SYN-B-0153,2026-06-09T22:43:19+08:00,picking_completed,picking_completed,WH-SYN-EAST,1,piece,synthetic_case_generator
WHE-SYN-B-0153-04,ORD-SYN-B-0153,2026-06-10T02:00:35+08:00,quality_check_started,quality_check_started,WH-SYN-EAST,1,piece,synthetic_case_generator
WHE-SYN-B-0153-05,ORD-SYN-B-0153,2026-06-10T04:10:33+08:00,quality_check_completed,quality_check_completed,WH-SYN-EAST,1,piece,synthetic_case_generator
WHE-SYN-B-0153-06,ORD-SYN-B-0153,2026-06-10T04:13:56+08:00,packing_started,packing_started,WH-SYN-EAST,1,piece,synthetic_case_generator
WHE-SYN-B-0153-07,ORD-SYN-B-0153,2026-06-10T06:56:59+08:00,packing_completed,packing_completed,WH-SYN-EAST,1,piece,synthetic_case_generator
WHE-SYN-B-0153-08,ORD-SYN-B-0153,2026-06-10T07:15:18+08:00,ready_to_ship,ready_to_ship,WH-SYN-EAST,1,piece,synthetic_case_generator
WHE-SYN-B-0153-09,ORD-SYN-B-0153,2026-06-10T07:26:13+08:00,shipped_from_warehouse,shipped_from_warehouse,WH-SYN-EAST,1,piece,synthetic_case_generator
WHE-SYN-B-0154-01,ORD-SYN-B-0154,2026-06-09T13:14:31+08:00,order_received,order_received,WH-SYN-EAST,3,piece,synthetic_case_generator
WHE-SYN-B-0154-02,ORD-SYN-B-0154,2026-06-09T19:03:47+08:00,picking_started,picking_started,WH-SYN-EAST,3,piece,synthetic_case_generator
WHE-SYN-B-0154-03,ORD-SYN-B-0154,2026-06-09T22:21:34+08:00,picking_completed,picking_completed,WH-SYN-EAST,3,piece,synthetic_case_generator
WHE-SYN-B-0154-04,ORD-SYN-B-0154,2026-06-10T00:37:33+08:00,quality_check_started,quality_check_started,WH-SYN-EAST,3,piece,synthetic_case_generator
WHE-SYN-B-0154-05,ORD-SYN-B-0154,2026-06-10T03:10:20+08:00,quality_check_completed,quality_check_completed,WH-SYN-EAST,3,piece,synthetic_case_generator
WHE-SYN-B-0154-06,ORD-SYN-B-0154,2026-06-10T03:20:54+08:00,packing_started,packing_started,WH-SYN-EAST,3,piece,synthetic_case_generator
WHE-SYN-B-0154-07,ORD-SYN-B-0154,2026-06-10T06:52:30+08:00,packing_completed,packing_completed,WH-SYN-EAST,3,piece,synthetic_case_generator
WHE-SYN-B-0154-08,ORD-SYN-B-0154,2026-06-10T07:11:07+08:00,ready_to_ship,ready_to_ship,WH-SYN-EAST,3,piece,synthetic_case_generator
WHE-SYN-B-0154-09,ORD-SYN-B-0154,2026-06-10T07:20:38+08:00,shipped_from_warehouse,shipped_from_warehouse,WH-SYN-EAST,3,piece,synthetic_case_generator
WHE-SYN-B-0155-01,ORD-SYN-B-0155,2026-06-09T13:45:28+08:00,order_received,order_received,WH-SYN-WEST,2,piece,synthetic_case_generator
WHE-SYN-B-0155-02,ORD-SYN-B-0155,2026-06-09T20:19:30+08:00,picking_started,picking_started,WH-SYN-WEST,2,piece,synthetic_case_generator
WHE-SYN-B-0155-03,ORD-SYN-B-0155,2026-06-09T23:51:25+08:00,picking_completed,picking_completed,WH-SYN-WEST,2,piece,synthetic_case_generator
WHE-SYN-B-0155-04,ORD-SYN-B-0155,2026-06-10T02:58:24+08:00,quality_check_started,quality_check_started,WH-SYN-WEST,2,piece,synthetic_case_generator
WHE-SYN-B-0155-05,ORD-SYN-B-0155,2026-06-10T04:46:57+08:00,quality_check_completed,quality_check_completed,WH-SYN-WEST,2,piece,synthetic_case_generator
WHE-SYN-B-0155-06,ORD-SYN-B-0155,2026-06-10T04:55:36+08:00,packing_started,packing_started,WH-SYN-WEST,2,piece,synthetic_case_generator
WHE-SYN-B-0155-07,ORD-SYN-B-0155,2026-06-10T07:29:31+08:00,packing_completed,packing_completed,WH-SYN-WEST,2,piece,synthetic_case_generator
WHE-SYN-B-0155-08,ORD-SYN-B-0155,2026-06-10T07:39:04+08:00,ready_to_ship,ready_to_ship,WH-SYN-WEST,2,piece,synthetic_case_generator
WHE-SYN-B-0155-09,ORD-SYN-B-0155,2026-06-10T07:49:10+08:00,shipped_from_warehouse,shipped_from_warehouse,WH-SYN-WEST,2,piece,synthetic_case_generator
WHE-SYN-B-0156-01,ORD-SYN-B-0156,2026-06-09T14:10:03+08:00,order_received,order_received,WH-SYN-WEST,5,piece,synthetic_case_generator
WHE-SYN-B-0156-02,ORD-SYN-B-0156,2026-06-09T20:15:51+08:00,picking_started,picking_started,WH-SYN-WEST,5,piece,synthetic_case_generator
WHE-SYN-B-0156-03,ORD-SYN-B-0156,2026-06-10T00:08:36+08:00,picking_completed,picking_completed,WH-SYN-WEST,5,piece,synthetic_case_generator
WHE-SYN-B-0156-04,ORD-SYN-B-0156,2026-06-10T02:57:36+08:00,quality_check_started,quality_check_started,WH-SYN-WEST,5,piece,synthetic_case_generator
WHE-SYN-B-0156-05,ORD-SYN-B-0156,2026-06-10T05:10:12+08:00,quality_check_completed,quality_check_completed,WH-SYN-WEST,5,piece,synthetic_case_generator
WHE-SYN-B-0156-06,ORD-SYN-B-0156,2026-06-10T05:16:59+08:00,packing_started,packing_started,WH-SYN-WEST,5,piece,synthetic_case_generator
WHE-SYN-B-0156-07,ORD-SYN-B-0156,2026-06-10T08:36:54+08:00,packing_completed,packing_completed,WH-SYN-WEST,5,piece,synthetic_case_generator
WHE-SYN-B-0156-08,ORD-SYN-B-0156,2026-06-10T08:55:53+08:00,ready_to_ship,ready_to_ship,WH-SYN-WEST,5,piece,synthetic_case_generator
WHE-SYN-B-0156-09,ORD-SYN-B-0156,2026-06-10T09:00:38+08:00,shipped_from_warehouse,shipped_from_warehouse,WH-SYN-WEST,5,piece,synthetic_case_generator
WHE-SYN-B-0157-01,ORD-SYN-B-0157,2026-06-09T13:38:10+08:00,order_received,order_received,WH-SYN-WEST,3,piece,synthetic_case_generator
WHE-SYN-B-0157-02,ORD-SYN-B-0157,2026-06-09T19:49:58+08:00,picking_started,picking_started,WH-SYN-WEST,3,piece,synthetic_case_generator
WHE-SYN-B-0157-03,ORD-SYN-B-0157,2026-06-09T23:38:05+08:00,picking_completed,picking_completed,WH-SYN-WEST,3,piece,synthetic_case_generator
WHE-SYN-B-0157-04,ORD-SYN-B-0157,2026-06-10T02:45:04+08:00,quality_check_started,quality_check_started,WH-SYN-WEST,3,piece,synthetic_case_generator
WHE-SYN-B-0157-05,ORD-SYN-B-0157,2026-06-10T04:54:36+08:00,quality_check_completed,quality_check_completed,WH-SYN-WEST,3,piece,synthetic_case_generator
WHE-SYN-B-0157-06,ORD-SYN-B-0157,2026-06-10T05:04:29+08:00,packing_started,packing_started,WH-SYN-WEST,3,piece,synthetic_case_generator
WHE-SYN-B-0157-07,ORD-SYN-B-0157,2026-06-10T08:02:13+08:00,packing_completed,packing_completed,WH-SYN-WEST,3,piece,synthetic_case_generator
WHE-SYN-B-0157-08,ORD-SYN-B-0157,2026-06-10T08:29:11+08:00,ready_to_ship,ready_to_ship,WH-SYN-WEST,3,piece,synthetic_case_generator
WHE-SYN-B-0157-09,ORD-SYN-B-0157,2026-06-10T08:36:14+08:00,shipped_from_warehouse,shipped_from_warehouse,WH-SYN-WEST,3,piece,synthetic_case_generator
WHE-SYN-B-0158-01,ORD-SYN-B-0158,2026-06-09T13:56:58+08:00,order_received,order_received,WH-SYN-WEST,2,piece,synthetic_case_generator
WHE-SYN-B-0158-02,ORD-SYN-B-0158,2026-06-09T19:24:08+08:00,picking_started,picking_started,WH-SYN-WEST,2,piece,synthetic_case_generator
WHE-SYN-B-0158-03,ORD-SYN-B-0158,2026-06-09T23:15:07+08:00,picking_completed,picking_completed,WH-SYN-WEST,2,piece,synthetic_case_generator
WHE-SYN-B-0158-04,ORD-SYN-B-0158,2026-06-10T02:38:33+08:00,quality_check_started,quality_check_started,WH-SYN-WEST,2,piece,synthetic_case_generator
WHE-SYN-B-0158-05,ORD-SYN-B-0158,2026-06-10T05:00:15+08:00,quality_check_completed,quality_check_completed,WH-SYN-WEST,2,piece,synthetic_case_generator
WHE-SYN-B-0158-06,ORD-SYN-B-0158,2026-06-10T05:05:40+08:00,packing_started,packing_started,WH-SYN-WEST,2,piece,synthetic_case_generator
WHE-SYN-B-0158-07,ORD-SYN-B-0158,2026-06-10T08:30:48+08:00,packing_completed,packing_completed,WH-SYN-WEST,2,piece,synthetic_case_generator
WHE-SYN-B-0158-08,ORD-SYN-B-0158,2026-06-10T08:58:22+08:00,ready_to_ship,ready_to_ship,WH-SYN-WEST,2,piece,synthetic_case_generator
WHE-SYN-B-0158-09,ORD-SYN-B-0158,2026-06-10T09:05:11+08:00,shipped_from_warehouse,shipped_from_warehouse,WH-SYN-WEST,2,piece,synthetic_case_generator
WHE-SYN-B-0159-01,ORD-SYN-B-0159,2026-06-09T13:12:27+08:00,order_received,order_received,WH-SYN-EAST,1,piece,synthetic_case_generator
WHE-SYN-B-0159-02,ORD-SYN-B-0159,2026-06-09T19:46:27+08:00,picking_started,picking_started,WH-SYN-EAST,1,piece,synthetic_case_generator
WHE-SYN-B-0159-03,ORD-SYN-B-0159,2026-06-09T22:37:19+08:00,picking_completed,picking_completed,WH-SYN-EAST,1,piece,synthetic_case_generator
WHE-SYN-B-0159-04,ORD-SYN-B-0159,2026-06-10T01:22:13+08:00,quality_check_started,quality_check_started,WH-SYN-EAST,1,piece,synthetic_case_generator
WHE-SYN-B-0159-05,ORD-SYN-B-0159,2026-06-10T03:24:47+08:00,quality_check_completed,quality_check_completed,WH-SYN-EAST,1,piece,synthetic_case_generator
WHE-SYN-B-0159-06,ORD-SYN-B-0159,2026-06-10T03:29:02+08:00,packing_started,packing_started,WH-SYN-EAST,1,piece,synthetic_case_generator
WHE-SYN-B-0159-07,ORD-SYN-B-0159,2026-06-10T06:08:43+08:00,packing_completed,packing_completed,WH-SYN-EAST,1,piece,synthetic_case_generator
WHE-SYN-B-0159-08,ORD-SYN-B-0159,2026-06-10T06:36:59+08:00,ready_to_ship,ready_to_ship,WH-SYN-EAST,1,piece,synthetic_case_generator
WHE-SYN-B-0159-09,ORD-SYN-B-0159,2026-06-10T06:44:55+08:00,shipped_from_warehouse,shipped_from_warehouse,WH-SYN-EAST,1,piece,synthetic_case_generator
WHE-SYN-B-0160-01,ORD-SYN-B-0160,2026-06-09T13:48:32+08:00,order_received,order_received,WH-SYN-EAST,2,piece,synthetic_case_generator
WHE-SYN-B-0160-02,ORD-SYN-B-0160,2026-06-09T20:14:35+08:00,picking_started,picking_started,WH-SYN-EAST,2,piece,synthetic_case_generator
WHE-SYN-B-0160-03,ORD-SYN-B-0160,2026-06-09T23:44:29+08:00,picking_completed,picking_completed,WH-SYN-EAST,2,piece,synthetic_case_generator
WHE-SYN-B-0160-04,ORD-SYN-B-0160,2026-06-10T02:51:48+08:00,quality_check_started,quality_check_started,WH-SYN-EAST,2,piece,synthetic_case_generator
WHE-SYN-B-0160-05,ORD-SYN-B-0160,2026-06-10T04:48:50+08:00,quality_check_completed,quality_check_completed,WH-SYN-EAST,2,piece,synthetic_case_generator
WHE-SYN-B-0160-06,ORD-SYN-B-0160,2026-06-10T04:54:17+08:00,packing_started,packing_started,WH-SYN-EAST,2,piece,synthetic_case_generator
WHE-SYN-B-0160-07,ORD-SYN-B-0160,2026-06-10T08:19:17+08:00,packing_completed,packing_completed,WH-SYN-EAST,2,piece,synthetic_case_generator
WHE-SYN-B-0160-08,ORD-SYN-B-0160,2026-06-10T08:34:26+08:00,ready_to_ship,ready_to_ship,WH-SYN-EAST,2,piece,synthetic_case_generator
WHE-SYN-B-0160-09,ORD-SYN-B-0160,2026-06-10T08:44:34+08:00,shipped_from_warehouse,shipped_from_warehouse,WH-SYN-EAST,2,piece,synthetic_case_generator
WHE-SYN-B-0161-01,ORD-SYN-B-0161,2026-06-09T14:15:28+08:00,order_received,order_received,WH-SYN-EAST,5,piece,synthetic_case_generator
WHE-SYN-B-0161-02,ORD-SYN-B-0161,2026-06-09T19:21:51+08:00,picking_started,picking_started,WH-SYN-EAST,5,piece,synthetic_case_generator
WHE-SYN-B-0161-03,ORD-SYN-B-0161,2026-06-09T22:51:15+08:00,picking_completed,picking_completed,WH-SYN-EAST,5,piece,synthetic_case_generator
WHE-SYN-B-0161-04,ORD-SYN-B-0161,2026-06-10T01:09:04+08:00,quality_check_started,quality_check_started,WH-SYN-EAST,5,piece,synthetic_case_generator
WHE-SYN-B-0161-05,ORD-SYN-B-0161,2026-06-10T03:18:46+08:00,quality_check_completed,quality_check_completed,WH-SYN-EAST,5,piece,synthetic_case_generator
WHE-SYN-B-0161-06,ORD-SYN-B-0161,2026-06-10T03:26:24+08:00,packing_started,packing_started,WH-SYN-EAST,5,piece,synthetic_case_generator
WHE-SYN-B-0161-07,ORD-SYN-B-0161,2026-06-10T07:12:57+08:00,packing_completed,packing_completed,WH-SYN-EAST,5,piece,synthetic_case_generator
WHE-SYN-B-0161-08,ORD-SYN-B-0161,2026-06-10T07:37:40+08:00,ready_to_ship,ready_to_ship,WH-SYN-EAST,5,piece,synthetic_case_generator
WHE-SYN-B-0161-09,ORD-SYN-B-0161,2026-06-10T07:44:37+08:00,shipped_from_warehouse,shipped_from_warehouse,WH-SYN-EAST,5,piece,synthetic_case_generator
WHE-SYN-B-0162-01,ORD-SYN-B-0162,2026-06-09T13:32:30+08:00,order_received,order_received,WH-SYN-WEST,5,piece,synthetic_case_generator
WHE-SYN-B-0162-02,ORD-SYN-B-0162,2026-06-09T20:17:16+08:00,picking_started,picking_started,WH-SYN-WEST,5,piece,synthetic_case_generator
WHE-SYN-B-0162-03,ORD-SYN-B-0162,2026-06-10T00:11:41+08:00,picking_completed,picking_completed,WH-SYN-WEST,5,piece,synthetic_case_generator
WHE-SYN-B-0162-04,ORD-SYN-B-0162,2026-06-10T02:39:41+08:00,quality_check_started,quality_check_started,WH-SYN-WEST,5,piece,synthetic_case_generator
WHE-SYN-B-0162-05,ORD-SYN-B-0162,2026-06-10T04:47:38+08:00,quality_check_completed,quality_check_completed,WH-SYN-WEST,5,piece,synthetic_case_generator
WHE-SYN-B-0162-06,ORD-SYN-B-0162,2026-06-10T04:57:10+08:00,packing_started,packing_started,WH-SYN-WEST,5,piece,synthetic_case_generator
WHE-SYN-B-0162-07,ORD-SYN-B-0162,2026-06-10T07:52:42+08:00,packing_completed,packing_completed,WH-SYN-WEST,5,piece,synthetic_case_generator
WHE-SYN-B-0162-08,ORD-SYN-B-0162,2026-06-10T08:02:28+08:00,ready_to_ship,ready_to_ship,WH-SYN-WEST,5,piece,synthetic_case_generator
WHE-SYN-B-0162-09,ORD-SYN-B-0162,2026-06-10T08:12:09+08:00,shipped_from_warehouse,shipped_from_warehouse,WH-SYN-WEST,5,piece,synthetic_case_generator
WHE-SYN-B-0163-01,ORD-SYN-B-0163,2026-06-09T14:03:38+08:00,order_received,order_received,WH-SYN-EAST,3,piece,synthetic_case_generator
WHE-SYN-B-0163-02,ORD-SYN-B-0163,2026-06-09T20:53:27+08:00,picking_started,picking_started,WH-SYN-EAST,3,piece,synthetic_case_generator
WHE-SYN-B-0163-03,ORD-SYN-B-0163,2026-06-10T00:15:16+08:00,picking_completed,picking_completed,WH-SYN-EAST,3,piece,synthetic_case_generator
WHE-SYN-B-0163-04,ORD-SYN-B-0163,2026-06-10T02:41:19+08:00,quality_check_started,quality_check_started,WH-SYN-EAST,3,piece,synthetic_case_generator
WHE-SYN-B-0163-05,ORD-SYN-B-0163,2026-06-10T05:14:37+08:00,quality_check_completed,quality_check_completed,WH-SYN-EAST,3,piece,synthetic_case_generator
WHE-SYN-B-0163-06,ORD-SYN-B-0163,2026-06-10T05:23:03+08:00,packing_started,packing_started,WH-SYN-EAST,3,piece,synthetic_case_generator
WHE-SYN-B-0163-07,ORD-SYN-B-0163,2026-06-10T08:14:16+08:00,packing_completed,packing_completed,WH-SYN-EAST,3,piece,synthetic_case_generator
WHE-SYN-B-0163-08,ORD-SYN-B-0163,2026-06-10T08:37:48+08:00,ready_to_ship,ready_to_ship,WH-SYN-EAST,3,piece,synthetic_case_generator
WHE-SYN-B-0163-09,ORD-SYN-B-0163,2026-06-10T08:40:52+08:00,shipped_from_warehouse,shipped_from_warehouse,WH-SYN-EAST,3,piece,synthetic_case_generator
WHE-SYN-B-0164-01,ORD-SYN-B-0164,2026-06-09T13:26:37+08:00,order_received,order_received,WH-SYN-WEST,3,piece,synthetic_case_generator
WHE-SYN-B-0164-02,ORD-SYN-B-0164,2026-06-09T20:01:31+08:00,picking_started,picking_started,WH-SYN-WEST,3,piece,synthetic_case_generator
WHE-SYN-B-0164-03,ORD-SYN-B-0164,2026-06-09T23:25:47+08:00,picking_completed,picking_completed,WH-SYN-WEST,3,piece,synthetic_case_generator
WHE-SYN-B-0164-04,ORD-SYN-B-0164,2026-06-10T02:35:32+08:00,quality_check_started,quality_check_started,WH-SYN-WEST,3,piece,synthetic_case_generator
WHE-SYN-B-0164-05,ORD-SYN-B-0164,2026-06-10T04:38:22+08:00,quality_check_completed,quality_check_completed,WH-SYN-WEST,3,piece,synthetic_case_generator
WHE-SYN-B-0164-06,ORD-SYN-B-0164,2026-06-10T04:46:29+08:00,packing_started,packing_started,WH-SYN-WEST,3,piece,synthetic_case_generator
WHE-SYN-B-0164-07,ORD-SYN-B-0164,2026-06-10T08:02:29+08:00,packing_completed,packing_completed,WH-SYN-WEST,3,piece,synthetic_case_generator
WHE-SYN-B-0164-08,ORD-SYN-B-0164,2026-06-10T08:29:45+08:00,ready_to_ship,ready_to_ship,WH-SYN-WEST,3,piece,synthetic_case_generator
WHE-SYN-B-0164-09,ORD-SYN-B-0164,2026-06-10T08:34:50+08:00,shipped_from_warehouse,shipped_from_warehouse,WH-SYN-WEST,3,piece,synthetic_case_generator
WHE-SYN-B-0165-01,ORD-SYN-B-0165,2026-06-09T13:38:42+08:00,order_received,order_received,WH-SYN-EAST,5,piece,synthetic_case_generator
WHE-SYN-B-0165-02,ORD-SYN-B-0165,2026-06-09T20:26:30+08:00,picking_started,picking_started,WH-SYN-EAST,5,piece,synthetic_case_generator
WHE-SYN-B-0165-03,ORD-SYN-B-0165,2026-06-09T23:34:01+08:00,picking_completed,picking_completed,WH-SYN-EAST,5,piece,synthetic_case_generator
WHE-SYN-B-0165-04,ORD-SYN-B-0165,2026-06-10T02:23:54+08:00,quality_check_started,quality_check_started,WH-SYN-EAST,5,piece,synthetic_case_generator
WHE-SYN-B-0165-05,ORD-SYN-B-0165,2026-06-10T04:41:51+08:00,quality_check_completed,quality_check_completed,WH-SYN-EAST,5,piece,synthetic_case_generator
WHE-SYN-B-0165-06,ORD-SYN-B-0165,2026-06-10T04:45:00+08:00,packing_started,packing_started,WH-SYN-EAST,5,piece,synthetic_case_generator
WHE-SYN-B-0165-07,ORD-SYN-B-0165,2026-06-10T07:44:00+08:00,packing_completed,packing_completed,WH-SYN-EAST,5,piece,synthetic_case_generator
WHE-SYN-B-0165-08,ORD-SYN-B-0165,2026-06-10T07:57:44+08:00,ready_to_ship,ready_to_ship,WH-SYN-EAST,5,piece,synthetic_case_generator
WHE-SYN-B-0165-09,ORD-SYN-B-0165,2026-06-10T08:07:42+08:00,shipped_from_warehouse,shipped_from_warehouse,WH-SYN-EAST,5,piece,synthetic_case_generator
WHE-SYN-B-0166-01,ORD-SYN-B-0166,2026-06-09T14:03:35+08:00,order_received,order_received,WH-SYN-EAST,3,piece,synthetic_case_generator
WHE-SYN-B-0166-02,ORD-SYN-B-0166,2026-06-09T20:41:00+08:00,picking_started,picking_started,WH-SYN-EAST,3,piece,synthetic_case_generator
WHE-SYN-B-0166-03,ORD-SYN-B-0166,2026-06-09T23:46:16+08:00,picking_completed,picking_completed,WH-SYN-EAST,3,piece,synthetic_case_generator
WHE-SYN-B-0166-04,ORD-SYN-B-0166,2026-06-10T03:03:06+08:00,quality_check_started,quality_check_started,WH-SYN-EAST,3,piece,synthetic_case_generator
WHE-SYN-B-0166-05,ORD-SYN-B-0166,2026-06-10T05:14:08+08:00,quality_check_completed,quality_check_completed,WH-SYN-EAST,3,piece,synthetic_case_generator
WHE-SYN-B-0166-06,ORD-SYN-B-0166,2026-06-10T05:26:08+08:00,packing_started,packing_started,WH-SYN-EAST,3,piece,synthetic_case_generator
WHE-SYN-B-0166-07,ORD-SYN-B-0166,2026-06-10T08:39:51+08:00,packing_completed,packing_completed,WH-SYN-EAST,3,piece,synthetic_case_generator
WHE-SYN-B-0166-08,ORD-SYN-B-0166,2026-06-10T09:07:03+08:00,ready_to_ship,ready_to_ship,WH-SYN-EAST,3,piece,synthetic_case_generator
WHE-SYN-B-0166-09,ORD-SYN-B-0166,2026-06-10T09:18:18+08:00,shipped_from_warehouse,shipped_from_warehouse,WH-SYN-EAST,3,piece,synthetic_case_generator
WHE-SYN-B-0167-01,ORD-SYN-B-0167,2026-06-09T13:33:07+08:00,order_received,order_received,WH-SYN-EAST,3,piece,synthetic_case_generator
WHE-SYN-B-0167-02,ORD-SYN-B-0167,2026-06-09T20:06:20+08:00,picking_started,picking_started,WH-SYN-EAST,3,piece,synthetic_case_generator
WHE-SYN-B-0167-03,ORD-SYN-B-0167,2026-06-09T23:52:34+08:00,picking_completed,picking_completed,WH-SYN-EAST,3,piece,synthetic_case_generator
WHE-SYN-B-0167-04,ORD-SYN-B-0167,2026-06-10T02:27:28+08:00,quality_check_started,quality_check_started,WH-SYN-EAST,3,piece,synthetic_case_generator
WHE-SYN-B-0167-05,ORD-SYN-B-0167,2026-06-10T04:42:05+08:00,quality_check_completed,quality_check_completed,WH-SYN-EAST,3,piece,synthetic_case_generator
WHE-SYN-B-0167-06,ORD-SYN-B-0167,2026-06-10T04:45:36+08:00,packing_started,packing_started,WH-SYN-EAST,3,piece,synthetic_case_generator
WHE-SYN-B-0167-07,ORD-SYN-B-0167,2026-06-10T08:33:03+08:00,packing_completed,packing_completed,WH-SYN-EAST,3,piece,synthetic_case_generator
WHE-SYN-B-0167-08,ORD-SYN-B-0167,2026-06-10T08:53:24+08:00,ready_to_ship,ready_to_ship,WH-SYN-EAST,3,piece,synthetic_case_generator
WHE-SYN-B-0167-09,ORD-SYN-B-0167,2026-06-10T09:01:51+08:00,shipped_from_warehouse,shipped_from_warehouse,WH-SYN-EAST,3,piece,synthetic_case_generator
WHE-SYN-B-0168-01,ORD-SYN-B-0168,2026-06-09T14:00:49+08:00,order_received,order_received,WH-SYN-EAST,2,piece,synthetic_case_generator
WHE-SYN-B-0168-02,ORD-SYN-B-0168,2026-06-09T19:47:12+08:00,picking_started,picking_started,WH-SYN-EAST,2,piece,synthetic_case_generator
WHE-SYN-B-0168-03,ORD-SYN-B-0168,2026-06-09T22:46:31+08:00,picking_completed,picking_completed,WH-SYN-EAST,2,piece,synthetic_case_generator
WHE-SYN-B-0168-04,ORD-SYN-B-0168,2026-06-10T02:07:07+08:00,quality_check_started,quality_check_started,WH-SYN-EAST,2,piece,synthetic_case_generator
WHE-SYN-B-0168-05,ORD-SYN-B-0168,2026-06-10T04:14:53+08:00,quality_check_completed,quality_check_completed,WH-SYN-EAST,2,piece,synthetic_case_generator
WHE-SYN-B-0168-06,ORD-SYN-B-0168,2026-06-10T04:23:51+08:00,packing_started,packing_started,WH-SYN-EAST,2,piece,synthetic_case_generator
WHE-SYN-B-0168-07,ORD-SYN-B-0168,2026-06-10T07:32:23+08:00,packing_completed,packing_completed,WH-SYN-EAST,2,piece,synthetic_case_generator
WHE-SYN-B-0168-08,ORD-SYN-B-0168,2026-06-10T07:59:33+08:00,ready_to_ship,ready_to_ship,WH-SYN-EAST,2,piece,synthetic_case_generator
WHE-SYN-B-0168-09,ORD-SYN-B-0168,2026-06-10T08:04:06+08:00,shipped_from_warehouse,shipped_from_warehouse,WH-SYN-EAST,2,piece,synthetic_case_generator
WHE-SYN-B-0169-01,ORD-SYN-B-0169,2026-06-09T13:16:24+08:00,order_received,order_received,WH-SYN-EAST,2,piece,synthetic_case_generator
WHE-SYN-B-0169-02,ORD-SYN-B-0169,2026-06-09T18:41:40+08:00,picking_started,picking_started,WH-SYN-EAST,2,piece,synthetic_case_generator
WHE-SYN-B-0169-03,ORD-SYN-B-0169,2026-06-09T21:56:19+08:00,picking_completed,picking_completed,WH-SYN-EAST,2,piece,synthetic_case_generator
WHE-SYN-B-0169-04,ORD-SYN-B-0169,2026-06-10T00:29:51+08:00,quality_check_started,quality_check_started,WH-SYN-EAST,2,piece,synthetic_case_generator
WHE-SYN-B-0169-05,ORD-SYN-B-0169,2026-06-10T02:26:36+08:00,quality_check_completed,quality_check_completed,WH-SYN-EAST,2,piece,synthetic_case_generator
WHE-SYN-B-0169-06,ORD-SYN-B-0169,2026-06-10T02:37:33+08:00,packing_started,packing_started,WH-SYN-EAST,2,piece,synthetic_case_generator
WHE-SYN-B-0169-07,ORD-SYN-B-0169,2026-06-10T05:33:12+08:00,packing_completed,packing_completed,WH-SYN-EAST,2,piece,synthetic_case_generator
WHE-SYN-B-0169-08,ORD-SYN-B-0169,2026-06-10T05:54:49+08:00,ready_to_ship,ready_to_ship,WH-SYN-EAST,2,piece,synthetic_case_generator
WHE-SYN-B-0169-09,ORD-SYN-B-0169,2026-06-10T06:00:23+08:00,shipped_from_warehouse,shipped_from_warehouse,WH-SYN-EAST,2,piece,synthetic_case_generator
WHE-SYN-B-0170-01,ORD-SYN-B-0170,2026-06-09T13:49:28+08:00,order_received,order_received,WH-SYN-EAST,5,piece,synthetic_case_generator
WHE-SYN-B-0170-02,ORD-SYN-B-0170,2026-06-09T20:18:35+08:00,picking_started,picking_started,WH-SYN-EAST,5,piece,synthetic_case_generator
WHE-SYN-B-0170-03,ORD-SYN-B-0170,2026-06-10T00:14:10+08:00,picking_completed,picking_completed,WH-SYN-EAST,5,piece,synthetic_case_generator
WHE-SYN-B-0170-04,ORD-SYN-B-0170,2026-06-10T02:27:03+08:00,quality_check_started,quality_check_started,WH-SYN-EAST,5,piece,synthetic_case_generator
WHE-SYN-B-0170-05,ORD-SYN-B-0170,2026-06-10T04:54:46+08:00,quality_check_completed,quality_check_completed,WH-SYN-EAST,5,piece,synthetic_case_generator
WHE-SYN-B-0170-06,ORD-SYN-B-0170,2026-06-10T05:03:56+08:00,packing_started,packing_started,WH-SYN-EAST,5,piece,synthetic_case_generator
WHE-SYN-B-0170-07,ORD-SYN-B-0170,2026-06-10T08:00:29+08:00,packing_completed,packing_completed,WH-SYN-EAST,5,piece,synthetic_case_generator
WHE-SYN-B-0170-08,ORD-SYN-B-0170,2026-06-10T08:23:04+08:00,ready_to_ship,ready_to_ship,WH-SYN-EAST,5,piece,synthetic_case_generator
WHE-SYN-B-0170-09,ORD-SYN-B-0170,2026-06-10T08:33:56+08:00,shipped_from_warehouse,shipped_from_warehouse,WH-SYN-EAST,5,piece,synthetic_case_generator
WHE-SYN-B-0171-01,ORD-SYN-B-0171,2026-06-09T14:03:42+08:00,order_received,order_received,WH-SYN-WEST,1,piece,synthetic_case_generator
WHE-SYN-B-0171-02,ORD-SYN-B-0171,2026-06-09T20:38:07+08:00,picking_started,picking_started,WH-SYN-WEST,1,piece,synthetic_case_generator
WHE-SYN-B-0171-03,ORD-SYN-B-0171,2026-06-10T00:30:14+08:00,picking_completed,picking_completed,WH-SYN-WEST,1,piece,synthetic_case_generator
WHE-SYN-B-0171-04,ORD-SYN-B-0171,2026-06-10T03:09:01+08:00,quality_check_started,quality_check_started,WH-SYN-WEST,1,piece,synthetic_case_generator
WHE-SYN-B-0171-05,ORD-SYN-B-0171,2026-06-10T05:31:04+08:00,quality_check_completed,quality_check_completed,WH-SYN-WEST,1,piece,synthetic_case_generator
WHE-SYN-B-0171-06,ORD-SYN-B-0171,2026-06-10T05:39:28+08:00,packing_started,packing_started,WH-SYN-WEST,1,piece,synthetic_case_generator
WHE-SYN-B-0171-07,ORD-SYN-B-0171,2026-06-10T08:30:46+08:00,packing_completed,packing_completed,WH-SYN-WEST,1,piece,synthetic_case_generator
WHE-SYN-B-0171-08,ORD-SYN-B-0171,2026-06-10T08:40:28+08:00,ready_to_ship,ready_to_ship,WH-SYN-WEST,1,piece,synthetic_case_generator
WHE-SYN-B-0171-09,ORD-SYN-B-0171,2026-06-10T08:45:16+08:00,shipped_from_warehouse,shipped_from_warehouse,WH-SYN-WEST,1,piece,synthetic_case_generator
WHE-SYN-B-0172-01,ORD-SYN-B-0172,2026-06-09T13:22:47+08:00,order_received,order_received,WH-SYN-EAST,3,piece,synthetic_case_generator
WHE-SYN-B-0172-02,ORD-SYN-B-0172,2026-06-09T18:14:47+08:00,picking_started,picking_started,WH-SYN-EAST,3,piece,synthetic_case_generator
WHE-SYN-B-0172-03,ORD-SYN-B-0172,2026-06-09T22:20:48+08:00,picking_completed,picking_completed,WH-SYN-EAST,3,piece,synthetic_case_generator
WHE-SYN-B-0172-04,ORD-SYN-B-0172,2026-06-10T01:06:45+08:00,quality_check_started,quality_check_started,WH-SYN-EAST,3,piece,synthetic_case_generator
WHE-SYN-B-0172-05,ORD-SYN-B-0172,2026-06-10T03:28:19+08:00,quality_check_completed,quality_check_completed,WH-SYN-EAST,3,piece,synthetic_case_generator
WHE-SYN-B-0172-06,ORD-SYN-B-0172,2026-06-10T03:38:06+08:00,packing_started,packing_started,WH-SYN-EAST,3,piece,synthetic_case_generator
WHE-SYN-B-0172-07,ORD-SYN-B-0172,2026-06-10T07:21:12+08:00,packing_completed,packing_completed,WH-SYN-EAST,3,piece,synthetic_case_generator
WHE-SYN-B-0172-08,ORD-SYN-B-0172,2026-06-10T07:33:22+08:00,ready_to_ship,ready_to_ship,WH-SYN-EAST,3,piece,synthetic_case_generator
WHE-SYN-B-0172-09,ORD-SYN-B-0172,2026-06-10T07:42:43+08:00,shipped_from_warehouse,shipped_from_warehouse,WH-SYN-EAST,3,piece,synthetic_case_generator
WHE-SYN-B-0173-01,ORD-SYN-B-0173,2026-06-09T13:54:43+08:00,order_received,order_received,WH-SYN-EAST,4,piece,synthetic_case_generator
WHE-SYN-B-0173-02,ORD-SYN-B-0173,2026-06-09T19:50:54+08:00,picking_started,picking_started,WH-SYN-EAST,4,piece,synthetic_case_generator
WHE-SYN-B-0173-03,ORD-SYN-B-0173,2026-06-09T23:26:12+08:00,picking_completed,picking_completed,WH-SYN-EAST,4,piece,synthetic_case_generator
WHE-SYN-B-0173-04,ORD-SYN-B-0173,2026-06-10T02:23:01+08:00,quality_check_started,quality_check_started,WH-SYN-EAST,4,piece,synthetic_case_generator
WHE-SYN-B-0173-05,ORD-SYN-B-0173,2026-06-10T04:38:18+08:00,quality_check_completed,quality_check_completed,WH-SYN-EAST,4,piece,synthetic_case_generator
WHE-SYN-B-0173-06,ORD-SYN-B-0173,2026-06-10T04:46:42+08:00,packing_started,packing_started,WH-SYN-EAST,4,piece,synthetic_case_generator
WHE-SYN-B-0173-07,ORD-SYN-B-0173,2026-06-10T08:18:25+08:00,packing_completed,packing_completed,WH-SYN-EAST,4,piece,synthetic_case_generator
WHE-SYN-B-0173-08,ORD-SYN-B-0173,2026-06-10T08:39:05+08:00,ready_to_ship,ready_to_ship,WH-SYN-EAST,4,piece,synthetic_case_generator
WHE-SYN-B-0173-09,ORD-SYN-B-0173,2026-06-10T08:44:32+08:00,shipped_from_warehouse,shipped_from_warehouse,WH-SYN-EAST,4,piece,synthetic_case_generator
WHE-SYN-B-0174-01,ORD-SYN-B-0174,2026-06-09T13:23:24+08:00,order_received,order_received,WH-SYN-WEST,5,piece,synthetic_case_generator
WHE-SYN-B-0174-02,ORD-SYN-B-0174,2026-06-09T18:33:19+08:00,picking_started,picking_started,WH-SYN-WEST,5,piece,synthetic_case_generator
WHE-SYN-B-0174-03,ORD-SYN-B-0174,2026-06-09T22:15:37+08:00,picking_completed,picking_completed,WH-SYN-WEST,5,piece,synthetic_case_generator
WHE-SYN-B-0174-04,ORD-SYN-B-0174,2026-06-10T00:37:35+08:00,quality_check_started,quality_check_started,WH-SYN-WEST,5,piece,synthetic_case_generator
WHE-SYN-B-0174-05,ORD-SYN-B-0174,2026-06-10T02:39:37+08:00,quality_check_completed,quality_check_completed,WH-SYN-WEST,5,piece,synthetic_case_generator
WHE-SYN-B-0174-06,ORD-SYN-B-0174,2026-06-10T02:43:33+08:00,packing_started,packing_started,WH-SYN-WEST,5,piece,synthetic_case_generator
WHE-SYN-B-0174-07,ORD-SYN-B-0174,2026-06-10T06:08:04+08:00,packing_completed,packing_completed,WH-SYN-WEST,5,piece,synthetic_case_generator
WHE-SYN-B-0174-08,ORD-SYN-B-0174,2026-06-10T06:33:12+08:00,ready_to_ship,ready_to_ship,WH-SYN-WEST,5,piece,synthetic_case_generator
WHE-SYN-B-0174-09,ORD-SYN-B-0174,2026-06-10T06:37:48+08:00,shipped_from_warehouse,shipped_from_warehouse,WH-SYN-WEST,5,piece,synthetic_case_generator
WHE-SYN-B-0175-01,ORD-SYN-B-0175,2026-06-09T13:45:25+08:00,order_received,order_received,WH-SYN-EAST,1,piece,synthetic_case_generator
WHE-SYN-B-0175-02,ORD-SYN-B-0175,2026-06-09T19:39:53+08:00,picking_started,picking_started,WH-SYN-EAST,1,piece,synthetic_case_generator
WHE-SYN-B-0175-03,ORD-SYN-B-0175,2026-06-09T23:16:21+08:00,picking_completed,picking_completed,WH-SYN-EAST,1,piece,synthetic_case_generator
WHE-SYN-B-0175-04,ORD-SYN-B-0175,2026-06-10T01:51:43+08:00,quality_check_started,quality_check_started,WH-SYN-EAST,1,piece,synthetic_case_generator
WHE-SYN-B-0175-05,ORD-SYN-B-0175,2026-06-10T03:50:13+08:00,quality_check_completed,quality_check_completed,WH-SYN-EAST,1,piece,synthetic_case_generator
WHE-SYN-B-0175-06,ORD-SYN-B-0175,2026-06-10T04:02:03+08:00,packing_started,packing_started,WH-SYN-EAST,1,piece,synthetic_case_generator
WHE-SYN-B-0175-07,ORD-SYN-B-0175,2026-06-10T06:55:03+08:00,packing_completed,packing_completed,WH-SYN-EAST,1,piece,synthetic_case_generator
WHE-SYN-B-0175-08,ORD-SYN-B-0175,2026-06-10T07:21:19+08:00,ready_to_ship,ready_to_ship,WH-SYN-EAST,1,piece,synthetic_case_generator
WHE-SYN-B-0175-09,ORD-SYN-B-0175,2026-06-10T07:24:44+08:00,shipped_from_warehouse,shipped_from_warehouse,WH-SYN-EAST,1,piece,synthetic_case_generator
WHE-SYN-B-0176-01,ORD-SYN-B-0176,2026-06-09T14:01:05+08:00,order_received,order_received,WH-SYN-EAST,3,piece,synthetic_case_generator
WHE-SYN-B-0176-02,ORD-SYN-B-0176,2026-06-09T18:59:37+08:00,picking_started,picking_started,WH-SYN-EAST,3,piece,synthetic_case_generator
WHE-SYN-B-0176-03,ORD-SYN-B-0176,2026-06-09T22:51:13+08:00,picking_completed,picking_completed,WH-SYN-EAST,3,piece,synthetic_case_generator
WHE-SYN-B-0176-04,ORD-SYN-B-0176,2026-06-10T01:42:19+08:00,quality_check_started,quality_check_started,WH-SYN-EAST,3,piece,synthetic_case_generator
WHE-SYN-B-0176-05,ORD-SYN-B-0176,2026-06-10T03:42:15+08:00,quality_check_completed,quality_check_completed,WH-SYN-EAST,3,piece,synthetic_case_generator
WHE-SYN-B-0176-06,ORD-SYN-B-0176,2026-06-10T03:52:54+08:00,packing_started,packing_started,WH-SYN-EAST,3,piece,synthetic_case_generator
WHE-SYN-B-0176-07,ORD-SYN-B-0176,2026-06-10T06:35:06+08:00,packing_completed,packing_completed,WH-SYN-EAST,3,piece,synthetic_case_generator
WHE-SYN-B-0176-08,ORD-SYN-B-0176,2026-06-10T07:01:48+08:00,ready_to_ship,ready_to_ship,WH-SYN-EAST,3,piece,synthetic_case_generator
WHE-SYN-B-0176-09,ORD-SYN-B-0176,2026-06-10T07:08:14+08:00,shipped_from_warehouse,shipped_from_warehouse,WH-SYN-EAST,3,piece,synthetic_case_generator
WHE-SYN-B-0177-01,ORD-SYN-B-0177,2026-06-09T13:24:33+08:00,order_received,order_received,WH-SYN-EAST,3,piece,synthetic_case_generator
WHE-SYN-B-0177-02,ORD-SYN-B-0177,2026-06-09T19:29:18+08:00,picking_started,picking_started,WH-SYN-EAST,3,piece,synthetic_case_generator
WHE-SYN-B-0177-03,ORD-SYN-B-0177,2026-06-09T22:29:12+08:00,picking_completed,picking_completed,WH-SYN-EAST,3,piece,synthetic_case_generator
WHE-SYN-B-0177-04,ORD-SYN-B-0177,2026-06-10T00:53:01+08:00,quality_check_started,quality_check_started,WH-SYN-EAST,3,piece,synthetic_case_generator
WHE-SYN-B-0177-05,ORD-SYN-B-0177,2026-06-10T03:06:52+08:00,quality_check_completed,quality_check_completed,WH-SYN-EAST,3,piece,synthetic_case_generator
WHE-SYN-B-0177-06,ORD-SYN-B-0177,2026-06-10T03:10:31+08:00,packing_started,packing_started,WH-SYN-EAST,3,piece,synthetic_case_generator
WHE-SYN-B-0177-07,ORD-SYN-B-0177,2026-06-10T06:26:39+08:00,packing_completed,packing_completed,WH-SYN-EAST,3,piece,synthetic_case_generator
WHE-SYN-B-0177-08,ORD-SYN-B-0177,2026-06-10T06:42:40+08:00,ready_to_ship,ready_to_ship,WH-SYN-EAST,3,piece,synthetic_case_generator
WHE-SYN-B-0177-09,ORD-SYN-B-0177,2026-06-10T06:47:41+08:00,shipped_from_warehouse,shipped_from_warehouse,WH-SYN-EAST,3,piece,synthetic_case_generator
WHE-SYN-B-0178-01,ORD-SYN-B-0178,2026-06-09T13:58:32+08:00,order_received,order_received,WH-SYN-EAST,4,piece,synthetic_case_generator
WHE-SYN-B-0178-02,ORD-SYN-B-0178,2026-06-09T20:38:16+08:00,picking_started,picking_started,WH-SYN-EAST,4,piece,synthetic_case_generator
WHE-SYN-B-0178-03,ORD-SYN-B-0178,2026-06-09T23:45:58+08:00,picking_completed,picking_completed,WH-SYN-EAST,4,piece,synthetic_case_generator
WHE-SYN-B-0178-04,ORD-SYN-B-0178,2026-06-10T02:39:07+08:00,quality_check_started,quality_check_started,WH-SYN-EAST,4,piece,synthetic_case_generator
WHE-SYN-B-0178-05,ORD-SYN-B-0178,2026-06-10T05:10:54+08:00,quality_check_completed,quality_check_completed,WH-SYN-EAST,4,piece,synthetic_case_generator
WHE-SYN-B-0178-06,ORD-SYN-B-0178,2026-06-10T05:14:53+08:00,packing_started,packing_started,WH-SYN-EAST,4,piece,synthetic_case_generator
WHE-SYN-B-0178-07,ORD-SYN-B-0178,2026-06-10T08:41:16+08:00,packing_completed,packing_completed,WH-SYN-EAST,4,piece,synthetic_case_generator
WHE-SYN-B-0178-08,ORD-SYN-B-0178,2026-06-10T09:06:26+08:00,ready_to_ship,ready_to_ship,WH-SYN-EAST,4,piece,synthetic_case_generator
WHE-SYN-B-0178-09,ORD-SYN-B-0178,2026-06-10T09:16:18+08:00,shipped_from_warehouse,shipped_from_warehouse,WH-SYN-EAST,4,piece,synthetic_case_generator
WHE-SYN-B-0179-01,ORD-SYN-B-0179,2026-06-09T13:22:32+08:00,order_received,order_received,WH-SYN-EAST,3,piece,synthetic_case_generator
WHE-SYN-B-0179-02,ORD-SYN-B-0179,2026-06-09T18:46:35+08:00,picking_started,picking_started,WH-SYN-EAST,3,piece,synthetic_case_generator
WHE-SYN-B-0179-03,ORD-SYN-B-0179,2026-06-09T21:35:37+08:00,picking_completed,picking_completed,WH-SYN-EAST,3,piece,synthetic_case_generator
WHE-SYN-B-0179-04,ORD-SYN-B-0179,2026-06-09T23:57:44+08:00,quality_check_started,quality_check_started,WH-SYN-EAST,3,piece,synthetic_case_generator
WHE-SYN-B-0179-05,ORD-SYN-B-0179,2026-06-10T02:01:35+08:00,quality_check_completed,quality_check_completed,WH-SYN-EAST,3,piece,synthetic_case_generator
WHE-SYN-B-0179-06,ORD-SYN-B-0179,2026-06-10T02:09:01+08:00,packing_started,packing_started,WH-SYN-EAST,3,piece,synthetic_case_generator
WHE-SYN-B-0179-07,ORD-SYN-B-0179,2026-06-10T05:36:13+08:00,packing_completed,packing_completed,WH-SYN-EAST,3,piece,synthetic_case_generator
WHE-SYN-B-0179-08,ORD-SYN-B-0179,2026-06-10T05:51:46+08:00,ready_to_ship,ready_to_ship,WH-SYN-EAST,3,piece,synthetic_case_generator
WHE-SYN-B-0179-09,ORD-SYN-B-0179,2026-06-10T06:03:19+08:00,shipped_from_warehouse,shipped_from_warehouse,WH-SYN-EAST,3,piece,synthetic_case_generator
WHE-SYN-B-0180-01,ORD-SYN-B-0180,2026-06-09T13:48:12+08:00,order_received,order_received,WH-SYN-EAST,4,piece,synthetic_case_generator
WHE-SYN-B-0180-02,ORD-SYN-B-0180,2026-06-09T19:56:00+08:00,picking_started,picking_started,WH-SYN-EAST,4,piece,synthetic_case_generator
WHE-SYN-B-0180-03,ORD-SYN-B-0180,2026-06-09T23:05:14+08:00,picking_completed,picking_completed,WH-SYN-EAST,4,piece,synthetic_case_generator
WHE-SYN-B-0180-04,ORD-SYN-B-0180,2026-06-10T01:22:26+08:00,quality_check_started,quality_check_started,WH-SYN-EAST,4,piece,synthetic_case_generator
WHE-SYN-B-0180-05,ORD-SYN-B-0180,2026-06-10T03:20:29+08:00,quality_check_completed,quality_check_completed,WH-SYN-EAST,4,piece,synthetic_case_generator
WHE-SYN-B-0180-06,ORD-SYN-B-0180,2026-06-10T03:30:44+08:00,packing_started,packing_started,WH-SYN-EAST,4,piece,synthetic_case_generator
WHE-SYN-B-0180-07,ORD-SYN-B-0180,2026-06-10T06:40:45+08:00,packing_completed,packing_completed,WH-SYN-EAST,4,piece,synthetic_case_generator
WHE-SYN-B-0180-08,ORD-SYN-B-0180,2026-06-10T06:55:15+08:00,ready_to_ship,ready_to_ship,WH-SYN-EAST,4,piece,synthetic_case_generator
WHE-SYN-B-0180-09,ORD-SYN-B-0180,2026-06-10T07:04:43+08:00,shipped_from_warehouse,shipped_from_warehouse,WH-SYN-EAST,4,piece,synthetic_case_generator
WHE-SYN-B-0181-01,ORD-SYN-B-0181,2026-06-09T13:59:28+08:00,order_received,order_received,WH-SYN-EAST,4,piece,synthetic_case_generator
WHE-SYN-B-0181-02,ORD-SYN-B-0181,2026-06-09T19:32:00+08:00,picking_started,picking_started,WH-SYN-EAST,4,piece,synthetic_case_generator
WHE-SYN-B-0181-03,ORD-SYN-B-0181,2026-06-09T23:07:44+08:00,picking_completed,picking_completed,WH-SYN-EAST,4,piece,synthetic_case_generator
WHE-SYN-B-0181-04,ORD-SYN-B-0181,2026-06-10T01:44:38+08:00,quality_check_started,quality_check_started,WH-SYN-EAST,4,piece,synthetic_case_generator
WHE-SYN-B-0181-05,ORD-SYN-B-0181,2026-06-10T03:52:25+08:00,quality_check_completed,quality_check_completed,WH-SYN-EAST,4,piece,synthetic_case_generator
WHE-SYN-B-0181-06,ORD-SYN-B-0181,2026-06-10T03:58:59+08:00,packing_started,packing_started,WH-SYN-EAST,4,piece,synthetic_case_generator
WHE-SYN-B-0181-07,ORD-SYN-B-0181,2026-06-10T07:25:00+08:00,packing_completed,packing_completed,WH-SYN-EAST,4,piece,synthetic_case_generator
WHE-SYN-B-0181-08,ORD-SYN-B-0181,2026-06-10T07:43:20+08:00,ready_to_ship,ready_to_ship,WH-SYN-EAST,4,piece,synthetic_case_generator
WHE-SYN-B-0181-09,ORD-SYN-B-0181,2026-06-10T07:49:01+08:00,shipped_from_warehouse,shipped_from_warehouse,WH-SYN-EAST,4,piece,synthetic_case_generator
WHE-SYN-B-0182-01,ORD-SYN-B-0182,2026-06-09T13:28:20+08:00,order_received,order_received,WH-SYN-WEST,4,piece,synthetic_case_generator
WHE-SYN-B-0182-02,ORD-SYN-B-0182,2026-06-09T19:55:43+08:00,picking_started,picking_started,WH-SYN-WEST,4,piece,synthetic_case_generator
WHE-SYN-B-0182-03,ORD-SYN-B-0182,2026-06-09T23:39:40+08:00,picking_completed,picking_completed,WH-SYN-WEST,4,piece,synthetic_case_generator
WHE-SYN-B-0182-04,ORD-SYN-B-0182,2026-06-10T02:53:12+08:00,quality_check_started,quality_check_started,WH-SYN-WEST,4,piece,synthetic_case_generator
WHE-SYN-B-0182-05,ORD-SYN-B-0182,2026-06-10T05:31:21+08:00,quality_check_completed,quality_check_completed,WH-SYN-WEST,4,piece,synthetic_case_generator
WHE-SYN-B-0182-06,ORD-SYN-B-0182,2026-06-10T05:39:19+08:00,packing_started,packing_started,WH-SYN-WEST,4,piece,synthetic_case_generator
WHE-SYN-B-0182-07,ORD-SYN-B-0182,2026-06-10T08:52:05+08:00,packing_completed,packing_completed,WH-SYN-WEST,4,piece,synthetic_case_generator
WHE-SYN-B-0182-08,ORD-SYN-B-0182,2026-06-10T09:13:31+08:00,ready_to_ship,ready_to_ship,WH-SYN-WEST,4,piece,synthetic_case_generator
WHE-SYN-B-0182-09,ORD-SYN-B-0182,2026-06-10T09:17:14+08:00,shipped_from_warehouse,shipped_from_warehouse,WH-SYN-WEST,4,piece,synthetic_case_generator
WHE-SYN-B-0183-01,ORD-SYN-B-0183,2026-06-09T13:50:48+08:00,order_received,order_received,WH-SYN-EAST,4,piece,synthetic_case_generator
WHE-SYN-B-0183-02,ORD-SYN-B-0183,2026-06-09T18:39:08+08:00,picking_started,picking_started,WH-SYN-EAST,4,piece,synthetic_case_generator
WHE-SYN-B-0183-03,ORD-SYN-B-0183,2026-06-09T21:45:38+08:00,picking_completed,picking_completed,WH-SYN-EAST,4,piece,synthetic_case_generator
WHE-SYN-B-0183-04,ORD-SYN-B-0183,2026-06-10T00:52:25+08:00,quality_check_started,quality_check_started,WH-SYN-EAST,4,piece,synthetic_case_generator
WHE-SYN-B-0183-05,ORD-SYN-B-0183,2026-06-10T03:20:40+08:00,quality_check_completed,quality_check_completed,WH-SYN-EAST,4,piece,synthetic_case_generator
WHE-SYN-B-0183-06,ORD-SYN-B-0183,2026-06-10T03:29:17+08:00,packing_started,packing_started,WH-SYN-EAST,4,piece,synthetic_case_generator
WHE-SYN-B-0183-07,ORD-SYN-B-0183,2026-06-10T06:26:14+08:00,packing_completed,packing_completed,WH-SYN-EAST,4,piece,synthetic_case_generator
WHE-SYN-B-0183-08,ORD-SYN-B-0183,2026-06-10T06:44:47+08:00,ready_to_ship,ready_to_ship,WH-SYN-EAST,4,piece,synthetic_case_generator
WHE-SYN-B-0183-09,ORD-SYN-B-0183,2026-06-10T06:55:44+08:00,shipped_from_warehouse,shipped_from_warehouse,WH-SYN-EAST,4,piece,synthetic_case_generator
WHE-SYN-B-0184-01,ORD-SYN-B-0184,2026-06-09T13:18:53+08:00,order_received,order_received,WH-SYN-EAST,1,piece,synthetic_case_generator
WHE-SYN-B-0184-02,ORD-SYN-B-0184,2026-06-09T20:08:47+08:00,picking_started,picking_started,WH-SYN-EAST,1,piece,synthetic_case_generator
WHE-SYN-B-0184-03,ORD-SYN-B-0184,2026-06-09T23:40:19+08:00,picking_completed,picking_completed,WH-SYN-EAST,1,piece,synthetic_case_generator
WHE-SYN-B-0184-04,ORD-SYN-B-0184,2026-06-10T02:06:20+08:00,quality_check_started,quality_check_started,WH-SYN-EAST,1,piece,synthetic_case_generator
WHE-SYN-B-0184-05,ORD-SYN-B-0184,2026-06-10T04:35:01+08:00,quality_check_completed,quality_check_completed,WH-SYN-EAST,1,piece,synthetic_case_generator
WHE-SYN-B-0184-06,ORD-SYN-B-0184,2026-06-10T04:39:57+08:00,packing_started,packing_started,WH-SYN-EAST,1,piece,synthetic_case_generator
WHE-SYN-B-0184-07,ORD-SYN-B-0184,2026-06-10T07:56:10+08:00,packing_completed,packing_completed,WH-SYN-EAST,1,piece,synthetic_case_generator
WHE-SYN-B-0184-08,ORD-SYN-B-0184,2026-06-10T08:08:37+08:00,ready_to_ship,ready_to_ship,WH-SYN-EAST,1,piece,synthetic_case_generator
WHE-SYN-B-0184-09,ORD-SYN-B-0184,2026-06-10T08:14:39+08:00,shipped_from_warehouse,shipped_from_warehouse,WH-SYN-EAST,1,piece,synthetic_case_generator
WHE-SYN-B-0185-01,ORD-SYN-B-0185,2026-06-09T13:44:30+08:00,order_received,order_received,WH-SYN-EAST,2,piece,synthetic_case_generator
WHE-SYN-B-0185-02,ORD-SYN-B-0185,2026-06-09T20:26:30+08:00,picking_started,picking_started,WH-SYN-EAST,2,piece,synthetic_case_generator
WHE-SYN-B-0185-03,ORD-SYN-B-0185,2026-06-09T23:46:14+08:00,picking_completed,picking_completed,WH-SYN-EAST,2,piece,synthetic_case_generator
WHE-SYN-B-0185-04,ORD-SYN-B-0185,2026-06-10T03:09:41+08:00,quality_check_started,quality_check_started,WH-SYN-EAST,2,piece,synthetic_case_generator
WHE-SYN-B-0185-05,ORD-SYN-B-0185,2026-06-10T05:35:22+08:00,quality_check_completed,quality_check_completed,WH-SYN-EAST,2,piece,synthetic_case_generator
WHE-SYN-B-0185-06,ORD-SYN-B-0185,2026-06-10T05:39:03+08:00,packing_started,packing_started,WH-SYN-EAST,2,piece,synthetic_case_generator
WHE-SYN-B-0185-07,ORD-SYN-B-0185,2026-06-10T08:47:43+08:00,packing_completed,packing_completed,WH-SYN-EAST,2,piece,synthetic_case_generator
WHE-SYN-B-0185-08,ORD-SYN-B-0185,2026-06-10T09:11:02+08:00,ready_to_ship,ready_to_ship,WH-SYN-EAST,2,piece,synthetic_case_generator
WHE-SYN-B-0185-09,ORD-SYN-B-0185,2026-06-10T09:16:22+08:00,shipped_from_warehouse,shipped_from_warehouse,WH-SYN-EAST,2,piece,synthetic_case_generator
WHE-SYN-B-0186-01,ORD-SYN-B-0186,2026-06-09T14:07:12+08:00,order_received,order_received,WH-SYN-WEST,5,piece,synthetic_case_generator
WHE-SYN-B-0186-02,ORD-SYN-B-0186,2026-06-09T20:34:23+08:00,picking_started,picking_started,WH-SYN-WEST,5,piece,synthetic_case_generator
WHE-SYN-B-0186-03,ORD-SYN-B-0186,2026-06-10T00:14:55+08:00,picking_completed,picking_completed,WH-SYN-WEST,5,piece,synthetic_case_generator
WHE-SYN-B-0186-04,ORD-SYN-B-0186,2026-06-10T03:25:59+08:00,quality_check_started,quality_check_started,WH-SYN-WEST,5,piece,synthetic_case_generator
WHE-SYN-B-0186-05,ORD-SYN-B-0186,2026-06-10T06:03:01+08:00,quality_check_completed,quality_check_completed,WH-SYN-WEST,5,piece,synthetic_case_generator
WHE-SYN-B-0186-06,ORD-SYN-B-0186,2026-06-10T06:09:47+08:00,packing_started,packing_started,WH-SYN-WEST,5,piece,synthetic_case_generator
WHE-SYN-B-0186-07,ORD-SYN-B-0186,2026-06-10T09:18:54+08:00,packing_completed,packing_completed,WH-SYN-WEST,5,piece,synthetic_case_generator
WHE-SYN-B-0186-08,ORD-SYN-B-0186,2026-06-10T09:37:31+08:00,ready_to_ship,ready_to_ship,WH-SYN-WEST,5,piece,synthetic_case_generator
WHE-SYN-B-0186-09,ORD-SYN-B-0186,2026-06-10T09:43:38+08:00,shipped_from_warehouse,shipped_from_warehouse,WH-SYN-WEST,5,piece,synthetic_case_generator
WHE-SYN-B-0187-01,ORD-SYN-B-0187,2026-06-09T13:23:47+08:00,order_received,order_received,WH-SYN-EAST,5,piece,synthetic_case_generator
WHE-SYN-B-0187-02,ORD-SYN-B-0187,2026-06-09T19:29:58+08:00,picking_started,picking_started,WH-SYN-EAST,5,piece,synthetic_case_generator
WHE-SYN-B-0187-03,ORD-SYN-B-0187,2026-06-09T23:38:39+08:00,picking_completed,picking_completed,WH-SYN-EAST,5,piece,synthetic_case_generator
WHE-SYN-B-0187-04,ORD-SYN-B-0187,2026-06-10T02:53:01+08:00,quality_check_started,quality_check_started,WH-SYN-EAST,5,piece,synthetic_case_generator
WHE-SYN-B-0187-05,ORD-SYN-B-0187,2026-06-10T04:58:38+08:00,quality_check_completed,quality_check_completed,WH-SYN-EAST,5,piece,synthetic_case_generator
WHE-SYN-B-0187-06,ORD-SYN-B-0187,2026-06-10T05:04:56+08:00,packing_started,packing_started,WH-SYN-EAST,5,piece,synthetic_case_generator
WHE-SYN-B-0187-07,ORD-SYN-B-0187,2026-06-10T08:06:20+08:00,packing_completed,packing_completed,WH-SYN-EAST,5,piece,synthetic_case_generator
WHE-SYN-B-0187-08,ORD-SYN-B-0187,2026-06-10T08:33:58+08:00,ready_to_ship,ready_to_ship,WH-SYN-EAST,5,piece,synthetic_case_generator
WHE-SYN-B-0187-09,ORD-SYN-B-0187,2026-06-10T08:42:05+08:00,shipped_from_warehouse,shipped_from_warehouse,WH-SYN-EAST,5,piece,synthetic_case_generator
WHE-SYN-B-0188-01,ORD-SYN-B-0188,2026-06-10T13:14:23+08:00,order_received,order_received,WH-SYN-EAST,3,piece,synthetic_case_generator
WHE-SYN-B-0188-02,ORD-SYN-B-0188,2026-06-10T13:55:38+08:00,picking_started,picking_started,WH-SYN-EAST,3,piece,synthetic_case_generator
WHE-SYN-B-0188-03,ORD-SYN-B-0188,2026-06-10T14:45:47+08:00,picking_completed,picking_completed,WH-SYN-EAST,3,piece,synthetic_case_generator
WHE-SYN-B-0188-04,ORD-SYN-B-0188,2026-06-10T15:06:47+08:00,quality_check_started,quality_check_started,WH-SYN-EAST,3,piece,synthetic_case_generator
WHE-SYN-B-0188-05,ORD-SYN-B-0188,2026-06-10T15:28:20+08:00,quality_check_completed,quality_check_completed,WH-SYN-EAST,3,piece,synthetic_case_generator
WHE-SYN-B-0188-06,ORD-SYN-B-0188,2026-06-10T15:32:02+08:00,packing_started,packing_started,WH-SYN-EAST,3,piece,synthetic_case_generator
WHE-SYN-B-0188-07,ORD-SYN-B-0188,2026-06-10T16:14:21+08:00,packing_completed,packing_completed,WH-SYN-EAST,3,piece,synthetic_case_generator
WHE-SYN-B-0188-08,ORD-SYN-B-0188,2026-06-10T16:36:45+08:00,ready_to_ship,ready_to_ship,WH-SYN-EAST,3,piece,synthetic_case_generator
WHE-SYN-B-0188-09,ORD-SYN-B-0188,2026-06-10T16:40:51+08:00,shipped_from_warehouse,shipped_from_warehouse,WH-SYN-EAST,3,piece,synthetic_case_generator
WHE-SYN-B-0189-01,ORD-SYN-B-0189,2026-06-10T15:27:24+08:00,order_received,order_received,WH-SYN-EAST,4,piece,synthetic_case_generator
WHE-SYN-B-0189-02,ORD-SYN-B-0189,2026-06-10T16:04:51+08:00,picking_started,picking_started,WH-SYN-EAST,4,piece,synthetic_case_generator
WHE-SYN-B-0189-03,ORD-SYN-B-0189,2026-06-10T16:48:08+08:00,picking_completed,picking_completed,WH-SYN-EAST,4,piece,synthetic_case_generator
WHE-SYN-B-0189-04,ORD-SYN-B-0189,2026-06-10T17:11:55+08:00,quality_check_started,quality_check_started,WH-SYN-EAST,4,piece,synthetic_case_generator
WHE-SYN-B-0189-05,ORD-SYN-B-0189,2026-06-10T17:34:30+08:00,quality_check_completed,quality_check_completed,WH-SYN-EAST,4,piece,synthetic_case_generator
WHE-SYN-B-0189-06,ORD-SYN-B-0189,2026-06-10T17:42:59+08:00,packing_started,packing_started,WH-SYN-EAST,4,piece,synthetic_case_generator
WHE-SYN-B-0189-07,ORD-SYN-B-0189,2026-06-10T18:14:13+08:00,packing_completed,packing_completed,WH-SYN-EAST,4,piece,synthetic_case_generator
WHE-SYN-B-0189-08,ORD-SYN-B-0189,2026-06-10T18:23:46+08:00,ready_to_ship,ready_to_ship,WH-SYN-EAST,4,piece,synthetic_case_generator
WHE-SYN-B-0189-09,ORD-SYN-B-0189,2026-06-10T18:32:10+08:00,shipped_from_warehouse,shipped_from_warehouse,WH-SYN-EAST,4,piece,synthetic_case_generator
WHE-SYN-B-0190-01,ORD-SYN-B-0190,2026-06-10T18:57:51+08:00,order_received,order_received,WH-SYN-EAST,3,piece,synthetic_case_generator
WHE-SYN-B-0190-02,ORD-SYN-B-0190,2026-06-10T19:33:30+08:00,picking_started,picking_started,WH-SYN-EAST,3,piece,synthetic_case_generator
WHE-SYN-B-0190-03,ORD-SYN-B-0190,2026-06-10T20:25:25+08:00,picking_completed,picking_completed,WH-SYN-EAST,3,piece,synthetic_case_generator
WHE-SYN-B-0190-04,ORD-SYN-B-0190,2026-06-10T20:55:35+08:00,quality_check_started,quality_check_started,WH-SYN-EAST,3,piece,synthetic_case_generator
WHE-SYN-B-0190-05,ORD-SYN-B-0190,2026-06-10T21:18:42+08:00,quality_check_completed,quality_check_completed,WH-SYN-EAST,3,piece,synthetic_case_generator
WHE-SYN-B-0190-06,ORD-SYN-B-0190,2026-06-10T21:29:55+08:00,packing_started,packing_started,WH-SYN-EAST,3,piece,synthetic_case_generator
WHE-SYN-B-0190-07,ORD-SYN-B-0190,2026-06-10T22:01:43+08:00,packing_completed,packing_completed,WH-SYN-EAST,3,piece,synthetic_case_generator
WHE-SYN-B-0190-08,ORD-SYN-B-0190,2026-06-10T22:26:45+08:00,ready_to_ship,ready_to_ship,WH-SYN-EAST,3,piece,synthetic_case_generator
WHE-SYN-B-0190-09,ORD-SYN-B-0190,2026-06-10T22:32:01+08:00,shipped_from_warehouse,shipped_from_warehouse,WH-SYN-EAST,3,piece,synthetic_case_generator
WHE-SYN-B-0191-01,ORD-SYN-B-0191,2026-06-10T10:24:26+08:00,order_received,order_received,WH-SYN-WEST,5,piece,synthetic_case_generator
WHE-SYN-B-0191-02,ORD-SYN-B-0191,2026-06-10T11:16:50+08:00,picking_started,picking_started,WH-SYN-WEST,5,piece,synthetic_case_generator
WHE-SYN-B-0191-03,ORD-SYN-B-0191,2026-06-10T12:00:24+08:00,picking_completed,picking_completed,WH-SYN-WEST,5,piece,synthetic_case_generator
WHE-SYN-B-0191-04,ORD-SYN-B-0191,2026-06-10T12:27:50+08:00,quality_check_started,quality_check_started,WH-SYN-WEST,5,piece,synthetic_case_generator
WHE-SYN-B-0191-05,ORD-SYN-B-0191,2026-06-10T12:51:50+08:00,quality_check_completed,quality_check_completed,WH-SYN-WEST,5,piece,synthetic_case_generator
WHE-SYN-B-0191-06,ORD-SYN-B-0191,2026-06-10T13:01:35+08:00,packing_started,packing_started,WH-SYN-WEST,5,piece,synthetic_case_generator
WHE-SYN-B-0191-07,ORD-SYN-B-0191,2026-06-10T13:34:01+08:00,packing_completed,packing_completed,WH-SYN-WEST,5,piece,synthetic_case_generator
WHE-SYN-B-0191-08,ORD-SYN-B-0191,2026-06-10T13:53:37+08:00,ready_to_ship,ready_to_ship,WH-SYN-WEST,5,piece,synthetic_case_generator
WHE-SYN-B-0191-09,ORD-SYN-B-0191,2026-06-10T13:59:08+08:00,shipped_from_warehouse,shipped_from_warehouse,WH-SYN-WEST,5,piece,synthetic_case_generator
WHE-SYN-B-0192-01,ORD-SYN-B-0192,2026-06-10T13:49:38+08:00,order_received,order_received,WH-SYN-EAST,4,piece,synthetic_case_generator
WHE-SYN-B-0192-02,ORD-SYN-B-0192,2026-06-10T14:30:21+08:00,picking_started,picking_started,WH-SYN-EAST,4,piece,synthetic_case_generator
WHE-SYN-B-0192-03,ORD-SYN-B-0192,2026-06-10T15:21:21+08:00,picking_completed,picking_completed,WH-SYN-EAST,4,piece,synthetic_case_generator
WHE-SYN-B-0192-04,ORD-SYN-B-0192,2026-06-10T15:42:52+08:00,quality_check_started,quality_check_started,WH-SYN-EAST,4,piece,synthetic_case_generator
WHE-SYN-B-0192-05,ORD-SYN-B-0192,2026-06-10T16:11:14+08:00,quality_check_completed,quality_check_completed,WH-SYN-EAST,4,piece,synthetic_case_generator
WHE-SYN-B-0192-06,ORD-SYN-B-0192,2026-06-10T16:14:57+08:00,packing_started,packing_started,WH-SYN-EAST,4,piece,synthetic_case_generator
WHE-SYN-B-0192-07,ORD-SYN-B-0192,2026-06-10T16:54:22+08:00,packing_completed,packing_completed,WH-SYN-EAST,4,piece,synthetic_case_generator
WHE-SYN-B-0192-08,ORD-SYN-B-0192,2026-06-10T17:15:28+08:00,ready_to_ship,ready_to_ship,WH-SYN-EAST,4,piece,synthetic_case_generator
WHE-SYN-B-0192-09,ORD-SYN-B-0192,2026-06-10T17:22:44+08:00,shipped_from_warehouse,shipped_from_warehouse,WH-SYN-EAST,4,piece,synthetic_case_generator
WHE-SYN-B-0193-01,ORD-SYN-B-0193,2026-06-10T17:04:28+08:00,order_received,order_received,WH-SYN-EAST,2,piece,synthetic_case_generator
WHE-SYN-B-0193-02,ORD-SYN-B-0193,2026-06-10T17:36:11+08:00,picking_started,picking_started,WH-SYN-EAST,2,piece,synthetic_case_generator
WHE-SYN-B-0193-03,ORD-SYN-B-0193,2026-06-10T18:20:02+08:00,picking_completed,picking_completed,WH-SYN-EAST,2,piece,synthetic_case_generator
WHE-SYN-B-0193-04,ORD-SYN-B-0193,2026-06-10T18:50:23+08:00,quality_check_started,quality_check_started,WH-SYN-EAST,2,piece,synthetic_case_generator
WHE-SYN-B-0193-05,ORD-SYN-B-0193,2026-06-10T19:13:46+08:00,quality_check_completed,quality_check_completed,WH-SYN-EAST,2,piece,synthetic_case_generator
WHE-SYN-B-0193-06,ORD-SYN-B-0193,2026-06-10T19:18:03+08:00,packing_started,packing_started,WH-SYN-EAST,2,piece,synthetic_case_generator
WHE-SYN-B-0193-07,ORD-SYN-B-0193,2026-06-10T19:50:01+08:00,packing_completed,packing_completed,WH-SYN-EAST,2,piece,synthetic_case_generator
WHE-SYN-B-0193-08,ORD-SYN-B-0193,2026-06-10T20:13:06+08:00,ready_to_ship,ready_to_ship,WH-SYN-EAST,2,piece,synthetic_case_generator
WHE-SYN-B-0193-09,ORD-SYN-B-0193,2026-06-10T20:16:29+08:00,shipped_from_warehouse,shipped_from_warehouse,WH-SYN-EAST,2,piece,synthetic_case_generator
WHE-SYN-B-0194-01,ORD-SYN-B-0194,2026-06-10T19:27:07+08:00,order_received,order_received,WH-SYN-EAST,1,piece,synthetic_case_generator
WHE-SYN-B-0194-02,ORD-SYN-B-0194,2026-06-10T20:10:21+08:00,picking_started,picking_started,WH-SYN-EAST,1,piece,synthetic_case_generator
WHE-SYN-B-0194-03,ORD-SYN-B-0194,2026-06-10T20:56:48+08:00,picking_completed,picking_completed,WH-SYN-EAST,1,piece,synthetic_case_generator
WHE-SYN-B-0194-04,ORD-SYN-B-0194,2026-06-10T21:18:18+08:00,quality_check_started,quality_check_started,WH-SYN-EAST,1,piece,synthetic_case_generator
WHE-SYN-B-0194-05,ORD-SYN-B-0194,2026-06-10T21:40:20+08:00,quality_check_completed,quality_check_completed,WH-SYN-EAST,1,piece,synthetic_case_generator
WHE-SYN-B-0194-06,ORD-SYN-B-0194,2026-06-10T21:47:07+08:00,packing_started,packing_started,WH-SYN-EAST,1,piece,synthetic_case_generator
WHE-SYN-B-0194-07,ORD-SYN-B-0194,2026-06-10T22:24:02+08:00,packing_completed,packing_completed,WH-SYN-EAST,1,piece,synthetic_case_generator
WHE-SYN-B-0194-08,ORD-SYN-B-0194,2026-06-10T22:52:09+08:00,ready_to_ship,ready_to_ship,WH-SYN-EAST,1,piece,synthetic_case_generator
WHE-SYN-B-0194-09,ORD-SYN-B-0194,2026-06-10T22:57:59+08:00,shipped_from_warehouse,shipped_from_warehouse,WH-SYN-EAST,1,piece,synthetic_case_generator
WHE-SYN-B-0195-01,ORD-SYN-B-0195,2026-06-10T12:07:24+08:00,order_received,order_received,WH-SYN-EAST,1,piece,synthetic_case_generator
WHE-SYN-B-0195-02,ORD-SYN-B-0195,2026-06-10T12:53:57+08:00,picking_started,picking_started,WH-SYN-EAST,1,piece,synthetic_case_generator
WHE-SYN-B-0195-03,ORD-SYN-B-0195,2026-06-10T13:49:36+08:00,picking_completed,picking_completed,WH-SYN-EAST,1,piece,synthetic_case_generator
WHE-SYN-B-0195-04,ORD-SYN-B-0195,2026-06-10T14:18:13+08:00,quality_check_started,quality_check_started,WH-SYN-EAST,1,piece,synthetic_case_generator
WHE-SYN-B-0195-05,ORD-SYN-B-0195,2026-06-10T14:45:54+08:00,quality_check_completed,quality_check_completed,WH-SYN-EAST,1,piece,synthetic_case_generator
WHE-SYN-B-0195-06,ORD-SYN-B-0195,2026-06-10T14:49:42+08:00,packing_started,packing_started,WH-SYN-EAST,1,piece,synthetic_case_generator
WHE-SYN-B-0195-07,ORD-SYN-B-0195,2026-06-10T15:27:33+08:00,packing_completed,packing_completed,WH-SYN-EAST,1,piece,synthetic_case_generator
WHE-SYN-B-0195-08,ORD-SYN-B-0195,2026-06-10T15:48:13+08:00,ready_to_ship,ready_to_ship,WH-SYN-EAST,1,piece,synthetic_case_generator
WHE-SYN-B-0195-09,ORD-SYN-B-0195,2026-06-10T15:57:57+08:00,shipped_from_warehouse,shipped_from_warehouse,WH-SYN-EAST,1,piece,synthetic_case_generator
WHE-SYN-B-0196-01,ORD-SYN-B-0196,2026-06-10T14:14:06+08:00,order_received,order_received,WH-SYN-EAST,5,piece,synthetic_case_generator
WHE-SYN-B-0196-02,ORD-SYN-B-0196,2026-06-10T15:03:25+08:00,picking_started,picking_started,WH-SYN-EAST,5,piece,synthetic_case_generator
WHE-SYN-B-0196-03,ORD-SYN-B-0196,2026-06-10T15:52:34+08:00,picking_completed,picking_completed,WH-SYN-EAST,5,piece,synthetic_case_generator
WHE-SYN-B-0196-04,ORD-SYN-B-0196,2026-06-10T16:18:47+08:00,quality_check_started,quality_check_started,WH-SYN-EAST,5,piece,synthetic_case_generator
WHE-SYN-B-0196-05,ORD-SYN-B-0196,2026-06-10T16:47:45+08:00,quality_check_completed,quality_check_completed,WH-SYN-EAST,5,piece,synthetic_case_generator
WHE-SYN-B-0196-06,ORD-SYN-B-0196,2026-06-10T16:56:50+08:00,packing_started,packing_started,WH-SYN-EAST,5,piece,synthetic_case_generator
WHE-SYN-B-0196-07,ORD-SYN-B-0196,2026-06-10T17:30:45+08:00,packing_completed,packing_completed,WH-SYN-EAST,5,piece,synthetic_case_generator
WHE-SYN-B-0196-08,ORD-SYN-B-0196,2026-06-10T17:55:50+08:00,ready_to_ship,ready_to_ship,WH-SYN-EAST,5,piece,synthetic_case_generator
WHE-SYN-B-0196-09,ORD-SYN-B-0196,2026-06-10T18:02:10+08:00,shipped_from_warehouse,shipped_from_warehouse,WH-SYN-EAST,5,piece,synthetic_case_generator
WHE-SYN-B-0197-01,ORD-SYN-B-0197,2026-06-10T17:42:14+08:00,order_received,order_received,WH-SYN-EAST,2,piece,synthetic_case_generator
WHE-SYN-B-0197-02,ORD-SYN-B-0197,2026-06-10T18:33:13+08:00,picking_started,picking_started,WH-SYN-EAST,2,piece,synthetic_case_generator
WHE-SYN-B-0197-03,ORD-SYN-B-0197,2026-06-10T19:26:11+08:00,picking_completed,picking_completed,WH-SYN-EAST,2,piece,synthetic_case_generator
WHE-SYN-B-0197-04,ORD-SYN-B-0197,2026-06-10T19:57:24+08:00,quality_check_started,quality_check_started,WH-SYN-EAST,2,piece,synthetic_case_generator
WHE-SYN-B-0197-05,ORD-SYN-B-0197,2026-06-10T20:28:22+08:00,quality_check_completed,quality_check_completed,WH-SYN-EAST,2,piece,synthetic_case_generator
WHE-SYN-B-0197-06,ORD-SYN-B-0197,2026-06-10T20:34:53+08:00,packing_started,packing_started,WH-SYN-EAST,2,piece,synthetic_case_generator
WHE-SYN-B-0197-07,ORD-SYN-B-0197,2026-06-10T21:19:03+08:00,packing_completed,packing_completed,WH-SYN-EAST,2,piece,synthetic_case_generator
WHE-SYN-B-0197-08,ORD-SYN-B-0197,2026-06-10T21:36:13+08:00,ready_to_ship,ready_to_ship,WH-SYN-EAST,2,piece,synthetic_case_generator
WHE-SYN-B-0197-09,ORD-SYN-B-0197,2026-06-10T21:43:18+08:00,shipped_from_warehouse,shipped_from_warehouse,WH-SYN-EAST,2,piece,synthetic_case_generator
WHE-SYN-B-0198-01,ORD-SYN-B-0198,2026-06-10T10:07:35+08:00,order_received,order_received,WH-SYN-WEST,4,piece,synthetic_case_generator
WHE-SYN-B-0198-02,ORD-SYN-B-0198,2026-06-10T10:57:55+08:00,picking_started,picking_started,WH-SYN-WEST,4,piece,synthetic_case_generator
WHE-SYN-B-0198-03,ORD-SYN-B-0198,2026-06-10T11:53:41+08:00,picking_completed,picking_completed,WH-SYN-WEST,4,piece,synthetic_case_generator
WHE-SYN-B-0198-04,ORD-SYN-B-0198,2026-06-10T12:19:03+08:00,quality_check_started,quality_check_started,WH-SYN-WEST,4,piece,synthetic_case_generator
WHE-SYN-B-0198-05,ORD-SYN-B-0198,2026-06-10T12:44:30+08:00,quality_check_completed,quality_check_completed,WH-SYN-WEST,4,piece,synthetic_case_generator
WHE-SYN-B-0198-06,ORD-SYN-B-0198,2026-06-10T12:48:31+08:00,packing_started,packing_started,WH-SYN-WEST,4,piece,synthetic_case_generator
WHE-SYN-B-0198-07,ORD-SYN-B-0198,2026-06-10T13:33:07+08:00,packing_completed,packing_completed,WH-SYN-WEST,4,piece,synthetic_case_generator
WHE-SYN-B-0198-08,ORD-SYN-B-0198,2026-06-10T13:57:28+08:00,ready_to_ship,ready_to_ship,WH-SYN-WEST,4,piece,synthetic_case_generator
WHE-SYN-B-0198-09,ORD-SYN-B-0198,2026-06-10T14:07:28+08:00,shipped_from_warehouse,shipped_from_warehouse,WH-SYN-WEST,4,piece,synthetic_case_generator
WHE-SYN-B-0199-01,ORD-SYN-B-0199,2026-06-10T12:41:39+08:00,order_received,order_received,WH-SYN-EAST,4,piece,synthetic_case_generator
WHE-SYN-B-0199-02,ORD-SYN-B-0199,2026-06-10T13:20:44+08:00,picking_started,picking_started,WH-SYN-EAST,4,piece,synthetic_case_generator
WHE-SYN-B-0199-03,ORD-SYN-B-0199,2026-06-10T14:06:42+08:00,picking_completed,picking_completed,WH-SYN-EAST,4,piece,synthetic_case_generator
WHE-SYN-B-0199-04,ORD-SYN-B-0199,2026-06-10T14:33:53+08:00,quality_check_started,quality_check_started,WH-SYN-EAST,4,piece,synthetic_case_generator
WHE-SYN-B-0199-05,ORD-SYN-B-0199,2026-06-10T15:00:33+08:00,quality_check_completed,quality_check_completed,WH-SYN-EAST,4,piece,synthetic_case_generator
WHE-SYN-B-0199-06,ORD-SYN-B-0199,2026-06-10T15:11:37+08:00,packing_started,packing_started,WH-SYN-EAST,4,piece,synthetic_case_generator
WHE-SYN-B-0199-07,ORD-SYN-B-0199,2026-06-10T15:50:30+08:00,packing_completed,packing_completed,WH-SYN-EAST,4,piece,synthetic_case_generator
WHE-SYN-B-0199-08,ORD-SYN-B-0199,2026-06-10T16:14:47+08:00,ready_to_ship,ready_to_ship,WH-SYN-EAST,4,piece,synthetic_case_generator
WHE-SYN-B-0199-09,ORD-SYN-B-0199,2026-06-10T16:24:51+08:00,shipped_from_warehouse,shipped_from_warehouse,WH-SYN-EAST,4,piece,synthetic_case_generator
WHE-SYN-B-0200-01,ORD-SYN-B-0200,2026-06-10T15:51:28+08:00,order_received,order_received,WH-SYN-EAST,5,piece,synthetic_case_generator
WHE-SYN-B-0200-02,ORD-SYN-B-0200,2026-06-10T16:41:40+08:00,picking_started,picking_started,WH-SYN-EAST,5,piece,synthetic_case_generator
WHE-SYN-B-0200-03,ORD-SYN-B-0200,2026-06-10T17:28:13+08:00,picking_completed,picking_completed,WH-SYN-EAST,5,piece,synthetic_case_generator
WHE-SYN-B-0200-04,ORD-SYN-B-0200,2026-06-10T17:52:52+08:00,quality_check_started,quality_check_started,WH-SYN-EAST,5,piece,synthetic_case_generator
WHE-SYN-B-0200-05,ORD-SYN-B-0200,2026-06-10T18:23:11+08:00,quality_check_completed,quality_check_completed,WH-SYN-EAST,5,piece,synthetic_case_generator
WHE-SYN-B-0200-06,ORD-SYN-B-0200,2026-06-10T18:31:21+08:00,packing_started,packing_started,WH-SYN-EAST,5,piece,synthetic_case_generator
WHE-SYN-B-0200-07,ORD-SYN-B-0200,2026-06-10T19:09:42+08:00,packing_completed,packing_completed,WH-SYN-EAST,5,piece,synthetic_case_generator
WHE-SYN-B-0200-08,ORD-SYN-B-0200,2026-06-10T19:22:05+08:00,ready_to_ship,ready_to_ship,WH-SYN-EAST,5,piece,synthetic_case_generator
WHE-SYN-B-0200-09,ORD-SYN-B-0200,2026-06-10T19:29:37+08:00,shipped_from_warehouse,shipped_from_warehouse,WH-SYN-EAST,5,piece,synthetic_case_generator
WHE-SYN-B-0201-01,ORD-SYN-B-0201,2026-06-10T18:21:25+08:00,order_received,order_received,WH-SYN-WEST,4,piece,synthetic_case_generator
WHE-SYN-B-0201-02,ORD-SYN-B-0201,2026-06-10T18:57:22+08:00,picking_started,picking_started,WH-SYN-WEST,4,piece,synthetic_case_generator
WHE-SYN-B-0201-03,ORD-SYN-B-0201,2026-06-10T19:44:01+08:00,picking_completed,picking_completed,WH-SYN-WEST,4,piece,synthetic_case_generator
WHE-SYN-B-0201-04,ORD-SYN-B-0201,2026-06-10T20:11:18+08:00,quality_check_started,quality_check_started,WH-SYN-WEST,4,piece,synthetic_case_generator
WHE-SYN-B-0201-05,ORD-SYN-B-0201,2026-06-10T20:37:55+08:00,quality_check_completed,quality_check_completed,WH-SYN-WEST,4,piece,synthetic_case_generator
WHE-SYN-B-0201-06,ORD-SYN-B-0201,2026-06-10T20:46:18+08:00,packing_started,packing_started,WH-SYN-WEST,4,piece,synthetic_case_generator
WHE-SYN-B-0201-07,ORD-SYN-B-0201,2026-06-10T21:26:03+08:00,packing_completed,packing_completed,WH-SYN-WEST,4,piece,synthetic_case_generator
WHE-SYN-B-0201-08,ORD-SYN-B-0201,2026-06-10T21:43:19+08:00,ready_to_ship,ready_to_ship,WH-SYN-WEST,4,piece,synthetic_case_generator
WHE-SYN-B-0201-09,ORD-SYN-B-0201,2026-06-10T21:48:37+08:00,shipped_from_warehouse,shipped_from_warehouse,WH-SYN-WEST,4,piece,synthetic_case_generator
WHE-SYN-B-0202-01,ORD-SYN-B-0202,2026-06-10T10:52:48+08:00,order_received,order_received,WH-SYN-WEST,2,piece,synthetic_case_generator
WHE-SYN-B-0202-02,ORD-SYN-B-0202,2026-06-10T11:43:44+08:00,picking_started,picking_started,WH-SYN-WEST,2,piece,synthetic_case_generator
WHE-SYN-B-0202-03,ORD-SYN-B-0202,2026-06-10T12:37:05+08:00,picking_completed,picking_completed,WH-SYN-WEST,2,piece,synthetic_case_generator
WHE-SYN-B-0202-04,ORD-SYN-B-0202,2026-06-10T13:05:14+08:00,quality_check_started,quality_check_started,WH-SYN-WEST,2,piece,synthetic_case_generator
WHE-SYN-B-0202-05,ORD-SYN-B-0202,2026-06-10T13:36:58+08:00,quality_check_completed,quality_check_completed,WH-SYN-WEST,2,piece,synthetic_case_generator
WHE-SYN-B-0202-06,ORD-SYN-B-0202,2026-06-10T13:42:53+08:00,packing_started,packing_started,WH-SYN-WEST,2,piece,synthetic_case_generator
WHE-SYN-B-0202-07,ORD-SYN-B-0202,2026-06-10T14:19:57+08:00,packing_completed,packing_completed,WH-SYN-WEST,2,piece,synthetic_case_generator
WHE-SYN-B-0202-08,ORD-SYN-B-0202,2026-06-10T14:44:46+08:00,ready_to_ship,ready_to_ship,WH-SYN-WEST,2,piece,synthetic_case_generator
WHE-SYN-B-0202-09,ORD-SYN-B-0202,2026-06-10T14:48:02+08:00,shipped_from_warehouse,shipped_from_warehouse,WH-SYN-WEST,2,piece,synthetic_case_generator
WHE-SYN-B-0203-01,ORD-SYN-B-0203,2026-06-10T14:15:43+08:00,order_received,order_received,WH-SYN-WEST,1,piece,synthetic_case_generator
WHE-SYN-B-0203-02,ORD-SYN-B-0203,2026-06-10T15:07:40+08:00,picking_started,picking_started,WH-SYN-WEST,1,piece,synthetic_case_generator
WHE-SYN-B-0203-03,ORD-SYN-B-0203,2026-06-10T16:01:21+08:00,picking_completed,picking_completed,WH-SYN-WEST,1,piece,synthetic_case_generator
WHE-SYN-B-0203-04,ORD-SYN-B-0203,2026-06-10T16:32:39+08:00,quality_check_started,quality_check_started,WH-SYN-WEST,1,piece,synthetic_case_generator
WHE-SYN-B-0203-05,ORD-SYN-B-0203,2026-06-10T16:57:39+08:00,quality_check_completed,quality_check_completed,WH-SYN-WEST,1,piece,synthetic_case_generator
WHE-SYN-B-0203-06,ORD-SYN-B-0203,2026-06-10T17:07:17+08:00,packing_started,packing_started,WH-SYN-WEST,1,piece,synthetic_case_generator
WHE-SYN-B-0203-07,ORD-SYN-B-0203,2026-06-10T17:45:55+08:00,packing_completed,packing_completed,WH-SYN-WEST,1,piece,synthetic_case_generator
WHE-SYN-B-0203-08,ORD-SYN-B-0203,2026-06-10T17:57:55+08:00,ready_to_ship,ready_to_ship,WH-SYN-WEST,1,piece,synthetic_case_generator
WHE-SYN-B-0203-09,ORD-SYN-B-0203,2026-06-10T18:08:12+08:00,shipped_from_warehouse,shipped_from_warehouse,WH-SYN-WEST,1,piece,synthetic_case_generator
WHE-SYN-B-0204-01,ORD-SYN-B-0204,2026-06-10T16:31:19+08:00,order_received,order_received,WH-SYN-EAST,3,piece,synthetic_case_generator
WHE-SYN-B-0204-02,ORD-SYN-B-0204,2026-06-10T17:19:06+08:00,picking_started,picking_started,WH-SYN-EAST,3,piece,synthetic_case_generator
WHE-SYN-B-0204-03,ORD-SYN-B-0204,2026-06-10T18:02:56+08:00,picking_completed,picking_completed,WH-SYN-EAST,3,piece,synthetic_case_generator
WHE-SYN-B-0204-04,ORD-SYN-B-0204,2026-06-10T18:27:59+08:00,quality_check_started,quality_check_started,WH-SYN-EAST,3,piece,synthetic_case_generator
WHE-SYN-B-0204-05,ORD-SYN-B-0204,2026-06-10T18:54:59+08:00,quality_check_completed,quality_check_completed,WH-SYN-EAST,3,piece,synthetic_case_generator
WHE-SYN-B-0204-06,ORD-SYN-B-0204,2026-06-10T18:59:22+08:00,packing_started,packing_started,WH-SYN-EAST,3,piece,synthetic_case_generator
WHE-SYN-B-0204-07,ORD-SYN-B-0204,2026-06-10T19:41:52+08:00,packing_completed,packing_completed,WH-SYN-EAST,3,piece,synthetic_case_generator
WHE-SYN-B-0204-08,ORD-SYN-B-0204,2026-06-10T19:53:50+08:00,ready_to_ship,ready_to_ship,WH-SYN-EAST,3,piece,synthetic_case_generator
WHE-SYN-B-0204-09,ORD-SYN-B-0204,2026-06-10T20:05:33+08:00,shipped_from_warehouse,shipped_from_warehouse,WH-SYN-EAST,3,piece,synthetic_case_generator
WHE-SYN-B-0205-01,ORD-SYN-B-0205,2026-06-10T20:07:28+08:00,order_received,order_received,WH-SYN-EAST,4,piece,synthetic_case_generator
WHE-SYN-B-0205-02,ORD-SYN-B-0205,2026-06-10T20:43:26+08:00,picking_started,picking_started,WH-SYN-EAST,4,piece,synthetic_case_generator
WHE-SYN-B-0205-03,ORD-SYN-B-0205,2026-06-10T21:36:17+08:00,picking_completed,picking_completed,WH-SYN-EAST,4,piece,synthetic_case_generator
WHE-SYN-B-0205-04,ORD-SYN-B-0205,2026-06-10T22:03:21+08:00,quality_check_started,quality_check_started,WH-SYN-EAST,4,piece,synthetic_case_generator
WHE-SYN-B-0205-05,ORD-SYN-B-0205,2026-06-10T22:36:18+08:00,quality_check_completed,quality_check_completed,WH-SYN-EAST,4,piece,synthetic_case_generator
WHE-SYN-B-0205-06,ORD-SYN-B-0205,2026-06-10T22:43:06+08:00,packing_started,packing_started,WH-SYN-EAST,4,piece,synthetic_case_generator
WHE-SYN-B-0205-07,ORD-SYN-B-0205,2026-06-10T23:20:06+08:00,packing_completed,packing_completed,WH-SYN-EAST,4,piece,synthetic_case_generator
WHE-SYN-B-0205-08,ORD-SYN-B-0205,2026-06-10T23:40:05+08:00,ready_to_ship,ready_to_ship,WH-SYN-EAST,4,piece,synthetic_case_generator
WHE-SYN-B-0205-09,ORD-SYN-B-0205,2026-06-10T23:49:37+08:00,shipped_from_warehouse,shipped_from_warehouse,WH-SYN-EAST,4,piece,synthetic_case_generator
WHE-SYN-B-0206-01,ORD-SYN-B-0206,2026-06-10T11:29:45+08:00,order_received,order_received,WH-SYN-EAST,3,piece,synthetic_case_generator
WHE-SYN-B-0206-02,ORD-SYN-B-0206,2026-06-10T12:04:48+08:00,picking_started,picking_started,WH-SYN-EAST,3,piece,synthetic_case_generator
WHE-SYN-B-0206-03,ORD-SYN-B-0206,2026-06-10T12:53:22+08:00,picking_completed,picking_completed,WH-SYN-EAST,3,piece,synthetic_case_generator
WHE-SYN-B-0206-04,ORD-SYN-B-0206,2026-06-10T13:25:11+08:00,quality_check_started,quality_check_started,WH-SYN-EAST,3,piece,synthetic_case_generator
WHE-SYN-B-0206-05,ORD-SYN-B-0206,2026-06-10T13:58:05+08:00,quality_check_completed,quality_check_completed,WH-SYN-EAST,3,piece,synthetic_case_generator
WHE-SYN-B-0206-06,ORD-SYN-B-0206,2026-06-10T14:01:33+08:00,packing_started,packing_started,WH-SYN-EAST,3,piece,synthetic_case_generator
WHE-SYN-B-0206-07,ORD-SYN-B-0206,2026-06-10T14:32:24+08:00,packing_completed,packing_completed,WH-SYN-EAST,3,piece,synthetic_case_generator
WHE-SYN-B-0206-08,ORD-SYN-B-0206,2026-06-10T14:41:43+08:00,ready_to_ship,ready_to_ship,WH-SYN-EAST,3,piece,synthetic_case_generator
WHE-SYN-B-0206-09,ORD-SYN-B-0206,2026-06-10T14:48:41+08:00,shipped_from_warehouse,shipped_from_warehouse,WH-SYN-EAST,3,piece,synthetic_case_generator
WHE-SYN-B-0207-01,ORD-SYN-B-0207,2026-06-10T14:51:39+08:00,order_received,order_received,WH-SYN-EAST,5,piece,synthetic_case_generator
WHE-SYN-B-0207-02,ORD-SYN-B-0207,2026-06-10T15:40:54+08:00,picking_started,picking_started,WH-SYN-EAST,5,piece,synthetic_case_generator
WHE-SYN-B-0207-03,ORD-SYN-B-0207,2026-06-10T16:37:22+08:00,picking_completed,picking_completed,WH-SYN-EAST,5,piece,synthetic_case_generator
WHE-SYN-B-0207-04,ORD-SYN-B-0207,2026-06-10T17:02:39+08:00,quality_check_started,quality_check_started,WH-SYN-EAST,5,piece,synthetic_case_generator
WHE-SYN-B-0207-05,ORD-SYN-B-0207,2026-06-10T17:35:38+08:00,quality_check_completed,quality_check_completed,WH-SYN-EAST,5,piece,synthetic_case_generator
WHE-SYN-B-0207-06,ORD-SYN-B-0207,2026-06-10T17:39:34+08:00,packing_started,packing_started,WH-SYN-EAST,5,piece,synthetic_case_generator
WHE-SYN-B-0207-07,ORD-SYN-B-0207,2026-06-10T18:15:46+08:00,packing_completed,packing_completed,WH-SYN-EAST,5,piece,synthetic_case_generator
WHE-SYN-B-0207-08,ORD-SYN-B-0207,2026-06-10T18:30:53+08:00,ready_to_ship,ready_to_ship,WH-SYN-EAST,5,piece,synthetic_case_generator
WHE-SYN-B-0207-09,ORD-SYN-B-0207,2026-06-10T18:40:32+08:00,shipped_from_warehouse,shipped_from_warehouse,WH-SYN-EAST,5,piece,synthetic_case_generator
WHE-SYN-B-0208-01,ORD-SYN-B-0208,2026-06-10T18:19:32+08:00,order_received,order_received,WH-SYN-EAST,5,piece,synthetic_case_generator
WHE-SYN-B-0208-02,ORD-SYN-B-0208,2026-06-10T18:52:53+08:00,picking_started,picking_started,WH-SYN-EAST,5,piece,synthetic_case_generator
WHE-SYN-B-0208-03,ORD-SYN-B-0208,2026-06-10T19:36:13+08:00,picking_completed,picking_completed,WH-SYN-EAST,5,piece,synthetic_case_generator
WHE-SYN-B-0208-04,ORD-SYN-B-0208,2026-06-10T20:02:09+08:00,quality_check_started,quality_check_started,WH-SYN-EAST,5,piece,synthetic_case_generator
WHE-SYN-B-0208-05,ORD-SYN-B-0208,2026-06-10T20:25:25+08:00,quality_check_completed,quality_check_completed,WH-SYN-EAST,5,piece,synthetic_case_generator
WHE-SYN-B-0208-06,ORD-SYN-B-0208,2026-06-10T20:29:52+08:00,packing_started,packing_started,WH-SYN-EAST,5,piece,synthetic_case_generator
WHE-SYN-B-0208-07,ORD-SYN-B-0208,2026-06-10T21:10:28+08:00,packing_completed,packing_completed,WH-SYN-EAST,5,piece,synthetic_case_generator
WHE-SYN-B-0208-08,ORD-SYN-B-0208,2026-06-10T21:31:56+08:00,ready_to_ship,ready_to_ship,WH-SYN-EAST,5,piece,synthetic_case_generator
WHE-SYN-B-0208-09,ORD-SYN-B-0208,2026-06-10T21:42:25+08:00,shipped_from_warehouse,shipped_from_warehouse,WH-SYN-EAST,5,piece,synthetic_case_generator
WHE-SYN-B-0209-01,ORD-SYN-B-0209,2026-06-11T09:37:56+08:00,order_received,order_received,WH-SYN-WEST,2,piece,synthetic_case_generator
WHE-SYN-B-0209-02,ORD-SYN-B-0209,2026-06-11T10:22:16+08:00,picking_started,picking_started,WH-SYN-WEST,2,piece,synthetic_case_generator
WHE-SYN-B-0209-03,ORD-SYN-B-0209,2026-06-11T11:18:23+08:00,picking_completed,picking_completed,WH-SYN-WEST,2,piece,synthetic_case_generator
WHE-SYN-B-0209-04,ORD-SYN-B-0209,2026-06-11T11:45:46+08:00,quality_check_started,quality_check_started,WH-SYN-WEST,2,piece,synthetic_case_generator
WHE-SYN-B-0209-05,ORD-SYN-B-0209,2026-06-11T12:18:21+08:00,quality_check_completed,quality_check_completed,WH-SYN-WEST,2,piece,synthetic_case_generator
WHE-SYN-B-0209-06,ORD-SYN-B-0209,2026-06-11T12:24:58+08:00,packing_started,packing_started,WH-SYN-WEST,2,piece,synthetic_case_generator
WHE-SYN-B-0209-07,ORD-SYN-B-0209,2026-06-11T12:55:12+08:00,packing_completed,packing_completed,WH-SYN-WEST,2,piece,synthetic_case_generator
WHE-SYN-B-0209-08,ORD-SYN-B-0209,2026-06-11T13:14:14+08:00,ready_to_ship,ready_to_ship,WH-SYN-WEST,2,piece,synthetic_case_generator
WHE-SYN-B-0209-09,ORD-SYN-B-0209,2026-06-11T13:21:34+08:00,shipped_from_warehouse,shipped_from_warehouse,WH-SYN-WEST,2,piece,synthetic_case_generator
WHE-SYN-B-0210-01,ORD-SYN-B-0210,2026-06-11T12:59:08+08:00,order_received,order_received,WH-SYN-EAST,3,piece,synthetic_case_generator
WHE-SYN-B-0210-02,ORD-SYN-B-0210,2026-06-11T13:46:04+08:00,picking_started,picking_started,WH-SYN-EAST,3,piece,synthetic_case_generator
WHE-SYN-B-0210-03,ORD-SYN-B-0210,2026-06-11T14:34:22+08:00,picking_completed,picking_completed,WH-SYN-EAST,3,piece,synthetic_case_generator
WHE-SYN-B-0210-04,ORD-SYN-B-0210,2026-06-11T15:01:07+08:00,quality_check_started,quality_check_started,WH-SYN-EAST,3,piece,synthetic_case_generator
WHE-SYN-B-0210-05,ORD-SYN-B-0210,2026-06-11T15:31:28+08:00,quality_check_completed,quality_check_completed,WH-SYN-EAST,3,piece,synthetic_case_generator
WHE-SYN-B-0210-06,ORD-SYN-B-0210,2026-06-11T15:39:39+08:00,packing_started,packing_started,WH-SYN-EAST,3,piece,synthetic_case_generator
WHE-SYN-B-0210-07,ORD-SYN-B-0210,2026-06-11T16:13:41+08:00,packing_completed,packing_completed,WH-SYN-EAST,3,piece,synthetic_case_generator
WHE-SYN-B-0210-08,ORD-SYN-B-0210,2026-06-11T16:38:24+08:00,ready_to_ship,ready_to_ship,WH-SYN-EAST,3,piece,synthetic_case_generator
WHE-SYN-B-0210-09,ORD-SYN-B-0210,2026-06-11T16:45:01+08:00,shipped_from_warehouse,shipped_from_warehouse,WH-SYN-EAST,3,piece,synthetic_case_generator
WHE-SYN-B-0211-01,ORD-SYN-B-0211,2026-06-11T15:32:33+08:00,order_received,order_received,WH-SYN-EAST,4,piece,synthetic_case_generator
WHE-SYN-B-0211-02,ORD-SYN-B-0211,2026-06-11T16:26:28+08:00,picking_started,picking_started,WH-SYN-EAST,4,piece,synthetic_case_generator
WHE-SYN-B-0211-03,ORD-SYN-B-0211,2026-06-11T17:11:35+08:00,picking_completed,picking_completed,WH-SYN-EAST,4,piece,synthetic_case_generator
WHE-SYN-B-0211-04,ORD-SYN-B-0211,2026-06-11T17:35:24+08:00,quality_check_started,quality_check_started,WH-SYN-EAST,4,piece,synthetic_case_generator
WHE-SYN-B-0211-05,ORD-SYN-B-0211,2026-06-11T17:57:40+08:00,quality_check_completed,quality_check_completed,WH-SYN-EAST,4,piece,synthetic_case_generator
WHE-SYN-B-0211-06,ORD-SYN-B-0211,2026-06-11T18:05:21+08:00,packing_started,packing_started,WH-SYN-EAST,4,piece,synthetic_case_generator
WHE-SYN-B-0211-07,ORD-SYN-B-0211,2026-06-11T18:49:01+08:00,packing_completed,packing_completed,WH-SYN-EAST,4,piece,synthetic_case_generator
WHE-SYN-B-0211-08,ORD-SYN-B-0211,2026-06-11T19:14:38+08:00,ready_to_ship,ready_to_ship,WH-SYN-EAST,4,piece,synthetic_case_generator
WHE-SYN-B-0211-09,ORD-SYN-B-0211,2026-06-11T19:17:57+08:00,shipped_from_warehouse,shipped_from_warehouse,WH-SYN-EAST,4,piece,synthetic_case_generator
WHE-SYN-B-0212-01,ORD-SYN-B-0212,2026-06-11T18:52:03+08:00,order_received,order_received,WH-SYN-WEST,4,piece,synthetic_case_generator
WHE-SYN-B-0212-02,ORD-SYN-B-0212,2026-06-11T19:26:04+08:00,picking_started,picking_started,WH-SYN-WEST,4,piece,synthetic_case_generator
WHE-SYN-B-0212-03,ORD-SYN-B-0212,2026-06-11T20:18:03+08:00,picking_completed,picking_completed,WH-SYN-WEST,4,piece,synthetic_case_generator
WHE-SYN-B-0212-04,ORD-SYN-B-0212,2026-06-11T20:40:45+08:00,quality_check_started,quality_check_started,WH-SYN-WEST,4,piece,synthetic_case_generator
WHE-SYN-B-0212-05,ORD-SYN-B-0212,2026-06-11T21:11:15+08:00,quality_check_completed,quality_check_completed,WH-SYN-WEST,4,piece,synthetic_case_generator
WHE-SYN-B-0212-06,ORD-SYN-B-0212,2026-06-11T21:14:23+08:00,packing_started,packing_started,WH-SYN-WEST,4,piece,synthetic_case_generator
WHE-SYN-B-0212-07,ORD-SYN-B-0212,2026-06-11T21:52:29+08:00,packing_completed,packing_completed,WH-SYN-WEST,4,piece,synthetic_case_generator
WHE-SYN-B-0212-08,ORD-SYN-B-0212,2026-06-11T22:08:03+08:00,ready_to_ship,ready_to_ship,WH-SYN-WEST,4,piece,synthetic_case_generator
WHE-SYN-B-0212-09,ORD-SYN-B-0212,2026-06-11T22:13:56+08:00,shipped_from_warehouse,shipped_from_warehouse,WH-SYN-WEST,4,piece,synthetic_case_generator
WHE-SYN-B-0213-01,ORD-SYN-B-0213,2026-06-11T11:22:15+08:00,order_received,order_received,WH-SYN-EAST,1,piece,synthetic_case_generator
WHE-SYN-B-0213-02,ORD-SYN-B-0213,2026-06-11T12:04:47+08:00,picking_started,picking_started,WH-SYN-EAST,1,piece,synthetic_case_generator
WHE-SYN-B-0213-03,ORD-SYN-B-0213,2026-06-11T12:57:00+08:00,picking_completed,picking_completed,WH-SYN-EAST,1,piece,synthetic_case_generator
WHE-SYN-B-0213-04,ORD-SYN-B-0213,2026-06-11T13:23:56+08:00,quality_check_started,quality_check_started,WH-SYN-EAST,1,piece,synthetic_case_generator
WHE-SYN-B-0213-05,ORD-SYN-B-0213,2026-06-11T13:47:09+08:00,quality_check_completed,quality_check_completed,WH-SYN-EAST,1,piece,synthetic_case_generator
WHE-SYN-B-0213-06,ORD-SYN-B-0213,2026-06-11T13:52:53+08:00,packing_started,packing_started,WH-SYN-EAST,1,piece,synthetic_case_generator
WHE-SYN-B-0213-07,ORD-SYN-B-0213,2026-06-11T14:29:38+08:00,packing_completed,packing_completed,WH-SYN-EAST,1,piece,synthetic_case_generator
WHE-SYN-B-0213-08,ORD-SYN-B-0213,2026-06-11T14:45:58+08:00,ready_to_ship,ready_to_ship,WH-SYN-EAST,1,piece,synthetic_case_generator
WHE-SYN-B-0213-09,ORD-SYN-B-0213,2026-06-11T14:53:12+08:00,shipped_from_warehouse,shipped_from_warehouse,WH-SYN-EAST,1,piece,synthetic_case_generator
WHE-SYN-B-0214-01,ORD-SYN-B-0214,2026-06-11T13:34:30+08:00,order_received,order_received,WH-SYN-EAST,3,piece,synthetic_case_generator
WHE-SYN-B-0214-02,ORD-SYN-B-0214,2026-06-11T14:24:31+08:00,picking_started,picking_started,WH-SYN-EAST,3,piece,synthetic_case_generator
WHE-SYN-B-0214-03,ORD-SYN-B-0214,2026-06-11T15:18:34+08:00,picking_completed,picking_completed,WH-SYN-EAST,3,piece,synthetic_case_generator
WHE-SYN-B-0214-04,ORD-SYN-B-0214,2026-06-11T15:48:36+08:00,quality_check_started,quality_check_started,WH-SYN-EAST,3,piece,synthetic_case_generator
WHE-SYN-B-0214-05,ORD-SYN-B-0214,2026-06-11T16:12:51+08:00,quality_check_completed,quality_check_completed,WH-SYN-EAST,3,piece,synthetic_case_generator
WHE-SYN-B-0214-06,ORD-SYN-B-0214,2026-06-11T16:18:30+08:00,packing_started,packing_started,WH-SYN-EAST,3,piece,synthetic_case_generator
WHE-SYN-B-0214-07,ORD-SYN-B-0214,2026-06-11T16:57:06+08:00,packing_completed,packing_completed,WH-SYN-EAST,3,piece,synthetic_case_generator
WHE-SYN-B-0214-08,ORD-SYN-B-0214,2026-06-11T17:07:42+08:00,ready_to_ship,ready_to_ship,WH-SYN-EAST,3,piece,synthetic_case_generator
WHE-SYN-B-0214-09,ORD-SYN-B-0214,2026-06-11T17:19:03+08:00,shipped_from_warehouse,shipped_from_warehouse,WH-SYN-EAST,3,piece,synthetic_case_generator
WHE-SYN-B-0215-01,ORD-SYN-B-0215,2026-06-11T17:01:59+08:00,order_received,order_received,WH-SYN-WEST,1,piece,synthetic_case_generator
WHE-SYN-B-0215-02,ORD-SYN-B-0215,2026-06-11T17:42:15+08:00,picking_started,picking_started,WH-SYN-WEST,1,piece,synthetic_case_generator
WHE-SYN-B-0215-03,ORD-SYN-B-0215,2026-06-11T18:32:15+08:00,picking_completed,picking_completed,WH-SYN-WEST,1,piece,synthetic_case_generator
WHE-SYN-B-0215-04,ORD-SYN-B-0215,2026-06-11T19:02:42+08:00,quality_check_started,quality_check_started,WH-SYN-WEST,1,piece,synthetic_case_generator
WHE-SYN-B-0215-05,ORD-SYN-B-0215,2026-06-11T19:26:46+08:00,quality_check_completed,quality_check_completed,WH-SYN-WEST,1,piece,synthetic_case_generator
WHE-SYN-B-0215-06,ORD-SYN-B-0215,2026-06-11T19:36:19+08:00,packing_started,packing_started,WH-SYN-WEST,1,piece,synthetic_case_generator
WHE-SYN-B-0215-07,ORD-SYN-B-0215,2026-06-11T20:16:17+08:00,packing_completed,packing_completed,WH-SYN-WEST,1,piece,synthetic_case_generator
WHE-SYN-B-0215-08,ORD-SYN-B-0215,2026-06-11T20:34:47+08:00,ready_to_ship,ready_to_ship,WH-SYN-WEST,1,piece,synthetic_case_generator
WHE-SYN-B-0215-09,ORD-SYN-B-0215,2026-06-11T20:38:28+08:00,shipped_from_warehouse,shipped_from_warehouse,WH-SYN-WEST,1,piece,synthetic_case_generator
WHE-SYN-B-0216-01,ORD-SYN-B-0216,2026-06-11T19:31:04+08:00,order_received,order_received,WH-SYN-WEST,3,piece,synthetic_case_generator
WHE-SYN-B-0216-02,ORD-SYN-B-0216,2026-06-11T20:06:12+08:00,picking_started,picking_started,WH-SYN-WEST,3,piece,synthetic_case_generator
WHE-SYN-B-0216-03,ORD-SYN-B-0216,2026-06-11T20:49:23+08:00,picking_completed,picking_completed,WH-SYN-WEST,3,piece,synthetic_case_generator
WHE-SYN-B-0216-04,ORD-SYN-B-0216,2026-06-11T21:20:18+08:00,quality_check_started,quality_check_started,WH-SYN-WEST,3,piece,synthetic_case_generator
WHE-SYN-B-0216-05,ORD-SYN-B-0216,2026-06-11T21:46:05+08:00,quality_check_completed,quality_check_completed,WH-SYN-WEST,3,piece,synthetic_case_generator
WHE-SYN-B-0216-06,ORD-SYN-B-0216,2026-06-11T21:53:47+08:00,packing_started,packing_started,WH-SYN-WEST,3,piece,synthetic_case_generator
WHE-SYN-B-0216-07,ORD-SYN-B-0216,2026-06-11T22:37:31+08:00,packing_completed,packing_completed,WH-SYN-WEST,3,piece,synthetic_case_generator
WHE-SYN-B-0216-08,ORD-SYN-B-0216,2026-06-11T22:54:06+08:00,ready_to_ship,ready_to_ship,WH-SYN-WEST,3,piece,synthetic_case_generator
WHE-SYN-B-0216-09,ORD-SYN-B-0216,2026-06-11T23:03:40+08:00,shipped_from_warehouse,shipped_from_warehouse,WH-SYN-WEST,3,piece,synthetic_case_generator
WHE-SYN-B-0217-01,ORD-SYN-B-0217,2026-06-11T11:52:43+08:00,order_received,order_received,WH-SYN-WEST,4,piece,synthetic_case_generator
WHE-SYN-B-0217-02,ORD-SYN-B-0217,2026-06-11T12:43:49+08:00,picking_started,picking_started,WH-SYN-WEST,4,piece,synthetic_case_generator
WHE-SYN-B-0217-03,ORD-SYN-B-0217,2026-06-11T13:39:52+08:00,picking_completed,picking_completed,WH-SYN-WEST,4,piece,synthetic_case_generator
WHE-SYN-B-0217-04,ORD-SYN-B-0217,2026-06-11T14:07:58+08:00,quality_check_started,quality_check_started,WH-SYN-WEST,4,piece,synthetic_case_generator
WHE-SYN-B-0217-05,ORD-SYN-B-0217,2026-06-11T14:34:35+08:00,quality_check_completed,quality_check_completed,WH-SYN-WEST,4,piece,synthetic_case_generator
WHE-SYN-B-0217-06,ORD-SYN-B-0217,2026-06-11T14:38:53+08:00,packing_started,packing_started,WH-SYN-WEST,4,piece,synthetic_case_generator
WHE-SYN-B-0217-07,ORD-SYN-B-0217,2026-06-11T15:19:03+08:00,packing_completed,packing_completed,WH-SYN-WEST,4,piece,synthetic_case_generator
WHE-SYN-B-0217-08,ORD-SYN-B-0217,2026-06-11T15:41:41+08:00,ready_to_ship,ready_to_ship,WH-SYN-WEST,4,piece,synthetic_case_generator
WHE-SYN-B-0217-09,ORD-SYN-B-0217,2026-06-11T15:50:03+08:00,shipped_from_warehouse,shipped_from_warehouse,WH-SYN-WEST,4,piece,synthetic_case_generator
WHE-SYN-B-0218-01,ORD-SYN-B-0218,2026-06-11T15:06:34+08:00,order_received,order_received,WH-SYN-EAST,3,piece,synthetic_case_generator
WHE-SYN-B-0218-02,ORD-SYN-B-0218,2026-06-11T15:39:36+08:00,picking_started,picking_started,WH-SYN-EAST,3,piece,synthetic_case_generator
WHE-SYN-B-0218-03,ORD-SYN-B-0218,2026-06-11T16:28:04+08:00,picking_completed,picking_completed,WH-SYN-EAST,3,piece,synthetic_case_generator
WHE-SYN-B-0218-04,ORD-SYN-B-0218,2026-06-11T16:51:59+08:00,quality_check_started,quality_check_started,WH-SYN-EAST,3,piece,synthetic_case_generator
WHE-SYN-B-0218-05,ORD-SYN-B-0218,2026-06-11T17:23:37+08:00,quality_check_completed,quality_check_completed,WH-SYN-EAST,3,piece,synthetic_case_generator
WHE-SYN-B-0218-06,ORD-SYN-B-0218,2026-06-11T17:26:40+08:00,packing_started,packing_started,WH-SYN-EAST,3,piece,synthetic_case_generator
WHE-SYN-B-0218-07,ORD-SYN-B-0218,2026-06-11T18:05:42+08:00,packing_completed,packing_completed,WH-SYN-EAST,3,piece,synthetic_case_generator
WHE-SYN-B-0218-08,ORD-SYN-B-0218,2026-06-11T18:25:01+08:00,ready_to_ship,ready_to_ship,WH-SYN-EAST,3,piece,synthetic_case_generator
WHE-SYN-B-0218-09,ORD-SYN-B-0218,2026-06-11T18:30:23+08:00,shipped_from_warehouse,shipped_from_warehouse,WH-SYN-EAST,3,piece,synthetic_case_generator
WHE-SYN-B-0219-01,ORD-SYN-B-0219,2026-06-11T17:30:44+08:00,order_received,order_received,WH-SYN-EAST,4,piece,synthetic_case_generator
WHE-SYN-B-0219-02,ORD-SYN-B-0219,2026-06-11T18:01:55+08:00,picking_started,picking_started,WH-SYN-EAST,4,piece,synthetic_case_generator
WHE-SYN-B-0219-03,ORD-SYN-B-0219,2026-06-11T18:58:23+08:00,picking_completed,picking_completed,WH-SYN-EAST,4,piece,synthetic_case_generator
WHE-SYN-B-0219-04,ORD-SYN-B-0219,2026-06-11T19:21:57+08:00,quality_check_started,quality_check_started,WH-SYN-EAST,4,piece,synthetic_case_generator
WHE-SYN-B-0219-05,ORD-SYN-B-0219,2026-06-11T19:45:04+08:00,quality_check_completed,quality_check_completed,WH-SYN-EAST,4,piece,synthetic_case_generator
WHE-SYN-B-0219-06,ORD-SYN-B-0219,2026-06-11T19:54:34+08:00,packing_started,packing_started,WH-SYN-EAST,4,piece,synthetic_case_generator
WHE-SYN-B-0219-07,ORD-SYN-B-0219,2026-06-11T20:31:06+08:00,packing_completed,packing_completed,WH-SYN-EAST,4,piece,synthetic_case_generator
WHE-SYN-B-0219-08,ORD-SYN-B-0219,2026-06-11T20:57:57+08:00,ready_to_ship,ready_to_ship,WH-SYN-EAST,4,piece,synthetic_case_generator
WHE-SYN-B-0219-09,ORD-SYN-B-0219,2026-06-11T21:05:04+08:00,shipped_from_warehouse,shipped_from_warehouse,WH-SYN-EAST,4,piece,synthetic_case_generator
WHE-SYN-B-0220-01,ORD-SYN-B-0220,2026-06-11T10:06:11+08:00,order_received,order_received,WH-SYN-EAST,3,piece,synthetic_case_generator
WHE-SYN-B-0220-02,ORD-SYN-B-0220,2026-06-11T10:49:41+08:00,picking_started,picking_started,WH-SYN-EAST,3,piece,synthetic_case_generator
WHE-SYN-B-0220-03,ORD-SYN-B-0220,2026-06-11T11:41:53+08:00,picking_completed,picking_completed,WH-SYN-EAST,3,piece,synthetic_case_generator
WHE-SYN-B-0220-04,ORD-SYN-B-0220,2026-06-11T12:09:27+08:00,quality_check_started,quality_check_started,WH-SYN-EAST,3,piece,synthetic_case_generator
WHE-SYN-B-0220-05,ORD-SYN-B-0220,2026-06-11T12:33:15+08:00,quality_check_completed,quality_check_completed,WH-SYN-EAST,3,piece,synthetic_case_generator
WHE-SYN-B-0220-06,ORD-SYN-B-0220,2026-06-11T12:43:43+08:00,packing_started,packing_started,WH-SYN-EAST,3,piece,synthetic_case_generator
WHE-SYN-B-0220-07,ORD-SYN-B-0220,2026-06-11T13:18:37+08:00,packing_completed,packing_completed,WH-SYN-EAST,3,piece,synthetic_case_generator
WHE-SYN-B-0220-08,ORD-SYN-B-0220,2026-06-11T13:32:41+08:00,ready_to_ship,ready_to_ship,WH-SYN-EAST,3,piece,synthetic_case_generator
WHE-SYN-B-0220-09,ORD-SYN-B-0220,2026-06-11T13:41:19+08:00,shipped_from_warehouse,shipped_from_warehouse,WH-SYN-EAST,3,piece,synthetic_case_generator
WHE-SYN-B-0221-01,ORD-SYN-B-0221,2026-06-11T12:29:08+08:00,order_received,order_received,WH-SYN-EAST,5,piece,synthetic_case_generator
WHE-SYN-B-0221-02,ORD-SYN-B-0221,2026-06-11T13:06:33+08:00,picking_started,picking_started,WH-SYN-EAST,5,piece,synthetic_case_generator
WHE-SYN-B-0221-03,ORD-SYN-B-0221,2026-06-11T14:02:21+08:00,picking_completed,picking_completed,WH-SYN-EAST,5,piece,synthetic_case_generator
WHE-SYN-B-0221-04,ORD-SYN-B-0221,2026-06-11T14:30:01+08:00,quality_check_started,quality_check_started,WH-SYN-EAST,5,piece,synthetic_case_generator
WHE-SYN-B-0221-05,ORD-SYN-B-0221,2026-06-11T15:02:33+08:00,quality_check_completed,quality_check_completed,WH-SYN-EAST,5,piece,synthetic_case_generator
WHE-SYN-B-0221-06,ORD-SYN-B-0221,2026-06-11T15:06:07+08:00,packing_started,packing_started,WH-SYN-EAST,5,piece,synthetic_case_generator
WHE-SYN-B-0221-07,ORD-SYN-B-0221,2026-06-11T15:44:59+08:00,packing_completed,packing_completed,WH-SYN-EAST,5,piece,synthetic_case_generator
WHE-SYN-B-0221-08,ORD-SYN-B-0221,2026-06-11T15:58:51+08:00,ready_to_ship,ready_to_ship,WH-SYN-EAST,5,piece,synthetic_case_generator
WHE-SYN-B-0221-09,ORD-SYN-B-0221,2026-06-11T16:07:21+08:00,shipped_from_warehouse,shipped_from_warehouse,WH-SYN-EAST,5,piece,synthetic_case_generator
WHE-SYN-B-0222-01,ORD-SYN-B-0222,2026-06-11T15:44:06+08:00,order_received,order_received,WH-SYN-WEST,5,piece,synthetic_case_generator
WHE-SYN-B-0222-02,ORD-SYN-B-0222,2026-06-11T16:31:02+08:00,picking_started,picking_started,WH-SYN-WEST,5,piece,synthetic_case_generator
WHE-SYN-B-0222-03,ORD-SYN-B-0222,2026-06-11T17:20:44+08:00,picking_completed,picking_completed,WH-SYN-WEST,5,piece,synthetic_case_generator
WHE-SYN-B-0222-04,ORD-SYN-B-0222,2026-06-11T17:50:59+08:00,quality_check_started,quality_check_started,WH-SYN-WEST,5,piece,synthetic_case_generator
WHE-SYN-B-0222-05,ORD-SYN-B-0222,2026-06-11T18:18:38+08:00,quality_check_completed,quality_check_completed,WH-SYN-WEST,5,piece,synthetic_case_generator
WHE-SYN-B-0222-06,ORD-SYN-B-0222,2026-06-11T18:26:42+08:00,packing_started,packing_started,WH-SYN-WEST,5,piece,synthetic_case_generator
WHE-SYN-B-0222-07,ORD-SYN-B-0222,2026-06-11T19:02:00+08:00,packing_completed,packing_completed,WH-SYN-WEST,5,piece,synthetic_case_generator
WHE-SYN-B-0222-08,ORD-SYN-B-0222,2026-06-11T19:19:47+08:00,ready_to_ship,ready_to_ship,WH-SYN-WEST,5,piece,synthetic_case_generator
WHE-SYN-B-0222-09,ORD-SYN-B-0222,2026-06-11T19:28:59+08:00,shipped_from_warehouse,shipped_from_warehouse,WH-SYN-WEST,5,piece,synthetic_case_generator
WHE-SYN-B-0223-01,ORD-SYN-B-0223,2026-06-11T19:12:49+08:00,order_received,order_received,WH-SYN-EAST,1,piece,synthetic_case_generator
WHE-SYN-B-0223-02,ORD-SYN-B-0223,2026-06-11T19:56:13+08:00,picking_started,picking_started,WH-SYN-EAST,1,piece,synthetic_case_generator
WHE-SYN-B-0223-03,ORD-SYN-B-0223,2026-06-11T20:38:53+08:00,picking_completed,picking_completed,WH-SYN-EAST,1,piece,synthetic_case_generator
WHE-SYN-B-0223-04,ORD-SYN-B-0223,2026-06-11T21:06:47+08:00,quality_check_started,quality_check_started,WH-SYN-EAST,1,piece,synthetic_case_generator
WHE-SYN-B-0223-05,ORD-SYN-B-0223,2026-06-11T21:36:49+08:00,quality_check_completed,quality_check_completed,WH-SYN-EAST,1,piece,synthetic_case_generator
WHE-SYN-B-0223-06,ORD-SYN-B-0223,2026-06-11T21:43:38+08:00,packing_started,packing_started,WH-SYN-EAST,1,piece,synthetic_case_generator
WHE-SYN-B-0223-07,ORD-SYN-B-0223,2026-06-11T22:23:49+08:00,packing_completed,packing_completed,WH-SYN-EAST,1,piece,synthetic_case_generator
WHE-SYN-B-0223-08,ORD-SYN-B-0223,2026-06-11T22:49:58+08:00,ready_to_ship,ready_to_ship,WH-SYN-EAST,1,piece,synthetic_case_generator
WHE-SYN-B-0223-09,ORD-SYN-B-0223,2026-06-11T22:58:43+08:00,shipped_from_warehouse,shipped_from_warehouse,WH-SYN-EAST,1,piece,synthetic_case_generator
WHE-SYN-B-0224-01,ORD-SYN-B-0224,2026-06-11T10:44:09+08:00,order_received,order_received,WH-SYN-EAST,2,piece,synthetic_case_generator
WHE-SYN-B-0224-02,ORD-SYN-B-0224,2026-06-11T11:29:22+08:00,picking_started,picking_started,WH-SYN-EAST,2,piece,synthetic_case_generator
WHE-SYN-B-0224-03,ORD-SYN-B-0224,2026-06-11T12:18:36+08:00,picking_completed,picking_completed,WH-SYN-EAST,2,piece,synthetic_case_generator
WHE-SYN-B-0224-04,ORD-SYN-B-0224,2026-06-11T12:51:17+08:00,quality_check_started,quality_check_started,WH-SYN-EAST,2,piece,synthetic_case_generator
WHE-SYN-B-0224-05,ORD-SYN-B-0224,2026-06-11T13:13:45+08:00,quality_check_completed,quality_check_completed,WH-SYN-EAST,2,piece,synthetic_case_generator
WHE-SYN-B-0224-06,ORD-SYN-B-0224,2026-06-11T13:24:41+08:00,packing_started,packing_started,WH-SYN-EAST,2,piece,synthetic_case_generator
WHE-SYN-B-0224-07,ORD-SYN-B-0224,2026-06-11T14:01:50+08:00,packing_completed,packing_completed,WH-SYN-EAST,2,piece,synthetic_case_generator
WHE-SYN-B-0224-08,ORD-SYN-B-0224,2026-06-11T14:30:55+08:00,ready_to_ship,ready_to_ship,WH-SYN-EAST,2,piece,synthetic_case_generator
WHE-SYN-B-0224-09,ORD-SYN-B-0224,2026-06-11T14:39:59+08:00,shipped_from_warehouse,shipped_from_warehouse,WH-SYN-EAST,2,piece,synthetic_case_generator
WHE-SYN-B-0225-01,ORD-SYN-B-0225,2026-06-12T13:27:50+08:00,order_received,order_received,WH-SYN-EAST,1,piece,synthetic_case_generator
WHE-SYN-B-0225-02,ORD-SYN-B-0225,2026-06-12T14:10:05+08:00,picking_started,picking_started,WH-SYN-EAST,1,piece,synthetic_case_generator
WHE-SYN-B-0225-03,ORD-SYN-B-0225,2026-06-12T14:56:42+08:00,picking_completed,picking_completed,WH-SYN-EAST,1,piece,synthetic_case_generator
WHE-SYN-B-0225-04,ORD-SYN-B-0225,2026-06-12T15:21:55+08:00,quality_check_started,quality_check_started,WH-SYN-EAST,1,piece,synthetic_case_generator
WHE-SYN-B-0225-05,ORD-SYN-B-0225,2026-06-12T15:51:51+08:00,quality_check_completed,quality_check_completed,WH-SYN-EAST,1,piece,synthetic_case_generator
WHE-SYN-B-0225-06,ORD-SYN-B-0225,2026-06-12T16:03:37+08:00,packing_started,packing_started,WH-SYN-EAST,1,piece,synthetic_case_generator
WHE-SYN-B-0225-07,ORD-SYN-B-0225,2026-06-12T16:34:42+08:00,packing_completed,packing_completed,WH-SYN-EAST,1,piece,synthetic_case_generator
WHE-SYN-B-0225-08,ORD-SYN-B-0225,2026-06-12T17:02:45+08:00,ready_to_ship,ready_to_ship,WH-SYN-EAST,1,piece,synthetic_case_generator
WHE-SYN-B-0225-09,ORD-SYN-B-0225,2026-06-12T17:06:46+08:00,shipped_from_warehouse,shipped_from_warehouse,WH-SYN-EAST,1,piece,synthetic_case_generator
WHE-SYN-B-0226-01,ORD-SYN-B-0226,2026-06-12T16:52:34+08:00,order_received,order_received,WH-SYN-EAST,1,piece,synthetic_case_generator
WHE-SYN-B-0226-02,ORD-SYN-B-0226,2026-06-12T17:39:45+08:00,picking_started,picking_started,WH-SYN-EAST,1,piece,synthetic_case_generator
WHE-SYN-B-0226-03,ORD-SYN-B-0226,2026-06-12T18:22:48+08:00,picking_completed,picking_completed,WH-SYN-EAST,1,piece,synthetic_case_generator
WHE-SYN-B-0226-04,ORD-SYN-B-0226,2026-06-12T18:44:31+08:00,quality_check_started,quality_check_started,WH-SYN-EAST,1,piece,synthetic_case_generator
WHE-SYN-B-0226-05,ORD-SYN-B-0226,2026-06-12T19:16:22+08:00,quality_check_completed,quality_check_completed,WH-SYN-EAST,1,piece,synthetic_case_generator
WHE-SYN-B-0226-06,ORD-SYN-B-0226,2026-06-12T19:23:40+08:00,packing_started,packing_started,WH-SYN-EAST,1,piece,synthetic_case_generator
WHE-SYN-B-0226-07,ORD-SYN-B-0226,2026-06-12T20:05:09+08:00,packing_completed,packing_completed,WH-SYN-EAST,1,piece,synthetic_case_generator
WHE-SYN-B-0226-08,ORD-SYN-B-0226,2026-06-12T20:15:18+08:00,ready_to_ship,ready_to_ship,WH-SYN-EAST,1,piece,synthetic_case_generator
WHE-SYN-B-0226-09,ORD-SYN-B-0226,2026-06-12T20:18:23+08:00,shipped_from_warehouse,shipped_from_warehouse,WH-SYN-EAST,1,piece,synthetic_case_generator
WHE-SYN-B-0227-01,ORD-SYN-B-0227,2026-06-12T19:26:31+08:00,order_received,order_received,WH-SYN-EAST,3,piece,synthetic_case_generator
WHE-SYN-B-0227-02,ORD-SYN-B-0227,2026-06-12T20:14:33+08:00,picking_started,picking_started,WH-SYN-EAST,3,piece,synthetic_case_generator
WHE-SYN-B-0227-03,ORD-SYN-B-0227,2026-06-12T20:58:31+08:00,picking_completed,picking_completed,WH-SYN-EAST,3,piece,synthetic_case_generator
WHE-SYN-B-0227-04,ORD-SYN-B-0227,2026-06-12T21:31:08+08:00,quality_check_started,quality_check_started,WH-SYN-EAST,3,piece,synthetic_case_generator
WHE-SYN-B-0227-05,ORD-SYN-B-0227,2026-06-12T21:52:22+08:00,quality_check_completed,quality_check_completed,WH-SYN-EAST,3,piece,synthetic_case_generator
WHE-SYN-B-0227-06,ORD-SYN-B-0227,2026-06-12T21:55:29+08:00,packing_started,packing_started,WH-SYN-EAST,3,piece,synthetic_case_generator
WHE-SYN-B-0227-07,ORD-SYN-B-0227,2026-06-12T22:33:17+08:00,packing_completed,packing_completed,WH-SYN-EAST,3,piece,synthetic_case_generator
WHE-SYN-B-0227-08,ORD-SYN-B-0227,2026-06-12T22:54:45+08:00,ready_to_ship,ready_to_ship,WH-SYN-EAST,3,piece,synthetic_case_generator
WHE-SYN-B-0227-09,ORD-SYN-B-0227,2026-06-12T23:06:42+08:00,shipped_from_warehouse,shipped_from_warehouse,WH-SYN-EAST,3,piece,synthetic_case_generator
WHE-SYN-B-0228-01,ORD-SYN-B-0228,2026-06-12T11:38:37+08:00,order_received,order_received,WH-SYN-EAST,4,piece,synthetic_case_generator
WHE-SYN-B-0228-02,ORD-SYN-B-0228,2026-06-12T12:23:58+08:00,picking_started,picking_started,WH-SYN-EAST,4,piece,synthetic_case_generator
WHE-SYN-B-0228-03,ORD-SYN-B-0228,2026-06-12T13:18:43+08:00,picking_completed,picking_completed,WH-SYN-EAST,4,piece,synthetic_case_generator
WHE-SYN-B-0228-04,ORD-SYN-B-0228,2026-06-12T13:48:16+08:00,quality_check_started,quality_check_started,WH-SYN-EAST,4,piece,synthetic_case_generator
WHE-SYN-B-0228-05,ORD-SYN-B-0228,2026-06-12T14:20:57+08:00,quality_check_completed,quality_check_completed,WH-SYN-EAST,4,piece,synthetic_case_generator
WHE-SYN-B-0228-06,ORD-SYN-B-0228,2026-06-12T14:24:01+08:00,packing_started,packing_started,WH-SYN-EAST,4,piece,synthetic_case_generator
WHE-SYN-B-0228-07,ORD-SYN-B-0228,2026-06-12T14:55:33+08:00,packing_completed,packing_completed,WH-SYN-EAST,4,piece,synthetic_case_generator
WHE-SYN-B-0228-08,ORD-SYN-B-0228,2026-06-12T15:06:46+08:00,ready_to_ship,ready_to_ship,WH-SYN-EAST,4,piece,synthetic_case_generator
WHE-SYN-B-0228-09,ORD-SYN-B-0228,2026-06-12T15:10:57+08:00,shipped_from_warehouse,shipped_from_warehouse,WH-SYN-EAST,4,piece,synthetic_case_generator
WHE-SYN-B-0229-01,ORD-SYN-B-0229,2026-06-12T14:58:42+08:00,order_received,order_received,WH-SYN-EAST,5,piece,synthetic_case_generator
WHE-SYN-B-0229-02,ORD-SYN-B-0229,2026-06-12T15:45:15+08:00,picking_started,picking_started,WH-SYN-EAST,5,piece,synthetic_case_generator
WHE-SYN-B-0229-03,ORD-SYN-B-0229,2026-06-12T16:30:10+08:00,picking_completed,picking_completed,WH-SYN-EAST,5,piece,synthetic_case_generator
WHE-SYN-B-0229-04,ORD-SYN-B-0229,2026-06-12T16:59:02+08:00,quality_check_started,quality_check_started,WH-SYN-EAST,5,piece,synthetic_case_generator
WHE-SYN-B-0229-05,ORD-SYN-B-0229,2026-06-12T17:22:06+08:00,quality_check_completed,quality_check_completed,WH-SYN-EAST,5,piece,synthetic_case_generator
WHE-SYN-B-0229-06,ORD-SYN-B-0229,2026-06-12T17:30:22+08:00,packing_started,packing_started,WH-SYN-EAST,5,piece,synthetic_case_generator
WHE-SYN-B-0229-07,ORD-SYN-B-0229,2026-06-12T18:08:46+08:00,packing_completed,packing_completed,WH-SYN-EAST,5,piece,synthetic_case_generator
WHE-SYN-B-0229-08,ORD-SYN-B-0229,2026-06-12T18:38:26+08:00,ready_to_ship,ready_to_ship,WH-SYN-EAST,5,piece,synthetic_case_generator
WHE-SYN-B-0229-09,ORD-SYN-B-0229,2026-06-12T18:42:55+08:00,shipped_from_warehouse,shipped_from_warehouse,WH-SYN-EAST,5,piece,synthetic_case_generator
WHE-SYN-B-0230-01,ORD-SYN-B-0230,2026-06-12T17:29:17+08:00,order_received,order_received,WH-SYN-EAST,5,piece,synthetic_case_generator
WHE-SYN-B-0230-02,ORD-SYN-B-0230,2026-06-12T18:18:34+08:00,picking_started,picking_started,WH-SYN-EAST,5,piece,synthetic_case_generator
WHE-SYN-B-0230-03,ORD-SYN-B-0230,2026-06-12T19:02:22+08:00,picking_completed,picking_completed,WH-SYN-EAST,5,piece,synthetic_case_generator
WHE-SYN-B-0230-04,ORD-SYN-B-0230,2026-06-12T19:27:00+08:00,quality_check_started,quality_check_started,WH-SYN-EAST,5,piece,synthetic_case_generator
WHE-SYN-B-0230-05,ORD-SYN-B-0230,2026-06-12T19:48:07+08:00,quality_check_completed,quality_check_completed,WH-SYN-EAST,5,piece,synthetic_case_generator
WHE-SYN-B-0230-06,ORD-SYN-B-0230,2026-06-12T19:55:48+08:00,packing_started,packing_started,WH-SYN-EAST,5,piece,synthetic_case_generator
WHE-SYN-B-0230-07,ORD-SYN-B-0230,2026-06-12T20:28:14+08:00,packing_completed,packing_completed,WH-SYN-EAST,5,piece,synthetic_case_generator
WHE-SYN-B-0230-08,ORD-SYN-B-0230,2026-06-12T20:39:37+08:00,ready_to_ship,ready_to_ship,WH-SYN-EAST,5,piece,synthetic_case_generator
WHE-SYN-B-0230-09,ORD-SYN-B-0230,2026-06-12T20:48:35+08:00,shipped_from_warehouse,shipped_from_warehouse,WH-SYN-EAST,5,piece,synthetic_case_generator
WHE-SYN-B-0231-01,ORD-SYN-B-0231,2026-06-12T09:52:37+08:00,order_received,order_received,WH-SYN-WEST,5,piece,synthetic_case_generator
WHE-SYN-B-0231-02,ORD-SYN-B-0231,2026-06-12T10:38:45+08:00,picking_started,picking_started,WH-SYN-WEST,5,piece,synthetic_case_generator
WHE-SYN-B-0231-03,ORD-SYN-B-0231,2026-06-12T11:22:53+08:00,picking_completed,picking_completed,WH-SYN-WEST,5,piece,synthetic_case_generator
WHE-SYN-B-0231-04,ORD-SYN-B-0231,2026-06-12T11:46:20+08:00,quality_check_started,quality_check_started,WH-SYN-WEST,5,piece,synthetic_case_generator
WHE-SYN-B-0231-05,ORD-SYN-B-0231,2026-06-12T12:08:31+08:00,quality_check_completed,quality_check_completed,WH-SYN-WEST,5,piece,synthetic_case_generator
WHE-SYN-B-0231-06,ORD-SYN-B-0231,2026-06-12T12:14:26+08:00,packing_started,packing_started,WH-SYN-WEST,5,piece,synthetic_case_generator
WHE-SYN-B-0231-07,ORD-SYN-B-0231,2026-06-12T12:59:14+08:00,packing_completed,packing_completed,WH-SYN-WEST,5,piece,synthetic_case_generator
WHE-SYN-B-0231-08,ORD-SYN-B-0231,2026-06-12T13:08:22+08:00,ready_to_ship,ready_to_ship,WH-SYN-WEST,5,piece,synthetic_case_generator
WHE-SYN-B-0231-09,ORD-SYN-B-0231,2026-06-12T13:15:06+08:00,shipped_from_warehouse,shipped_from_warehouse,WH-SYN-WEST,5,piece,synthetic_case_generator
WHE-SYN-B-0232-01,ORD-SYN-B-0232,2026-06-12T12:25:33+08:00,order_received,order_received,WH-SYN-WEST,2,piece,synthetic_case_generator
WHE-SYN-B-0232-02,ORD-SYN-B-0232,2026-06-12T13:06:00+08:00,picking_started,picking_started,WH-SYN-WEST,2,piece,synthetic_case_generator
WHE-SYN-B-0232-03,ORD-SYN-B-0232,2026-06-12T13:57:13+08:00,picking_completed,picking_completed,WH-SYN-WEST,2,piece,synthetic_case_generator
WHE-SYN-B-0232-04,ORD-SYN-B-0232,2026-06-12T14:19:50+08:00,quality_check_started,quality_check_started,WH-SYN-WEST,2,piece,synthetic_case_generator
WHE-SYN-B-0232-05,ORD-SYN-B-0232,2026-06-12T14:41:28+08:00,quality_check_completed,quality_check_completed,WH-SYN-WEST,2,piece,synthetic_case_generator
WHE-SYN-B-0232-06,ORD-SYN-B-0232,2026-06-12T14:50:50+08:00,packing_started,packing_started,WH-SYN-WEST,2,piece,synthetic_case_generator
WHE-SYN-B-0232-07,ORD-SYN-B-0232,2026-06-12T15:32:55+08:00,packing_completed,packing_completed,WH-SYN-WEST,2,piece,synthetic_case_generator
WHE-SYN-B-0232-08,ORD-SYN-B-0232,2026-06-12T15:50:59+08:00,ready_to_ship,ready_to_ship,WH-SYN-WEST,2,piece,synthetic_case_generator
WHE-SYN-B-0232-09,ORD-SYN-B-0232,2026-06-12T16:00:50+08:00,shipped_from_warehouse,shipped_from_warehouse,WH-SYN-WEST,2,piece,synthetic_case_generator
WHE-SYN-B-0233-01,ORD-SYN-B-0233,2026-06-12T15:38:02+08:00,order_received,order_received,WH-SYN-EAST,5,piece,synthetic_case_generator
WHE-SYN-B-0233-02,ORD-SYN-B-0233,2026-06-12T16:21:10+08:00,picking_started,picking_started,WH-SYN-EAST,5,piece,synthetic_case_generator
WHE-SYN-B-0233-03,ORD-SYN-B-0233,2026-06-12T17:16:59+08:00,picking_completed,picking_completed,WH-SYN-EAST,5,piece,synthetic_case_generator
WHE-SYN-B-0233-04,ORD-SYN-B-0233,2026-06-12T17:38:42+08:00,quality_check_started,quality_check_started,WH-SYN-EAST,5,piece,synthetic_case_generator
WHE-SYN-B-0233-05,ORD-SYN-B-0233,2026-06-12T18:09:50+08:00,quality_check_completed,quality_check_completed,WH-SYN-EAST,5,piece,synthetic_case_generator
WHE-SYN-B-0233-06,ORD-SYN-B-0233,2026-06-12T18:21:25+08:00,packing_started,packing_started,WH-SYN-EAST,5,piece,synthetic_case_generator
WHE-SYN-B-0233-07,ORD-SYN-B-0233,2026-06-12T18:53:00+08:00,packing_completed,packing_completed,WH-SYN-EAST,5,piece,synthetic_case_generator
WHE-SYN-B-0233-08,ORD-SYN-B-0233,2026-06-12T19:12:09+08:00,ready_to_ship,ready_to_ship,WH-SYN-EAST,5,piece,synthetic_case_generator
WHE-SYN-B-0233-09,ORD-SYN-B-0233,2026-06-12T19:18:33+08:00,shipped_from_warehouse,shipped_from_warehouse,WH-SYN-EAST,5,piece,synthetic_case_generator
WHE-SYN-B-0234-01,ORD-SYN-B-0234,2026-06-12T19:12:57+08:00,order_received,order_received,WH-SYN-EAST,3,piece,synthetic_case_generator
WHE-SYN-B-0234-02,ORD-SYN-B-0234,2026-06-12T19:46:20+08:00,picking_started,picking_started,WH-SYN-EAST,3,piece,synthetic_case_generator
WHE-SYN-B-0234-03,ORD-SYN-B-0234,2026-06-12T20:30:19+08:00,picking_completed,picking_completed,WH-SYN-EAST,3,piece,synthetic_case_generator
WHE-SYN-B-0234-04,ORD-SYN-B-0234,2026-06-12T21:00:10+08:00,quality_check_started,quality_check_started,WH-SYN-EAST,3,piece,synthetic_case_generator
WHE-SYN-B-0234-05,ORD-SYN-B-0234,2026-06-12T21:29:39+08:00,quality_check_completed,quality_check_completed,WH-SYN-EAST,3,piece,synthetic_case_generator
WHE-SYN-B-0234-06,ORD-SYN-B-0234,2026-06-12T21:33:29+08:00,packing_started,packing_started,WH-SYN-EAST,3,piece,synthetic_case_generator
WHE-SYN-B-0234-07,ORD-SYN-B-0234,2026-06-12T22:09:10+08:00,packing_completed,packing_completed,WH-SYN-EAST,3,piece,synthetic_case_generator
WHE-SYN-B-0234-08,ORD-SYN-B-0234,2026-06-12T22:37:09+08:00,ready_to_ship,ready_to_ship,WH-SYN-EAST,3,piece,synthetic_case_generator
WHE-SYN-B-0234-09,ORD-SYN-B-0234,2026-06-12T22:47:31+08:00,shipped_from_warehouse,shipped_from_warehouse,WH-SYN-EAST,3,piece,synthetic_case_generator
WHE-SYN-B-0235-01,ORD-SYN-B-0235,2026-06-12T10:22:18+08:00,order_received,order_received,WH-SYN-EAST,3,piece,synthetic_case_generator
WHE-SYN-B-0235-02,ORD-SYN-B-0235,2026-06-12T11:13:42+08:00,picking_started,picking_started,WH-SYN-EAST,3,piece,synthetic_case_generator
WHE-SYN-B-0235-03,ORD-SYN-B-0235,2026-06-12T12:09:48+08:00,picking_completed,picking_completed,WH-SYN-EAST,3,piece,synthetic_case_generator
WHE-SYN-B-0235-04,ORD-SYN-B-0235,2026-06-12T12:32:10+08:00,quality_check_started,quality_check_started,WH-SYN-EAST,3,piece,synthetic_case_generator
WHE-SYN-B-0235-05,ORD-SYN-B-0235,2026-06-12T13:02:54+08:00,quality_check_completed,quality_check_completed,WH-SYN-EAST,3,piece,synthetic_case_generator
WHE-SYN-B-0235-06,ORD-SYN-B-0235,2026-06-12T13:06:02+08:00,packing_started,packing_started,WH-SYN-EAST,3,piece,synthetic_case_generator
WHE-SYN-B-0235-07,ORD-SYN-B-0235,2026-06-12T13:45:04+08:00,packing_completed,packing_completed,WH-SYN-EAST,3,piece,synthetic_case_generator
WHE-SYN-B-0235-08,ORD-SYN-B-0235,2026-06-12T13:58:37+08:00,ready_to_ship,ready_to_ship,WH-SYN-EAST,3,piece,synthetic_case_generator
WHE-SYN-B-0235-09,ORD-SYN-B-0235,2026-06-12T14:09:59+08:00,shipped_from_warehouse,shipped_from_warehouse,WH-SYN-EAST,3,piece,synthetic_case_generator
WHE-SYN-B-0236-01,ORD-SYN-B-0236,2026-06-12T13:53:54+08:00,order_received,order_received,WH-SYN-EAST,2,piece,synthetic_case_generator
WHE-SYN-B-0236-02,ORD-SYN-B-0236,2026-06-12T14:43:35+08:00,picking_started,picking_started,WH-SYN-EAST,2,piece,synthetic_case_generator
WHE-SYN-B-0236-03,ORD-SYN-B-0236,2026-06-12T15:36:09+08:00,picking_completed,picking_completed,WH-SYN-EAST,2,piece,synthetic_case_generator
WHE-SYN-B-0236-04,ORD-SYN-B-0236,2026-06-12T16:00:39+08:00,quality_check_started,quality_check_started,WH-SYN-EAST,2,piece,synthetic_case_generator
WHE-SYN-B-0236-05,ORD-SYN-B-0236,2026-06-12T16:33:10+08:00,quality_check_completed,quality_check_completed,WH-SYN-EAST,2,piece,synthetic_case_generator
WHE-SYN-B-0236-06,ORD-SYN-B-0236,2026-06-12T16:43:05+08:00,packing_started,packing_started,WH-SYN-EAST,2,piece,synthetic_case_generator
WHE-SYN-B-0236-07,ORD-SYN-B-0236,2026-06-12T17:13:16+08:00,packing_completed,packing_completed,WH-SYN-EAST,2,piece,synthetic_case_generator
WHE-SYN-B-0236-08,ORD-SYN-B-0236,2026-06-12T17:39:09+08:00,ready_to_ship,ready_to_ship,WH-SYN-EAST,2,piece,synthetic_case_generator
WHE-SYN-B-0236-09,ORD-SYN-B-0236,2026-06-12T17:47:40+08:00,shipped_from_warehouse,shipped_from_warehouse,WH-SYN-EAST,2,piece,synthetic_case_generator
WHE-SYN-B-0237-01,ORD-SYN-B-0237,2026-06-12T16:14:36+08:00,order_received,order_received,WH-SYN-WEST,1,piece,synthetic_case_generator
WHE-SYN-B-0237-02,ORD-SYN-B-0237,2026-06-12T17:05:39+08:00,picking_started,picking_started,WH-SYN-WEST,1,piece,synthetic_case_generator
WHE-SYN-B-0237-03,ORD-SYN-B-0237,2026-06-12T17:48:47+08:00,picking_completed,picking_completed,WH-SYN-WEST,1,piece,synthetic_case_generator
WHE-SYN-B-0237-04,ORD-SYN-B-0237,2026-06-12T18:15:15+08:00,quality_check_started,quality_check_started,WH-SYN-WEST,1,piece,synthetic_case_generator
WHE-SYN-B-0237-05,ORD-SYN-B-0237,2026-06-12T18:43:55+08:00,quality_check_completed,quality_check_completed,WH-SYN-WEST,1,piece,synthetic_case_generator
WHE-SYN-B-0237-06,ORD-SYN-B-0237,2026-06-12T18:52:30+08:00,packing_started,packing_started,WH-SYN-WEST,1,piece,synthetic_case_generator
WHE-SYN-B-0237-07,ORD-SYN-B-0237,2026-06-12T19:34:15+08:00,packing_completed,packing_completed,WH-SYN-WEST,1,piece,synthetic_case_generator
WHE-SYN-B-0237-08,ORD-SYN-B-0237,2026-06-12T19:43:44+08:00,ready_to_ship,ready_to_ship,WH-SYN-WEST,1,piece,synthetic_case_generator
WHE-SYN-B-0237-09,ORD-SYN-B-0237,2026-06-12T19:50:00+08:00,shipped_from_warehouse,shipped_from_warehouse,WH-SYN-WEST,1,piece,synthetic_case_generator
WHE-SYN-B-0238-01,ORD-SYN-B-0238,2026-06-12T19:37:12+08:00,order_received,order_received,WH-SYN-EAST,2,piece,synthetic_case_generator
WHE-SYN-B-0238-02,ORD-SYN-B-0238,2026-06-12T20:15:26+08:00,picking_started,picking_started,WH-SYN-EAST,2,piece,synthetic_case_generator
WHE-SYN-B-0238-03,ORD-SYN-B-0238,2026-06-12T21:04:39+08:00,picking_completed,picking_completed,WH-SYN-EAST,2,piece,synthetic_case_generator
WHE-SYN-B-0238-04,ORD-SYN-B-0238,2026-06-12T21:25:58+08:00,quality_check_started,quality_check_started,WH-SYN-EAST,2,piece,synthetic_case_generator
WHE-SYN-B-0238-05,ORD-SYN-B-0238,2026-06-12T21:51:54+08:00,quality_check_completed,quality_check_completed,WH-SYN-EAST,2,piece,synthetic_case_generator
WHE-SYN-B-0238-06,ORD-SYN-B-0238,2026-06-12T21:55:19+08:00,packing_started,packing_started,WH-SYN-EAST,2,piece,synthetic_case_generator
WHE-SYN-B-0238-07,ORD-SYN-B-0238,2026-06-12T22:33:30+08:00,packing_completed,packing_completed,WH-SYN-EAST,2,piece,synthetic_case_generator
WHE-SYN-B-0238-08,ORD-SYN-B-0238,2026-06-12T22:54:25+08:00,ready_to_ship,ready_to_ship,WH-SYN-EAST,2,piece,synthetic_case_generator
WHE-SYN-B-0238-09,ORD-SYN-B-0238,2026-06-12T23:00:43+08:00,shipped_from_warehouse,shipped_from_warehouse,WH-SYN-EAST,2,piece,synthetic_case_generator
WHE-SYN-B-0239-01,ORD-SYN-B-0239,2026-06-12T12:01:28+08:00,order_received,order_received,WH-SYN-EAST,4,piece,synthetic_case_generator
WHE-SYN-B-0239-02,ORD-SYN-B-0239,2026-06-12T12:35:29+08:00,picking_started,picking_started,WH-SYN-EAST,4,piece,synthetic_case_generator
WHE-SYN-B-0239-03,ORD-SYN-B-0239,2026-06-12T13:22:44+08:00,picking_completed,picking_completed,WH-SYN-EAST,4,piece,synthetic_case_generator
WHE-SYN-B-0239-04,ORD-SYN-B-0239,2026-06-12T13:47:11+08:00,quality_check_started,quality_check_started,WH-SYN-EAST,4,piece,synthetic_case_generator
WHE-SYN-B-0239-05,ORD-SYN-B-0239,2026-06-12T14:11:01+08:00,quality_check_completed,quality_check_completed,WH-SYN-EAST,4,piece,synthetic_case_generator
WHE-SYN-B-0239-06,ORD-SYN-B-0239,2026-06-12T14:16:55+08:00,packing_started,packing_started,WH-SYN-EAST,4,piece,synthetic_case_generator
WHE-SYN-B-0239-07,ORD-SYN-B-0239,2026-06-12T14:55:37+08:00,packing_completed,packing_completed,WH-SYN-EAST,4,piece,synthetic_case_generator
WHE-SYN-B-0239-08,ORD-SYN-B-0239,2026-06-12T15:15:48+08:00,ready_to_ship,ready_to_ship,WH-SYN-EAST,4,piece,synthetic_case_generator
WHE-SYN-B-0239-09,ORD-SYN-B-0239,2026-06-12T15:24:34+08:00,shipped_from_warehouse,shipped_from_warehouse,WH-SYN-EAST,4,piece,synthetic_case_generator
WHE-SYN-B-0240-01,ORD-SYN-B-0240,2026-06-12T14:37:15+08:00,order_received,order_received,WH-SYN-EAST,5,piece,synthetic_case_generator
WHE-SYN-B-0240-02,ORD-SYN-B-0240,2026-06-12T15:28:26+08:00,picking_started,picking_started,WH-SYN-EAST,5,piece,synthetic_case_generator
WHE-SYN-B-0240-03,ORD-SYN-B-0240,2026-06-12T16:13:27+08:00,picking_completed,picking_completed,WH-SYN-EAST,5,piece,synthetic_case_generator
WHE-SYN-B-0240-04,ORD-SYN-B-0240,2026-06-12T16:40:09+08:00,quality_check_started,quality_check_started,WH-SYN-EAST,5,piece,synthetic_case_generator
WHE-SYN-B-0240-05,ORD-SYN-B-0240,2026-06-12T17:02:46+08:00,quality_check_completed,quality_check_completed,WH-SYN-EAST,5,piece,synthetic_case_generator
WHE-SYN-B-0240-06,ORD-SYN-B-0240,2026-06-12T17:10:24+08:00,packing_started,packing_started,WH-SYN-EAST,5,piece,synthetic_case_generator
WHE-SYN-B-0240-07,ORD-SYN-B-0240,2026-06-12T17:50:26+08:00,packing_completed,packing_completed,WH-SYN-EAST,5,piece,synthetic_case_generator
WHE-SYN-B-0240-08,ORD-SYN-B-0240,2026-06-12T18:06:00+08:00,ready_to_ship,ready_to_ship,WH-SYN-EAST,5,piece,synthetic_case_generator
WHE-SYN-B-0240-09,ORD-SYN-B-0240,2026-06-12T18:16:37+08:00,shipped_from_warehouse,shipped_from_warehouse,WH-SYN-EAST,5,piece,synthetic_case_generator
